global_id,name,raw_key,embedding_000,embedding_001,embedding_002,embedding_003,embedding_004,embedding_005,embedding_006,embedding_007,embedding_008,embedding_009,embedding_010,embedding_011,embedding_012,embedding_013,embedding_014,embedding_015,embedding_016,embedding_017,embedding_018,embedding_019,embedding_020,embedding_021,embedding_022,embedding_023,embedding_024,embedding_025,embedding_026,embedding_027,embedding_028,embedding_029,embedding_030,embedding_031,embedding_032,embedding_033,embedding_034,embedding_035,embedding_036,embedding_037,embedding_038,embedding_039,embedding_040,embedding_041,embedding_042,embedding_043,embedding_044,embedding_045,embedding_046,embedding_047,embedding_048,embedding_049,embedding_050,embedding_051,embedding_052,embedding_053,embedding_054,embedding_055,embedding_056,embedding_057,embedding_058,embedding_059,embedding_060,embedding_061,embedding_062,embedding_063
1,Shingeki no Kyojin,anime_16498,-0.900463,0.651754,-0.348523,-0.702617,0.353932,0.997005,0.547401,0.668861,-0.684702,0.007506,-0.153818,-0.850689,-0.360446,1.237994,-0.151292,-1.317261,-0.59927,0.369634,-0.357745,-1.012474,1.103636,0.112259,0.610264,0.027246,0.789193,-1.532302,-0.030586,1.678304,-1.975443,0.990946,-0.864258,-0.105162,0.275086,-0.423512,0.72081,0.405096,0.546921,0.59523,0.021034,-0.544541,1.563667,0.1344,0.841732,1.241079,0.649398,0.412451,0.28464,-0.335412,-0.528936,1.227449,0.9198,-0.268584,1.379164,-1.413488,0.779901,0.059015,-0.56896,-1.008703,1.779928,0.179341,0.378166,0.470341,-1.156824,0.610287
2,Death Note,anime_1535,-0.932629,0.756051,-0.236211,-0.716726,0.456201,1.022267,0.620411,0.881584,-0.511471,0.097544,-0.2132,-0.771558,-0.604548,1.314389,-0.080918,-1.278738,-0.524563,0.439435,-0.386393,-0.894313,1.162667,0.019697,0.667781,0.078877,1.143029,-1.496202,0.124415,1.720446,-2.145999,1.176252,-0.829977,-0.057956,0.163017,-0.249761,0.592551,0.373533,0.462405,0.734568,-0.030087,-0.733262,1.452638,0.074472,0.937613,1.369853,0.471077,0.280795,0.227525,-0.614348,-0.547716,1.262499,1.159914,-0.511613,1.317516,-1.521071,0.743198,-0.138848,-0.407181,-1.020453,1.72374,0.146476,0.207584,0.618132,-1.136778,0.757474
3,Fullmetal Alchemist: Brotherhood,anime_5114,-1.027744,0.808766,-0.295649,-0.721251,0.364383,0.867078,0.514093,0.806656,-0.696757,0.066593,0.011109,-0.927539,-0.427327,1.262993,-0.079858,-1.35483,-0.460584,0.525195,-0.226108,-1.035333,1.131764,-0.011636,0.649358,0.05474,0.7728,-1.417179,-0.040492,1.62814,-2.003437,1.149174,-0.785846,0.014524,0.180406,-0.42643,0.792817,0.288382,0.636312,0.587524,0.031563,-0.733559,1.512612,0.169668,0.952487,1.371556,0.392153,0.424745,0.311208,-0.390345,-0.566899,1.12783,0.885832,-0.390011,1.463929,-1.298722,0.850604,-0.135223,-0.595187,-1.046818,1.8066,0.214724,0.262097,0.614371,-1.230663,0.667583
4,One Punch Man,anime_30276,-1.008934,0.921988,-0.338425,-0.909947,0.241703,0.32576,0.382452,0.478477,-0.703498,1.501847,-0.391599,-0.29901,-1.227277,1.048367,0.048685,-1.74733,-0.230736,0.653807,0.695808,-1.125009,1.185766,-0.765897,1.12888,-0.27976,1.205765,-1.007707,-0.002915,1.478907,-1.453561,1.252536,-0.410898,0.346575,-0.670807,0.144257,0.560414,1.199496,1.310925,0.947226,-0.20229,-0.358765,1.622973,-0.668224,1.398222,2.061769,0.401409,0.446342,-0.090074,-0.850888,-0.927684,1.025563,1.287732,-1.266541,1.506159,-1.287367,0.603063,0.028625,0.0912,-1.352865,2.164432,-0.031069,-0.205136,-0.352873,-1.022902,0.883448
5,Kimetsu no Yaiba,anime_38000,-0.978592,0.68446,-0.303434,-0.728807,0.445499,0.88353,0.508453,0.674029,-0.573472,-0.05532,-0.161001,-0.865568,-0.415651,1.130547,-0.036248,-1.280496,-0.699824,0.317426,-0.522778,-0.947116,1.080334,0.027985,0.666027,-0.011019,0.869561,-1.682112,-0.066338,1.789787,-1.962321,0.997393,-0.835401,-0.086276,0.241905,-0.390103,0.68629,0.517779,0.423619,0.737572,-0.092714,-0.478737,1.517042,0.095869,0.803512,1.12813,0.794213,0.529081,0.245765,-0.357651,-0.380516,1.229392,1.088861,-0.359207,1.378762,-1.431202,0.75542,0.010305,-0.568686,-1.150191,1.762366,0.262305,0.409221,0.531392,-1.286067,0.57641
6,Sword Art Online,anime_11757,-0.431286,0.580873,0.409133,-0.458189,0.207437,0.349841,0.339315,0.25769,-1.024725,0.64471,-0.506179,-0.590298,-1.151196,0.415441,-0.126102,-0.790887,-0.678227,0.317158,1.241985,-0.779064,0.468018,-0.443889,0.460395,-0.118217,0.029025,-0.608799,0.245664,1.483363,-1.101564,1.382711,-0.122728,-0.376008,0.063329,0.596649,1.002508,0.607116,0.908197,1.768322,-0.545119,-0.378112,1.378636,-0.207453,0.676682,1.120213,0.326821,-0.451826,0.512943,-0.129398,-0.776738,0.202995,-0.44577,-1.075626,0.800044,-1.104706,0.104626,0.080405,-0.264091,-0.855868,1.468546,-0.271408,0.109545,0.324097,-1.05738,1.22197
7,Boku no Hero Academia,anime_31964,-1.152545,0.731906,-0.285783,-0.738463,0.500962,0.74874,0.689292,0.879458,-0.605434,-0.110856,-0.041855,-1.076381,-0.517894,1.140231,-0.099595,-1.257605,-0.566678,0.535337,-0.44478,-0.947218,1.071383,-0.0542,0.762651,0.045187,0.77645,-1.560776,-0.0573,1.771952,-1.884839,1.135955,-0.878813,-0.053267,0.071555,-0.415923,0.714817,0.394197,0.521025,0.614743,0.013694,-0.62839,1.323982,-0.040955,0.750847,1.184733,0.486232,0.40219,0.287849,-0.436048,-0.664263,1.105787,0.841911,-0.503563,1.425761,-1.305904,0.849227,-0.191954,-0.280817,-0.910983,1.853645,0.236394,0.223123,0.642851,-1.354925,0.707741
8,Hunter x Hunter (2011),anime_11061,-1.114516,0.885247,-0.239567,-0.675805,0.492693,0.830803,0.550283,0.864054,-0.73022,0.044574,0.171279,-1.008306,-0.440965,1.240145,0.016759,-1.418999,-0.377419,0.638333,-0.19174,-1.042345,1.174525,-0.074208,0.72872,0.064883,0.639172,-1.444727,-0.119093,1.645314,-2.027513,1.174744,-0.677313,0.032904,0.125925,-0.289631,0.796301,0.186775,0.616711,0.643641,0.017194,-0.701549,1.495989,0.118981,1.010575,1.362622,0.40823,0.347527,0.231567,-0.488296,-0.723493,1.107819,1.034156,-0.537469,1.565667,-1.158416,0.776088,-0.192787,-0.500033,-1.049667,1.940956,0.124744,0.19712,0.761663,-1.332882,0.589309
9,Naruto,anime_20,-1.066754,0.844945,-0.309035,-0.608424,0.435726,0.864579,0.625804,0.727385,-0.727297,0.066951,0.080206,-1.069695,-0.416991,1.153832,0.037843,-1.405548,-0.380063,0.508795,-0.192641,-1.059591,1.128105,0.015039,0.778216,-0.013147,0.675624,-1.454443,-0.19935,1.691631,-1.944955,1.059846,-0.7316,-0.092068,0.222953,-0.328955,0.787474,0.227703,0.47778,0.514452,0.035114,-0.545684,1.529214,0.146056,0.934043,1.30474,0.566716,0.213688,0.271996,-0.338381,-0.718269,1.153034,1.103235,-0.405688,1.406084,-1.301573,0.794765,-0.128558,-0.584229,-1.008147,1.729801,0.146075,0.325976,0.630031,-1.327909,0.612975
10,Tokyo Ghoul,anime_22319,-1.017796,0.441884,-0.274473,-0.377538,-0.038647,0.708439,0.978631,0.877452,-0.660711,0.842892,-0.187089,-0.904079,-0.359153,0.991053,-0.090324,-1.795511,-0.110645,0.78199,-0.093976,-0.926897,0.926428,0.039301,1.197329,-0.009031,0.961314,-1.453646,0.094177,1.3649,-1.916903,1.140896,-0.700799,-0.183823,-0.434009,-0.931225,0.610791,0.716377,1.096955,1.172421,0.471573,-0.212831,1.413562,-0.509293,1.245022,1.06406,0.178894,0.634583,0.029018,-0.518646,-1.288214,1.125612,0.8488,-0.902952,1.558535,-1.390509,0.210517,-0.01889,0.074831,-1.272249,1.845289,0.525719,-0.68086,0.424825,-0.891971,1.313293
11,Kimi no Na wa.,anime_32281,-0.50293,0.322776,-0.377707,-0.130083,-0.468495,0.885529,0.126275,0.638394,-1.088608,0.629508,-0.942114,-0.511896,-0.775309,0.241998,-0.730195,-0.761377,-0.744131,-0.08879,-0.197523,-0.906429,0.793334,-0.509482,0.099174,-0.232123,0.538288,-0.636992,0.126667,1.639949,-0.742292,1.316222,-0.555275,-0.177771,0.14633,0.773124,0.704055,0.628918,0.758388,1.354843,-1.056476,-0.317646,1.621587,-0.29257,0.400927,0.419531,0.447522,-0.054207,0.419269,-0.242829,-0.004183,0.62007,0.125981,-0.857938,0.92464,-1.685911,0.227479,0.834966,-0.064897,-0.618368,1.646585,0.21689,-0.004029,-0.385819,-1.034853,0.636755
12,Shingeki no Kyojin Season 2,anime_25777,-0.930446,0.693986,-0.344463,-0.726523,0.393259,0.996231,0.547965,0.691491,-0.684553,0.049303,-0.119319,-0.917096,-0.362135,1.234315,-0.153867,-1.3038,-0.598851,0.387799,-0.271049,-1.039844,1.117468,0.117794,0.658073,0.01166,0.771595,-1.54727,-0.004576,1.658428,-1.997569,1.042713,-0.854723,-0.114952,0.255778,-0.455839,0.7088,0.344806,0.577119,0.57255,0.053865,-0.545517,1.543348,0.14977,0.837557,1.314948,0.607897,0.37364,0.287799,-0.320438,-0.568284,1.233205,0.896922,-0.239801,1.402877,-1.416553,0.771558,0.034317,-0.576604,-1.011009,1.782929,0.159922,0.369575,0.497847,-1.130077,0.608397
13,Jujutsu Kaisen,anime_40748,-1.000419,0.649527,-0.27917,-0.712333,0.507412,0.823794,0.539285,0.830455,-0.54772,-0.013798,-0.114516,-0.91092,-0.553803,1.178439,-0.085709,-1.213291,-0.59545,0.356688,-0.447932,-0.951476,1.051179,-0.049616,0.726434,-0.040089,0.868622,-1.579256,0.007799,1.828168,-1.956973,1.110798,-0.763246,-0.043026,0.201789,-0.431053,0.656176,0.423762,0.444775,0.767812,-0.107233,-0.621981,1.471161,0.094383,0.820623,1.135009,0.714656,0.545603,0.300947,-0.380435,-0.525471,1.158618,0.982563,-0.380138,1.32489,-1.408662,0.764185,-0.018306,-0.511194,-1.072671,1.778836,0.288437,0.38343,0.510343,-1.273217,0.681073
14,Steins;Gate,anime_9253,0.014517,0.733712,-0.139158,-0.083233,0.010307,1.069761,-0.273551,0.819069,-1.042245,0.570393,-0.462688,-0.506969,-1.396455,-0.275318,-0.663022,-1.191248,-0.771947,0.127566,0.991054,-0.537225,0.399989,0.13946,0.459658,-0.130744,0.609377,-0.493141,0.104288,1.672932,-1.204818,1.007634,-0.566259,-0.251794,-0.175233,0.275522,0.685195,0.477113,0.546781,1.269624,-0.486731,0.191322,0.864449,-0.498481,0.481395,0.942953,-0.617873,-0.199588,0.622922,0.178463,-0.882604,0.800928,0.481008,-0.724155,0.536404,-0.832388,0.613978,0.557986,0.013476,-0.802393,1.70964,-0.259288,-0.245564,0.01799,-1.172828,0.818035
15,Naruto: Shippuuden,anime_1735,-1.06761,0.843997,-0.310125,-0.607995,0.435915,0.864095,0.626782,0.727865,-0.727014,0.068092,0.08016,-1.069084,-0.418306,1.154453,0.037001,-1.404749,-0.380076,0.508957,-0.191656,-1.059906,1.128051,0.013968,0.777134,-0.011669,0.675352,-1.454827,-0.198887,1.691097,-1.944556,1.05988,-0.732176,-0.092466,0.2229,-0.329817,0.787962,0.226601,0.477474,0.51443,0.035703,-0.544966,1.529047,0.145663,0.933265,1.305324,0.567329,0.214643,0.272209,-0.336778,-0.717245,1.152844,1.102331,-0.405079,1.406213,-1.300794,0.794008,-0.128358,-0.584013,-1.008307,1.729564,0.147543,0.325199,0.630145,-1.327646,0.613093
16,Boku no Hero Academia 2nd Season,anime_33486,-1.152473,0.731801,-0.285723,-0.738526,0.500905,0.748899,0.689514,0.879497,-0.605311,-0.11088,-0.041919,-1.076685,-0.517765,1.14018,-0.099736,-1.25764,-0.566512,0.535566,-0.444816,-0.947309,1.07142,-0.054103,0.76243,0.045244,0.776241,-1.560904,-0.057198,1.772108,-1.884749,1.135848,-0.878866,-0.053496,0.071524,-0.415914,0.714985,0.394437,0.521062,0.614719,0.013947,-0.628353,1.324027,-0.04099,0.750953,1.184822,0.486369,0.401947,0.287887,-0.435994,-0.664502,1.105688,0.842137,-0.503586,1.425814,-1.305821,0.84917,-0.191827,-0.280827,-0.911047,1.853797,0.236511,0.22306,0.642812,-1.354876,0.707907
17,One Piece,anime_21,-1.066955,0.885685,-0.248911,-0.714512,0.487621,0.844701,0.57572,0.800677,-0.806525,0.105071,0.164306,-1.130265,-0.40787,1.185901,0.079743,-1.292749,-0.364578,0.545513,-0.154829,-1.107975,1.162508,0.040927,0.82298,-0.020186,0.596028,-1.537433,-0.165409,1.703192,-2.013397,1.114095,-0.625206,-0.01877,0.186581,-0.405458,0.87067,0.114411,0.604356,0.56612,0.038428,-0.602602,1.509748,0.167651,0.973072,1.356827,0.589255,0.306606,0.250457,-0.380806,-0.803712,1.155493,1.144689,-0.372473,1.493231,-1.240366,0.758705,-0.084898,-0.627206,-1.012595,1.838099,0.07394,0.278644,0.649372,-1.353845,0.553586
18,Shingeki no Kyojin Season 3,anime_35760,-0.930491,0.694339,-0.344536,-0.726623,0.393099,0.99596,0.547494,0.691337,-0.684828,0.049329,-0.119266,-0.916776,-0.362141,1.234208,-0.153594,-1.303783,-0.59905,0.387485,-0.27102,-1.039709,1.117506,0.11769,0.65852,0.011502,0.771995,-1.546997,-0.004746,1.658341,-1.997587,1.042841,-0.854627,-0.114658,0.255851,-0.455715,0.708516,0.344588,0.577023,0.572379,0.053314,-0.545414,1.543372,0.149696,0.837366,1.31477,0.607713,0.373852,0.287722,-0.320928,-0.568076,1.23339,0.896636,-0.239972,1.403077,-1.416707,0.771828,0.033965,-0.576685,-1.011078,1.782864,0.159813,0.36972,0.497894,-1.130046,0.608057
19,Koe no Katachi,anime_28851,-0.96489,0.522703,-0.340874,-0.600598,0.162464,1.077903,0.552972,0.660148,-0.620002,-0.043967,-0.236526,-0.625532,-0.519946,1.289348,-0.263007,-1.383543,-0.537635,0.366066,-0.665316,-0.987328,1.045934,0.065082,0.326274,0.036483,0.940592,-1.385055,0.07134,1.783441,-1.836309,0.981019,-0.951764,0.0843,0.379907,-0.457813,0.712999,0.527869,0.534284,0.627583,-0.196199,-0.7289,1.532375,0.08808,0.852883,1.026446,0.595045,0.58468,0.37394,-0.422445,-0.375615,1.246189,0.683131,-0.461658,1.211915,-1.391838,0.900235,0.136663,-0.542872,-0.948316,1.660917,0.393235,0.443811,0.241672,-1.137815,0.652678
20,Shingeki no Kyojin Season 3 Part 2,anime_38524,-0.930441,0.69414,-0.344523,-0.726656,0.393186,0.996072,0.547692,0.691527,-0.684678,0.049309,-0.119317,-0.916998,-0.36204,1.234094,-0.153684,-1.303844,-0.598867,0.387734,-0.270982,-1.039789,1.117489,0.11782,0.658345,0.011507,0.77187,-1.547149,-0.004649,1.658548,-1.997519,1.042755,-0.854701,-0.114753,0.255881,-0.455697,0.708668,0.344809,0.577141,0.572505,0.053542,-0.545427,1.54343,0.149705,0.837452,1.314886,0.607827,0.373583,0.287642,-0.320836,-0.568321,1.233233,0.896813,-0.239994,1.403102,-1.416741,0.771763,0.034034,-0.576772,-1.011034,1.782922,0.15984,0.369572,0.497874,-1.129965,0.608334
21,No Game No Life,anime_19815,-0.447976,0.647927,0.205366,-0.391484,0.030784,0.612987,0.293106,0.185224,-0.950844,0.858431,-0.653008,-0.458149,-0.997493,0.317466,-0.263308,-0.801264,-0.728287,0.157736,1.086296,-0.878505,0.348217,-0.376425,0.450568,-0.079606,0.390403,-0.553623,0.11682,1.403362,-1.050815,1.223503,-0.355702,-0.376407,-0.046586,0.729414,1.053336,0.733529,0.664206,1.732167,-0.529402,-0.266454,1.303264,-0.223324,0.808296,1.094407,0.322666,-0.371519,0.380311,-0.121152,-0.714726,0.321005,-0.213592,-0.81195,0.659531,-1.28003,0.416028,0.195402,-0.373094,-0.758319,1.560903,-0.111697,0.24368,0.149563,-1.013469,1.120728
22,Code Geass: Hangyaku no Lelouch,anime_1575,-0.539306,0.303402,-0.230084,-0.342047,-0.483823,0.478125,0.230089,0.751504,-1.009016,0.617126,-0.931785,-0.832386,-0.731363,0.096438,-0.626158,-0.671658,-0.842935,0.062266,0.169807,-0.775671,0.810017,-0.500877,0.408957,-0.09357,0.576676,-0.644442,-0.004883,1.500023,-0.818938,1.200161,-0.72089,-0.439372,-0.068174,0.552321,0.584078,0.632483,0.663788,1.481105,-0.817025,-0.245115,1.446629,-0.467856,0.479592,0.429854,0.316883,-0.224767,0.438027,-0.27696,-0.159166,0.639041,0.219882,-0.805972,0.845628,-1.738489,0.337819,0.609275,-0.135445,-0.46863,1.524087,0.054458,-0.248437,0.005003,-1.061278,0.813274
23,Re:Zero kara Hajimeru Isekai Seikatsu,anime_31240,-0.380726,0.544173,0.252502,-0.478395,0.024832,0.668547,0.330551,0.279621,-1.122259,0.895527,-0.61337,-0.568804,-1.05823,0.411141,-0.30849,-0.59922,-0.734641,0.149046,1.041596,-0.877324,0.41598,-0.212363,0.470872,-0.118654,0.296069,-0.620585,0.273849,1.502322,-1.232581,1.236625,-0.268374,-0.383548,0.060492,0.455431,1.064795,0.558656,0.806215,1.781811,-0.536916,-0.104519,1.22229,-0.174396,0.679593,1.029366,0.453147,-0.441352,0.522625,-0.184958,-0.810486,0.459035,-0.296739,-0.836899,0.557616,-1.308572,0.243835,0.340204,-0.428043,-0.645122,1.428844,-0.198272,0.191148,0.091661,-1.04621,1.097459
24,Shigatsu wa Kimi no Uso,anime_23273,-1.092047,0.698945,-0.312217,-0.617227,0.312503,0.880279,0.562946,0.810476,-0.464692,-0.014348,-0.147864,-0.783714,-0.635862,1.196685,-0.145302,-1.373056,-0.568573,0.385928,-0.470226,-1.033233,1.136585,-0.043252,0.627504,-0.006365,0.899609,-1.342667,-0.088269,1.6374,-1.991974,0.984585,-0.836635,-0.093521,0.198828,-0.460329,0.551494,0.452957,0.470632,0.714633,-0.100886,-0.901636,1.47553,0.079465,0.955261,1.207733,0.372579,0.342435,0.322283,-0.554298,-0.447736,1.095726,0.768646,-0.398257,1.219894,-1.309579,0.783345,-0.131223,-0.470993,-0.932555,1.729073,0.396545,0.275769,0.613382,-1.159941,0.643852
25,Boku no Hero Academia 3rd Season,anime_36456,-1.152543,0.731756,-0.285682,-0.738347,0.500919,0.748994,0.689736,0.87948,-0.605367,-0.110832,-0.041971,-1.07678,-0.517778,1.140204,-0.099809,-1.257658,-0.566541,0.535575,-0.444812,-0.947425,1.071423,-0.054053,0.762528,0.045424,0.776128,-1.561058,-0.057169,1.772029,-1.884798,1.135911,-0.878914,-0.053635,0.071474,-0.416087,0.714967,0.394388,0.521028,0.614865,0.014137,-0.628221,1.323953,-0.041115,0.750964,1.184765,0.486262,0.402023,0.287892,-0.435883,-0.664515,1.105654,0.842125,-0.503435,1.425823,-1.305775,0.849066,-0.19174,-0.28088,-0.911069,1.853865,0.236557,0.22295,0.64267,-1.354865,0.707938
26,Toradora!,anime_4224,-0.448854,0.501341,0.412173,-0.485444,0.155223,0.437407,0.170553,0.345571,-0.894923,0.601756,-0.646377,-0.488481,-1.307173,0.551976,-0.193779,-0.467789,-0.841201,0.13718,1.130642,-0.809235,0.418621,-0.458629,0.358507,-0.235362,0.104824,-0.58357,0.471078,1.399372,-1.111692,1.483243,-0.096035,-0.315754,0.130726,0.301712,0.841899,0.576033,0.836546,1.815556,-0.592794,-0.451465,1.290113,-0.171616,0.684237,0.826177,0.268623,-0.323709,0.536876,-0.159023,-0.72451,0.241996,-0.782269,-0.837483,0.447943,-1.287713,0.074277,0.075889,-0.441709,-0.834128,1.282472,-0.059302,0.106851,0.116037,-0.852983,1.2744
27,Noragami,anime_20507,-1.092364,0.807008,-0.339748,-0.699767,0.584187,0.852288,0.533683,0.865534,-0.49472,0.005139,0.030947,-0.923844,-0.497959,1.235093,-0.12053,-1.279505,-0.620806,0.41319,-0.185467,-0.963691,1.025525,-0.140817,0.649465,0.049128,0.841806,-1.506616,0.136341,1.737046,-1.973189,1.340132,-0.80696,-0.071533,0.139879,-0.449183,0.597114,0.446803,0.613507,0.73068,-0.019748,-0.699222,1.418932,0.12185,0.874029,1.328677,0.475777,0.646283,0.251688,-0.374042,-0.418588,1.188551,0.857262,-0.363015,1.391876,-1.405333,0.750269,-0.039775,-0.570225,-1.155771,1.839166,0.293734,0.398722,0.49157,-1.187969,0.841456
28,Mob Psycho 100,anime_32182,-0.431438,1.021141,-0.127577,-0.331205,0.052543,0.673823,0.005657,0.666906,-0.273651,0.836127,-0.799076,-0.519715,-1.2134,0.281423,-0.657879,-1.047428,-0.598659,-0.091343,0.704447,-0.886349,0.697608,-0.227672,0.623969,0.144468,0.395822,-0.704358,0.316158,1.700998,-0.934964,1.322829,-0.524513,-0.488855,-0.613919,0.536179,0.323691,0.540057,0.434522,1.236789,-0.145876,0.063862,0.850175,-0.397022,0.545243,0.69453,0.166332,-0.077476,-0.169739,-0.189613,-0.797743,0.553632,0.694858,-0.589172,0.744622,-1.294832,0.40197,0.058193,-0.083625,-1.583637,1.992118,0.005958,-0.06401,0.308472,-1.026776,0.878359
29,Boku dake ga Inai Machi,anime_31043,-0.95326,0.557579,-0.273623,-0.249141,-0.091459,0.837291,0.969007,0.787471,-0.595081,0.663107,-0.358061,-0.597582,-0.464464,1.074595,-0.097788,-1.852526,-0.195966,0.661409,-0.360408,-0.894864,0.914569,-0.073178,1.109343,0.038323,0.97301,-1.48965,0.207896,1.263121,-1.942053,1.08488,-0.749766,-0.231724,-0.459679,-0.6879,0.430167,0.794728,1.043974,1.313602,0.386536,-0.350788,1.27985,-0.517177,1.196595,0.936157,0.093388,0.610623,-0.139752,-0.592703,-0.999643,1.105044,0.876953,-1.109602,1.667666,-1.226455,0.246469,-0.275082,0.036168,-1.145844,1.935035,0.637421,-0.91147,0.636853,-0.989264,1.219695
30,Shingeki no Kyojin: The Final Season,anime_40028,-0.934613,0.690421,-0.346119,-0.716823,0.392377,0.997653,0.544379,0.702106,-0.672366,0.042802,-0.116292,-0.904378,-0.367192,1.241684,-0.165147,-1.319309,-0.597881,0.403213,-0.276345,-1.031124,1.1157,0.099553,0.637264,0.027145,0.77924,-1.535474,0.004416,1.651901,-2.00068,1.051619,-0.860803,-0.10433,0.245569,-0.436827,0.701807,0.356215,0.576722,0.581461,0.051542,-0.559474,1.542392,0.144283,0.843728,1.315687,0.581191,0.379169,0.286906,-0.337261,-0.556632,1.223392,0.879903,-0.262355,1.409267,-1.402981,0.774664,0.021009,-0.557842,-1.015885,1.79695,0.165569,0.35854,0.512123,-1.125475,0.613588
31,Akame ga Kill!,anime_22199,-1.10008,0.774757,-0.289625,-0.726342,0.427214,0.848967,0.535725,0.773221,-0.748618,0.07089,0.064203,-1.082793,-0.374463,1.123928,-0.069075,-1.245206,-0.453176,0.491726,-0.184046,-1.039196,1.137749,0.047284,0.728913,0.103906,0.722576,-1.521747,-0.066482,1.565398,-2.1213,1.102489,-0.718737,-0.054753,0.173214,-0.460245,0.738379,0.30784,0.667507,0.700416,0.015928,-0.541401,1.557435,0.200889,0.906904,1.41571,0.642446,0.378245,0.294118,-0.332654,-0.661146,1.204708,0.927674,-0.295656,1.474881,-1.301975,0.850954,-0.063752,-0.441666,-1.08125,1.836845,0.130755,0.406112,0.481104,-1.200329,0.633571
32,Nanatsu no Taizai,anime_23755,-1.131691,0.894735,-0.230426,-0.669914,0.493818,0.820272,0.547079,0.874858,-0.715191,0.026014,0.16146,-0.974009,-0.447403,1.254723,0.008605,-1.458724,-0.395069,0.652747,-0.197923,-1.01648,1.186075,-0.098053,0.71618,0.081866,0.648218,-1.425396,-0.107096,1.63043,-2.031505,1.190976,-0.698321,0.033177,0.111649,-0.264979,0.77527,0.204352,0.620468,0.664242,0.012362,-0.725173,1.497086,0.103536,1.021264,1.365795,0.362403,0.358044,0.229549,-0.50959,-0.704103,1.093354,1.014475,-0.581959,1.586256,-1.130953,0.782344,-0.232932,-0.475922,-1.058371,1.968761,0.146024,0.179574,0.788705,-1.330466,0.601121
33,Ansatsu Kyoushitsu,anime_24833,-0.956388,0.837252,-0.235325,-0.733741,0.605336,0.885057,0.634593,0.672637,-0.426314,-0.027617,0.030193,-0.993038,-0.60293,1.056398,0.075053,-1.141187,-0.468332,0.343652,-0.381167,-1.084705,1.069846,0.082305,0.917427,-0.162948,0.781132,-1.651902,-0.155012,1.639877,-1.810499,1.052075,-0.818725,-0.068389,0.160316,-0.429408,0.783327,0.385582,0.381298,0.607977,0.058529,-0.626217,1.421903,0.057187,0.806949,1.100056,0.798384,0.533682,0.186774,-0.186403,-0.628485,1.039252,1.024917,-0.218553,1.426602,-1.443233,0.891105,-0.108615,-0.48828,-1.06443,1.870503,0.187854,0.311816,0.605869,-1.288556,0.643494
34,Angel Beats!,anime_6547,-0.641082,0.329559,-0.067126,-0.095849,-0.262239,0.684779,0.240321,0.845484,-0.864112,0.813446,-0.782154,-0.959135,-0.77239,0.134731,-0.602998,-0.563163,-0.37096,0.219793,0.145659,-1.132999,0.994153,-0.740077,0.305076,-0.407425,0.691806,-0.573917,0.095587,1.433613,-0.997845,1.569794,-0.373313,-0.180413,-0.040087,0.440146,0.703106,0.524265,0.826583,1.626752,-0.848257,-0.582187,1.278481,-0.296655,0.693573,0.437952,0.272241,-0.365079,0.554384,-0.189797,-0.219667,0.843246,-0.075776,-0.854854,0.831773,-1.707954,0.073507,0.685291,-0.010483,-0.400189,1.57843,0.099713,-0.172857,-0.331756,-0.975179,0.914366
35,Bleach,anime_269,-1.0648,0.898293,-0.279625,-0.771135,0.616688,0.826565,0.591136,0.828634,-0.666707,0.112311,0.094742,-1.084716,-0.435715,1.271235,-0.003125,-1.296884,-0.551416,0.492026,-0.148105,-1.063316,1.113804,-0.008269,0.827457,-0.103961,0.642011,-1.684124,-0.002418,1.805063,-1.932478,1.293396,-0.746674,-0.060497,0.165433,-0.358688,0.700278,0.224989,0.494128,0.569052,0.044763,-0.505774,1.485735,0.126641,0.87336,1.296756,0.562876,0.464424,0.184599,-0.321094,-0.653511,1.143513,1.147048,-0.351597,1.406547,-1.35878,0.728394,-0.087584,-0.700031,-1.032688,1.870202,0.192435,0.300686,0.730087,-1.293662,0.645881
36,Haikyuu!!,anime_20583,-1.046524,0.690419,-0.249165,-0.714227,0.573362,0.894566,0.799436,0.772036,-0.472824,-0.112111,-0.111498,-0.90506,-0.626449,1.078037,-0.027373,-1.396884,-0.549363,0.550516,-0.513612,-1.001528,1.059934,0.074886,0.83186,-0.029229,0.802723,-1.398511,-0.116148,1.65876,-1.964777,0.872857,-0.821159,-0.081129,0.125227,-0.558061,0.764194,0.256472,0.26028,0.753064,0.035236,-0.830408,1.569282,0.047367,0.920508,1.040745,0.48956,0.444514,0.287354,-0.494197,-0.723061,1.188392,0.947321,-0.300777,1.383767,-1.480334,0.679368,-0.013633,-0.394517,-1.021291,1.731977,0.223089,0.203473,0.613196,-1.235409,0.663941
37,Yakusoku no Neverland,anime_37779,-0.857459,0.734036,-0.270213,-0.658274,0.389011,1.094379,0.675565,0.638917,-0.629216,0.070221,-0.187919,-0.861208,-0.456053,1.211902,-0.090249,-1.304248,-0.553729,0.34779,-0.410809,-1.106435,1.13445,0.079299,0.654284,0.034432,0.935086,-1.549046,-0.048634,1.677517,-2.059486,0.90925,-0.824649,-0.140445,0.231073,-0.276364,0.688206,0.378661,0.449299,0.640628,-0.032257,-0.624548,1.460699,0.082631,0.886402,1.252537,0.71415,0.197538,0.140174,-0.506104,-0.638436,1.294292,1.148046,-0.414738,1.359915,-1.518401,0.639324,0.025714,-0.514605,-0.921179,1.732204,0.063677,0.31342,0.528386,-1.143969,0.580226
38,Kono Subarashii Sekai ni Shukufuku wo!,anime_30831,-0.397135,0.728011,0.151834,-0.484982,0.088531,0.583668,0.390103,0.146975,-1.052037,0.992596,-0.65569,-0.700901,-0.903154,0.279335,-0.279592,-0.912914,-0.64985,0.264692,1.095004,-0.920539,0.424297,-0.194499,0.537156,-0.124307,0.259203,-0.65832,0.054861,1.536399,-1.13453,1.079384,-0.417128,-0.356688,-0.087867,0.70029,1.149395,0.640815,0.733835,1.650811,-0.50175,-0.101983,1.40001,-0.18169,0.748985,1.292758,0.441934,-0.347929,0.44445,-0.072299,-0.851471,0.298852,0.037762,-0.737861,0.764802,-1.298208,0.326822,0.395319,-0.520979,-0.718323,1.598652,-0.18037,0.228913,0.286972,-1.137128,1.038829
39,Mirai Nikki (TV),anime_10620,-0.931241,0.738561,-0.303287,-0.733472,0.437259,0.982877,0.643324,0.712058,-0.678276,0.08647,-0.111712,-0.952682,-0.383039,1.152933,-0.069245,-1.229569,-0.615754,0.346823,-0.250343,-1.067291,1.138107,0.103466,0.801073,-0.022811,0.836034,-1.610608,-0.014171,1.692535,-2.072449,1.059035,-0.762272,-0.216202,0.224518,-0.433406,0.688423,0.343579,0.503061,0.647083,0.03408,-0.495805,1.491511,0.141083,0.884628,1.298006,0.691779,0.318002,0.230063,-0.383937,-0.660598,1.239219,1.113977,-0.268849,1.356197,-1.470371,0.700078,-0.015676,-0.603078,-0.922273,1.729061,0.138842,0.349153,0.500032,-1.157601,0.603052
40,Sword Art Online II,anime_21881,-0.432677,0.581005,0.404724,-0.454964,0.203958,0.35041,0.339244,0.259407,-1.023497,0.644711,-0.507524,-0.591227,-1.148156,0.412842,-0.129179,-0.794649,-0.676904,0.31728,1.237933,-0.778572,0.467251,-0.443099,0.459683,-0.116346,0.031665,-0.607658,0.244874,1.485069,-1.101605,1.379068,-0.126737,-0.376148,0.059691,0.596917,1.000796,0.606858,0.906733,1.76704,-0.546515,-0.375474,1.376129,-0.205638,0.676507,1.120469,0.324698,-0.449888,0.512699,-0.127937,-0.776669,0.204458,-0.442093,-1.073866,0.800106,-1.103428,0.107751,0.082993,-0.263195,-0.85336,1.471844,-0.268365,0.11026,0.327038,-1.058788,1.217718
41,Ao no Exorcist,anime_9919,-1.129215,0.784707,-0.300796,-0.694061,0.597596,0.786595,0.540238,0.938611,-0.435613,-0.013952,-0.040378,-0.854102,-0.60811,1.20384,-0.111991,-1.315876,-0.615911,0.467029,-0.321187,-0.926899,1.069702,-0.188666,0.682443,0.021289,0.880904,-1.436235,0.111828,1.729259,-1.972942,1.29517,-0.800382,-0.045697,0.115252,-0.40871,0.541708,0.443107,0.560974,0.817352,-0.076483,-0.798132,1.396972,0.055301,0.891651,1.257575,0.442529,0.583678,0.288133,-0.459168,-0.474329,1.120386,0.812624,-0.461811,1.397573,-1.339758,0.777698,-0.13136,-0.484254,-1.103064,1.851333,0.342616,0.312767,0.584948,-1.227044,0.792794
42,Cowboy Bebop,anime_1,-0.525717,0.286694,-0.25251,-0.31522,-0.464925,0.405989,0.263764,0.609801,-1.017031,0.522781,-0.80819,-0.785971,-0.782666,0.075377,-0.468814,-0.763107,-0.973794,0.053161,0.209992,-0.678339,0.680376,-0.455771,0.539112,-0.10354,0.396902,-0.80585,-0.066012,1.563203,-0.825078,1.052483,-0.744941,-0.480909,-0.146302,0.753807,0.397583,0.673245,0.651459,1.513958,-0.892757,-0.010741,1.516215,-0.457054,0.44439,0.413726,0.479426,-0.112946,0.317793,-0.192758,-0.120178,0.525311,0.455497,-0.849455,1.030408,-1.568395,0.317471,0.624243,-0.164732,-0.728496,1.667504,0.023271,-0.153859,0.077352,-1.163007,0.728549
43,Kiseijuu: Sei no Kakuritsu,anime_22535,-0.956101,0.508935,-0.283824,-0.41434,0.054363,0.681001,0.878172,0.872216,-0.536587,0.632669,-0.255591,-0.771351,-0.498096,1.004006,-0.200498,-1.737063,-0.208796,0.870639,-0.183136,-0.733378,1.041545,0.17984,1.086286,0.021167,0.842309,-1.368349,0.127947,1.418229,-1.93961,1.033556,-0.875503,-0.14502,-0.415367,-0.932855,0.485537,0.606825,1.184024,1.140321,0.47369,-0.307812,1.439584,-0.612413,1.136203,1.06492,0.030875,0.712829,0.107847,-0.564722,-1.10402,1.018392,0.923315,-1.063317,1.685138,-1.315616,0.25251,-0.118399,0.089866,-1.289152,2.00123,0.672916,-0.684735,0.611471,-0.982356,1.301094
44,Sen to Chihiro no Kamikakushi,anime_199,-0.62149,0.506319,-0.312595,-0.153632,-0.378079,0.581438,0.240825,0.744019,-1.161952,0.790235,-0.772562,-0.734909,-0.613691,0.18361,-0.507757,-0.745063,-0.582015,0.150933,0.289633,-0.848911,0.888911,-0.663898,0.288037,-0.14748,0.454785,-0.504322,-0.063632,1.365645,-0.795097,1.300865,-0.445725,-0.270709,-0.014208,0.761206,0.741053,0.54327,0.637267,1.467624,-0.83455,-0.389172,1.448652,-0.305265,0.60504,0.529048,0.366488,-0.236724,0.401514,-0.300826,-0.250824,0.587376,0.376515,-0.904901,0.844673,-1.610713,0.26331,0.762441,-0.231046,-0.528098,1.718577,0.036338,-0.187414,-0.081818,-1.084179,0.795441
45,Shinseiki Evangelion,anime_30,-0.640209,0.603671,-0.019412,-0.279108,-0.013653,0.259868,0.196013,1.047148,-0.768265,0.30811,-0.761583,-0.970864,-0.895059,0.25012,-0.727043,-0.498168,-0.411366,-0.081025,0.192403,-0.873518,1.249291,-0.481775,0.240669,-0.168747,0.57795,-0.464426,-0.285484,0.846824,-0.367134,1.285749,-0.43944,-0.388499,0.138916,0.474121,0.284209,0.624286,0.613462,1.067274,-0.849863,-0.519591,1.810634,-0.470798,0.521648,0.07543,0.155088,-0.369826,0.27827,-0.107924,-0.265536,0.764032,0.453619,-1.154968,0.583733,-1.849117,0.17595,0.80337,-0.096857,-0.088452,1.012662,0.129763,-0.150015,-0.050957,-0.788481,1.355451
46,Violet Evergarden,anime_33352,-0.556683,0.412885,0.284195,-0.517659,-0.081044,0.611197,0.418038,0.176663,-1.035194,1.144336,-0.620359,-0.528677,-1.268234,0.518673,-0.5231,-0.944101,-0.786302,0.249456,1.068135,-0.839728,0.297783,-0.160311,0.259732,-0.230715,0.457802,-0.484903,0.4869,1.763336,-0.928938,1.390015,-0.534069,-0.130917,0.146372,0.269703,0.929726,0.704602,0.896385,1.630821,-0.821352,-0.297579,1.211857,-0.194548,0.565363,1.263264,0.232901,-0.184064,0.733128,-0.097281,-0.653646,0.392253,-0.818098,-0.999319,0.50795,-1.28039,0.428807,0.58807,-0.443586,-0.821307,1.258982,0.026556,0.415471,-0.386372,-0.788792,1.250378
47,Seishun Buta Yarou wa Bunny Girl Senpai no Yume wo Minai,anime_37450,-0.489259,0.480087,0.366965,-0.51085,0.156599,0.388976,0.222822,0.354488,-0.94839,0.782086,-0.661261,-0.646681,-1.228626,0.388599,-0.248876,-0.490395,-0.7532,0.040034,1.103731,-0.888614,0.339281,-0.41449,0.450981,-0.298253,0.268839,-0.660272,0.480144,1.562966,-1.107496,1.513067,-0.14081,-0.340684,0.090167,0.284202,0.861833,0.604681,0.792404,1.814326,-0.675493,-0.277586,1.308123,-0.058963,0.581815,0.92779,0.49534,-0.343879,0.589414,-0.03604,-0.748979,0.36321,-0.551591,-0.719886,0.421988,-1.447065,0.194939,0.256215,-0.514039,-0.802107,1.196467,-0.035958,0.288974,0.019205,-0.878594,1.188946
48,Code Geass: Hangyaku no Lelouch R2,anime_2904,-0.52378,0.296137,-0.262474,-0.374225,-0.551742,0.478126,0.248364,0.706206,-1.04561,0.642492,-0.936865,-0.81095,-0.695319,0.102874,-0.653702,-0.74417,-0.889649,0.062538,0.22453,-0.747407,0.802584,-0.447396,0.369779,-0.027447,0.59052,-0.622547,-0.054704,1.516232,-0.79075,1.149963,-0.784335,-0.480076,-0.034343,0.575374,0.599528,0.672469,0.689167,1.430266,-0.820054,-0.224985,1.496447,-0.502855,0.462946,0.523818,0.303954,-0.21154,0.431052,-0.294825,-0.113396,0.627542,0.256615,-0.845618,0.876527,-1.750716,0.370719,0.641285,-0.158596,-0.491701,1.507258,0.022788,-0.20979,-0.00335,-1.049441,0.836857
49,Dr. Stone,anime_38691,-0.920821,1.137775,-0.28474,-0.647417,0.573456,1.048507,0.70911,0.520697,-0.466522,0.131887,0.156613,-0.784369,-0.403692,1.172055,0.176495,-1.400704,-0.348901,0.486178,-0.27233,-1.277522,1.128867,0.145584,0.748828,-0.281098,0.589214,-1.624022,-0.283196,1.48314,-1.64135,1.070549,-0.856913,-0.050403,0.250501,-0.148885,0.895541,0.32363,0.305002,0.329426,0.226637,-0.634994,1.539876,0.040013,0.937928,1.09094,0.699747,0.374663,-0.071304,-0.218949,-0.641627,0.965488,1.273033,-0.177311,1.379485,-1.422233,0.983155,-0.155344,-0.856215,-0.838513,1.936194,0.129906,0.183641,0.863572,-1.25553,0.510864
50,Chainsaw Man,anime_44511,-1.072184,0.680505,-0.3046,-0.689617,0.408777,0.898394,0.594469,0.834199,-0.64995,0.107364,0.035741,-0.905284,-0.3949,1.11705,-0.066114,-1.287307,-0.505282,0.512664,-0.193881,-1.110556,1.116712,0.005095,0.672192,0.113566,0.796515,-1.514812,-0.031998,1.605613,-2.138063,1.066714,-0.727273,-0.110527,0.168828,-0.48895,0.73032,0.358868,0.602996,0.691014,0.057231,-0.545863,1.529316,0.171533,0.90441,1.315771,0.631924,0.352998,0.307171,-0.398529,-0.668583,1.167812,0.84984,-0.258119,1.304796,-1.349776,0.799782,-0.012254,-0.429955,-1.040009,1.823497,0.168414,0.375914,0.529201,-1.212017,0.646554
51,Kaguya-sama wa Kokurasetai: Tensai-tachi no Renai Zunousen,anime_37999,-1.086073,0.606678,-0.183124,-0.214174,-0.061571,0.590442,0.938828,0.849049,-0.25325,0.594171,-0.219878,-0.739697,-0.616057,0.80806,0.000858,-1.939023,-0.002586,0.645345,-0.278583,-0.897205,0.788601,-0.144023,1.254885,-0.170012,0.907665,-1.328468,0.16249,1.167756,-1.627174,1.165295,-0.704777,-0.128552,-0.475566,-0.805621,0.419887,0.750899,0.821627,1.247487,0.401652,-0.648241,1.536043,-0.496624,1.179494,0.754408,0.018894,0.757739,-0.085049,-0.480902,-1.130966,0.897773,0.806328,-0.864999,1.63151,-1.465266,0.355532,-0.33819,0.07536,-1.360573,1.78849,0.769387,-0.729486,0.698459,-0.819886,1.222263
52,Death Parade,anime_28223,-0.602466,0.338267,-0.112959,-0.144103,-0.49829,0.605136,0.322924,0.84367,-0.898759,0.674421,-0.873922,-0.719686,-0.705297,0.165648,-0.688366,-0.781195,-0.653581,0.197402,0.345054,-0.765231,0.894706,-0.585131,0.352145,-0.095969,0.773073,-0.487037,0.03067,1.310132,-0.916997,1.289281,-0.633911,-0.357826,-0.169401,0.594192,0.526667,0.668382,0.597501,1.625983,-0.852758,-0.413139,1.247476,-0.34747,0.650892,0.53759,0.068286,-0.326719,0.382054,-0.3832,-0.225355,0.646541,0.193572,-1.068992,0.892848,-1.705029,0.240456,0.496654,0.032786,-0.444696,1.714608,-0.028169,-0.355185,-0.00488,-0.881066,0.919804
53,Boku no Hero Academia 4th Season,anime_38408,-1.153334,0.731211,-0.285816,-0.737924,0.501108,0.748238,0.688878,0.879306,-0.606101,-0.110024,-0.041745,-1.076273,-0.518347,1.1408,-0.099464,-1.257439,-0.566823,0.534818,-0.445167,-0.947423,1.071409,-0.053826,0.763018,0.044974,0.776677,-1.561012,-0.058307,1.771319,-1.885292,1.136412,-0.87926,-0.053104,0.071808,-0.416714,0.715396,0.39413,0.519884,0.614379,0.014264,-0.628344,1.324353,-0.041282,0.750165,1.184588,0.48674,0.402155,0.288572,-0.435876,-0.664111,1.106695,0.841435,-0.503023,1.425814,-1.306645,0.848431,-0.191524,-0.280537,-0.912121,1.854486,0.236478,0.223111,0.64283,-1.354788,0.707222
54,Tokyo Ghoul √A,anime_27899,-1.018213,0.442511,-0.273422,-0.377208,-0.037899,0.707705,0.975001,0.877122,-0.660474,0.839931,-0.186745,-0.90189,-0.359623,0.991552,-0.091182,-1.792094,-0.11145,0.781991,-0.093795,-0.926795,0.927599,0.038734,1.196201,-0.009544,0.961357,-1.451919,0.095611,1.363502,-1.917546,1.141532,-0.700661,-0.181446,-0.433922,-0.932495,0.610658,0.712316,1.096664,1.171187,0.471359,-0.213326,1.41345,-0.507656,1.245025,1.061787,0.178279,0.635071,0.0293,-0.518854,-1.287044,1.126097,0.847201,-0.901947,1.556374,-1.390877,0.211061,-0.019222,0.074591,-1.270737,1.845641,0.525893,-0.679426,0.425516,-0.891728,1.311124
55,Black Clover,anime_34572,-1.09,0.758273,-0.194351,-0.692289,0.454533,0.834337,0.483568,0.847538,-0.738835,0.016691,0.16179,-1.168599,-0.443628,1.116427,-0.011687,-1.195582,-0.361082,0.459521,-0.145273,-1.026124,1.10987,-0.041322,0.802628,0.102933,0.771359,-1.481068,-0.083245,1.678023,-2.147769,1.117635,-0.579578,0.024444,0.130686,-0.52127,0.869292,0.178551,0.706222,0.741401,-0.043612,-0.707318,1.465907,0.223611,0.946391,1.448011,0.605869,0.383773,0.348474,-0.422789,-0.698888,1.213312,0.955096,-0.426925,1.570047,-1.255289,0.75724,-0.10606,-0.39115,-1.184616,1.835336,0.083503,0.389332,0.472936,-1.285736,0.647653
56,One Punch Man 2nd Season,anime_34134,-1.01852,0.92334,-0.329132,-0.906782,0.247923,0.320165,0.369033,0.484865,-0.69649,1.486953,-0.392882,-0.279861,-1.236121,1.054233,0.040258,-1.75468,-0.236454,0.665045,0.69445,-1.117615,1.19239,-0.769051,1.120345,-0.276615,1.208249,-0.993148,0.006647,1.472442,-1.455426,1.264056,-0.420157,0.357383,-0.669962,0.144521,0.560075,1.195368,1.30632,0.951208,-0.199525,-0.371926,1.628822,-0.672681,1.401613,2.053358,0.380287,0.448398,-0.085197,-0.870178,-0.922114,1.023367,1.279499,-1.282134,1.510742,-1.285408,0.601976,0.01706,0.10173,-1.356017,2.179994,-0.022952,-0.202821,-0.336391,-1.019108,0.883093
57,Spy x Family,anime_50265,-0.900532,0.759853,-0.311647,-0.666486,0.381178,0.961208,0.701926,0.526274,-0.613492,-0.115415,-0.052783,-0.897934,-0.371426,1.032834,0.034571,-1.296926,-0.519306,0.32728,-0.433886,-1.132493,1.022346,0.095931,0.705032,-0.043425,0.767537,-1.638067,-0.166582,1.628653,-1.861066,0.96091,-0.940666,-0.12622,0.190745,-0.373388,0.835147,0.515975,0.404231,0.508505,0.072839,-0.50823,1.47231,0.012716,0.826848,1.06281,0.760031,0.522645,0.082458,-0.271646,-0.500983,1.187445,1.098253,-0.264016,1.435951,-1.526086,0.907579,-0.137063,-0.48009,-1.018121,1.909816,0.235963,0.370559,0.59983,-1.321685,0.667153
58,Kill la Kill,anime_18679,-0.609855,0.395616,-0.132292,-0.235908,-0.428341,0.624325,0.21745,0.759394,-0.89641,0.634364,-0.809511,-0.805523,-0.704214,-0.033381,-0.453558,-0.49983,-0.695134,-0.008516,0.344176,-0.89577,0.780027,-0.528219,0.54734,-0.20182,0.473679,-0.76988,0.074043,1.311651,-0.931711,1.289558,-0.559952,-0.385779,-0.114853,0.465324,0.60639,0.465619,0.54597,1.486793,-0.723156,-0.274241,1.337858,-0.321209,0.516478,0.261186,0.467801,-0.233474,0.330685,-0.154192,-0.285686,0.593336,0.205035,-0.614422,0.786921,-1.740267,0.358488,0.510981,-0.149856,-0.540069,1.702153,0.046514,-0.235861,0.088257,-1.083061,0.752858
59,Fairy Tail,anime_6702,-1.096411,0.890347,-0.238563,-0.700801,0.486623,0.836411,0.566519,0.83049,-0.768905,0.067337,0.157342,-1.059351,-0.426613,1.21134,0.053647,-1.367147,-0.383438,0.590394,-0.172715,-1.063889,1.178188,-0.016099,0.779065,0.02601,0.618271,-1.491102,-0.136245,1.6695,-2.02238,1.14825,-0.660751,0.000266,0.158196,-0.347859,0.830809,0.150371,0.61305,0.60316,0.02245,-0.652061,1.50366,0.141926,0.995349,1.362979,0.488234,0.335819,0.243051,-0.430428,-0.760998,1.128533,1.090546,-0.465088,1.533562,-1.184633,0.770772,-0.152384,-0.562486,-1.029372,1.891072,0.111619,0.238216,0.706566,-1.344255,0.574234
60,JoJo no Kimyou na Bouken (TV),anime_14719,-1.001329,0.833965,-0.317912,-0.761681,0.550646,0.913045,0.547162,0.683547,-0.60043,0.082342,-0.04712,-1.04439,-0.419224,1.186261,0.061553,-1.286468,-0.606273,0.397305,-0.338051,-0.999779,1.154689,0.085688,0.751329,-0.059653,0.756711,-1.657995,-0.085261,1.767764,-1.982517,1.053883,-0.802148,-0.119585,0.212329,-0.354821,0.737836,0.343342,0.489596,0.60894,0.049144,-0.486458,1.519615,0.079921,0.90124,1.210564,0.662976,0.384657,0.161401,-0.374198,-0.548297,1.178782,1.164001,-0.330386,1.41394,-1.405291,0.747671,-0.057512,-0.702483,-1.013579,1.747666,0.176986,0.254698,0.722892,-1.335839,0.556912
61,Darling in the FranXX,anime_35849,-0.612623,0.282029,-0.234126,-0.24077,-0.504847,0.476986,0.209773,0.85639,-0.900362,0.521749,-0.847724,-0.875894,-0.854457,0.09043,-0.720998,-0.686957,-0.696302,0.066996,0.248461,-0.838087,0.928055,-0.601188,0.301503,-0.033518,0.576109,-0.506134,0.047213,1.3942,-0.813727,1.221522,-0.7086,-0.488216,-0.069623,0.397533,0.446738,0.564459,0.688685,1.513319,-0.90194,-0.374976,1.456577,-0.403202,0.527166,0.400724,0.141405,-0.263351,0.542068,-0.275052,-0.165167,0.701918,0.103242,-0.862572,0.792067,-1.74249,0.29725,0.560685,-0.051138,-0.472064,1.466943,0.149797,-0.233532,0.140559,-0.927343,0.792161
62,Vinland Saga,anime_37521,-1.041328,0.587539,-0.274696,-0.500687,0.076977,0.541666,0.898565,0.596294,-0.790663,0.943266,-0.21658,-0.858222,-0.382392,1.028661,0.001013,-1.900517,-0.289974,0.862971,-0.165426,-0.938112,0.926609,0.00825,1.107604,-0.156965,0.859875,-1.617471,0.035073,1.462302,-1.728927,1.183294,-0.850342,-0.132912,-0.440333,-0.689073,0.46843,0.74566,1.067061,1.058687,0.274802,-0.105853,1.482308,-0.460084,1.126668,1.263321,0.32444,0.609639,-0.075332,-0.316476,-1.052419,0.96,0.874819,-0.879949,1.653307,-1.165511,0.4138,0.042303,-0.201919,-1.327859,1.844361,0.548597,-0.649914,0.404459,-1.011531,1.126712
63,Another,anime_11111,-0.164451,0.341993,-0.254291,-0.013135,-0.316844,1.042306,0.527219,1.063561,-0.852811,1.01365,-0.622826,-1.389414,-1.136966,-0.074325,-0.866357,-1.501975,-0.735651,0.137164,0.978776,-0.681661,0.682227,0.250195,0.472915,0.428071,0.765556,-0.645912,-0.723878,1.308377,-0.790866,0.859059,-0.580451,-0.027033,-0.011993,0.048522,0.663015,0.572237,0.011946,1.310382,-0.62687,-0.251155,1.41503,-0.791713,0.322862,0.769675,-0.426436,-0.236176,0.448669,-0.121623,-1.045409,0.982083,1.068895,-1.313216,0.596789,-1.358042,0.160302,0.987814,0.514813,-1.075992,2.222081,-0.080814,0.121658,-0.148413,-1.108826,1.222366
64,Kimetsu no Yaiba Movie: Mugen Ressha-hen,anime_40456,-1.062405,0.780693,-0.279967,-0.783948,0.555947,0.841338,0.497207,0.723326,-0.534216,0.004258,-0.093704,-1.002764,-0.435666,1.088956,-0.0067,-1.243868,-0.733747,0.339697,-0.405903,-0.977368,1.101544,0.006683,0.777268,-0.054952,0.863069,-1.759405,-0.023049,1.787276,-2.002771,1.10262,-0.807285,-0.098159,0.18802,-0.439755,0.649677,0.437142,0.444253,0.741678,-0.064223,-0.459415,1.462096,0.114007,0.785159,1.236287,0.754978,0.491022,0.239286,-0.338642,-0.406649,1.23807,1.095038,-0.337696,1.426911,-1.442027,0.730255,-0.057436,-0.582361,-1.201505,1.765382,0.250831,0.400603,0.610162,-1.274489,0.562798
65,Soul Eater,anime_3588,-1.050424,0.827975,-0.204452,-0.65056,0.522138,0.892131,0.543217,0.788963,-0.447611,-0.000624,0.056745,-0.901209,-0.572121,1.071069,0.012124,-1.255197,-0.396238,0.439322,-0.3479,-1.055887,1.088089,-0.061206,0.766675,-0.042105,0.865016,-1.463914,-0.10462,1.581747,-1.949963,1.09156,-0.715094,0.011985,0.14853,-0.381282,0.779215,0.353605,0.498847,0.730577,-0.017722,-0.825087,1.433036,0.098134,0.917941,1.238658,0.625796,0.431849,0.227645,-0.403774,-0.598638,1.067201,0.928164,-0.390637,1.470598,-1.336059,0.896586,-0.197329,-0.427418,-1.075969,1.867111,0.199379,0.301743,0.600511,-1.241217,0.640745
66,Tengen Toppa Gurren Lagann,anime_2001,-0.505263,0.356043,-0.277474,-0.332683,-0.412287,0.510534,0.222914,0.767817,-1.053977,0.564137,-0.857457,-0.8651,-0.727945,0.129568,-0.536092,-0.726878,-0.836196,0.118228,0.164775,-0.821357,0.915961,-0.448216,0.387086,-0.063984,0.388818,-0.668728,-0.137186,1.502875,-0.756214,1.125684,-0.67469,-0.514759,0.01959,0.682424,0.613886,0.50515,0.619978,1.449173,-0.797612,-0.142928,1.563187,-0.542686,0.58153,0.329662,0.361707,-0.221842,0.351469,-0.29002,-0.276757,0.645607,0.514149,-0.855384,0.911364,-1.631603,0.251334,0.659519,-0.236961,-0.404836,1.571036,-0.025794,-0.315977,0.230717,-1.141131,0.669137
67,Tate no Yuusha no Nariagari,anime_35790,-0.502894,0.612982,0.172381,-0.517956,0.031582,0.502353,0.341294,0.262551,-1.207283,1.052265,-0.528415,-0.81825,-0.962008,0.350625,-0.293005,-0.861598,-0.689367,0.296885,1.123546,-0.855174,0.392757,-0.163437,0.563407,-0.117654,0.25917,-0.616349,0.115027,1.669388,-1.109231,1.233317,-0.404284,-0.362368,-0.076011,0.537102,1.073591,0.504908,0.771858,1.638029,-0.628992,0.011417,1.282561,-0.155641,0.683208,1.268709,0.366053,-0.294946,0.515411,-0.026066,-0.926969,0.381409,-0.085995,-0.803982,0.698594,-1.189189,0.317339,0.514694,-0.460024,-0.746307,1.538135,-0.173137,0.30846,0.100361,-1.17403,0.997037
68,Charlotte,anime_28999,-0.643351,0.365626,-0.179763,-0.215308,-0.339372,0.587068,0.461244,0.721089,-0.961772,0.843653,-0.848849,-0.937836,-0.742473,0.122797,-0.601952,-0.754041,-0.630904,0.1314,0.04794,-0.957341,0.781505,-0.595888,0.443339,-0.384533,0.573042,-0.793432,0.060048,1.623333,-0.848158,1.428702,-0.641702,-0.32233,-0.134915,0.558772,0.574645,0.739322,0.738954,1.447792,-0.850208,-0.342553,1.227599,-0.478213,0.387465,0.478618,0.283369,-0.357358,0.445531,-0.211121,-0.186462,0.699286,-0.028862,-0.853763,0.849823,-1.712437,0.239579,0.607233,-0.016191,-0.375208,1.557098,0.145532,-0.272027,-0.268101,-1.091869,0.918193
69,Overlord,anime_29803,-0.477191,0.633893,0.251881,-0.561363,0.209392,0.507872,0.252292,0.365111,-1.198621,0.897129,-0.456054,-0.767081,-1.029449,0.413188,-0.281648,-0.818496,-0.690328,0.456556,1.217077,-0.839569,0.455799,-0.335482,0.493005,-0.055897,0.127422,-0.589069,0.147241,1.49349,-1.195087,1.352503,-0.278587,-0.322009,-0.084557,0.743814,1.032918,0.51882,0.815767,1.772161,-0.537529,-0.162523,1.38534,-0.292744,0.74781,1.219613,0.257502,-0.348286,0.424264,-0.191794,-0.913715,0.239709,-0.179323,-1.007194,0.840377,-1.126707,0.209758,0.31022,-0.336356,-0.880754,1.657465,-0.262612,0.106434,0.305763,-1.200367,1.144394
70,Psycho-Pass,anime_13601,-0.523795,0.367993,-0.187552,-0.189454,-0.370319,0.592086,0.288173,0.793271,-0.802895,0.51098,-0.943207,-0.853709,-0.731146,0.133717,-0.676433,-0.605038,-0.775487,0.060738,0.243896,-0.696541,0.862421,-0.426032,0.405282,-0.056621,0.551608,-0.693624,0.04958,1.385193,-0.930681,1.123791,-0.688065,-0.48569,-0.151532,0.538632,0.472189,0.614755,0.624135,1.567567,-0.786326,-0.270471,1.280841,-0.411381,0.447795,0.430904,0.215882,-0.18929,0.359142,-0.18007,-0.169916,0.622994,0.349521,-0.901518,0.951116,-1.708175,0.181722,0.549233,-0.011942,-0.537645,1.814126,0.048989,-0.321675,0.172575,-1.058811,0.862926
71,Shokugeki no Souma,anime_28171,-1.12252,0.752951,-0.34836,-0.634202,0.351465,0.929385,0.783359,0.847862,-0.391715,0.085814,-0.205831,-0.748064,-0.656891,1.039978,-0.054936,-1.308502,-0.595822,0.474768,-0.450342,-1.000182,1.057692,-0.14608,0.670865,-0.042081,0.799379,-1.33472,-0.094924,1.620594,-1.952576,1.006734,-0.816788,-0.099015,0.255118,-0.375585,0.547002,0.439867,0.464834,0.6297,-0.027084,-0.810925,1.472865,-0.05693,0.93779,1.077589,0.591797,0.336901,0.162811,-0.475486,-0.503422,1.022892,0.880069,-0.398649,1.256948,-1.326311,0.861221,-0.203143,-0.43268,-0.883416,1.779971,0.383764,0.330271,0.608227,-1.289807,0.608621
72,Kimetsu no Yaiba: Yuukaku-hen,anime_47778,-1.062453,0.780872,-0.279915,-0.784091,0.555882,0.841273,0.496881,0.723287,-0.534427,0.004336,-0.093683,-1.0026,-0.435661,1.088991,-0.006592,-1.24387,-0.733886,0.339502,-0.405877,-0.977192,1.101602,0.006638,0.777406,-0.054987,0.86316,-1.759282,-0.023157,1.787225,-2.002836,1.102659,-0.807327,-0.098066,0.188061,-0.43962,0.649607,0.437021,0.444108,0.741532,-0.064531,-0.459422,1.462113,0.114018,0.785075,1.236262,0.754785,0.491202,0.239302,-0.33886,-0.406557,1.238173,1.094991,-0.337598,1.426853,-1.442041,0.730384,-0.057506,-0.582269,-1.201451,1.765204,0.250771,0.400737,0.610315,-1.274595,0.56256
73,Mob Psycho 100 II,anime_37510,-0.429897,1.021566,-0.127369,-0.332416,0.052226,0.672231,0.005614,0.66355,-0.275756,0.838745,-0.797912,-0.518051,-1.214326,0.281334,-0.655417,-1.049584,-0.600179,-0.092798,0.70394,-0.885857,0.694017,-0.228688,0.627106,0.143379,0.393458,-0.706706,0.317123,1.703664,-0.938224,1.322374,-0.523535,-0.488014,-0.615539,0.54104,0.322555,0.541714,0.436465,1.237416,-0.146481,0.06547,0.853474,-0.397684,0.544385,0.697498,0.168361,-0.078469,-0.171361,-0.192506,-0.796361,0.551675,0.695149,-0.588319,0.747018,-1.293131,0.402206,0.057326,-0.085239,-1.586169,1.991403,0.006078,-0.064948,0.306978,-1.027885,0.875795
74,Ano Hi Mita Hana no Namae wo Bokutachi wa Mada Shiranai.,anime_9989,-0.745792,0.559324,-0.077351,-0.082455,0.028517,0.791501,0.253474,0.813437,-0.896953,1.036552,-0.664779,-0.512362,-0.808535,0.4548,-0.824858,-0.828938,-0.597002,0.10364,0.381301,-0.8208,0.89294,-0.907412,0.303507,-0.502954,0.712954,-0.577761,0.453234,1.465503,-0.805678,1.773468,-0.372835,-0.038825,-0.026626,0.541562,0.601887,0.683442,0.632509,1.658386,-0.987444,-0.702504,1.234608,-0.128494,0.407825,0.807457,-0.023084,-0.165801,0.63068,-0.34838,0.045996,0.591763,-0.082236,-1.110289,0.839146,-1.671833,0.190818,0.523067,-0.011348,-0.841824,1.81289,0.473867,-0.041399,-0.518066,-0.748602,1.161376
75,Hataraku Maou-sama!,anime_15809,-0.432001,0.763924,0.320148,-0.401908,0.287022,0.592486,0.248311,0.129146,-0.503004,0.926652,-0.613341,-0.538335,-0.95531,0.213327,-0.220297,-0.700924,-0.798095,-0.061733,1.097206,-0.926208,0.271139,-0.183189,0.459768,-0.483184,0.45581,-0.85692,0.276832,1.464686,-0.929564,1.388589,-0.356952,-0.35033,0.043006,0.486946,1.026248,0.75812,0.50532,1.722589,-0.488779,-0.335686,1.20063,-0.120858,0.501105,1.051114,0.58273,-0.152596,0.281329,0.125203,-0.538657,0.315609,-0.017813,-0.58639,0.693314,-1.559633,0.478023,0.360874,-0.710128,-0.829733,1.56128,-0.055514,0.431318,0.164049,-0.862067,1.158156
76,Dungeon ni Deai wo Motomeru no wa Machigatteiru Darou ka,anime_28121,-0.483144,0.68333,0.282724,-0.490353,0.256644,0.438287,0.227486,0.392737,-1.105965,0.7517,-0.45229,-0.760879,-1.033119,0.413767,-0.215817,-0.797527,-0.636876,0.44812,1.221094,-0.770744,0.476137,-0.260805,0.449977,-0.086486,-0.028152,-0.614914,0.190271,1.548714,-1.215882,1.332109,-0.206413,-0.267765,-0.022837,0.628844,1.033694,0.420266,0.905548,1.741033,-0.51305,-0.230843,1.319358,-0.213741,0.692483,1.16128,0.28674,-0.295038,0.47773,-0.109231,-0.865652,0.200106,-0.179643,-1.048073,0.925911,-1.041996,0.169426,0.218936,-0.357024,-0.882458,1.721386,-0.232448,0.083348,0.41208,-1.214052,1.139712
77,Kono Subarashii Sekai ni Shukufuku wo! 2,anime_32937,-0.396442,0.727722,0.152831,-0.486,0.089668,0.583079,0.390703,0.146222,-1.05141,0.993457,-0.655786,-0.700846,-0.904303,0.279437,-0.278966,-0.912428,-0.65007,0.264915,1.096234,-0.920438,0.424923,-0.193659,0.537017,-0.125341,0.258575,-0.658671,0.054143,1.536731,-1.134538,1.079223,-0.416291,-0.356759,-0.086418,0.699819,1.149838,0.641114,0.734032,1.651125,-0.501487,-0.103819,1.400677,-0.182791,0.748185,1.293688,0.442773,-0.348726,0.445148,-0.072551,-0.851203,0.297896,0.037612,-0.739051,0.765591,-1.298899,0.325935,0.395634,-0.521702,-0.719223,1.5979,-0.181106,0.229299,0.286056,-1.13712,1.040582
78,Tensei shitara Slime Datta Ken,anime_37430,-1.011517,0.807255,-0.287387,-0.715612,0.457632,1.024702,0.580263,0.625853,-0.595831,0.069911,0.05361,-1.039439,-0.406122,1.067894,-0.0023,-1.192552,-0.380343,0.346352,-0.229932,-1.14606,1.070739,0.017129,0.827532,-0.021744,0.848239,-1.483435,-0.185897,1.545015,-1.981868,1.015216,-0.814994,-0.130256,0.165763,-0.420552,0.864145,0.315022,0.503623,0.631257,0.075025,-0.669492,1.486661,0.080454,0.906028,1.288489,0.662954,0.346892,0.206358,-0.33993,-0.632524,1.22372,1.057241,-0.240849,1.35021,-1.460817,0.837395,-0.13179,-0.579619,-1.001643,1.726974,0.194728,0.394992,0.502496,-1.287888,0.676579
79,Kakegurui,anime_34933,-0.909743,0.719262,-0.331057,-0.647865,0.375375,0.949695,0.669094,0.744627,-0.577747,0.029375,-0.229675,-0.834753,-0.586184,1.18969,-0.106957,-1.241409,-0.508742,0.343488,-0.426214,-1.066542,1.149716,0.047937,0.718273,0.039465,1.011842,-1.464321,-0.04703,1.736235,-2.01438,0.917198,-0.757262,-0.124596,0.149002,-0.410998,0.712843,0.43834,0.469411,0.697032,-0.045676,-0.689722,1.406502,0.094458,0.941551,1.226965,0.563616,0.296212,0.304975,-0.487961,-0.617877,1.20101,1.006881,-0.416451,1.243419,-1.475557,0.732454,-0.058944,-0.488365,-0.84927,1.647638,0.244682,0.216369,0.476643,-1.173417,0.616394
80,Horimiya,anime_42897,-1.045056,0.601027,-0.334584,-0.610711,0.225424,0.625164,0.790589,0.962197,-0.416306,0.041364,-0.086826,-1.068902,-0.767251,0.915768,-0.027107,-1.374679,-0.318941,0.281831,-0.432706,-1.064998,1.061093,-0.058655,0.912337,-0.059673,0.805329,-1.32058,-0.158967,1.703311,-1.893985,0.885602,-0.62015,-0.174882,0.185708,-0.633641,0.55791,0.431918,0.317307,0.73449,-0.12572,-0.865654,1.655881,0.07865,0.821511,1.028597,0.571041,0.296963,0.454908,-0.484227,-0.770487,1.113523,0.960873,-0.301968,1.215824,-1.661962,0.678674,-0.046097,-0.393675,-1.037124,1.438963,0.318379,0.366003,0.680373,-1.141191,0.608641
81,Elfen Lied,anime_226,-1.01887,0.476416,-0.332795,-0.425518,-0.140249,0.666433,1.062279,0.730465,-0.787111,0.875673,-0.254177,-1.008723,-0.360417,0.959952,-0.028598,-1.837418,-0.135113,0.608837,-0.176462,-0.903549,0.840775,0.10715,1.293409,-0.086814,0.897837,-1.58844,0.044562,1.445052,-1.81722,1.11337,-0.784313,-0.282941,-0.410846,-0.950074,0.529918,0.812998,1.112625,1.030956,0.363164,-0.138472,1.39758,-0.495906,1.090532,1.1423,0.241079,0.623395,0.015015,-0.353523,-1.255023,1.130461,0.87303,-0.825697,1.58458,-1.39919,0.314517,-0.049059,-0.036446,-1.261551,1.690269,0.58177,-0.662819,0.30802,-0.9293,1.2903
82,Highschool of the Dead,anime_8074,-1.00664,0.651999,-0.377892,-0.654821,0.371891,1.057285,0.595517,0.749002,-0.649762,-0.018289,-0.059575,-0.791436,-0.370416,1.21472,-0.186096,-1.389885,-0.569398,0.44507,-0.336806,-1.010817,1.148964,0.020461,0.62957,0.074194,0.720716,-1.478295,-0.063262,1.629685,-2.023211,1.051454,-0.876081,-0.106732,0.204723,-0.358188,0.635953,0.448561,0.569265,0.599718,0.027024,-0.537511,1.521042,0.008895,0.919901,1.202834,0.571984,0.352439,0.234221,-0.501298,-0.591745,1.219542,0.863184,-0.405577,1.462962,-1.317546,0.765996,-0.070273,-0.392111,-0.997023,1.950753,0.197702,0.325846,0.623073,-1.152669,0.572241
83,Fate/Zero,anime_10087,-0.449562,0.444062,0.343047,-0.496316,0.159099,0.48974,0.26594,0.391971,-1.089358,0.794796,-0.475426,-0.685997,-0.990111,0.347585,-0.13458,-0.591349,-0.754652,0.208063,1.25852,-0.904148,0.343129,-0.324233,0.539331,-0.041314,0.198105,-0.718374,0.303082,1.544158,-1.303491,1.341759,-0.096795,-0.409261,-0.023784,0.367348,1.120131,0.544994,0.895887,1.819864,-0.480974,-0.050002,1.266138,-0.081473,0.683683,1.040862,0.513743,-0.315187,0.538194,-0.078677,-0.921648,0.34199,-0.404429,-0.731311,0.617341,-1.23132,0.115117,0.321093,-0.290889,-0.917696,1.494301,-0.266331,0.21341,0.092942,-1.094614,1.165468
84,Ansatsu Kyoushitsu 2nd Season,anime_30654,-0.956455,0.83735,-0.235393,-0.73375,0.605346,0.885001,0.634437,0.672593,-0.426364,-0.027583,0.030278,-0.992858,-0.603076,1.056408,0.075122,-1.141203,-0.468395,0.343517,-0.381174,-1.084714,1.069802,0.082161,0.917539,-0.163042,0.781222,-1.6518,-0.155123,1.639749,-1.810503,1.052092,-0.818716,-0.06821,0.160342,-0.429396,0.78315,0.385402,0.381251,0.60792,0.058367,-0.62619,1.421902,0.057169,0.806857,1.099951,0.798304,0.533898,0.186759,-0.186439,-0.628383,1.039291,1.024758,-0.218569,1.426584,-1.443333,0.891124,-0.108751,-0.488278,-1.064481,1.870352,0.187863,0.311885,0.605853,-1.288594,0.643375
85,Haikyuu!! Second Season,anime_28891,-1.046015,0.690443,-0.249196,-0.714392,0.574148,0.894246,0.797786,0.770997,-0.473826,-0.112512,-0.11217,-0.903936,-0.62588,1.078632,-0.027004,-1.394635,-0.549347,0.550232,-0.514147,-1.002488,1.060669,0.073371,0.83004,-0.029704,0.80364,-1.399354,-0.116307,1.65858,-1.96554,0.873668,-0.821307,-0.081383,0.124682,-0.557519,0.763538,0.256808,0.261495,0.752428,0.033986,-0.829938,1.568014,0.048842,0.920285,1.041916,0.491473,0.443115,0.286979,-0.492456,-0.721667,1.188068,0.94612,-0.299666,1.382626,-1.478961,0.680877,-0.013843,-0.395938,-1.020052,1.732255,0.223103,0.20328,0.612678,-1.236198,0.663223
86,Yahari Ore no Seishun Love Comedy wa Machigatteiru.,anime_14813,-0.363398,0.646777,0.154797,-0.322213,0.064867,0.532568,0.223509,0.268287,-0.76541,0.638373,-0.69447,-0.628519,-1.058309,0.296458,-0.145989,-0.506308,-0.711941,-0.051358,0.941821,-0.882474,0.342787,-0.267807,0.493017,-0.295678,0.151114,-0.73475,0.213797,1.407619,-1.053642,1.159154,-0.228235,-0.47375,-0.010537,0.33663,0.880009,0.59987,0.646951,1.658885,-0.540421,-0.241424,1.176221,-0.070615,0.591486,0.778437,0.50909,-0.2282,0.386007,0.150222,-0.731882,0.273301,-0.297495,-0.466262,0.474325,-1.352425,0.249929,0.219442,-0.538109,-0.699917,1.446045,-0.014186,0.168662,0.313189,-1.00471,1.021587
87,Mushoku Tensei: Isekai Ittara Honki Dasu,anime_39535,-0.496401,0.559415,0.113297,-0.493705,-0.051569,0.592134,0.400605,0.179131,-1.158882,1.086847,-0.599698,-0.717282,-0.919705,0.281964,-0.271799,-0.833171,-0.698058,0.197927,1.153127,-0.925944,0.350076,-0.192146,0.546523,-0.151793,0.275476,-0.517699,0.06256,1.61547,-1.077617,1.162884,-0.418946,-0.440843,0.023081,0.503203,1.08274,0.544197,0.753383,1.572275,-0.609741,-0.05666,1.318261,-0.219908,0.714038,1.226419,0.449716,-0.392415,0.480505,-0.054702,-0.863129,0.402972,-0.076343,-0.734212,0.562305,-1.248623,0.346291,0.467804,-0.574112,-0.640062,1.400747,-0.123156,0.365716,0.036511,-1.141176,1.035267
88,Fullmetal Alchemist,anime_121,-0.981014,0.73927,-0.306546,-0.689654,0.321799,0.888739,0.514812,0.766381,-0.686605,0.006836,-0.049762,-0.835675,-0.416811,1.26766,-0.093718,-1.377686,-0.484145,0.490687,-0.339317,-0.997276,1.113311,-0.008645,0.586878,0.075154,0.797028,-1.411022,-0.059276,1.649889,-1.978008,1.076188,-0.812399,0.008637,0.209126,-0.380602,0.783157,0.376515,0.592611,0.619723,-0.004793,-0.71248,1.53953,0.14322,0.943756,1.275999,0.455236,0.465348,0.300781,-0.408474,-0.514529,1.132596,0.904881,-0.416878,1.433341,-1.305021,0.850226,-0.091119,-0.569513,-1.043064,1.809052,0.232314,0.281021,0.5721,-1.243687,0.664203
89,Noragami Aragoto,anime_30503,-1.092256,0.807178,-0.339737,-0.699871,0.584211,0.852271,0.533467,0.865595,-0.494831,0.005189,0.030947,-0.923732,-0.49794,1.235058,-0.120361,-1.279391,-0.620839,0.41306,-0.185404,-0.963687,1.025472,-0.140819,0.649548,0.049075,0.842007,-1.506447,0.136291,1.737136,-1.973238,1.340224,-0.806869,-0.071489,0.139931,-0.449035,0.59706,0.446889,0.613542,0.730623,-0.020118,-0.699309,1.418872,0.12185,0.874011,1.328713,0.475704,0.646254,0.251728,-0.374254,-0.418526,1.188501,0.857191,-0.363159,1.391801,-1.405456,0.750463,-0.039888,-0.570283,-1.155656,1.839154,0.293638,0.398879,0.491663,-1.188011,0.841358
90,Bungou Stray Dogs,anime_31478,-1.093254,0.515024,-0.217686,-0.365775,-0.008242,0.516346,1.040707,0.638699,-0.585085,0.777734,-0.33025,-0.891523,-0.379388,0.991404,-0.121024,-2.00314,-0.271682,0.767068,-0.142854,-0.80492,0.675052,-0.087707,1.172296,-0.036097,1.007779,-1.49814,0.167393,1.42576,-1.708558,1.171534,-0.804524,-0.206278,-0.526216,-0.583354,0.445504,0.936911,1.098025,1.232757,0.303187,-0.354127,1.469077,-0.530743,1.157248,1.27208,0.13599,0.761472,-0.232255,-0.4518,-1.039118,0.935649,0.895183,-1.078155,1.827858,-1.232635,0.208667,-0.069978,0.073947,-1.309774,1.870631,0.581904,-0.675062,0.376045,-0.944934,1.303315
91,Made in Abyss,anime_34599,-0.405503,0.879587,-0.330793,-0.274024,-0.153251,0.699313,0.422126,0.733808,-0.684108,1.388014,-0.782491,-0.734461,-1.085505,0.422443,-0.56845,-1.410883,-0.45745,0.000952,0.576467,-1.170078,0.854912,-0.248401,0.59662,0.230127,0.492471,-0.582045,-0.098617,1.71665,-0.92272,1.156058,-0.363055,-0.765913,-0.565521,0.522995,0.39593,0.846219,0.667079,1.264899,-0.335353,0.173019,0.815221,-0.483233,0.720459,1.026108,0.108485,-0.384,-0.067967,-0.172736,-1.025758,0.774099,0.71149,-0.666908,0.779449,-1.107414,0.247643,0.333857,-0.049559,-1.467788,1.679275,-0.130758,-0.225489,-0.092102,-1.049575,0.92838
92,Shingeki no Kyojin: The Final Season Part 2,anime_48583,-0.934613,0.690421,-0.346119,-0.716823,0.392377,0.997653,0.544379,0.702106,-0.672366,0.042802,-0.116292,-0.904378,-0.367192,1.241684,-0.165147,-1.319309,-0.597881,0.403213,-0.276345,-1.031124,1.1157,0.099553,0.637264,0.027145,0.77924,-1.535474,0.004416,1.651901,-2.00068,1.051619,-0.860803,-0.10433,0.245569,-0.436827,0.701807,0.356215,0.576722,0.581461,0.051542,-0.559474,1.542392,0.144283,0.843728,1.315687,0.581191,0.379169,0.286906,-0.337261,-0.556632,1.223392,0.879903,-0.262355,1.409267,-1.402981,0.774664,0.021009,-0.557842,-1.015885,1.79695,0.165569,0.35854,0.512123,-1.125475,0.613588
93,High School DxD,anime_11617,-0.456042,0.579383,0.133818,-0.374158,0.040228,0.561013,0.26301,0.253693,-0.938461,0.691027,-0.702001,-0.699486,-0.898542,0.217951,-0.235267,-0.547286,-0.730452,0.020793,1.044242,-0.887223,0.300557,-0.290523,0.499677,-0.222457,0.1889,-0.692183,0.28633,1.513289,-1.033343,1.321361,-0.340711,-0.459236,-0.024022,0.389895,0.954859,0.578619,0.731179,1.614085,-0.562057,-0.044666,1.239918,-0.052408,0.601624,0.909479,0.541025,-0.18134,0.453319,0.167271,-0.706409,0.405301,-0.201674,-0.541754,0.596257,-1.328166,0.345056,0.32622,-0.514113,-0.696254,1.470834,-0.033939,0.347861,0.178343,-1.066427,1.014934
94,Enen no Shouboutai,anime_38671,-1.002061,0.658706,-0.261427,-0.698228,0.442197,0.890517,0.610159,0.926815,-0.639575,0.065282,0.095652,-0.926405,-0.493748,1.119363,0.020982,-1.17712,-0.573842,0.457686,-0.222559,-1.129457,1.160993,-0.002236,0.739005,0.109789,0.830726,-1.463496,-0.078673,1.684567,-2.086432,1.008648,-0.664377,-0.173836,0.177944,-0.62189,0.816751,0.236603,0.681406,0.677273,0.040164,-0.608427,1.466714,0.116715,0.934556,1.284382,0.564333,0.351067,0.383013,-0.4683,-0.672036,1.217037,0.955184,-0.293856,1.306256,-1.315215,0.747522,-0.028383,-0.477539,-1.076197,1.72742,0.186233,0.339052,0.532957,-1.277092,0.629226
95,Clannad,anime_2167,-0.18374,0.633182,-0.091927,-0.004168,-0.091571,0.867738,-0.407013,0.899296,-0.995319,0.49464,-0.533555,-0.585812,-1.465366,-0.364563,-0.70476,-1.235858,-0.54167,0.006764,0.893994,-0.49346,0.251798,-0.164905,0.431158,-0.199953,0.737667,-0.381726,0.207283,1.674499,-1.102659,1.10234,-0.473667,-0.071735,-0.338752,0.190243,0.475698,0.555579,0.486974,1.355512,-0.685845,-0.071141,0.969669,-0.278,0.422225,0.921227,-0.666285,-0.213613,0.66426,0.290234,-0.959986,0.676225,0.218339,-0.56695,0.449574,-0.930482,0.659452,0.542166,0.121642,-0.967318,1.560948,-0.066241,-0.144203,-0.102306,-1.07435,0.759786
96,Kaguya-sama wa Kokurasetai? Tensai-tachi no Renai Zunousen,anime_40591,-1.085519,0.606879,-0.183997,-0.214161,-0.060945,0.590473,0.937717,0.848208,-0.25487,0.594636,-0.220802,-0.739179,-0.615009,0.809037,0.001979,-1.937264,-0.002404,0.643919,-0.279816,-0.898219,0.788716,-0.146029,1.253615,-0.170484,0.90847,-1.330505,0.161805,1.167399,-1.628328,1.166226,-0.70458,-0.129813,-0.476459,-0.804576,0.418556,0.752581,0.823225,1.247391,0.399786,-0.647413,1.533834,-0.495137,1.178784,0.756016,0.02111,0.756628,-0.085745,-0.478091,-1.129366,0.897687,0.804925,-0.863431,1.630949,-1.463221,0.357065,-0.339119,0.073882,-1.359638,1.788405,0.769667,-0.730804,0.697967,-0.821258,1.221783
97,Durarara!!,anime_6746,-0.425045,0.551485,0.317929,-0.548905,0.306469,0.51861,0.216037,0.282767,-1.014263,0.7234,-0.602678,-0.82652,-1.06009,0.393829,-0.309043,-0.603839,-0.872496,0.097209,1.185122,-0.87757,0.331345,-0.286486,0.534077,-0.130688,0.261929,-0.846589,0.384258,1.592423,-1.143282,1.429252,-0.223263,-0.403816,-0.041733,0.495202,0.925819,0.699196,0.778171,1.840374,-0.619089,-0.049532,1.292337,-0.14947,0.562221,1.097622,0.527334,-0.117858,0.35172,0.026332,-0.709714,0.352863,-0.192481,-0.851273,0.774578,-1.37155,0.084942,0.376085,-0.358033,-1.028888,1.534945,-0.20513,0.267788,0.051964,-1.028296,1.24253
98,Bakemonogatari,anime_5081,-0.405569,0.447168,0.354014,-0.44052,0.116376,0.394157,0.260444,0.154619,-0.792869,0.826686,-0.709631,-0.842876,-1.005937,0.401149,-0.130735,-0.624798,-0.766989,-0.15904,1.090796,-0.905488,0.370396,-0.325683,0.366837,-0.235826,0.380297,-0.793468,0.292351,1.410851,-1.160956,1.336465,-0.129165,-0.45761,-0.012283,0.382095,0.995947,0.86393,0.694346,1.8817,-0.560941,-0.367462,1.305871,-0.093158,0.572363,1.002589,0.407022,-0.425655,0.392347,-0.028286,-0.701673,0.453255,-0.244716,-0.746827,0.772177,-1.522545,0.188215,0.389157,-0.593547,-0.860874,1.216963,-0.190355,0.172223,0.095876,-0.881361,1.207882
99,Howl no Ugoku Shiro,anime_431,-0.028071,0.552312,-0.078957,0.09878,-0.319761,0.954925,0.244192,0.775455,-1.006798,1.043749,-0.470016,-1.056256,-1.111801,0.043828,-0.699075,-1.47342,-0.556829,0.105932,1.056213,-0.717076,0.606944,-0.003443,0.301491,0.184466,0.477295,-0.626279,-0.472294,1.43402,-0.99033,1.000187,-0.40411,0.206434,0.020766,0.338114,0.789382,0.163067,0.156728,1.134886,-0.729615,-0.465061,1.593835,-0.521321,0.31156,0.877944,-0.369117,-0.423423,0.429918,-0.218464,-0.788966,0.84173,1.00876,-1.159824,0.514745,-1.144702,0.245343,0.885264,0.130189,-1.005668,2.166728,0.073849,0.134691,-0.22573,-1.207547,0.94055
100,Hyouka,anime_12189,-0.133825,0.377906,-0.161958,0.128486,-0.321339,0.991917,0.29171,0.941387,-0.817851,0.783222,-0.759717,-1.235967,-1.239525,0.020682,-0.655308,-1.434018,-0.908824,0.035756,0.77715,-0.580949,0.588432,-0.053888,0.525477,0.355029,0.796855,-0.702301,-0.484057,1.424254,-0.840728,0.90103,-0.449446,0.214377,-0.098416,0.372855,0.599423,0.527968,0.120524,1.489197,-0.715779,-0.32255,1.491261,-0.61625,0.38523,0.771197,-0.541968,-0.270758,0.388893,-0.261636,-0.852416,0.932428,1.053541,-1.348608,0.547606,-1.057001,0.121616,0.714198,0.38289,-1.092673,2.11009,-0.110101,0.028943,-0.092717,-1.185736,0.923505
101,Chuunibyou demo Koi ga Shitai!,anime_14741,-0.420579,0.56171,0.276628,-0.294716,0.058351,0.404805,0.246608,0.253271,-0.654141,0.583191,-0.640486,-0.639041,-1.081562,0.182488,-0.165175,-0.580864,-0.588621,-0.056833,0.832392,-0.960787,0.329558,-0.359979,0.428721,-0.315622,0.307305,-0.688503,0.212879,1.283034,-0.965687,1.234351,-0.270878,-0.357603,-0.111248,0.390764,0.958269,0.73841,0.510031,1.726008,-0.544326,-0.340225,1.224981,-0.034307,0.557793,0.697966,0.463636,-0.333296,0.43232,0.128582,-0.765306,0.303889,-0.297408,-0.524593,0.595757,-1.447021,0.445683,0.259469,-0.423676,-0.727188,1.437679,-0.047357,0.175567,0.337783,-0.9196,0.972491
102,Owari no Seraph,anime_26243,-0.953922,0.722552,-0.306152,-0.743854,0.358404,0.936631,0.477757,0.718174,-0.662559,0.079651,-0.054934,-1.037876,-0.425457,1.222493,-0.063002,-1.200186,-0.470646,0.353682,-0.220877,-0.990923,1.112244,0.082314,0.675104,0.063121,0.875431,-1.432269,-0.023716,1.664037,-2.073833,1.051602,-0.779277,-0.049995,0.212003,-0.54352,0.84524,0.313984,0.691382,0.607426,0.056771,-0.706759,1.525829,0.194493,0.940397,1.367065,0.526213,0.420846,0.321756,-0.35105,-0.530929,1.192447,0.874539,-0.280464,1.43386,-1.422413,0.83926,-0.059581,-0.612537,-1.046732,1.679136,0.182755,0.31733,0.483475,-1.22715,0.709098
103,Youkoso Jitsuryoku Shijou Shugi no Kyoushitsu e,anime_35507,-0.369936,0.551024,0.246515,-0.479198,0.141897,0.656121,0.29856,0.374818,-0.994221,0.717215,-0.758035,-0.649699,-1.147311,0.461211,-0.247577,-0.414914,-0.729824,0.031963,0.875982,-0.784267,0.392905,-0.159397,0.511325,-0.206351,0.221954,-0.74591,0.427382,1.542216,-1.24833,1.275313,-0.254764,-0.361571,0.081107,0.31248,0.99099,0.531425,0.838273,1.76775,-0.530948,-0.106952,1.086405,-0.174588,0.577103,0.807391,0.465954,-0.320882,0.545828,-0.026896,-0.881456,0.434768,-0.395513,-0.732432,0.484839,-1.363085,0.198307,0.195462,-0.412665,-0.617038,1.36983,-0.068987,0.009933,0.123754,-1.036945,1.139564
104,Mahou Shoujo Madoka★Magica,anime_9756,-0.593496,0.377965,-0.340219,-0.201252,-0.485762,0.785746,0.224151,0.758935,-0.945531,0.520782,-0.980718,-0.80074,-0.727926,0.215114,-0.67738,-0.548052,-0.678169,0.034779,0.052548,-0.794216,0.990846,-0.472997,0.255848,-0.034662,0.624679,-0.635573,0.053388,1.386592,-0.88367,1.201797,-0.721104,-0.337062,-0.019506,0.562129,0.644485,0.572087,0.622832,1.448858,-0.805711,-0.168082,1.308793,-0.416915,0.520003,0.236111,0.323504,-0.192417,0.408907,-0.242077,-0.20883,0.760449,0.247433,-0.935394,0.694317,-1.832126,0.213061,0.671268,-0.040914,-0.416183,1.694485,0.082508,-0.314223,0.089798,-0.97055,0.825649
105,Tokyo Revengers,anime_42249,-1.022706,0.635627,-0.336868,-0.67866,0.299717,0.946979,0.68824,0.584402,-0.747609,-0.041305,0.033364,-1.019608,-0.532461,1.109671,-0.057111,-1.26018,-0.583154,0.300708,-0.362801,-1.169368,1.097096,0.075033,0.72496,-0.094438,0.634397,-1.602604,-0.112019,1.762969,-1.884345,0.954561,-0.906533,-0.083874,0.284751,-0.556149,0.67658,0.334579,0.505686,0.521613,-0.062534,-0.457049,1.475847,0.146678,0.834971,1.166568,0.732308,0.392341,0.26429,-0.310256,-0.444105,1.269676,0.857098,-0.4063,1.421003,-1.377033,0.808926,0.042667,-0.567831,-1.027289,1.774245,0.195809,0.441972,0.524498,-1.209178,0.554094
106,Mononoke Hime,anime_164,-0.579989,0.38152,-0.144944,-0.255722,-0.437939,0.511924,0.226644,0.764542,-1.12185,0.637235,-0.74269,-0.931116,-0.628977,0.140848,-0.491243,-0.741313,-0.641338,0.18275,0.323895,-0.818697,0.888849,-0.507673,0.432334,-0.083239,0.448932,-0.679564,-0.113849,1.440998,-0.844557,1.28258,-0.573992,-0.344942,-0.085664,0.65936,0.671081,0.50766,0.597872,1.485656,-0.811963,-0.183657,1.437503,-0.362469,0.604853,0.413883,0.365067,-0.230364,0.350648,-0.214826,-0.327188,0.637494,0.388774,-0.927322,0.935741,-1.639035,0.237056,0.649786,-0.120802,-0.584608,1.750808,-0.120428,-0.258759,0.09889,-1.141549,0.791551
107,Dororo,anime_37520,-1.034685,0.849664,-0.341466,-0.63445,0.43604,0.940586,0.626202,0.673447,-0.628724,0.036081,-0.002384,-0.953473,-0.42623,1.098544,0.086834,-1.362377,-0.462461,0.490125,-0.385703,-1.039431,1.159544,0.07565,0.67012,-0.028103,0.683617,-1.516827,-0.161299,1.683027,-1.926634,0.978219,-0.784389,-0.092587,0.220801,-0.413258,0.813453,0.332866,0.540419,0.549141,-0.007913,-0.558559,1.48903,0.068138,0.95624,1.238275,0.714893,0.368341,0.209389,-0.36013,-0.566701,1.210096,1.058158,-0.329776,1.421559,-1.320076,0.798289,-0.002984,-0.634716,-1.030872,1.761132,0.176451,0.304012,0.590071,-1.32909,0.537401
108,Sousou no Frieren,anime_52991,-1.178451,0.871801,-0.245022,-0.616714,0.359536,0.956525,0.552661,0.854151,-0.678832,0.191395,0.068742,-0.822639,-0.499465,1.256481,-0.101091,-1.474422,-0.343264,0.62523,-0.270906,-1.111758,1.167053,-0.060423,0.534548,-0.027252,0.7664,-1.303689,0.017123,1.642604,-1.985383,1.177692,-0.705946,0.125881,0.249744,-0.401639,0.757894,0.168777,0.645723,0.618088,-0.084461,-0.896439,1.46689,0.14802,1.020122,1.362179,0.341458,0.269765,0.30745,-0.57371,-0.658049,1.169713,0.827293,-0.532084,1.367802,-1.211058,0.880453,-0.134314,-0.651976,-0.897819,1.75275,0.275667,0.266795,0.573948,-1.181423,0.569813
109,JoJo no Kimyou na Bouken Part 3: Stardust Crusaders,anime_20899,-1.099787,0.893969,-0.326846,-0.770284,0.484698,0.819962,0.757323,0.734199,-0.820678,-0.015846,0.084754,-1.17146,-0.321833,1.229629,0.009194,-1.321222,-0.516803,0.574663,-0.264024,-1.06962,1.117425,0.107285,0.791414,-0.01857,0.530741,-1.683416,-0.166816,1.770659,-1.812596,1.140003,-0.884899,-0.101993,0.141943,-0.358898,0.854463,0.260139,0.531284,0.353351,0.156236,-0.41976,1.413501,0.005446,0.789084,1.228709,0.516846,0.334314,0.170448,-0.317112,-0.768704,1.138985,1.103501,-0.386539,1.433843,-1.303301,0.818103,-0.113371,-0.55054,-0.827097,1.869888,0.116599,0.208097,0.725739,-1.401658,0.625431
110,Jujutsu Kaisen 2nd Season,anime_51009,-1.099967,0.751877,-0.305422,-0.769779,0.569978,0.794219,0.564445,0.854662,-0.561444,0.087446,-0.055123,-1.024062,-0.52445,1.148925,-0.102872,-1.203963,-0.604383,0.435326,-0.294732,-1.004249,1.094279,-0.017453,0.78432,-0.039297,0.800941,-1.61585,0.050716,1.712176,-2.014568,1.209681,-0.783008,-0.081601,0.164221,-0.452855,0.573424,0.376087,0.503525,0.743918,-0.028293,-0.54406,1.483781,0.121789,0.814401,1.274983,0.66303,0.477323,0.278417,-0.314749,-0.596315,1.154872,0.932518,-0.284055,1.339231,-1.404679,0.817839,-0.066548,-0.511564,-1.042294,1.802922,0.271403,0.380777,0.561295,-1.199508,0.680344
111,Boku no Hero Academia 5th Season,anime_41587,-1.153326,0.731478,-0.28572,-0.737971,0.501277,0.748504,0.68859,0.879572,-0.60626,-0.109966,-0.041898,-1.07609,-0.518511,1.140683,-0.099245,-1.257503,-0.566785,0.534684,-0.445144,-0.947393,1.071305,-0.053836,0.762963,0.044736,0.776869,-1.560963,-0.058346,1.771562,-1.885332,1.136722,-0.879244,-0.052927,0.07203,-0.416623,0.715382,0.394325,0.520029,0.614484,0.013757,-0.628501,1.324364,-0.041266,0.750114,1.184678,0.486589,0.402092,0.288662,-0.436158,-0.664087,1.106636,0.841506,-0.503194,1.425649,-1.306773,0.848669,-0.191741,-0.280767,-0.911871,1.854244,0.236428,0.223535,0.642947,-1.35496,0.707236
112,Samurai Champloo,anime_205,-0.535735,0.534405,-0.131766,-0.244367,-0.346615,0.593639,0.354713,0.503256,-0.851345,0.674613,-0.738664,-0.857274,-0.685757,-0.020121,-0.330787,-0.87333,-0.759904,0.068364,0.1889,-0.802343,0.865308,-0.298528,0.563396,-0.301592,0.406806,-0.901333,-0.210333,1.39739,-0.658669,1.109116,-0.751607,-0.426,-0.124652,0.657741,0.678919,0.64799,0.360108,1.322175,-0.774021,-0.064474,1.401001,-0.464623,0.464306,0.385724,0.517957,-0.261598,0.191515,-0.091089,-0.202144,0.565715,0.50864,-0.770186,1.049449,-1.738344,0.39368,0.620121,-0.208454,-0.724458,1.765568,-0.096061,-0.293136,0.203071,-1.133688,0.658835
113,Kaichou wa Maid-sama!,anime_7054,-0.287723,0.430909,0.02567,-0.076002,0.154589,0.576095,1.134601,0.633409,0.588028,0.754624,-0.001768,-0.960937,-0.658338,1.055923,-0.169328,-2.220801,-0.11434,0.391481,-0.104403,-0.850612,0.862879,0.350104,0.99386,-0.40485,0.419772,-1.315671,-0.4044,1.543857,-1.736611,1.635183,-0.581334,-0.68355,-0.440994,-0.003292,0.140909,0.713677,1.062165,1.344986,0.753232,-0.626037,1.518424,-0.359943,0.739757,0.791397,-0.05202,0.177714,-0.450503,-0.189632,-0.726112,1.123903,0.191207,-0.53057,2.070175,-1.215003,0.001933,-0.710248,0.172146,-1.034745,1.530486,0.618567,-0.75702,0.41153,-1.006442,1.226813
114,Kobayashi-san Chi no Maid Dragon,anime_33206,-0.50264,0.428169,-0.068188,0.134014,-0.339264,0.65985,0.425562,0.63631,-0.421697,0.235568,-1.028064,-0.926558,-0.29274,0.235557,-0.749349,-1.366231,-0.908968,0.136694,-0.121953,-0.539674,0.491528,0.182139,0.5873,0.219902,0.378738,-1.202056,0.407769,1.967018,-1.29209,1.113771,-1.064959,-0.853129,-0.439402,0.135531,0.094332,0.345388,0.396452,1.4014,0.118796,0.260562,0.778796,-0.175621,0.498175,0.363034,0.060027,-0.112694,-0.111623,0.038344,-0.773404,0.46983,0.275909,-0.429696,0.674517,-0.980745,0.229679,0.01933,-0.523801,-1.392645,1.352083,0.388418,-0.346811,0.957585,-0.824815,1.099067
115,Dragon Ball Z,anime_813,-1.017051,0.906275,-0.279157,-0.609674,0.453374,0.949306,0.635379,0.61307,-0.619177,0.060995,0.077327,-0.990533,-0.413966,1.094372,0.096931,-1.359809,-0.370476,0.417502,-0.223055,-1.119478,1.10005,0.080921,0.815614,-0.105325,0.71291,-1.517553,-0.233973,1.612157,-1.862278,1.035296,-0.76973,-0.115495,0.259399,-0.333603,0.832384,0.292019,0.421641,0.473482,0.085443,-0.576874,1.523268,0.134928,0.916429,1.246586,0.67351,0.274819,0.189228,-0.252044,-0.671605,1.124791,1.144946,-0.289411,1.394843,-1.390301,0.877077,-0.139835,-0.646998,-1.003963,1.748415,0.140658,0.355717,0.596362,-1.289555,0.608908
116,Haikyuu!! Karasuno Koukou vs. Shiratorizawa Gakuen Koukou,anime_32935,-1.046271,0.690431,-0.24918,-0.714309,0.573752,0.894407,0.798618,0.771521,-0.473321,-0.11231,-0.111831,-0.904503,-0.626167,1.078332,-0.02719,-1.395769,-0.549355,0.550375,-0.513877,-1.002004,1.060298,0.074135,0.830957,-0.029464,0.803178,-1.398929,-0.116226,1.658671,-1.965155,0.873259,-0.821232,-0.081255,0.124957,-0.557792,0.763869,0.256639,0.260882,0.752748,0.034616,-0.830175,1.568653,0.048098,0.920397,1.041326,0.490508,0.44382,0.287168,-0.493334,-0.72237,1.188231,0.946726,-0.300226,1.383201,-1.479653,0.680117,-0.013737,-0.395221,-1.020676,1.732115,0.223096,0.203377,0.612939,-1.2358,0.663585
117,Sakura-sou no Pet na Kanojo,anime_13759,-0.504429,0.428682,0.417337,-0.480306,0.103046,0.363704,0.226211,0.363759,-0.939013,0.614577,-0.660689,-0.534568,-1.339838,0.442345,-0.239895,-0.541983,-0.687781,0.129367,1.014462,-0.853499,0.389709,-0.497235,0.363072,-0.209842,0.206,-0.534223,0.47719,1.416435,-1.095361,1.510662,-0.171176,-0.291781,0.069823,0.331713,0.82551,0.666921,0.830646,1.851959,-0.673001,-0.411164,1.32362,-0.123748,0.622752,0.806965,0.32019,-0.372601,0.632765,-0.103062,-0.755668,0.287397,-0.793837,-0.867355,0.485676,-1.344675,0.2031,0.103585,-0.331005,-0.823499,1.232491,-0.015917,0.127728,0.103412,-0.876846,1.218994
118,Deadman Wonderland,anime_6880,-0.942542,0.699708,-0.306902,-0.712633,0.477599,0.977984,0.600353,0.769633,-0.683674,0.059094,-0.090469,-0.951002,-0.393683,1.168262,-0.053328,-1.234576,-0.661725,0.362893,-0.249709,-1.071018,1.170249,0.092038,0.773193,-0.004254,0.812738,-1.570029,-0.015524,1.698925,-2.023735,1.068763,-0.722384,-0.25228,0.222863,-0.471517,0.690339,0.291148,0.565571,0.671041,0.024474,-0.507465,1.526978,0.125409,0.89877,1.305054,0.63806,0.333211,0.271143,-0.406874,-0.638485,1.267648,1.10371,-0.265789,1.397813,-1.377575,0.67924,0.013059,-0.598507,-0.965607,1.717236,0.15984,0.344759,0.496941,-1.164456,0.53644
119,Monster,anime_19,-1.04096,0.535432,-0.226268,-0.308404,-0.094814,0.708835,0.973657,0.722507,-0.559253,0.80107,-0.348735,-0.714337,-0.489042,1.052573,-0.136042,-1.955027,-0.207817,0.755539,-0.216845,-0.8457,0.78748,-0.037564,1.098704,-0.087966,1.037038,-1.404802,0.173482,1.399614,-1.79255,1.12113,-0.830566,-0.092415,-0.418942,-0.655706,0.440006,0.805773,1.077237,1.18916,0.273372,-0.403795,1.390517,-0.527492,1.20069,1.178889,0.028077,0.681759,-0.157745,-0.559861,-1.067244,1.019842,0.877413,-1.114444,1.68146,-1.304128,0.285029,-0.155517,-0.020826,-1.214465,1.834677,0.600557,-0.710633,0.354696,-0.840967,1.286621
120,Kuroko no Basket,anime_11771,-1.044074,0.692505,-0.248482,-0.715455,0.571142,0.894424,0.803852,0.772637,-0.471753,-0.114443,-0.111483,-0.905963,-0.624939,1.076317,-0.028537,-1.398025,-0.551031,0.552261,-0.512599,-0.99824,1.061397,0.074627,0.831718,-0.02878,0.802492,-1.397862,-0.112132,1.659352,-1.964194,0.870443,-0.820712,-0.080891,0.123457,-0.556624,0.764257,0.254747,0.261144,0.753165,0.034785,-0.830141,1.57131,0.047325,0.922393,1.039403,0.485082,0.447334,0.287013,-0.494763,-0.721894,1.185936,0.946608,-0.303621,1.384254,-1.479135,0.679703,-0.014578,-0.393636,-1.018666,1.729991,0.223084,0.203582,0.613537,-1.233884,0.664329
121,Sono Bisque Doll wa Koi wo Suru,anime_48736,-1.055098,0.504764,-0.384304,-0.26092,-0.142647,0.539726,0.937514,1.011976,-0.643461,0.810928,-0.34764,-1.068104,-0.558465,0.797347,0.007769,-1.845041,0.053002,0.518081,-0.305966,-0.968208,0.753603,-0.176019,1.270506,-0.075801,0.904732,-1.44886,0.123028,1.307371,-1.781006,1.05275,-0.483375,-0.279896,-0.431382,-0.926798,0.435441,0.729857,0.998073,1.353258,0.312757,-0.505428,1.494759,-0.289667,1.144658,0.841925,0.239782,0.52119,0.019795,-0.429395,-1.217312,0.961769,0.852556,-0.806455,1.627516,-1.424248,0.206371,-0.235329,0.000557,-1.228471,1.531653,0.721098,-0.796914,0.584456,-0.929379,1.149066
122,Tokyo Ghoul:re,anime_36511,-1.017837,0.443054,-0.269719,-0.375,-0.037848,0.709153,0.972259,0.87802,-0.660172,0.830187,-0.189679,-0.904171,-0.356508,0.990642,-0.09291,-1.785251,-0.109022,0.784087,-0.096772,-0.927158,0.93282,0.038093,1.193045,-0.011803,0.961099,-1.450236,0.101454,1.360172,-1.918854,1.144714,-0.701195,-0.179386,-0.434631,-0.936499,0.612086,0.707189,1.097101,1.167575,0.473739,-0.214135,1.413203,-0.504463,1.248762,1.05418,0.176622,0.635981,0.033145,-0.517403,-1.287583,1.129085,0.843386,-0.900237,1.553274,-1.3931,0.210292,-0.018871,0.072376,-1.267421,1.848159,0.526238,-0.67825,0.425381,-0.890093,1.310673
123,Clannad: After Story,anime_4181,-0.123832,0.647203,-0.088547,0.057362,-0.211322,0.931974,-0.377403,0.825457,-0.97446,0.524312,-0.389857,-0.464842,-1.436281,-0.353089,-0.858051,-1.462352,-0.506946,-0.002997,1.028452,-0.560028,0.276695,-0.052033,0.26829,-0.155902,0.786276,-0.25606,0.16378,1.711729,-0.986829,1.059839,-0.542676,-0.133944,-0.292029,0.083537,0.51199,0.610936,0.475646,1.160856,-0.822645,-0.069727,1.071308,-0.159806,0.397803,1.097248,-0.783404,-0.258158,0.692408,0.275559,-0.863532,0.655934,0.190085,-0.561209,0.428244,-1.032497,0.708599,0.628291,0.126815,-1.076636,1.523635,-0.110856,0.0425,-0.238358,-0.927871,0.786289
124,Guilty Crown,anime_10793,-0.658425,0.320982,-0.243528,-0.314003,-0.43174,0.493043,0.356976,0.81249,-0.92567,0.681438,-0.862531,-0.901896,-0.786072,0.10874,-0.774835,-0.800846,-0.793915,0.24383,0.264626,-0.741825,0.887114,-0.496753,0.289462,-0.032805,0.593733,-0.547705,-0.012125,1.546279,-0.757682,1.17901,-0.836352,-0.445986,-0.056782,0.505756,0.541371,0.623616,0.708399,1.467746,-0.830572,-0.375372,1.33744,-0.62001,0.436966,0.563029,0.120503,-0.275413,0.524953,-0.394886,-0.148993,0.646786,0.146318,-1.06915,0.871039,-1.667163,0.358827,0.602959,-0.009664,-0.376796,1.558278,0.10799,-0.243917,0.050869,-1.026122,0.92601
125,Zankyou no Terror,anime_23283,-0.57289,0.293273,-0.105745,-0.135507,-0.396167,0.691175,0.303348,0.796804,-0.643751,0.460458,-1.069279,-0.931191,-0.616564,0.198182,-0.737786,-0.474635,-0.679216,-0.041552,0.164918,-0.875064,1.020225,-0.456072,0.260057,-0.055412,0.796298,-0.695442,0.112585,1.14985,-0.910868,1.242207,-0.570977,-0.485899,-0.110007,0.374508,0.676609,0.692066,0.461277,1.636081,-0.683654,-0.421014,1.179787,-0.394974,0.553484,0.249204,0.156534,-0.319476,0.364984,-0.172879,-0.299825,0.857581,0.278044,-0.846681,0.842299,-1.912267,0.131133,0.718922,-0.0095,-0.347804,1.716022,-0.020358,-0.376953,0.132439,-0.889495,0.892561
126,Kuroshitsuji,anime_4898,-1.090473,0.82151,-0.315212,-0.646545,0.508706,0.899512,0.524339,0.777585,-0.436697,-0.074755,-0.108295,-0.767674,-0.477448,1.183246,-0.119974,-1.445436,-0.672284,0.420217,-0.441115,-0.964265,1.109488,-0.108379,0.564393,0.107587,0.94614,-1.490646,0.022531,1.656116,-1.964345,1.128167,-0.867555,-0.099162,0.11616,-0.341007,0.573375,0.595109,0.519698,0.813951,-0.117435,-0.696362,1.428813,0.07727,0.87961,1.258339,0.476306,0.559429,0.180228,-0.46248,-0.326549,1.1755,0.934609,-0.503529,1.484491,-1.361564,0.743597,-0.119884,-0.45813,-1.174048,1.869341,0.319497,0.315345,0.584592,-1.227194,0.677807
127,Devilman: Crybaby,anime_35120,-1.030676,0.732453,-0.375883,-0.76026,0.429833,0.928267,0.609043,0.744126,-0.627845,0.069857,-0.008941,-0.972656,-0.378968,1.176566,-0.072571,-1.266634,-0.587572,0.367083,-0.290153,-1.027219,1.074816,0.143728,0.730865,-0.04982,0.727435,-1.576999,-0.085622,1.681883,-1.989595,1.091922,-0.795528,-0.166257,0.225951,-0.557779,0.68469,0.464298,0.563702,0.604423,0.031697,-0.461777,1.463431,0.136545,0.847874,1.242658,0.741252,0.499495,0.28646,-0.263889,-0.648093,1.256004,0.971773,-0.190582,1.285342,-1.433335,0.768761,0.080851,-0.665107,-1.037896,1.730245,0.239977,0.453985,0.402915,-1.194862,0.683505
128,Re:Zero kara Hajimeru Isekai Seikatsu 2nd Season,anime_39587,-0.380633,0.544342,0.255987,-0.479366,0.027013,0.66889,0.327747,0.279285,-1.121885,0.891265,-0.612828,-0.567463,-1.059567,0.412118,-0.308483,-0.594005,-0.734991,0.150022,1.043517,-0.877745,0.41739,-0.212553,0.469307,-0.119613,0.294036,-0.619905,0.277206,1.500325,-1.232758,1.239264,-0.266683,-0.381196,0.062418,0.453402,1.066505,0.554835,0.806674,1.78159,-0.534592,-0.106025,1.223765,-0.173583,0.680567,1.025735,0.453014,-0.442251,0.523109,-0.186192,-0.810804,0.459052,-0.299206,-0.836666,0.555685,-1.309948,0.242452,0.338567,-0.428795,-0.644387,1.428244,-0.198879,0.191768,0.091444,-1.044689,1.097999
129,JoJo no Kimyou na Bouken Part 4: Diamond wa Kudakenai,anime_31933,-1.099634,0.894129,-0.327319,-0.770684,0.484233,0.819361,0.757008,0.73398,-0.820005,-0.016396,0.085097,-1.170892,-0.321926,1.229168,0.009081,-1.321028,-0.51717,0.574861,-0.263324,-1.069226,1.118064,0.106685,0.791359,-0.017946,0.530865,-1.682953,-0.16606,1.770319,-1.812608,1.139491,-0.884587,-0.101133,0.14169,-0.358185,0.853413,0.259046,0.531995,0.352801,0.155336,-0.419393,1.413349,0.005923,0.788893,1.228814,0.51669,0.335049,0.169449,-0.317297,-0.768344,1.139247,1.102874,-0.386724,1.43414,-1.302768,0.818807,-0.113618,-0.550097,-0.826425,1.869277,0.116958,0.207483,0.725956,-1.401131,0.625035
130,Saiki Kusuo no Ψ-nan,anime_33255,-1.115313,0.78911,-0.239159,-0.686246,0.445679,0.944663,0.663201,0.697458,-0.454787,-0.007488,-0.12287,-0.850806,-0.446188,0.961439,-0.024614,-1.286975,-0.537507,0.401665,-0.476312,-1.105204,1.050554,0.030824,0.665145,-0.139369,0.892176,-1.520514,-0.088018,1.675195,-1.843021,1.039002,-0.866267,-0.078121,0.208849,-0.356361,0.77214,0.506998,0.427196,0.529058,0.030258,-0.682393,1.401627,0.011529,0.795134,1.152793,0.698806,0.308966,0.1644,-0.39937,-0.619131,1.07229,0.90626,-0.284343,1.243275,-1.477101,0.90424,-0.188323,-0.497355,-0.798681,1.726166,0.325497,0.303711,0.577781,-1.209433,0.638394
131,Nisekoi,anime_18897,-0.98973,0.730301,-0.308173,-0.564887,0.316045,0.908752,0.702045,0.695492,-0.387809,0.012248,-0.107099,-0.917867,-0.479698,0.923426,-0.008577,-1.2747,-0.356055,0.326816,-0.337378,-1.168942,1.052582,-0.058972,0.768443,-0.175987,0.814086,-1.414595,-0.179073,1.58924,-1.763674,0.988917,-0.74373,-0.143337,0.215861,-0.435425,0.707491,0.403419,0.363934,0.575449,-0.034353,-0.788526,1.593364,0.093482,0.82565,1.136998,0.695189,0.315833,0.283342,-0.363304,-0.556069,1.129033,0.991619,-0.285995,1.342135,-1.561962,0.870459,-0.134253,-0.553021,-0.953639,1.595215,0.256978,0.448089,0.645461,-1.148284,0.564962
132,Kyoukai no Kanata,anime_18153,-0.493081,0.555906,0.400582,-0.578288,0.444133,0.407668,0.11914,0.461905,-0.928279,0.603361,-0.610151,-0.804438,-1.188165,0.446934,-0.195418,-0.332253,-0.860891,0.122561,1.120366,-0.744942,0.336741,-0.392834,0.594311,-0.244183,0.109477,-0.860482,0.551111,1.588218,-1.194337,1.626121,-0.117653,-0.30515,0.006122,0.374901,0.905867,0.477479,0.799746,1.930895,-0.51759,-0.145387,1.193659,-0.124427,0.559043,0.829661,0.493076,-0.137242,0.512214,0.022323,-0.796134,0.322549,-0.425223,-0.777059,0.651307,-1.30126,0.084623,0.108834,-0.382288,-0.91039,1.493692,-0.080546,0.149957,0.20744,-1.061846,1.24714
133,JoJo no Kimyou na Bouken Part 3: Stardust Crusaders - Egypt-hen,anime_26055,-1.099793,0.894193,-0.326832,-0.77034,0.484698,0.81984,0.756961,0.734166,-0.820844,-0.015846,0.084783,-1.171209,-0.321864,1.22973,0.009332,-1.321123,-0.516974,0.574395,-0.263991,-1.069453,1.11747,0.107252,0.791608,-0.018662,0.530975,-1.683245,-0.16693,1.770603,-1.812702,1.140115,-0.884765,-0.101834,0.142002,-0.358833,0.854331,0.260014,0.531177,0.353257,0.155784,-0.419806,1.413457,0.005493,0.788953,1.228701,0.51666,0.334452,0.170484,-0.317329,-0.768501,1.139096,1.103377,-0.386532,1.433767,-1.303374,0.818204,-0.113517,-0.55045,-0.827031,1.869758,0.116471,0.208264,0.725855,-1.401752,0.6252
134,Jujutsu Kaisen 0 Movie,anime_48561,-1.089675,0.736429,-0.246229,-0.767579,0.636999,0.763299,0.540413,0.926693,-0.506709,0.062372,-0.035206,-1.069406,-0.617441,1.147186,-0.065765,-1.1462,-0.595179,0.384901,-0.303423,-0.986695,1.06368,-0.086694,0.867968,-0.099853,0.858276,-1.628363,0.071579,1.842541,-1.994445,1.250595,-0.708295,-0.046894,0.141298,-0.502768,0.61387,0.306557,0.473555,0.777063,-0.084179,-0.643759,1.401093,0.114729,0.805756,1.246188,0.66034,0.510711,0.313708,-0.360381,-0.606035,1.147986,0.962974,-0.354128,1.351274,-1.416745,0.742175,-0.090339,-0.516369,-1.094697,1.77909,0.283118,0.372901,0.573758,-1.260466,0.69981
135,Goblin Slayer,anime_37349,-0.474503,0.658272,0.169825,-0.514696,0.147281,0.400767,0.323065,0.277559,-1.154772,0.927023,-0.513132,-0.806171,-0.918425,0.348711,-0.23899,-0.8257,-0.698705,0.36351,1.198143,-0.808212,0.438665,-0.120211,0.49983,-0.089208,0.047065,-0.671679,0.105985,1.579134,-1.172897,1.227276,-0.322951,-0.374724,-0.02794,0.581206,1.010382,0.528663,0.845867,1.665287,-0.523,0.037523,1.361958,-0.150969,0.638872,1.243231,0.467781,-0.304637,0.474551,0.029034,-0.877871,0.275308,-0.075369,-0.807352,0.800861,-1.140934,0.278411,0.417225,-0.424125,-0.785523,1.649651,-0.241126,0.248236,0.262346,-1.149507,1.046155
136,Ouran Koukou Host Club,anime_853,-0.416558,0.377251,-0.057941,-0.143877,0.120532,0.587748,1.148474,0.669828,0.506775,0.691369,-0.099458,-0.971008,-0.548379,1.088918,-0.048512,-2.152246,-0.29987,0.396744,-0.272501,-0.926106,0.896747,0.334781,0.839455,-0.310483,0.449773,-1.425333,-0.448183,1.580377,-1.673579,1.661644,-0.550308,-0.68478,-0.392698,0.029624,0.248719,0.614395,1.056239,1.365218,0.709285,-0.553275,1.552307,-0.429142,0.788557,0.723862,0.028749,0.170998,-0.541414,-0.209721,-0.68636,1.302861,0.304158,-0.469789,2.170934,-1.166582,0.034007,-0.565514,-0.031658,-1.024809,1.565321,0.524747,-0.759,0.40964,-0.867283,1.090795
137,Nanatsu no Taizai: Imashime no Fukkatsu,anime_34577,-1.131172,0.895917,-0.230236,-0.671093,0.49294,0.818891,0.549747,0.875932,-0.714727,0.024454,0.160349,-0.973549,-0.446815,1.253201,0.006785,-1.457147,-0.395992,0.654874,-0.196685,-1.014773,1.188246,-0.098598,0.713309,0.082738,0.648579,-1.425317,-0.104298,1.630683,-2.031864,1.189862,-0.699495,0.03493,0.111394,-0.26476,0.776416,0.203068,0.622281,0.663796,0.00978,-0.724251,1.498576,0.10463,1.021386,1.36682,0.361531,0.359039,0.229522,-0.50797,-0.700966,1.091333,1.01268,-0.582632,1.585054,-1.128564,0.78317,-0.233624,-0.476876,-1.054738,1.967491,0.148477,0.179679,0.788255,-1.328745,0.600857
138,Shokugeki no Souma: Ni no Sara,anime_32282,-1.121867,0.752981,-0.348399,-0.634413,0.352471,0.928974,0.781245,0.846531,-0.392998,0.085301,-0.206691,-0.746623,-0.656162,1.040741,-0.054464,-1.305622,-0.595802,0.474404,-0.451027,-1.001411,1.058634,-0.148021,0.668533,-0.042689,0.800553,-1.335801,-0.095128,1.620363,-1.953554,1.007774,-0.816977,-0.099341,0.254419,-0.37489,0.546161,0.440297,0.466391,0.628886,-0.028686,-0.810322,1.471242,-0.05504,0.937504,1.079089,0.594249,0.335109,0.16233,-0.473255,-0.501636,1.022477,0.87853,-0.397225,1.255486,-1.324553,0.863155,-0.203412,-0.4345,-0.881829,1.780328,0.383782,0.330022,0.607564,-1.290818,0.607701
139,Dr. Stone: Stone Wars,anime_40852,-0.920852,1.137651,-0.284917,-0.647314,0.57356,1.048265,0.709155,0.520494,-0.466393,0.131982,0.156887,-0.784294,-0.403834,1.172161,0.176507,-1.400571,-0.348958,0.486164,-0.272339,-1.277602,1.12881,0.145337,0.748808,-0.281,0.589324,-1.623875,-0.283302,1.482938,-1.641354,1.070394,-0.856856,-0.050364,0.250327,-0.148848,0.895332,0.32334,0.30506,0.329316,0.226781,-0.635075,1.539763,0.040028,0.937996,1.090853,0.699834,0.374882,-0.07132,-0.218642,-0.641541,0.965537,1.272863,-0.177287,1.37937,-1.422296,0.983095,-0.155285,-0.856073,-0.838684,1.936143,0.129861,0.183593,0.86354,-1.255566,0.510811
140,Fate/Zero 2nd Season,anime_11741,-0.449983,0.444454,0.341868,-0.495191,0.158406,0.490605,0.265356,0.392764,-1.089213,0.793761,-0.476098,-0.68665,-0.988965,0.347341,-0.135014,-0.591087,-0.754052,0.2073,1.25698,-0.904023,0.342812,-0.32421,0.539095,-0.040961,0.19782,-0.718935,0.303804,1.543736,-1.304054,1.341403,-0.097249,-0.409428,-0.024635,0.366884,1.119544,0.544475,0.895881,1.819871,-0.480894,-0.049414,1.264867,-0.080491,0.683376,1.039549,0.513137,-0.314367,0.538032,-0.0775,-0.92167,0.342908,-0.404188,-0.730018,0.617342,-1.230775,0.115584,0.320561,-0.290794,-0.91685,1.495033,-0.264984,0.212683,0.094185,-1.095128,1.164347
141,Log Horizon,anime_17265,-0.439173,0.593295,0.232816,-0.435999,0.101932,0.367127,0.471131,0.156095,-1.111987,0.902204,-0.537969,-0.78331,-0.97548,0.251243,-0.138825,-0.916114,-0.758326,0.284666,1.17907,-0.81181,0.307825,-0.226691,0.638451,-0.24503,0.11294,-0.722573,0.035659,1.716185,-0.965794,1.133188,-0.273607,-0.404753,0.024297,0.654348,1.059768,0.591049,0.80593,1.590347,-0.615387,-0.05762,1.294001,-0.158387,0.655684,1.319209,0.532589,-0.376337,0.40224,0.044981,-0.887151,0.2744,-0.022634,-0.887326,0.838622,-1.06087,0.230534,0.415716,-0.421319,-0.709017,1.518794,-0.368206,0.32048,0.148385,-1.116408,1.034041
142,Fate/stay night: Unlimited Blade Works,anime_22297,-0.234883,0.595564,-0.065504,-0.052346,0.055181,0.83234,-0.344871,0.811083,-1.089928,0.559597,-0.33828,-0.71403,-1.180197,-0.365285,-0.622442,-1.288945,-0.528519,0.254633,1.30534,-0.718104,0.472013,-0.156887,0.553889,0.007011,0.685624,-0.533112,0.108243,1.688256,-1.191394,1.204926,-0.414544,-0.143102,-0.321328,0.413618,0.885641,0.314908,0.415379,1.267646,-0.46083,0.135988,0.890916,-0.462532,0.619148,1.012608,-0.615921,-0.185406,0.663756,0.268071,-1.208884,0.725276,0.379537,-0.685161,0.571525,-0.865492,0.550672,0.616097,0.190794,-1.008287,1.711154,-0.369659,-0.184378,-0.115354,-1.176576,0.939828
143,Tonari no Kaibutsu-kun,anime_14227,-0.223381,0.42827,-0.05935,-0.076852,0.17535,0.64101,1.18097,0.608534,0.545385,0.83299,-0.003429,-1.166378,-0.585325,1.037516,-0.074313,-2.112929,-0.081279,0.242192,-0.176836,-1.026856,0.844228,0.400067,1.039276,-0.514503,0.373297,-1.497793,-0.487942,1.584801,-1.729633,1.663448,-0.454778,-0.767949,-0.387543,-0.035666,0.232298,0.72381,1.122139,1.282276,0.777032,-0.551661,1.531232,-0.336332,0.699927,0.780788,0.129466,0.144329,-0.502178,-0.026671,-0.785492,1.222908,0.267663,-0.331971,2.122641,-1.289366,-0.086551,-0.599463,0.072119,-0.99907,1.407477,0.545184,-0.747038,0.306523,-1.028704,1.182025
144,Tonari no Totoro,anime_523,-0.571345,0.53411,-0.255699,-0.155699,-0.185014,0.605182,0.251685,0.670056,-1.114206,0.88791,-0.787621,-0.685268,-0.58535,0.302875,-0.515418,-0.779476,-0.651268,0.07634,0.212412,-0.86039,0.876126,-0.713962,0.392536,-0.403744,0.421903,-0.760584,0.037234,1.501057,-0.788061,1.431319,-0.411682,-0.210019,-0.02121,0.882016,0.717427,0.605328,0.473213,1.470362,-0.823075,-0.298283,1.472415,-0.267318,0.472512,0.517684,0.376279,-0.219361,0.370524,-0.257992,-0.161004,0.566761,0.541848,-0.901723,0.87172,-1.64998,0.196022,0.726883,-0.289969,-0.584887,1.81501,0.181901,-0.166501,-0.071936,-1.074149,0.778544
145,Yahari Ore no Seishun Love Comedy wa Machigatteiru. Zoku,anime_23847,-0.369084,0.64511,0.14063,-0.320039,0.041233,0.538247,0.236936,0.259018,-0.78061,0.657403,-0.700901,-0.653785,-1.038732,0.278192,-0.125806,-0.520858,-0.713355,-0.082003,0.924799,-0.890714,0.33342,-0.25265,0.523282,-0.301219,0.158646,-0.758926,0.196797,1.409806,-1.051492,1.144604,-0.231705,-0.496798,-0.016472,0.323154,0.885053,0.608583,0.636455,1.64804,-0.550007,-0.212157,1.160596,-0.058826,0.589526,0.787227,0.518541,-0.222506,0.380785,0.181886,-0.754156,0.29552,-0.264409,-0.433799,0.478676,-1.346342,0.266581,0.235697,-0.55397,-0.695566,1.431504,-0.012745,0.172058,0.294531,-1.013049,1.003387
146,JoJo no Kimyou na Bouken Part 5: Ougon no Kaze,anime_37991,-1.03219,0.871212,-0.299606,-0.752004,0.480511,0.825934,0.739464,0.672357,-0.747776,0.002356,0.012523,-1.090359,-0.346771,1.21033,-0.005265,-1.299581,-0.494013,0.502294,-0.309095,-1.070602,1.074329,0.090355,0.724652,-0.033457,0.720074,-1.657148,-0.077531,1.713104,-1.881153,1.138289,-0.880268,-0.095065,0.132404,-0.353937,0.804075,0.369904,0.588407,0.467659,0.096742,-0.504417,1.431013,0.098723,0.850571,1.246942,0.604423,0.375905,0.108754,-0.304593,-0.656114,1.141628,1.082067,-0.41026,1.409661,-1.37526,0.747756,-0.072726,-0.520469,-0.857511,1.794113,0.16148,0.194611,0.639037,-1.354154,0.64819
147,Gintama,anime_918,-0.966882,0.78095,-0.303411,-0.686592,0.441873,1.025051,0.655971,0.58707,-0.549283,-0.089822,-0.132407,-0.946078,-0.428757,1.023672,0.048237,-1.293824,-0.587646,0.363961,-0.473325,-1.069385,1.168638,0.116736,0.741786,-0.012253,0.760401,-1.632054,-0.126453,1.654925,-1.940789,0.860755,-0.904711,-0.134826,0.1944,-0.416424,0.831187,0.464343,0.520858,0.53206,0.057495,-0.445208,1.537785,0.05129,0.917598,1.204626,0.757571,0.419211,0.23729,-0.301393,-0.524665,1.216472,1.058015,-0.220644,1.41336,-1.432041,0.796247,-0.111411,-0.540743,-1.067806,1.759883,0.273061,0.272213,0.653366,-1.253222,0.559334
148,Mahouka Koukou no Rettousei,anime_20785,-0.427152,0.443356,0.437991,-0.52129,0.245391,0.37848,0.220438,0.449218,-0.975555,0.601581,-0.522909,-0.550006,-1.228186,0.430028,-0.119355,-0.479062,-0.803512,0.225709,1.173776,-0.847572,0.446963,-0.4588,0.431685,-0.066988,0.138785,-0.582569,0.357629,1.402307,-1.228012,1.442577,-0.073531,-0.406921,0.040655,0.378152,0.978527,0.579551,0.933764,1.90308,-0.502566,-0.288458,1.346424,-0.194449,0.686028,0.891594,0.34957,-0.371308,0.58885,-0.182329,-0.798656,0.266945,-0.567749,-0.886477,0.61139,-1.245763,0.087556,0.082341,-0.270495,-0.931352,1.38932,-0.168639,0.084005,0.218187,-1.016065,1.248889
149,Sword Art Online: Alicization,anime_36474,-0.437527,0.632992,0.395699,-0.482759,0.300005,0.407008,0.378682,0.262145,-1.037411,0.735039,-0.486937,-0.614009,-1.131693,0.422451,-0.138118,-0.868586,-0.72529,0.421189,1.250097,-0.730478,0.474459,-0.365377,0.504,-0.131843,0.007732,-0.646661,0.221777,1.574934,-1.087412,1.344846,-0.148217,-0.335471,0.076191,0.665599,1.067627,0.550039,0.927485,1.77388,-0.520046,-0.369697,1.317413,-0.290295,0.679776,1.218105,0.332228,-0.410348,0.492677,-0.15789,-0.806361,0.180418,-0.359589,-1.171406,0.910519,-0.98566,0.105387,0.126784,-0.251434,-0.846436,1.57726,-0.314626,0.092366,0.324557,-1.138253,1.232881
150,Dragon Ball,anime_223,-1.016882,0.90663,-0.278259,-0.609963,0.453046,0.950302,0.63525,0.614633,-0.619959,0.061413,0.075517,-0.991875,-0.412937,1.093438,0.096962,-1.360276,-0.370046,0.418595,-0.222597,-1.119393,1.100555,0.082309,0.81505,-0.105304,0.712702,-1.518461,-0.233823,1.614028,-1.861936,1.036082,-0.770147,-0.116811,0.26032,-0.333807,0.833749,0.293897,0.42175,0.474021,0.085359,-0.576134,1.523835,0.13441,0.91601,1.247453,0.673032,0.273047,0.189247,-0.253736,-0.673074,1.123895,1.146669,-0.289607,1.395203,-1.390069,0.877768,-0.140803,-0.648075,-1.003773,1.748792,0.140876,0.35591,0.596373,-1.289628,0.609951
151,ReLIFE,anime_30015,-0.39884,0.794528,-0.357005,-0.094628,-0.26298,0.704484,0.357109,0.864286,-0.445033,1.086603,-0.862443,-0.776047,-1.298082,0.312442,-0.621421,-1.319707,-0.262397,-0.288483,0.274111,-1.058686,0.5885,-0.353636,0.753127,0.052428,0.260446,-0.657481,0.287164,1.796934,-1.0666,1.166637,-0.234899,-0.598587,-0.653023,0.337639,0.195332,0.7741,0.578885,1.380605,-0.328704,-0.043075,0.855835,-0.361414,0.52273,0.51738,-0.012247,-0.263637,0.089094,-0.201494,-1.016222,0.774619,0.386643,-0.450102,0.727616,-1.287294,0.098526,0.105805,0.09876,-1.544011,1.537477,0.225264,-0.315626,0.036822,-1.011865,0.836918
152,Golden Time,anime_17895,-0.423979,0.501069,0.359076,-0.461077,0.073503,0.397445,0.279183,0.175817,-0.897784,0.707945,-0.652475,-0.475097,-1.223559,0.520156,-0.211622,-0.655052,-0.889171,0.182238,1.258986,-0.788587,0.324692,-0.383238,0.319686,-0.304778,0.077009,-0.597389,0.289749,1.465587,-1.025716,1.363491,-0.212502,-0.346204,0.191691,0.471617,0.792221,0.712675,0.862083,1.698435,-0.62398,-0.420916,1.37084,-0.196551,0.649252,1.082455,0.302231,-0.314561,0.428355,-0.0856,-0.617568,0.173512,-0.615859,-0.925829,0.603577,-1.279344,0.074091,0.158152,-0.525921,-0.851047,1.344263,-0.16855,0.263731,0.030318,-0.80231,1.339193
153,Overlord II,anime_35073,-0.476725,0.63434,0.252373,-0.561453,0.210767,0.509067,0.251034,0.365397,-1.198099,0.894913,-0.456993,-0.767402,-1.029864,0.413389,-0.281512,-0.815301,-0.689689,0.456223,1.217185,-0.839416,0.456528,-0.334631,0.492093,-0.056774,0.125004,-0.590093,0.148869,1.492593,-1.196283,1.352862,-0.27747,-0.321762,-0.083093,0.742183,1.032826,0.51691,0.816744,1.772436,-0.536261,-0.164094,1.385051,-0.292503,0.746833,1.217383,0.258052,-0.348156,0.424857,-0.190689,-0.913442,0.239604,-0.180417,-1.00667,0.840297,-1.127127,0.208475,0.308665,-0.337191,-0.880452,1.657361,-0.261701,0.105729,0.306503,-1.200887,1.145341
154,K-On!,anime_5680,-0.440778,0.634154,-0.635063,0.001471,-0.035491,1.272048,0.859589,0.750388,-0.371687,1.219075,-0.745088,-1.005961,-0.511374,0.404916,-0.750538,-1.455148,0.069869,0.396752,-0.399228,-1.373962,0.311215,-0.374004,0.427504,0.122169,0.580402,-0.565821,-0.043036,1.221096,-0.801299,1.197077,-0.193295,-0.455188,-0.817088,-0.002083,0.826107,0.743698,0.505372,1.864348,-0.173738,-0.244823,0.564351,-0.488722,0.64154,-0.009809,0.115499,-0.24055,0.110959,0.258063,-0.830769,0.605803,0.450779,-0.088165,0.946603,-1.008221,-0.259736,0.281121,0.675983,-1.19902,2.209039,0.207311,-0.648882,0.203747,-0.766228,1.369936
155,Tenki no Ko,anime_38826,-0.610741,0.340063,-0.252657,-0.096739,-0.421717,0.661249,0.170607,0.761757,-0.937244,0.664975,-0.874467,-0.730326,-0.708827,0.149098,-0.682703,-0.652767,-0.633148,-0.156549,0.108266,-0.949197,0.870738,-0.667334,0.227346,-0.306988,0.647571,-0.659711,0.128306,1.440317,-0.757995,1.420019,-0.44485,-0.299435,0.027008,0.486267,0.618735,0.633438,0.553015,1.438799,-0.991835,-0.435135,1.468117,-0.127045,0.402062,0.448915,0.332062,-0.225954,0.491107,-0.143057,-0.101185,0.702607,0.210991,-0.754276,0.775706,-1.870598,0.2391,0.752357,-0.142108,-0.632592,1.559785,0.219877,0.0153,-0.239205,-0.874227,0.78205
156,Spy x Family Part 2,anime_50602,-0.944406,0.850646,-0.295996,-0.693537,0.446616,0.950066,0.74246,0.524968,-0.596007,-0.08493,0.023143,-1.010283,-0.375433,0.975438,0.076388,-1.271588,-0.499778,0.344682,-0.323518,-1.202043,1.024052,0.099751,0.800258,-0.085179,0.736216,-1.687163,-0.160778,1.587189,-1.86601,1.030324,-0.945867,-0.146974,0.140148,-0.408937,0.846532,0.453826,0.414708,0.452394,0.135283,-0.499324,1.419986,0.006,0.818303,1.128409,0.724685,0.492104,0.037856,-0.232919,-0.551981,1.18469,1.107988,-0.220696,1.485064,-1.558221,0.926795,-0.223889,-0.471162,-1.022942,1.946438,0.221208,0.356544,0.673552,-1.322908,0.678771
157,Magi: The Labyrinth of Magic,anime_14513,-1.134014,0.894203,-0.230795,-0.669839,0.494122,0.820853,0.545778,0.874527,-0.715211,0.028017,0.162072,-0.973116,-0.448938,1.254703,0.009116,-1.45828,-0.393937,0.652367,-0.196654,-1.017888,1.185486,-0.097715,0.716602,0.082426,0.649096,-1.424867,-0.108443,1.629861,-2.031485,1.192625,-0.698701,0.03519,0.113293,-0.265966,0.774644,0.203236,0.619599,0.663735,0.010941,-0.727013,1.496897,0.101935,1.019578,1.366531,0.363374,0.358368,0.228924,-0.51009,-0.704681,1.094507,1.013583,-0.581483,1.587044,-1.132027,0.782409,-0.23307,-0.474828,-1.059288,1.969326,0.1465,0.17931,0.788794,-1.32979,0.600914
158,Date A Live,anime_15583,-0.418973,0.438771,0.208476,-0.448178,0.045786,0.473532,0.338464,0.368019,-1.098421,0.795011,-0.636914,-0.786505,-0.969012,0.250469,-0.08767,-0.573725,-0.766275,0.050579,1.077335,-0.914842,0.349634,-0.325003,0.602897,-0.136148,0.182812,-0.721037,0.191837,1.545549,-1.166743,1.249413,-0.15571,-0.574299,-0.017902,0.337717,0.99005,0.586386,0.869819,1.741793,-0.59886,-0.00962,1.254423,-0.092381,0.610827,1.027236,0.533583,-0.34451,0.578918,0.062903,-0.870212,0.42371,-0.262774,-0.66644,0.630025,-1.228357,0.20322,0.276572,-0.410788,-0.821041,1.30796,-0.145095,0.213669,0.134278,-1.12036,1.0514
159,Ore dake Level Up na Ken,anime_52299,-0.52573,0.862569,-0.176091,-0.291683,-0.172131,0.48464,0.20553,0.787324,-0.554573,1.030078,-0.7469,-0.483425,-1.186644,0.332803,-0.59305,-1.427182,-0.612458,0.194628,0.7463,-0.907688,0.671342,-0.364509,0.618854,0.273532,0.2888,-0.494012,0.133363,1.757252,-1.015683,1.176604,-0.432683,-0.480314,-0.660266,0.753145,0.311331,0.573832,0.543727,1.266944,-0.20662,0.099512,0.975622,-0.489573,0.742823,0.851372,-0.042415,-0.322941,-0.14774,-0.494032,-1.055374,0.511399,0.664899,-0.835123,0.816974,-1.024696,0.261614,0.124323,0.015151,-1.489845,1.938726,-0.159404,-0.204749,0.328303,-1.068265,0.795616
160,Mushoku Tensei: Isekai Ittara Honki Dasu Part 2,anime_45576,-0.495593,0.55946,0.115566,-0.495719,-0.049808,0.591246,0.400566,0.178298,-1.15989,1.087713,-0.598634,-0.716397,-0.921341,0.283272,-0.269893,-0.831744,-0.699102,0.197769,1.155631,-0.926167,0.350303,-0.192737,0.547426,-0.152841,0.27521,-0.51769,0.062141,1.61516,-1.077432,1.164804,-0.416788,-0.440654,0.024975,0.503887,1.083407,0.544919,0.753976,1.572869,-0.610212,-0.058021,1.319682,-0.221106,0.714198,1.227114,0.450584,-0.393546,0.480533,-0.056241,-0.863032,0.401973,-0.078176,-0.735655,0.562178,-1.249634,0.345151,0.466602,-0.574512,-0.641455,1.398794,-0.125478,0.365819,0.034806,-1.140414,1.037357
161,Kimi no Suizou wo Tabetai,anime_36098,-0.095961,0.482844,-0.043867,0.134439,-0.391068,0.940165,0.432324,0.821697,-0.847076,1.056382,-0.55007,-1.200923,-1.232533,0.065232,-0.497121,-1.427886,-0.566385,-0.283026,0.812004,-0.661929,0.385249,-0.041282,0.701191,0.093254,0.515919,-0.843177,-0.336015,1.511976,-1.036284,1.120849,-0.349145,0.105042,-0.083898,0.064964,0.635766,0.333825,0.232117,1.342274,-0.648376,-0.393815,1.474642,-0.450637,0.202688,0.676008,-0.465399,-0.328705,0.494253,-0.041698,-0.847704,1.042219,0.831158,-0.89983,0.556365,-1.280607,0.049795,0.632708,0.264296,-1.071675,1.925469,0.287599,0.049825,-0.357823,-1.178263,0.943318
162,Black Lagoon,anime_889,-1.036662,0.538743,-0.156401,-0.372645,0.074301,0.457053,0.967044,0.658368,-0.497868,0.649805,-0.237779,-0.909625,-0.472477,0.943234,-0.10788,-1.948989,-0.244093,0.886189,-0.051878,-0.726568,0.67826,0.003794,1.172192,-0.173015,0.908545,-1.47659,0.177404,1.439433,-1.700152,1.182935,-0.881981,-0.019351,-0.481325,-0.600225,0.410955,0.771366,1.103622,1.208491,0.361907,-0.394544,1.530075,-0.443219,1.197321,1.197384,0.103088,0.900027,-0.235259,-0.391829,-1.007537,0.860355,1.000162,-1.185457,1.938142,-1.274951,0.125886,-0.094987,0.101826,-1.404376,1.992469,0.545836,-0.601307,0.449241,-0.91896,1.368531
163,Tensei shitara Slime Datta Ken 2nd Season,anime_39551,-1.012076,0.807293,-0.288612,-0.716089,0.457388,1.02614,0.580651,0.626171,-0.594466,0.070427,0.054913,-1.038874,-0.407113,1.069137,-0.002605,-1.191976,-0.379754,0.346518,-0.229287,-1.14681,1.069737,0.015825,0.826555,-0.01924,0.847698,-1.482887,-0.186071,1.545799,-1.980841,1.015917,-0.815488,-0.130521,0.165571,-0.420327,0.862798,0.314924,0.50334,0.632589,0.074009,-0.670259,1.484759,0.080401,0.904583,1.290397,0.663566,0.347165,0.205154,-0.339112,-0.632422,1.223613,1.058194,-0.239904,1.350458,-1.460938,0.838728,-0.131928,-0.577627,-1.001123,1.727416,0.196105,0.393513,0.502587,-1.28791,0.676913
164,Kaguya-sama wa Kokurasetai: Ultra Romantic,anime_43608,-1.086034,0.606799,-0.183415,-0.214136,-0.061528,0.590583,0.938856,0.849071,-0.253603,0.594468,-0.220032,-0.739784,-0.615854,0.808308,0.00119,-1.93898,-0.002545,0.644799,-0.278906,-0.897278,0.788399,-0.144363,1.254932,-0.170102,0.907703,-1.329004,0.162252,1.167644,-1.627421,1.165472,-0.704614,-0.128945,-0.475732,-0.805387,0.419556,0.751459,0.821853,1.247671,0.401213,-0.648105,1.535535,-0.496484,1.179267,0.754705,0.019117,0.75777,-0.085129,-0.48033,-1.130672,0.897856,0.80614,-0.864716,1.63158,-1.464867,0.355649,-0.338508,0.075224,-1.360529,1.788313,0.769482,-0.729876,0.698448,-0.820225,1.222284
165,Kimetsu no Yaiba: Katanakaji no Sato-hen,anime_51019,-1.062559,0.780435,-0.280266,-0.783797,0.556006,0.840921,0.497299,0.723026,-0.534026,0.004248,-0.09347,-1.002678,-0.435783,1.08888,-0.006752,-1.243993,-0.733856,0.339757,-0.405915,-0.977477,1.101569,0.006496,0.777404,-0.054793,0.863113,-1.759287,-0.023101,1.787032,-2.002748,1.102376,-0.80733,-0.097967,0.187879,-0.439813,0.649458,0.436714,0.44441,0.741598,-0.063904,-0.459249,1.461998,0.114006,0.785177,1.236062,0.755137,0.491328,0.238903,-0.338351,-0.406658,1.238106,1.094725,-0.337657,1.427056,-1.442087,0.730151,-0.057394,-0.582323,-1.201793,1.76544,0.250854,0.400242,0.610023,-1.274385,0.562747
166,Prison School,anime_30240,-1.125809,0.568297,-0.130155,-0.311114,0.027066,0.769438,0.785937,0.764335,-0.370139,0.601998,-0.306535,-0.578952,-0.466932,0.81121,-0.101493,-1.695613,-0.193689,0.793441,-0.200873,-0.94084,0.856809,-0.112065,1.031543,-0.217209,0.910213,-1.306441,0.289712,1.269516,-1.696682,1.254778,-0.773761,0.010208,-0.387393,-0.752287,0.551872,0.603747,0.91664,1.091436,0.435074,-0.507256,1.496607,-0.50259,1.266084,0.807231,0.177858,0.70219,-0.146434,-0.525378,-1.061694,0.864417,0.746082,-0.795116,1.50277,-1.333089,0.401363,-0.27005,-0.046783,-1.139226,1.927791,0.814067,-0.624872,0.564989,-0.864736,1.171621
167,Wotaku ni Koi wa Muzukashii,anime_35968,-0.48563,0.93618,-0.288158,-0.230779,-0.31986,0.477143,0.176105,0.682809,-0.38836,0.976909,-0.875856,-0.469399,-1.279735,0.162998,-0.670846,-1.467271,-0.558783,-0.118212,0.67626,-0.884283,0.657333,-0.375825,0.611544,0.303793,0.57455,-0.381148,0.00125,1.557232,-0.739218,0.981067,-0.544466,-0.553239,-0.579657,0.731246,0.277664,0.866481,0.380925,1.270104,-0.244161,-0.064663,1.086304,-0.376032,0.715071,0.805233,0.028275,-0.353356,-0.223465,-0.372124,-0.847169,0.396007,0.759143,-0.79579,0.764543,-1.345012,0.389713,0.105199,-0.017081,-1.536713,1.801908,-0.137559,-0.066174,0.323108,-0.863394,0.866901
168,"Kanojo, Okarishimasu",anime_40839,-0.988428,0.746382,-0.332637,-0.509709,0.258445,0.906637,0.686412,0.545497,-0.445199,-0.026279,-0.110677,-0.8816,-0.339187,0.957498,-0.008463,-1.303144,-0.40272,0.326125,-0.259988,-1.197698,0.955821,-0.108253,0.658012,-0.235057,0.773884,-1.481675,-0.236864,1.537309,-1.712384,1.000296,-0.825053,-0.137342,0.225112,-0.268055,0.655357,0.500791,0.429111,0.464342,-0.050016,-0.707258,1.607235,0.180206,0.833524,1.265776,0.714211,0.309468,0.12023,-0.237638,-0.44015,1.11639,1.030069,-0.269814,1.427251,-1.493385,0.913574,-0.167056,-0.65588,-0.90501,1.664453,0.174985,0.517761,0.58986,-1.069457,0.566324
169,Fairy Tail (2014),anime_22043,-1.094926,0.889726,-0.23722,-0.704598,0.484948,0.838621,0.568155,0.825872,-0.77429,0.069783,0.15426,-1.063933,-0.425487,1.206074,0.060452,-1.363904,-0.384497,0.584153,-0.171378,-1.066031,1.178291,-0.007715,0.786761,0.02222,0.61646,-1.497253,-0.137625,1.67187,-2.02251,1.145742,-0.659032,-0.004514,0.164109,-0.355108,0.834582,0.146251,0.612723,0.597547,0.022645,-0.646288,1.503674,0.145476,0.994857,1.36324,0.495286,0.335998,0.244627,-0.422557,-0.767052,1.131725,1.098724,-0.458514,1.531098,-1.185387,0.770402,-0.148975,-0.568694,-1.028312,1.884825,0.110368,0.243236,0.699316,-1.346929,0.572882
170,Kimi ni Todoke,anime_6045,-0.276168,0.326875,-0.180828,-0.038522,0.139034,0.74239,1.086531,0.786744,0.323346,0.828092,-0.073733,-1.113672,-0.661738,1.22106,-0.307661,-2.136134,-0.038641,0.429206,-0.283881,-1.017201,0.894273,0.246796,0.820221,-0.381061,0.370698,-1.341556,-0.254614,1.846889,-1.928059,1.839394,-0.467306,-0.70187,-0.374771,-0.026098,0.053327,0.631506,1.485664,1.284905,0.5766,-0.495449,1.524622,-0.275356,0.758083,0.901104,-0.036335,0.168085,-0.33158,-0.100784,-0.672505,1.288886,-0.096336,-0.491309,1.999836,-1.098966,-0.265187,-0.616742,0.21931,-0.910374,1.38127,0.717532,-0.742423,0.157302,-1.108004,1.183922
171,Kami no Tou,anime_40221,-0.402284,0.918341,-0.2879,-0.258674,-0.12919,0.744871,0.34638,0.681936,-0.730314,1.273294,-0.772578,-0.841004,-1.072165,0.421425,-0.519633,-1.347563,-0.365772,-0.101062,0.568315,-1.141075,0.765463,-0.233193,0.708709,0.170953,0.381175,-0.731643,-0.006697,1.804049,-0.986211,1.195532,-0.300436,-0.682146,-0.607235,0.497986,0.446697,0.741865,0.646039,1.236753,-0.344614,0.191858,0.74954,-0.371108,0.662656,0.949958,0.164423,-0.303969,-0.092207,-0.075842,-1.077812,0.768907,0.715754,-0.624828,0.859802,-1.085174,0.172803,0.27168,-0.050901,-1.525504,1.735384,-0.120148,-0.246748,-0.09067,-1.151478,0.883984
172,5-toubun no Hanayome,anime_38101,-0.984481,0.729922,-0.299536,-0.592295,0.30262,0.924845,0.711852,0.657308,-0.429041,0.026101,-0.127794,-0.951142,-0.471448,0.884959,0.043674,-1.241678,-0.367022,0.27853,-0.32855,-1.181681,1.059601,0.002004,0.829003,-0.207923,0.798594,-1.459185,-0.196607,1.602628,-1.766158,0.968903,-0.733323,-0.183443,0.261109,-0.493589,0.736687,0.371759,0.360538,0.532601,-0.032372,-0.740773,1.594992,0.117524,0.823416,1.143066,0.752638,0.316249,0.295533,-0.298477,-0.600017,1.154995,1.050825,-0.230593,1.319263,-1.571909,0.869702,-0.111434,-0.609534,-0.941231,1.544683,0.247685,0.488159,0.585678,-1.168326,0.551739
173,Re:Zero kara Hajimeru Isekai Seikatsu 2nd Season Part 2,anime_42203,-0.380467,0.544035,0.255405,-0.479606,0.026532,0.668185,0.329003,0.278941,-1.121956,0.893325,-0.612646,-0.567435,-1.059749,0.41174,-0.308499,-0.596129,-0.735221,0.150332,1.043706,-0.877621,0.417166,-0.212373,0.469858,-0.119427,0.295122,-0.619529,0.275552,1.50144,-1.232297,1.238331,-0.267272,-0.381777,0.062141,0.454356,1.066276,0.556305,0.80637,1.781497,-0.535511,-0.105814,1.224053,-0.174397,0.680455,1.027876,0.453306,-0.442405,0.523125,-0.186578,-0.810633,0.45849,-0.298241,-0.837552,0.556254,-1.309815,0.242828,0.33977,-0.428539,-0.644972,1.42822,-0.199411,0.192287,0.090883,-1.044927,1.098242
174,Haikyuu!! To the Top,anime_38883,-1.044347,0.691517,-0.249499,-0.716438,0.573167,0.893307,0.79939,0.771757,-0.473146,-0.114429,-0.112945,-0.903433,-0.624359,1.077286,-0.028426,-1.392466,-0.550799,0.551962,-0.513034,-1.001665,1.062417,0.072094,0.826987,-0.028117,0.803071,-1.39968,-0.113225,1.658803,-1.965246,0.872427,-0.821346,-0.080504,0.123016,-0.556661,0.762956,0.255606,0.26427,0.75184,0.031895,-0.828223,1.568211,0.050664,0.920443,1.042834,0.491056,0.444397,0.285642,-0.490479,-0.718857,1.185432,0.944708,-0.299686,1.381099,-1.475625,0.682922,-0.014605,-0.396432,-1.015641,1.730971,0.22502,0.20271,0.611907,-1.23527,0.663082
175,Shokugeki no Souma: San no Sara,anime_35788,-1.122349,0.753125,-0.348384,-0.634267,0.35177,0.929131,0.782443,0.847268,-0.39228,0.085687,-0.206018,-0.747338,-0.656763,1.040352,-0.054666,-1.307436,-0.596001,0.474403,-0.450574,-1.000499,1.058019,-0.146889,0.670271,-0.042262,0.799884,-1.334925,-0.095098,1.620267,-1.952932,1.007109,-0.816781,-0.098996,0.254809,-0.375341,0.546573,0.439801,0.465222,0.629318,-0.027843,-0.810765,1.472278,-0.056334,0.937578,1.078018,0.592491,0.33657,0.162728,-0.474788,-0.502618,1.022883,0.879383,-0.398115,1.25634,-1.325747,0.861882,-0.203273,-0.433124,-0.882916,1.779973,0.383723,0.330335,0.608066,-1.290221,0.608079
176,"Shinseiki Evangelion Movie: Air/Magokoro wo, Kimi ni",anime_32,-0.622801,0.489555,-0.10384,-0.262122,-0.201976,0.461726,0.236475,0.993288,-0.789618,0.440556,-0.794047,-0.940265,-0.81862,0.247042,-0.720645,-0.560266,-0.559282,0.061514,0.229129,-0.832591,1.109134,-0.498536,0.287186,-0.117881,0.591946,-0.511919,-0.114448,1.065773,-0.63269,1.281272,-0.562629,-0.416806,0.022411,0.467098,0.430026,0.56432,0.619424,1.3115,-0.778145,-0.421011,1.504474,-0.474194,0.555532,0.21309,0.114693,-0.327007,0.368645,-0.201284,-0.2903,0.765794,0.309399,-1.048046,0.65946,-1.779211,0.206892,0.660641,-0.075265,-0.213087,1.312942,0.095156,-0.286145,0.06347,-0.866745,1.122251
177,Youjo Senki,anime_32615,-0.389638,0.473692,0.116942,-0.59504,0.016712,0.493982,0.259942,0.180708,-1.166325,0.916169,-0.65996,-0.866359,-0.848239,0.263295,-0.216481,-0.712564,-0.734022,0.110574,1.20013,-0.803331,0.32123,-0.164216,0.675665,-0.038111,0.301379,-0.629924,0.036493,1.577088,-1.252566,1.119326,-0.400057,-0.539086,-0.061147,0.491618,1.103087,0.613198,0.834361,1.689624,-0.500914,-0.029955,1.307061,-0.177067,0.63832,1.302777,0.448858,-0.270994,0.532786,0.090248,-0.793926,0.378072,-0.039484,-0.675869,0.735139,-1.306084,0.249381,0.393692,-0.475134,-0.873999,1.374308,-0.17979,0.329839,0.075893,-1.206299,1.187945
178,Rakudai Kishi no Cavalry,anime_30296,-0.463801,0.463729,0.229529,-0.409349,0.019878,0.500822,0.248972,0.383457,-1.037121,0.672682,-0.637416,-0.67675,-0.999585,0.270155,-0.186269,-0.479452,-0.690351,0.077889,1.081871,-0.914975,0.352232,-0.34836,0.499024,-0.117913,0.14541,-0.668437,0.320342,1.474785,-1.219686,1.30219,-0.168385,-0.434914,-0.011016,0.30264,0.997453,0.515187,0.801762,1.711443,-0.535911,-0.093893,1.267984,-0.037716,0.662108,0.83141,0.523062,-0.319553,0.531055,0.04383,-0.859693,0.36133,-0.371713,-0.572468,0.512887,-1.277851,0.226223,0.262676,-0.376864,-0.729722,1.436072,-0.088462,0.227643,0.189301,-1.087942,1.036443
179,[Oshi no Ko],anime_52034,-1.123008,0.296067,-0.30421,-0.326735,-0.124955,0.807971,1.095514,0.571936,-0.623722,0.862145,-0.40004,-0.913058,-0.389407,0.983732,-0.087927,-2.088179,-0.237435,0.596482,-0.345681,-0.864888,0.627842,-0.057358,1.197004,-0.161615,0.906943,-1.340465,0.091678,1.522642,-1.539647,1.018332,-0.818198,-0.159072,-0.323475,-0.846151,0.547888,0.76746,1.06586,1.264525,0.21343,-0.352374,1.475496,-0.741103,1.084357,1.082889,0.31885,0.757512,-0.028518,-0.482007,-1.021361,1.230159,0.919225,-1.066496,1.678534,-1.293694,0.327261,-0.0181,-0.156667,-1.351597,1.684374,0.783963,-0.537403,0.163092,-0.944908,1.345452
180,Cyberpunk: Edgerunners,anime_42310,-0.460634,0.373322,-0.239504,-0.410704,0.275319,0.997124,0.001986,0.626134,-0.515497,0.77149,-0.467975,-1.204076,-0.683646,0.113282,-0.740375,-1.121282,-0.660615,0.327476,0.455078,-0.992993,1.243259,0.490563,0.337358,0.45975,0.784357,-0.847757,-0.258715,1.946308,-1.308708,1.217336,-0.941296,-0.256939,-0.076819,-0.049422,0.155342,0.412818,0.251148,0.994615,-0.029695,-0.482697,0.565591,-0.646519,0.609167,1.11378,-0.14589,-0.205093,0.095238,0.427261,-0.454062,0.797625,1.251622,-0.599249,0.849544,-0.756183,-0.279265,0.92308,0.235696,-0.927539,1.847228,-0.572383,0.549846,0.03976,-0.939221,1.774988
181,Plastic Memories,anime_27775,-0.562614,0.309466,-0.249132,-0.233585,-0.583398,0.513849,0.236569,0.929175,-0.926125,0.603783,-0.747918,-0.773552,-0.936846,0.048888,-0.664633,-0.699547,-0.815775,-0.038516,0.205213,-0.929619,0.88842,-0.503095,0.28491,-0.041119,0.625483,-0.488303,0.010371,1.468152,-0.743476,1.241653,-0.638178,-0.515888,-0.074791,0.346461,0.421794,0.517047,0.773935,1.367608,-1.031966,-0.334525,1.536968,-0.323821,0.450701,0.505435,0.160637,-0.32525,0.495757,-0.297484,-0.142289,0.642849,0.11923,-0.767192,0.775977,-1.818604,0.34028,0.619108,-0.10211,-0.656013,1.404489,0.085657,-0.129722,0.046928,-0.912488,0.689111
182,Hellsing Ultimate,anime_777,-0.977925,0.489929,-0.300327,-0.485938,-0.001335,0.569235,0.877023,0.686093,-0.638567,0.878762,-0.282361,-0.941003,-0.366289,0.958899,-0.066143,-1.863653,-0.273562,0.720074,-0.009943,-0.781498,0.81295,0.119275,1.240807,-0.136314,0.893616,-1.496867,0.059573,1.488411,-1.818866,1.126007,-0.817627,-0.195279,-0.393367,-0.802474,0.491089,0.779248,1.121451,1.100934,0.427,-0.231998,1.573543,-0.483999,1.165659,1.262787,0.218006,0.756648,-0.061657,-0.388831,-1.079832,0.970187,0.994137,-0.865258,1.76581,-1.383978,0.287269,-0.027864,-0.168981,-1.378972,1.826456,0.546286,-0.535935,0.398803,-0.921178,1.344059
183,Mahoutsukai no Yome,anime_35062,-1.048853,0.662968,-0.334118,-0.591412,0.26212,0.908885,0.613474,0.819887,-0.553932,0.116996,-0.024762,-0.777985,-0.508175,1.088289,-0.101678,-1.283667,-0.397296,0.384418,-0.244271,-1.186846,1.084692,-0.086113,0.513463,0.019965,0.911568,-1.316065,0.024188,1.655966,-2.029166,1.044855,-0.691618,-0.094086,0.239602,-0.650023,0.69424,0.381779,0.630192,0.620333,-0.082759,-0.835376,1.503477,0.232841,0.917369,1.272323,0.582463,0.295798,0.398607,-0.449258,-0.560631,1.210196,0.711206,-0.222082,1.103228,-1.488314,0.813339,0.083347,-0.621831,-0.948486,1.554735,0.290411,0.460984,0.371765,-1.114153,0.668707
184,Byousoku 5 Centimeter,anime_1689,-0.597286,0.286374,-0.218228,-0.115487,-0.670872,0.618231,0.238335,0.807096,-0.893079,0.580742,-0.81016,-0.805606,-0.859015,0.018357,-0.747381,-0.734151,-0.536166,-0.12763,0.202836,-1.017936,0.871533,-0.49841,0.234176,-0.199783,0.651875,-0.532265,0.078086,1.461417,-0.731068,1.299117,-0.611053,-0.444771,-0.025774,0.193581,0.425777,0.580989,0.645224,1.283288,-1.089997,-0.403753,1.481962,-0.092824,0.413717,0.436172,0.219216,-0.364185,0.542041,-0.074094,-0.177696,0.69185,-0.029384,-0.644999,0.647074,-1.973039,0.304767,0.679439,-0.10359,-0.589645,1.367485,0.139458,0.001019,-0.144133,-0.830572,0.748401
185,Ao Haru Ride,anime_21995,-0.262351,0.387539,-0.260196,-0.051637,0.04627,0.647441,1.127095,0.871929,0.411149,0.846292,-0.081939,-1.156756,-0.643475,1.200668,-0.211579,-2.198849,-0.267257,0.401281,-0.092687,-0.810214,0.86454,0.338065,1.020159,-0.278996,0.26292,-1.32743,-0.408302,1.811064,-1.895936,1.578871,-0.406317,-0.84697,-0.379104,-0.066405,-0.005379,0.547099,1.272886,1.300865,0.665934,-0.502965,1.514559,-0.407143,0.821101,0.897772,-0.119714,0.260496,-0.446615,-0.261769,-0.780411,1.173455,0.157629,-0.487911,1.93982,-1.088264,-0.386303,-0.640893,0.144447,-0.981292,1.416474,0.63395,-0.787111,0.405454,-1.097702,1.207091
186,Overlord III,anime_37675,-0.476964,0.634296,0.249146,-0.559155,0.210186,0.512795,0.248203,0.368452,-1.198048,0.890783,-0.458097,-0.769721,-1.028272,0.41087,-0.285349,-0.813625,-0.688159,0.456601,1.214104,-0.840472,0.456537,-0.334381,0.489892,-0.056524,0.123669,-0.590538,0.151478,1.4908,-1.197854,1.350693,-0.278308,-0.320478,-0.084698,0.741414,1.0308,0.514172,0.816314,1.771398,-0.535799,-0.164463,1.384048,-0.291571,0.746335,1.213814,0.25678,-0.346817,0.424166,-0.189284,-0.913897,0.240511,-0.180002,-1.004344,0.840018,-1.126532,0.209927,0.31012,-0.336407,-0.879512,1.659878,-0.259696,0.104118,0.310228,-1.201617,1.143239
187,Darker than Black: Kuro no Keiyakusha,anime_2025,-0.629424,0.357658,-0.193144,-0.216935,-0.347651,0.616218,0.404344,0.827498,-0.966404,0.521061,-0.760226,-1.022041,-0.646905,0.057127,-0.840289,-0.910331,-0.731012,0.247914,0.275068,-0.81822,0.856825,-0.484048,0.348312,0.025538,0.643252,-0.702294,-0.078242,1.422295,-0.713638,1.172446,-0.797923,-0.428503,-0.301533,0.593329,0.53384,0.824801,0.510688,1.447644,-0.870962,-0.265948,1.230749,-0.509153,0.360038,0.557255,0.113437,-0.210219,0.271096,-0.254425,-0.214242,0.550233,0.266257,-1.132611,1.060751,-1.732778,0.283605,0.656707,0.296633,-0.706857,1.912367,-0.086328,-0.30484,0.031875,-1.096718,1.046927
188,"Komi-san wa, Comyushou desu.",anime_48926,-0.948127,0.902943,-0.221766,-0.675283,0.587063,0.964464,0.651592,0.626588,-0.269075,0.067634,-0.060834,-0.808056,-0.655349,0.942306,0.129361,-1.134888,-0.421283,0.278452,-0.493595,-1.177261,1.061,0.098218,0.886279,-0.320908,0.888098,-1.585342,-0.191556,1.562507,-1.731635,0.976986,-0.782578,-0.076755,0.259472,-0.424016,0.795694,0.40947,0.278263,0.603287,0.040851,-0.792765,1.424069,0.041574,0.835506,1.017008,0.915801,0.432874,0.136182,-0.21517,-0.620331,1.001371,1.063309,-0.113698,1.275906,-1.536153,1.000236,-0.128464,-0.651785,-0.913425,1.745064,0.248392,0.336894,0.567342,-1.226461,0.579739
189,Danganronpa: Kibou no Gakuen to Zetsubou no Koukousei The Animation,anime_16592,-0.066401,0.572604,-0.097408,-0.073888,0.044914,1.081439,-0.395596,0.788371,-1.094442,0.342195,-0.586137,-0.56431,-1.266971,-0.324396,-0.699992,-1.097122,-0.756735,0.154054,0.971801,-0.562584,0.36138,0.004881,0.477394,-0.098622,0.811235,-0.424101,0.070666,1.656039,-1.181082,1.04978,-0.448552,-0.095471,-0.291889,0.342972,0.721393,0.586982,0.489063,1.337931,-0.430924,0.162105,1.002756,-0.38252,0.631406,0.942834,-0.629274,-0.275965,0.564428,0.116866,-1.064456,0.783668,0.587402,-0.751047,0.586057,-0.950683,0.449804,0.643609,0.143286,-0.829758,1.720016,-0.390608,-0.079984,-0.08626,-1.076549,0.733477
190,Fate/stay night,anime_356,-0.186291,0.575168,-0.05735,0.011219,-0.039333,0.829895,-0.383377,0.850559,-1.056505,0.451134,-0.367362,-0.65923,-1.205646,-0.392683,-0.6465,-1.249332,-0.476346,0.155814,1.234965,-0.656778,0.417075,-0.190131,0.473772,-0.024658,0.715189,-0.435289,0.084188,1.615166,-1.190522,1.131711,-0.405232,-0.168945,-0.355933,0.283871,0.753008,0.431008,0.442374,1.273321,-0.490404,0.07103,0.978114,-0.316468,0.574991,0.981482,-0.650676,-0.252596,0.659185,0.29716,-1.09779,0.713823,0.375277,-0.597774,0.500431,-0.950822,0.543596,0.606996,0.209286,-1.026672,1.676997,-0.310114,-0.1093,-0.054185,-1.115824,0.881564
191,The God of High School,anime_41353,-0.542871,0.741051,-0.397244,-0.197989,-0.350169,0.643959,0.441387,0.871597,-0.61468,1.194103,-0.844776,-0.889832,-1.077817,0.253954,-0.471371,-1.475595,-0.479607,-0.131265,0.698343,-0.910293,0.58203,-0.305626,0.862425,0.431209,0.377259,-0.642739,0.03411,1.687331,-1.060189,1.084969,-0.359129,-0.821026,-0.60605,0.547346,0.326552,0.779339,0.442997,1.372013,-0.142687,0.275855,0.804722,-0.535959,0.633886,0.709096,0.07392,-0.281187,-0.01324,-0.223647,-1.191292,0.76019,0.614932,-0.683587,0.743263,-1.185798,0.175583,0.112829,0.153704,-1.63313,1.601763,-0.073649,-0.321565,0.221341,-1.123251,0.991864
192,Yakusoku no Neverland 2nd Season,anime_39617,-0.859417,0.736297,-0.272533,-0.656442,0.389126,1.094394,0.674659,0.639364,-0.625539,0.069902,-0.18435,-0.857502,-0.452569,1.20888,-0.093963,-1.304175,-0.556062,0.344252,-0.408806,-1.108592,1.134121,0.077774,0.654887,0.03198,0.930709,-1.547693,-0.051774,1.677889,-2.060562,0.906304,-0.823246,-0.142839,0.234772,-0.282284,0.690955,0.38102,0.452731,0.639924,-0.031657,-0.623157,1.457447,0.079803,0.884857,1.251162,0.713978,0.198908,0.140183,-0.507395,-0.636637,1.292109,1.143529,-0.41529,1.355363,-1.519875,0.64062,0.022045,-0.520844,-0.915066,1.73481,0.068683,0.314873,0.529581,-1.144226,0.579756
193,Gekkan Shoujo Nozaki-kun,anime_23289,-0.421157,0.588652,-0.714452,0.010702,-0.250274,1.156229,0.9392,0.971752,-0.422327,1.211115,-0.699262,-1.096462,-0.57196,0.192378,-0.736701,-1.566753,0.147292,0.119845,-0.243011,-1.29659,0.138402,-0.306646,0.597478,0.310828,0.598224,-0.456693,-0.160169,1.243756,-0.687177,0.99216,-0.136783,-0.629304,-0.735027,-0.275043,0.745214,0.728932,0.414076,1.794518,-0.269538,-0.222492,0.587546,-0.387904,0.452079,-0.077148,0.149895,-0.311885,0.165054,0.296441,-0.984077,0.550458,0.652199,-0.093831,1.02124,-1.291425,-0.127908,0.097059,0.703839,-1.394349,1.991863,0.134983,-0.600722,0.342301,-0.768062,1.413918
194,Fumetsu no Anata e,anime_41025,-1.125892,0.885431,-0.281819,-0.712483,0.484063,0.952923,0.597312,0.804482,-0.631063,0.264733,-0.010333,-0.910493,-0.491663,1.280859,-0.105884,-1.3431,-0.512934,0.466385,-0.230067,-1.138779,1.109015,0.020026,0.65734,-0.211071,0.768052,-1.554083,0.124365,1.806305,-1.888751,1.291394,-0.771251,0.020198,0.300486,-0.488837,0.666307,0.198018,0.520315,0.533417,-0.053724,-0.689992,1.457201,0.160875,0.881918,1.292589,0.516621,0.384625,0.266667,-0.38988,-0.602548,1.217318,0.955354,-0.327788,1.208504,-1.423203,0.827309,-0.018244,-0.869233,-0.882305,1.66658,0.336297,0.382391,0.525038,-1.148172,0.621367
195,Tokyo Ghoul:re 2nd Season,anime_37799,-1.01711,0.443822,-0.271146,-0.374815,-0.03783,0.70972,0.97142,0.877417,-0.662148,0.830879,-0.190388,-0.903843,-0.355596,0.991303,-0.091265,-1.784678,-0.109228,0.781235,-0.098778,-0.92716,0.931087,0.03685,1.193362,-0.01203,0.960231,-1.453446,0.101726,1.360396,-1.920778,1.144702,-0.700523,-0.180985,-0.436037,-0.935082,0.610148,0.708957,1.098805,1.168099,0.471913,-0.212786,1.411514,-0.502883,1.247182,1.055483,0.178698,0.63537,0.031967,-0.515239,-1.286465,1.128547,0.842653,-0.897835,1.553973,-1.390672,0.211789,-0.021,0.07076,-1.267879,1.847855,0.527296,-0.680547,0.425407,-0.891871,1.30933
196,Nichijou,anime_10165,-1.025237,0.759698,-0.221377,-0.6645,0.514964,0.969738,0.590547,0.699831,-0.333711,0.041379,-0.099054,-0.799295,-0.549142,0.930742,0.001109,-1.252605,-0.49189,0.374087,-0.475643,-1.142023,1.053624,0.005339,0.669964,-0.196574,0.931094,-1.491619,-0.078026,1.659135,-1.875965,1.003949,-0.792811,-0.026639,0.200517,-0.31394,0.735348,0.522727,0.361609,0.624869,-0.009264,-0.718888,1.464216,0.064947,0.854635,1.112029,0.807622,0.367406,0.160929,-0.369665,-0.598168,0.994801,0.91236,-0.207134,1.224956,-1.500494,0.858997,-0.141073,-0.52688,-0.905883,1.748718,0.349537,0.299966,0.609427,-1.158821,0.602044
197,Suzumiya Haruhi no Yuuutsu,anime_849,-0.318687,0.514928,0.286849,-0.428435,0.14228,0.510652,0.298554,0.210785,-0.86866,0.689519,-0.670283,-0.483584,-1.114032,0.369175,-0.181217,-0.666775,-0.851581,0.104425,0.838467,-0.854436,0.362042,-0.265532,0.394378,-0.114726,0.339362,-0.624247,0.167973,1.458104,-0.977844,1.169185,-0.338692,-0.408634,-0.004508,0.584146,1.027495,0.811363,0.707163,1.823513,-0.584032,-0.156439,1.296018,-0.270561,0.647218,0.846873,0.511273,-0.179055,0.389691,-0.069588,-0.654348,0.300065,-0.195432,-0.828187,0.674365,-1.281596,0.295546,0.329213,-0.360016,-0.818372,1.492743,-0.125153,0.159968,0.126104,-1.044668,1.082793
198,Masamune-kun no Revenge,anime_33487,-0.989603,0.727167,-0.308641,-0.558439,0.31453,0.907614,0.701423,0.707675,-0.376189,0.005377,-0.10503,-0.90572,-0.482692,0.930188,-0.02029,-1.291551,-0.35633,0.342095,-0.342409,-1.161404,1.051931,-0.076852,0.747545,-0.162041,0.820866,-1.402318,-0.167633,1.581831,-1.766056,0.996791,-0.74817,-0.134381,0.202962,-0.417701,0.701433,0.416106,0.364187,0.58392,-0.036269,-0.80138,1.593131,0.087247,0.832369,1.13677,0.66784,0.322184,0.281665,-0.382336,-0.543688,1.118159,0.974829,-0.308889,1.349999,-1.547981,0.874018,-0.14678,-0.533559,-0.955651,1.609042,0.261147,0.436836,0.65914,-1.143787,0.572402
199,Black Bullet,anime_20787,-0.340432,0.520505,0.091686,-0.509595,0.140529,0.509799,0.366529,0.315106,-1.085601,0.728398,-0.647677,-0.925155,-1.050996,0.325755,-0.207362,-0.661979,-0.896644,0.096616,0.956389,-0.858959,0.42731,-0.102627,0.570316,0.047646,0.197786,-0.783315,0.082566,1.60854,-1.133713,1.085639,-0.393005,-0.62373,-0.089005,0.455931,0.941527,0.689475,0.935535,1.737773,-0.604813,0.086917,1.226699,-0.288169,0.535023,1.117822,0.459975,-0.063338,0.45313,0.148285,-0.736157,0.406186,0.002947,-0.831381,0.905272,-1.173227,0.143502,0.439258,-0.279983,-0.952726,1.557746,-0.143282,0.14533,0.19762,-1.247629,1.085008
200,High School DxD New,anime_15451,-0.45546,0.579574,0.133094,-0.374854,0.040392,0.561441,0.26391,0.253355,-0.939845,0.692013,-0.701896,-0.698461,-0.899535,0.218044,-0.235381,-0.548152,-0.730179,0.022085,1.045267,-0.886845,0.300326,-0.290665,0.500399,-0.221392,0.188531,-0.691265,0.28574,1.514822,-1.033515,1.320994,-0.341278,-0.460352,-0.023496,0.391474,0.953951,0.578941,0.73267,1.613669,-0.562436,-0.042985,1.241087,-0.053268,0.602287,0.911079,0.542759,-0.180822,0.453113,0.167191,-0.705794,0.403854,-0.201746,-0.542715,0.595144,-1.327786,0.344028,0.325554,-0.51341,-0.696525,1.470861,-0.033972,0.348135,0.177902,-1.067507,1.015717
201,Kimetsu no Yaiba: Mugen Ressha-hen,anime_49926,-1.062405,0.780693,-0.279967,-0.783948,0.555947,0.841338,0.497207,0.723326,-0.534216,0.004258,-0.093704,-1.002764,-0.435666,1.088956,-0.0067,-1.243868,-0.733747,0.339697,-0.405903,-0.977368,1.101544,0.006683,0.777268,-0.054952,0.863069,-1.759405,-0.023049,1.787276,-2.002771,1.10262,-0.807285,-0.098159,0.18802,-0.439755,0.649677,0.437142,0.444253,0.741678,-0.064223,-0.459415,1.462096,0.114007,0.785159,1.236287,0.754978,0.491022,0.239286,-0.338642,-0.406649,1.23807,1.095038,-0.337696,1.426911,-1.442027,0.730255,-0.057436,-0.582361,-1.201505,1.765382,0.250831,0.400603,0.610162,-1.274489,0.562798
202,Banana Fish,anime_36649,-0.290852,0.447135,-0.138187,-0.285254,0.127529,0.696319,0.992314,0.640979,0.096272,0.693947,-0.091999,-1.121308,-0.512957,1.251743,-0.285011,-1.97842,-0.353445,0.506784,0.01536,-0.798153,0.957902,0.537589,0.802965,-0.162027,0.371503,-1.383311,-0.32826,1.801308,-1.866754,1.663844,-0.768903,-0.707842,-0.333896,0.054693,0.169272,0.376869,1.40029,1.090882,0.670914,-0.13219,1.471948,-0.317048,0.819651,1.016652,0.119616,0.190804,-0.580377,-0.17456,-0.744761,1.218959,0.272799,-0.679215,1.953887,-1.096558,-0.080794,-0.579816,0.04654,-0.828733,1.566906,0.439266,-0.776882,0.434949,-1.160712,1.099358
203,Baccano!,anime_2251,-0.418633,0.532009,0.338468,-0.542773,0.190217,0.340874,0.32774,0.080564,-0.951545,0.823957,-0.683326,-0.708166,-1.001096,0.339081,-0.167142,-0.746032,-0.956505,0.104044,1.054594,-0.829461,0.26003,-0.276608,0.487335,-0.241144,0.370916,-0.842771,0.211913,1.567285,-1.05014,1.300161,-0.321713,-0.379093,-0.020464,0.642098,0.947387,0.895004,0.734843,1.844214,-0.641825,-0.034421,1.320808,-0.150204,0.61418,1.139402,0.615543,-0.233545,0.278054,0.00071,-0.62457,0.333728,-0.115094,-0.902545,0.826571,-1.350283,0.127085,0.412561,-0.432602,-0.927377,1.437284,-0.263932,0.272799,0.020074,-0.982182,1.132309
204,86,anime_41457,-0.306553,0.504217,0.259618,-0.636631,0.221432,0.442052,0.193704,0.305582,-0.916892,0.676714,-0.747312,-0.516839,-1.188899,0.519204,-0.369119,-0.64148,-0.892912,0.268508,1.149756,-0.665129,0.501849,-0.198201,0.305016,-0.05573,0.150198,-0.496405,0.296077,1.521932,-1.145634,1.233372,-0.384096,-0.453159,0.197241,0.361144,0.984534,0.654341,1.016405,1.83207,-0.468187,-0.406311,1.391928,-0.347925,0.60126,1.127977,0.219728,-0.187311,0.700267,-0.098899,-0.538109,0.228865,-0.45341,-0.967074,0.815001,-1.232767,0.182031,0.144166,-0.438334,-0.847446,1.386625,-0.014134,0.120562,0.19749,-1.024037,1.387563
205,Beastars,anime_39195,-0.919853,0.724228,-0.310228,-0.708917,0.316014,0.980038,0.740714,0.764218,-0.562604,0.083363,-0.214412,-0.870153,-0.56194,1.182805,-0.024825,-1.173693,-0.548931,0.29645,-0.413976,-1.06548,1.085932,0.15445,0.767627,-0.093414,0.917838,-1.561325,-0.053304,1.74839,-2.008307,0.938343,-0.817005,-0.098615,0.313,-0.591417,0.723251,0.298934,0.494571,0.556992,-0.006562,-0.655145,1.392418,0.092993,0.810591,1.238696,0.693046,0.325364,0.360785,-0.356218,-0.634982,1.236889,0.978702,-0.342442,1.132548,-1.47707,0.812214,-0.006497,-0.594342,-0.843692,1.629503,0.25285,0.338457,0.427766,-1.225852,0.65998
206,Yuri!!! on Ice,anime_32995,-0.630048,0.250704,-0.220082,-0.2282,-0.325278,0.531635,0.287852,0.672676,-0.916898,0.33977,-1.066519,-0.723863,-0.694954,0.052639,-0.525464,-0.587531,-0.83549,-0.075332,-0.001843,-0.890971,0.87347,-0.494439,0.293269,-0.021383,0.643752,-0.641739,-0.03816,1.295883,-0.852984,1.118756,-0.633012,-0.368958,-0.108034,0.484419,0.665309,0.704506,0.302675,1.62175,-0.784823,-0.397476,1.433087,-0.326143,0.526799,0.138661,0.33516,-0.184949,0.413589,-0.265742,-0.117931,0.675095,0.309552,-0.70977,0.9127,-1.840816,0.231936,0.833613,0.031427,-0.551833,1.783234,0.12374,-0.362873,0.111836,-1.054192,0.849637
207,Steins;Gate 0,anime_30484,0.02399,0.706286,-0.147973,-0.045321,0.049289,1.108411,-0.332173,0.882321,-1.009432,0.580441,-0.439881,-0.445769,-1.418933,-0.277104,-0.721499,-1.318667,-0.79101,0.148307,0.991084,-0.565387,0.455556,0.192357,0.374235,-0.141661,0.582033,-0.429411,0.106841,1.757686,-1.105268,1.018508,-0.511209,-0.312213,-0.142137,0.274028,0.69994,0.383652,0.570373,1.255205,-0.579655,0.169265,0.929267,-0.51974,0.477409,0.972401,-0.601788,-0.195517,0.622737,0.113248,-0.852917,0.790969,0.448192,-0.725691,0.613455,-0.740788,0.566691,0.668013,0.040553,-0.825563,1.716784,-0.279743,-0.213886,-0.000833,-1.16843,0.689662
208,Akira,anime_47,-0.978402,0.400433,-0.401344,-0.561621,-0.086761,0.555092,1.004397,0.689229,-0.877356,0.946326,-0.261216,-1.005008,-0.253508,0.934673,0.038369,-1.890767,-0.318717,0.685519,-0.096733,-0.844556,0.83972,0.166759,1.370415,-0.043166,0.876166,-1.625579,-0.110856,1.52337,-1.833407,1.038082,-0.862868,-0.389506,-0.449907,-0.844387,0.537066,0.870248,1.220611,0.987181,0.42729,-0.091495,1.440222,-0.593598,1.089164,1.370674,0.244751,0.700071,0.022605,-0.271014,-1.135256,1.001365,1.011545,-0.817621,1.77161,-1.281321,0.388395,0.024529,-0.109756,-1.437888,1.679094,0.54099,-0.601995,0.294412,-1.027584,1.344634
209,Bungou Stray Dogs 2nd Season,anime_32867,-1.093361,0.513836,-0.215296,-0.36739,-0.008207,0.513698,1.040722,0.63692,-0.586628,0.779528,-0.32773,-0.889087,-0.380333,0.992059,-0.120921,-2.004584,-0.27364,0.769015,-0.140626,-0.806327,0.675264,-0.090361,1.172165,-0.035701,1.011505,-1.495744,0.166064,1.426113,-1.706356,1.17336,-0.804975,-0.204993,-0.527176,-0.580859,0.446914,0.938504,1.097104,1.231737,0.301732,-0.352619,1.471313,-0.530952,1.159973,1.275399,0.136373,0.759142,-0.233258,-0.455006,-1.039269,0.934797,0.894584,-1.079579,1.826153,-1.232608,0.21049,-0.067634,0.074316,-1.310225,1.869907,0.578404,-0.673012,0.373217,-0.942752,1.302664
210,No Game No Life: Zero,anime_33674,-0.497409,0.497344,0.385928,-0.503523,0.017493,0.486054,0.250661,0.299103,-1.090455,0.913191,-0.531759,-0.537791,-1.161957,0.423208,-0.314985,-0.756895,-0.643219,0.235221,1.205486,-0.886758,0.419489,-0.449359,0.350488,-0.083172,0.365692,-0.415782,0.267085,1.421005,-1.163056,1.424243,-0.192122,-0.34808,0.037927,0.481523,0.985112,0.678244,0.867624,1.847629,-0.706407,-0.393233,1.421475,-0.142236,0.731178,1.216872,0.249756,-0.486339,0.579813,-0.254426,-0.776657,0.322228,-0.555128,-0.948206,0.595199,-1.336319,0.235452,0.233681,-0.342715,-0.890079,1.291067,-0.155575,0.286812,-0.046869,-0.924709,1.229172
211,Kekkai Sensen,anime_24439,-1.082552,0.68897,-0.288796,-0.653008,0.401886,0.946203,0.609433,0.82732,-0.582537,0.017631,0.000724,-0.931018,-0.39672,1.168072,-0.05878,-1.336488,-0.497661,0.498726,-0.274182,-1.006646,1.09683,-0.040071,0.610181,0.149279,0.879376,-1.437329,-0.027119,1.687646,-2.078702,1.058308,-0.78709,-0.104039,0.135137,-0.413046,0.806742,0.388578,0.6351,0.63642,0.091484,-0.690194,1.438092,0.052808,0.924901,1.269013,0.448552,0.305068,0.241901,-0.561494,-0.615732,1.152102,0.832375,-0.451484,1.362087,-1.348435,0.809216,-0.142216,-0.392919,-0.926637,1.788605,0.171631,0.238375,0.624409,-1.296738,0.709291
212,Fruits Basket 1st Season,anime_38680,-0.238668,0.430866,-0.174182,-0.076391,0.272345,0.787211,0.930638,0.726713,0.345823,0.862106,-0.088571,-1.038768,-0.549417,1.314688,-0.286167,-1.956129,-0.230521,0.41522,-0.131784,-1.030023,0.938466,0.228566,0.769053,-0.468923,0.382966,-1.453945,-0.214226,1.892676,-1.992022,1.916342,-0.416361,-0.717321,-0.340252,-0.026622,0.050213,0.507746,1.522275,1.229123,0.609071,-0.453195,1.454206,-0.228776,0.80833,1.032924,0.052922,0.180568,-0.462582,-0.089715,-0.554248,1.293518,-0.004941,-0.379067,1.89114,-1.054987,-0.313901,-0.581473,-0.027072,-0.845228,1.455505,0.686362,-0.654105,0.129447,-1.100087,1.183587
213,Dandadan,anime_57334,-0.997987,0.897601,-0.213929,-0.747737,0.597604,0.984248,0.571114,0.614222,-0.444488,0.049605,0.046733,-0.984509,-0.460309,1.083505,0.064324,-1.159463,-0.546727,0.229363,-0.190252,-1.107351,1.024843,0.090733,0.906818,-0.187014,0.831815,-1.763916,-0.031193,1.660707,-1.858018,1.217869,-0.808274,-0.124778,0.242864,-0.469542,0.771063,0.377481,0.422203,0.564388,0.073394,-0.5635,1.449672,0.161576,0.800214,1.249074,0.797661,0.59301,0.123679,-0.128143,-0.51648,1.158807,1.126577,-0.152931,1.390702,-1.540869,0.872158,-0.112744,-0.674238,-1.129757,1.819498,0.215948,0.468534,0.501461,-1.188435,0.708128
214,Akatsuki no Yona,anime_25013,-0.342706,0.456652,-0.070345,-0.087967,0.111045,0.587843,1.000005,0.742955,0.099723,0.843529,0.053496,-1.192924,-0.378937,1.223926,-0.176184,-2.027426,0.072965,0.647774,0.132932,-1.117,1.138586,0.216054,0.693735,-0.27976,0.353801,-1.215387,-0.515126,1.602977,-1.895978,1.842278,-0.384804,-0.722786,-0.338101,0.012821,0.292527,0.383421,1.433777,1.134527,0.707646,-0.459342,1.541577,-0.166586,0.993231,1.063211,0.025289,-0.115321,-0.418416,-0.107569,-0.851164,1.316342,0.236006,-0.550378,1.895941,-1.04032,-0.160346,-0.555758,-0.045474,-0.708251,1.452305,0.406303,-0.705296,0.389536,-1.115297,1.130979
215,Kotonoha no Niwa,anime_16782,-0.532927,0.262995,-0.245619,-0.132877,-0.561516,0.644319,0.279555,0.747719,-0.903889,0.521391,-0.88551,-0.688579,-0.782989,0.104772,-0.62876,-0.85283,-0.733169,-0.101858,-0.067204,-0.852223,0.79599,-0.374983,0.267203,-0.216843,0.672843,-0.567176,-0.036847,1.420247,-0.701712,1.142733,-0.654543,-0.41932,-0.026002,0.422565,0.563713,0.586584,0.515561,1.444513,-1.099884,-0.328727,1.531514,-0.239512,0.399355,0.333128,0.315635,-0.28888,0.405336,-0.234509,-0.208596,0.771126,0.27895,-0.775109,0.783339,-1.857906,0.276463,0.759722,-0.202513,-0.65797,1.519197,0.082926,-0.062923,-0.134802,-0.952823,0.653115
216,Boruto: Naruto Next Generations,anime_34566,-1.067413,0.843955,-0.309913,-0.607964,0.436658,0.862548,0.630224,0.72835,-0.728431,0.067594,0.078777,-1.068957,-0.418898,1.155177,0.035076,-1.403321,-0.382235,0.509079,-0.192301,-1.056795,1.130512,0.013184,0.773866,-0.011951,0.676059,-1.455738,-0.198144,1.690055,-1.945971,1.059518,-0.734034,-0.091609,0.221721,-0.33118,0.790383,0.225513,0.476384,0.512314,0.035844,-0.543558,1.531474,0.146529,0.933768,1.30479,0.566155,0.216943,0.275598,-0.334398,-0.71226,1.151717,1.09969,-0.403948,1.403636,-1.299336,0.792725,-0.128416,-0.58446,-1.005927,1.72841,0.149655,0.326918,0.630561,-1.327086,0.61213
217,Jigokuraku,anime_46569,-1.06288,0.844477,-0.347018,-0.681484,0.482207,0.916785,0.626923,0.680209,-0.588899,0.058982,-0.050863,-0.938945,-0.408574,1.147791,0.009969,-1.393276,-0.568306,0.510021,-0.391025,-1.010332,1.166245,0.073944,0.67963,-0.045547,0.689825,-1.63144,-0.093345,1.676529,-1.926138,1.06074,-0.878662,-0.107597,0.197973,-0.325935,0.682523,0.401594,0.45654,0.569281,0.006481,-0.422714,1.527736,0.045653,0.88425,1.226329,0.700853,0.40447,0.157296,-0.319962,-0.507584,1.187937,1.054398,-0.330418,1.401154,-1.357335,0.829112,-0.064592,-0.597353,-1.030661,1.831181,0.231713,0.297485,0.704302,-1.269112,0.53543
218,Kuroko no Basket 2nd Season,anime_16894,-1.043002,0.692355,-0.248506,-0.715582,0.572246,0.893901,0.801131,0.771076,-0.47339,-0.115053,-0.112816,-0.904392,-0.623555,1.077331,-0.028029,-1.39431,-0.551092,0.55238,-0.51342,-1.000024,1.062931,0.072374,0.82859,-0.029443,0.80364,-1.399246,-0.112374,1.659522,-1.965248,0.871669,-0.820922,-0.081656,0.122633,-0.555627,0.76359,0.255497,0.263252,0.752121,0.032917,-0.829424,1.569395,0.049838,0.921894,1.041491,0.488649,0.444353,0.286106,-0.491918,-0.720212,1.185359,0.945045,-0.301833,1.382436,-1.476573,0.682337,-0.014565,-0.396109,-1.016759,1.730809,0.223149,0.203184,0.612604,-1.23504,0.663138
219,Haikyuu!! To the Top Part 2,anime_40776,-1.044337,0.691517,-0.2495,-0.716442,0.573182,0.893301,0.799358,0.771737,-0.473165,-0.114437,-0.112958,-0.903411,-0.624348,1.077297,-0.028419,-1.392422,-0.550798,0.551957,-0.513045,-1.001683,1.062431,0.072064,0.826951,-0.028127,0.803089,-1.399696,-0.113228,1.658799,-1.965261,0.872442,-0.821349,-0.080509,0.123006,-0.556651,0.762943,0.255612,0.264293,0.751828,0.03187,-0.828214,1.568187,0.050692,0.920438,1.042856,0.491093,0.44437,0.285635,-0.490445,-0.71883,1.185426,0.944685,-0.299664,1.381077,-1.475598,0.682951,-0.014609,-0.39646,-1.015617,1.730977,0.22502,0.202706,0.611897,-1.235285,0.663068
220,Fate/stay night: Unlimited Blade Works 2nd Season,anime_28701,-0.237867,0.593386,-0.065887,-0.05423,0.052673,0.829524,-0.345226,0.808784,-1.091771,0.557263,-0.342523,-0.717619,-1.180095,-0.364512,-0.620477,-1.282573,-0.527719,0.256047,1.305836,-0.72098,0.474891,-0.162334,0.552076,0.008944,0.686965,-0.532912,0.108745,1.684678,-1.191731,1.209856,-0.415347,-0.139945,-0.31945,0.41784,0.886404,0.313447,0.418028,1.268111,-0.455636,0.134599,0.893603,-0.46688,0.622158,1.009851,-0.614633,-0.185684,0.664068,0.268458,-1.209429,0.728987,0.37667,-0.688189,0.569949,-0.866997,0.54915,0.617014,0.189852,-1.002762,1.709676,-0.370612,-0.185573,-0.112887,-1.176384,0.940288
221,Great Teacher Onizuka,anime_245,-1.007223,0.853987,-0.372548,-0.637643,0.455672,0.843815,0.550029,0.572404,-0.44277,-0.013941,-0.030924,-0.991456,-0.551995,0.985461,0.054822,-1.253628,-0.49613,0.218553,-0.388259,-1.159838,1.111566,-0.057676,0.793017,-0.174336,0.826702,-1.518932,-0.220877,1.627084,-1.821781,0.903772,-0.896176,-0.049039,0.230562,-0.329355,0.722486,0.477525,0.383656,0.549835,-0.037075,-0.643028,1.56994,0.124826,0.928594,1.15569,0.784649,0.39399,0.067459,-0.287359,-0.433475,1.039047,1.042508,-0.270391,1.301379,-1.585624,0.851684,-0.064129,-0.673077,-1.052596,1.787923,0.222973,0.405036,0.635836,-1.160595,0.591534
222,Dragon Ball Super,anime_30694,-1.019167,0.90556,-0.284152,-0.612608,0.451995,0.949481,0.639924,0.617735,-0.616834,0.063278,0.074547,-0.98739,-0.417578,1.094098,0.093403,-1.355082,-0.37369,0.419974,-0.217488,-1.118054,1.102237,0.07816,0.806722,-0.097784,0.712026,-1.517663,-0.231548,1.612272,-1.861276,1.034432,-0.772435,-0.113982,0.258946,-0.334169,0.835538,0.288212,0.422484,0.472922,0.081504,-0.574189,1.522409,0.134917,0.912281,1.251465,0.67434,0.278026,0.188476,-0.248335,-0.665444,1.122435,1.141053,-0.286559,1.392961,-1.385563,0.878918,-0.141376,-0.646456,-0.998319,1.748384,0.148314,0.355715,0.598486,-1.28765,0.607734
223,Enen no Shouboutai: Ni no Shou,anime_40956,-1.00163,0.659155,-0.261299,-0.69887,0.441123,0.890909,0.61157,0.927298,-0.639217,0.064577,0.094585,-0.925861,-0.493523,1.118321,0.020902,-1.17687,-0.574077,0.458484,-0.221791,-1.12839,1.161851,-0.003201,0.737068,0.111106,0.830352,-1.463178,-0.07753,1.684567,-2.086469,1.007361,-0.665215,-0.173791,0.176407,-0.621831,0.816798,0.236122,0.681468,0.677261,0.03917,-0.607771,1.466546,0.117206,0.934565,1.285431,0.564347,0.351629,0.382178,-0.467557,-0.670784,1.216375,0.954721,-0.293427,1.30589,-1.314481,0.748734,-0.028947,-0.477386,-1.074558,1.727846,0.186784,0.339067,0.53239,-1.276063,0.628621
224,Btooom!,anime_14345,-0.977411,0.536353,-0.173045,-0.345633,0.064932,0.729231,0.78291,0.795217,-0.584078,0.529114,-0.308885,-0.7281,-0.380626,1.018554,-0.219827,-1.730002,-0.255943,0.88595,-0.104306,-0.809135,0.98114,0.023918,1.05228,-0.012151,0.86211,-1.382624,0.33024,1.310591,-1.927988,1.192579,-0.786831,-0.099773,-0.459372,-0.771403,0.483146,0.477673,1.032043,1.202843,0.495986,-0.346641,1.484157,-0.43746,1.228005,0.975833,0.014841,0.628817,-0.03489,-0.593993,-1.140813,1.018027,0.889773,-0.982286,1.682805,-1.301422,0.181386,-0.148826,0.033865,-1.176699,2.003019,0.589763,-0.693652,0.606437,-0.869406,1.164323
225,Mushishi,anime_457,-0.966078,0.567191,-0.271509,-0.369028,-0.00079,0.623095,0.962697,0.54758,-0.677683,0.973542,-0.378141,-0.852286,-0.364227,0.955675,0.096907,-1.956824,-0.330327,0.683611,-0.182218,-0.930992,0.859882,-0.016386,1.265115,-0.288643,0.928814,-1.664234,-0.018231,1.557084,-1.689561,1.056811,-0.689567,-0.290891,-0.390649,-0.603986,0.455234,0.821092,0.98466,1.13395,0.249943,-0.176262,1.439171,-0.435017,1.172637,1.26966,0.424372,0.595811,-0.204916,-0.336738,-1.090897,0.998153,1.08259,-0.854214,1.658084,-1.139884,0.269033,0.005524,-0.366754,-1.253654,1.687087,0.508945,-0.613645,0.361924,-1.038806,1.080871
226,Dungeon ni Deai wo Motomeru no wa Machigatteiru Darou ka II,anime_37347,-0.485806,0.683608,0.286763,-0.491711,0.258123,0.436029,0.226866,0.392169,-1.107423,0.753493,-0.451986,-0.758052,-1.03487,0.417515,-0.211262,-0.795297,-0.637543,0.444902,1.222914,-0.770788,0.475796,-0.260202,0.451007,-0.086549,-0.028052,-0.615332,0.188593,1.547246,-1.215574,1.337956,-0.205711,-0.267048,-0.020875,0.62582,1.036529,0.420708,0.904386,1.741865,-0.512019,-0.229735,1.318792,-0.213058,0.69149,1.159518,0.288068,-0.296023,0.479255,-0.109456,-0.86528,0.202139,-0.181852,-1.046395,0.924498,-1.043574,0.167147,0.214071,-0.357483,-0.882571,1.719769,-0.232393,0.083706,0.410357,-1.212934,1.13958
227,Trinity Seven,anime_25157,-1.005469,0.736362,-0.298291,-0.649511,0.313363,0.952808,0.630629,0.659661,-0.602084,0.050699,-0.081542,-0.976419,-0.417702,0.963947,0.054289,-1.135739,-0.399676,0.287858,-0.252501,-1.172696,1.091584,-0.001579,0.807224,-0.131501,0.762589,-1.505279,-0.171849,1.621305,-1.90377,1.028568,-0.696924,-0.162188,0.270941,-0.533932,0.786129,0.291998,0.503165,0.510698,-0.041492,-0.681813,1.536379,0.170187,0.884176,1.247392,0.796704,0.314353,0.282991,-0.252743,-0.605518,1.176156,1.032031,-0.199507,1.343021,-1.432272,0.889119,-0.099124,-0.635893,-0.948582,1.635557,0.208878,0.486658,0.477211,-1.24718,0.564711
228,Tensei shitara Slime Datta Ken 2nd Season Part 2,anime_41487,-1.012076,0.807293,-0.288612,-0.716089,0.457388,1.02614,0.580651,0.626171,-0.594466,0.070427,0.054913,-1.038874,-0.407113,1.069137,-0.002605,-1.191976,-0.379754,0.346518,-0.229287,-1.14681,1.069737,0.015825,0.826555,-0.01924,0.847698,-1.482887,-0.186071,1.545799,-1.980841,1.015917,-0.815488,-0.130521,0.165571,-0.420327,0.862798,0.314924,0.50334,0.632589,0.074009,-0.670259,1.484759,0.080401,0.904583,1.290397,0.663566,0.347165,0.205154,-0.339112,-0.632422,1.223613,1.058194,-0.239904,1.350458,-1.460938,0.838728,-0.131928,-0.577627,-1.001123,1.727416,0.196105,0.393513,0.502587,-1.28791,0.676913
229,"Maou Gakuin no Futekigousha: Shijou Saikyou no Maou no Shiso, Tensei shite Shison-tachi no Gakkou e Kayou",anime_40496,-0.455204,0.490176,0.276891,-0.508697,0.27242,0.444704,0.248527,0.340848,-1.004152,0.704269,-0.566349,-0.880132,-1.091484,0.327769,-0.148696,-0.514789,-0.663766,0.112005,1.113373,-0.799697,0.312086,-0.336605,0.604995,-0.133359,0.130332,-0.649694,0.228539,1.535502,-1.239863,1.278828,-0.151591,-0.39074,-0.015892,0.396781,1.026982,0.542703,0.887831,1.894304,-0.542442,-0.224276,1.201714,-0.20411,0.586413,1.003636,0.530359,-0.325776,0.558218,-0.035274,-0.846681,0.352399,-0.353418,-0.832031,0.710775,-1.222519,0.109524,0.140533,-0.334426,-0.871539,1.395276,-0.154367,0.138311,0.157834,-1.157483,1.247656
230,Grand Blue,anime_37105,-1.025971,0.557866,-0.113136,-0.383304,0.020784,0.644282,0.932606,0.420446,-0.496452,0.852305,-0.260657,-0.748717,-0.358338,0.700989,0.077019,-1.848469,-0.271944,0.694674,-0.055139,-1.035507,0.679367,0.05103,1.164851,-0.451691,0.966117,-1.533811,-0.031392,1.430216,-1.546751,1.074875,-0.817229,-0.103358,-0.316165,-0.559945,0.574704,0.847744,0.919394,0.918959,0.344218,-0.244939,1.563653,-0.410435,1.170414,1.226444,0.521363,0.623535,-0.321375,-0.267976,-1.099503,0.828663,1.060261,-0.70435,1.592644,-1.407066,0.380858,-0.040886,-0.290149,-1.187547,1.78531,0.527252,-0.407194,0.250532,-0.775633,1.20258
231,Magi: The Kingdom of Magic,anime_18115,-1.134014,0.894203,-0.230795,-0.669839,0.494122,0.820853,0.545778,0.874527,-0.715211,0.028017,0.162072,-0.973116,-0.448938,1.254703,0.009116,-1.45828,-0.393937,0.652367,-0.196654,-1.017888,1.185486,-0.097715,0.716602,0.082426,0.649096,-1.424867,-0.108443,1.629861,-2.031485,1.192625,-0.698701,0.03519,0.113293,-0.265966,0.774644,0.203236,0.619599,0.663735,0.010941,-0.727013,1.496897,0.101935,1.019578,1.366531,0.363374,0.358368,0.228924,-0.51009,-0.704681,1.094507,1.013583,-0.581483,1.587044,-1.132027,0.782409,-0.23307,-0.474828,-1.059288,1.969326,0.1465,0.17931,0.788794,-1.32979,0.600914
232,Orange,anime_32729,-0.193914,0.384977,-0.312002,-0.126552,0.130712,0.846089,1.068799,0.749405,0.153559,0.853835,-0.096419,-1.114198,-0.556136,1.259956,-0.130277,-1.937417,-0.344028,0.302638,-0.257555,-1.104485,0.971297,0.340742,0.868384,-0.333281,0.289017,-1.540187,-0.421532,1.805162,-1.912403,1.762011,-0.430048,-0.966111,-0.27167,-0.029876,0.070397,0.53143,1.586408,1.185934,0.63393,-0.267659,1.41195,-0.319562,0.797216,0.96084,0.175474,0.162046,-0.485492,0.019226,-0.637712,1.367463,0.091332,-0.358757,1.995463,-0.919776,-0.258414,-0.586421,-0.036363,-0.806669,1.379183,0.57435,-0.789795,0.25216,-1.228607,1.085962
233,FLCL,anime_227,-0.491236,0.394989,-0.147642,-0.255196,-0.368621,0.632247,0.285647,0.697503,-0.705273,0.495524,-0.975795,-0.928643,-0.658959,0.093633,-0.589292,-0.592128,-0.728227,0.008035,0.195729,-0.792114,0.946499,-0.3759,0.396124,-0.191256,0.497274,-0.806594,-0.011638,1.237598,-0.940571,1.056383,-0.680031,-0.401643,-0.08189,0.454723,0.695044,0.590193,0.500671,1.551036,-0.59662,-0.410807,1.301865,-0.440285,0.478974,0.317475,0.25652,-0.285712,0.455584,-0.191277,-0.277233,0.730546,0.403469,-0.784805,0.942766,-1.816351,0.286006,0.57326,-0.228409,-0.440185,1.660676,0.050789,-0.387776,0.22866,-0.986954,0.876825
234,Serial Experiments Lain,anime_339,-0.571845,0.32393,-0.175431,-0.254286,-0.47766,0.697571,0.232789,0.858184,-0.832769,0.582622,-0.928661,-0.845008,-0.699148,0.139805,-0.604835,-0.623811,-0.867994,-0.032897,0.126851,-0.91679,0.931272,-0.398597,0.284812,-0.124019,0.7212,-0.68657,-0.028556,1.376474,-0.78058,1.308801,-0.598002,-0.492723,0.028926,0.472365,0.631737,0.577625,0.578308,1.479516,-0.854278,-0.275324,1.346587,-0.408186,0.528553,0.347368,0.315476,-0.236775,0.323218,-0.203462,-0.263861,0.800731,0.357172,-0.845338,0.809499,-1.866383,0.216873,0.718014,-0.188549,-0.481317,1.534983,-0.05506,-0.193508,-0.029957,-0.959527,0.796664
235,Kokoro Connect,anime_11887,-0.444458,0.524035,0.364644,-0.500804,0.179263,0.446944,0.178956,0.345808,-0.918174,0.743317,-0.643943,-0.601026,-1.214673,0.485446,-0.212919,-0.436569,-0.85661,0.059376,1.173948,-0.855061,0.361775,-0.404994,0.427436,-0.298295,0.180745,-0.679193,0.478131,1.520831,-1.115944,1.491245,-0.084083,-0.34631,0.12436,0.270644,0.87239,0.544368,0.799196,1.78589,-0.610869,-0.323406,1.281996,-0.102528,0.641561,0.912383,0.422466,-0.31144,0.519055,-0.094403,-0.730445,0.317641,-0.588114,-0.707839,0.396647,-1.381874,0.099188,0.212931,-0.565813,-0.808453,1.240842,-0.071759,0.240441,0.042758,-0.85647,1.228552
236,Danshi Koukousei no Nichijou,anime_11843,-0.386624,0.86406,-0.117413,-0.21988,-0.014819,0.730049,0.239738,0.556205,-0.233037,1.051272,-0.876306,-0.722634,-1.136604,0.12436,-0.387401,-1.137855,-0.45929,-0.283231,0.302853,-1.157871,0.591584,-0.263819,0.757041,-0.19398,0.291662,-0.867954,0.224939,1.660371,-1.058919,1.185553,-0.250309,-0.454916,-0.630539,0.61574,0.490688,0.83021,0.387724,1.346763,-0.035225,-0.003015,0.873588,-0.486891,0.564135,0.447906,0.281168,-0.312986,-0.174387,-0.204112,-1.046158,0.692697,0.624078,-0.310566,0.827159,-1.339917,0.172574,0.143806,-0.093041,-1.44074,1.690758,0.117131,-0.32799,0.103465,-0.977789,0.770386
237,"Gate: Jieitai Kanochi nite, Kaku Tatakaeri",anime_28907,-0.405318,0.645486,0.274258,-0.610694,0.165098,0.413368,0.215473,0.304283,-1.127286,0.856323,-0.585119,-0.637864,-0.994855,0.486586,-0.227954,-0.788324,-0.767257,0.377883,1.249205,-0.742089,0.468062,-0.295891,0.475072,-0.028069,0.159424,-0.5645,0.143243,1.463562,-1.217624,1.375137,-0.322314,-0.384564,-0.034,0.679787,1.057433,0.600344,0.877125,1.782811,-0.464165,-0.217027,1.403595,-0.248202,0.716717,1.250229,0.224241,-0.285096,0.484205,-0.109655,-0.755046,0.19929,-0.226809,-0.960853,0.875657,-1.181265,0.196763,0.176948,-0.410412,-0.90019,1.621578,-0.205343,0.109849,0.313543,-1.184019,1.239137
238,"Ijiranaide, Nagatoro-san",anime_42361,-0.3737,0.81615,-0.313384,-0.240171,-0.29657,0.630434,0.480313,0.598875,-0.392852,1.126561,-0.879821,-0.843428,-1.225661,0.178428,-0.32396,-1.214549,-0.350714,-0.312112,0.400237,-1.066799,0.69768,-0.185274,0.996623,0.062757,0.307578,-0.818903,0.003574,1.647448,-1.001057,1.061578,-0.374769,-0.688061,-0.679128,0.480457,0.309681,0.86967,0.370478,1.281224,-0.178285,0.139737,0.908624,-0.607627,0.573907,0.499911,0.265838,-0.263476,-0.102598,-0.115896,-1.109003,0.759917,0.698128,-0.466807,0.646261,-1.336245,0.207366,0.185948,0.021295,-1.504984,1.588548,-0.008617,-0.304419,0.213689,-1.081996,0.804232
239,Koutetsujou no Kabaneri,anime_28623,-0.592006,0.255731,-0.135336,-0.183775,-0.354572,0.648227,0.262267,0.801149,-0.8866,0.636577,-0.805878,-0.953384,-0.528653,0.088468,-0.68864,-0.739391,-0.683065,0.130745,0.266585,-0.851724,1.033662,-0.433644,0.31658,-0.156105,0.64838,-0.700266,-0.107881,1.304093,-0.842933,1.191174,-0.629391,-0.395937,-0.107612,0.367559,0.632621,0.665301,0.479949,1.567163,-0.769097,-0.226989,1.239833,-0.347193,0.537231,0.377952,0.313574,-0.387114,0.46877,-0.220777,-0.318629,0.834452,0.252785,-0.895638,0.940906,-1.797282,0.175759,0.777446,0.045003,-0.612291,1.778058,-0.117496,-0.187926,0.024774,-0.886844,0.842331
240,Blue Lock,anime_49596,-0.986469,0.720988,-0.241782,-0.755609,0.580828,1.002225,0.84908,0.535269,-0.606528,-0.200535,-0.108574,-0.894031,-0.455636,1.102974,0.029447,-1.378227,-0.580637,0.51394,-0.440018,-1.0722,1.070575,0.192367,0.811849,-0.022837,0.752606,-1.485143,-0.186865,1.586764,-2.001612,0.802061,-0.902773,-0.17833,0.137661,-0.635895,0.87506,0.208813,0.266292,0.614697,0.106257,-0.719849,1.63468,0.163142,0.92995,1.099368,0.548477,0.437268,0.210014,-0.33671,-0.681862,1.305349,1.007322,-0.118131,1.395517,-1.5373,0.663654,0.068525,-0.507914,-1.024854,1.720821,0.14023,0.241207,0.523996,-1.225509,0.664161
241,Kono Subarashii Sekai ni Shukufuku wo! Movie: Kurenai Densetsu,anime_38040,-0.410801,0.737296,0.256143,-0.524517,0.185558,0.584561,0.350859,0.165632,-1.003889,0.899483,-0.659559,-0.563067,-1.009486,0.368211,-0.256197,-0.911268,-0.675011,0.345383,1.147182,-0.855861,0.472171,-0.277327,0.470116,-0.096996,0.195817,-0.614123,0.12896,1.450751,-1.174984,1.203768,-0.376743,-0.330092,-0.02064,0.768639,1.103104,0.677296,0.806793,1.749428,-0.471332,-0.264114,1.435033,-0.266906,0.770169,1.267647,0.334729,-0.342934,0.446793,-0.164992,-0.780558,0.213729,-0.135469,-0.926344,0.833901,-1.253181,0.252812,0.195059,-0.451787,-0.798109,1.626793,-0.163156,0.134737,0.336443,-1.122234,1.185507
242,Hotarubi no Mori e,anime_10408,-0.210954,0.319339,-0.12269,-0.09349,0.173042,0.813761,0.80169,0.629851,0.265657,0.642514,-0.156446,-0.86892,-0.489442,1.28742,-0.397377,-1.907908,-0.212474,0.408848,-0.223604,-1.074608,0.983329,0.252219,0.492222,-0.362546,0.49506,-1.356903,-0.190616,1.884558,-1.910839,1.963782,-0.5287,-0.667718,-0.235423,0.042098,0.140892,0.542421,1.553008,1.145283,0.549479,-0.373174,1.640834,-0.150437,0.807437,0.944928,0.181905,0.172107,-0.449578,-0.066384,-0.436689,1.351419,0.011522,-0.423544,1.849342,-1.168491,-0.196475,-0.472398,-0.018279,-0.798922,1.432819,0.631356,-0.469891,0.061253,-1.072553,1.113208
243,Shimoneta to Iu Gainen ga Sonzai Shinai Taikutsu na Sekai,anime_29786,-0.517285,0.567088,0.316203,-0.397972,0.137286,0.638851,0.219396,0.269813,-0.774777,0.60857,-0.708115,-0.449229,-1.007026,0.256608,-0.21834,-0.565346,-0.796721,0.108471,0.932801,-0.885404,0.333759,-0.369918,0.353104,-0.2566,0.202774,-0.635775,0.372021,1.332487,-1.049655,1.392027,-0.319027,-0.2973,0.013489,0.565116,0.999145,0.712433,0.658082,1.72402,-0.472027,-0.240897,1.237415,-0.205766,0.678427,0.705741,0.457059,-0.245379,0.329891,-0.019539,-0.713938,0.233722,-0.446267,-0.645933,0.614121,-1.280571,0.342166,0.073556,-0.368858,-0.669465,1.586001,0.052018,0.104317,0.296908,-0.966566,1.082153
244,Ookami to Koushinryou,anime_2966,-0.486718,0.55824,0.226422,-0.482451,0.003289,0.358244,0.395995,0.171583,-1.07309,0.987841,-0.622695,-0.699239,-1.028336,0.307966,-0.200908,-0.842872,-0.794301,0.134547,1.187957,-0.904881,0.27408,-0.239421,0.529015,-0.346525,0.220377,-0.690491,0.162306,1.691692,-0.96039,1.298698,-0.337713,-0.417712,0.08672,0.518382,0.886724,0.662447,0.72802,1.547749,-0.69099,-0.03374,1.377976,-0.07012,0.622671,1.221547,0.506897,-0.343285,0.430602,0.085449,-0.798541,0.319994,-0.107081,-0.736111,0.56905,-1.342827,0.279639,0.452745,-0.677444,-0.715059,1.328478,-0.185469,0.421269,0.030146,-0.944875,1.066739
245,Zero no Tsukaima,anime_1195,-0.477882,0.599535,0.279104,-0.438907,0.106601,0.523183,0.263266,0.283952,-0.997296,0.718618,-0.604696,-0.579406,-0.998743,0.364509,-0.216762,-0.679995,-0.693169,0.25704,1.120744,-0.85864,0.39671,-0.429872,0.439346,-0.139223,0.146852,-0.573267,0.232051,1.389095,-1.078191,1.416143,-0.284344,-0.372853,-0.032934,0.639831,0.98487,0.60734,0.774201,1.741068,-0.539075,-0.21425,1.34258,-0.207265,0.711389,0.980521,0.335316,-0.325699,0.42108,-0.089477,-0.745762,0.267253,-0.342582,-0.870121,0.738087,-1.200637,0.287588,0.110247,-0.362707,-0.765577,1.550481,-0.122361,0.15878,0.307771,-1.079407,1.10066
246,Ookami Kodomo no Ame to Yuki,anime_12355,-0.597799,0.354049,-0.337741,-0.13801,-0.377775,0.604833,0.2797,0.647541,-1.090487,0.762955,-1.014913,-0.872712,-0.592615,0.055677,-0.480334,-0.687978,-0.750641,-0.073872,0.206148,-0.894344,1.051541,-0.679551,0.41569,-0.31012,0.695448,-0.679235,-0.052461,1.34945,-0.691714,1.273297,-0.514132,-0.327055,0.066581,0.675439,0.753351,0.691898,0.374191,1.519549,-0.909617,-0.222181,1.372443,-0.276368,0.551389,0.487059,0.488994,-0.079205,0.435415,-0.120822,-0.216821,0.758705,0.577748,-0.904107,0.797224,-1.787473,0.227907,0.729668,-0.123777,-0.675306,1.746704,0.124447,0.003996,-0.062434,-0.977427,0.817174
247,Toaru Majutsu no Index,anime_4654,-0.447018,0.486631,0.413924,-0.584312,0.272045,0.416173,0.350517,0.391527,-1.007545,0.728774,-0.514673,-0.540185,-1.136411,0.438118,-0.16826,-0.631396,-0.898888,0.360302,1.25016,-0.784139,0.452658,-0.314762,0.389846,-0.024782,0.14622,-0.599666,0.255368,1.529001,-1.193993,1.380898,-0.199041,-0.440015,0.088263,0.446719,1.069778,0.633792,1.014349,1.81509,-0.442728,-0.283911,1.303002,-0.371891,0.604756,1.111274,0.309291,-0.382512,0.576599,-0.267549,-0.746196,0.226782,-0.487394,-1.073261,0.730516,-1.200509,0.113464,0.131424,-0.240255,-0.903002,1.477399,-0.225463,0.132614,0.152816,-1.100917,1.376593
248,Tate no Yuusha no Nariagari Season 2,anime_40356,-0.49982,0.616664,0.154199,-0.515266,0.007569,0.512551,0.345251,0.261235,-1.211126,1.049185,-0.546105,-0.835338,-0.941673,0.324944,-0.295605,-0.863487,-0.689347,0.283641,1.108691,-0.850877,0.39425,-0.137628,0.574606,-0.1169,0.261005,-0.62745,0.117359,1.681874,-1.111541,1.207114,-0.418211,-0.375184,-0.080851,0.518509,1.073458,0.488311,0.769272,1.616399,-0.635305,0.040637,1.27143,-0.13348,0.681609,1.269675,0.373051,-0.281079,0.518857,0.004802,-0.936861,0.392769,-0.050555,-0.779748,0.688923,-1.179536,0.333549,0.534895,-0.472261,-0.721905,1.536196,-0.158181,0.325079,0.096915,-1.186162,0.974468
249,InuYasha,anime_249,-0.982798,0.796704,-0.359894,-0.647958,0.347843,0.881096,0.612508,0.707694,-0.638808,0.046714,0.002776,-0.893442,-0.461135,1.113038,0.030762,-1.282971,-0.546421,0.387919,-0.316936,-1.113877,1.151171,0.020548,0.696515,-0.043985,0.706842,-1.51204,-0.173436,1.668215,-1.953258,0.943138,-0.699666,-0.147744,0.248436,-0.501961,0.705843,0.333966,0.500011,0.58076,-0.016045,-0.645003,1.493991,0.146963,0.924496,1.222873,0.670018,0.311665,0.264714,-0.401374,-0.541342,1.185426,1.024768,-0.274731,1.300791,-1.352418,0.746296,0.025921,-0.702802,-0.976827,1.705954,0.164108,0.369519,0.604668,-1.258777,0.545783
250,Higurashi no Naku Koro ni,anime_934,-0.066822,0.603533,-0.195786,-0.014895,0.092535,1.156072,-0.207244,0.860987,-0.940571,0.433814,-0.517133,-0.639762,-1.212046,-0.263215,-0.85896,-1.221148,-0.598138,0.316607,1.01597,-0.65847,0.591381,0.19127,0.278904,-0.02596,0.939021,-0.330101,-0.191878,1.561248,-1.022343,1.040151,-0.587414,-0.224227,-0.167907,0.137949,0.825974,0.851726,0.449686,1.2058,-0.461114,0.246357,0.888932,-0.430518,0.63909,1.045218,-0.738831,-0.218639,0.67698,0.319752,-1.037962,0.856866,0.570746,-0.857211,0.499726,-1.067524,0.505668,0.723473,0.309967,-0.796678,1.853703,-0.454403,0.001689,-0.176265,-1.023386,1.062989
251,Boku wa Tomodachi ga Sukunai,anime_10719,-0.455999,0.532302,0.099645,-0.273172,-0.124567,0.590023,0.317708,0.197862,-0.861823,0.70378,-0.787336,-0.698755,-0.816962,0.086137,-0.220494,-0.584355,-0.646982,-0.049401,0.915759,-0.971663,0.314262,-0.271819,0.486558,-0.303024,0.227317,-0.679575,0.156335,1.425332,-0.961475,1.167461,-0.365476,-0.474645,-0.045634,0.372047,0.991078,0.591156,0.595311,1.537543,-0.586035,-0.106335,1.228835,-0.03576,0.57902,0.8419,0.554269,-0.305578,0.454043,0.211118,-0.739443,0.423222,-0.11911,-0.477078,0.626323,-1.328824,0.48691,0.334998,-0.532184,-0.582217,1.44084,-0.001402,0.356681,0.252078,-1.054862,0.859893
252,Owari no Seraph: Nagoya Kessen-hen,anime_28927,-0.953985,0.722823,-0.306191,-0.743936,0.358368,0.93644,0.477483,0.718121,-0.662681,0.079626,-0.054972,-1.037671,-0.425456,1.222431,-0.062953,-1.200146,-0.470852,0.353479,-0.22086,-0.99082,1.112333,0.082352,0.675336,0.063113,0.875613,-1.432047,-0.0238,1.663908,-2.073921,1.051579,-0.779233,-0.049882,0.211982,-0.543466,0.845144,0.31392,0.691354,0.607269,0.056447,-0.706748,1.525684,0.194495,0.940247,1.367049,0.526101,0.420991,0.321663,-0.351195,-0.53074,1.19243,0.874325,-0.280447,1.433885,-1.422388,0.839368,-0.059685,-0.612525,-1.04675,1.679123,0.182626,0.317365,0.48356,-1.227181,0.708899
253,Yamada-kun to 7-nin no Majo,anime_28677,-1.008391,0.759178,-0.281058,-0.619264,0.378637,0.918966,0.610408,0.656746,-0.468001,0.057561,-0.172332,-0.902974,-0.456966,0.996099,-0.008269,-1.201224,-0.441562,0.265678,-0.329992,-1.197148,1.075771,-0.070652,0.725791,-0.159185,0.911296,-1.521162,-0.089965,1.63884,-1.875623,1.072614,-0.726211,-0.174388,0.223216,-0.444528,0.671199,0.427234,0.437204,0.61947,-0.108703,-0.723586,1.51959,0.170816,0.830281,1.240264,0.77291,0.338255,0.22098,-0.305147,-0.495894,1.188974,1.032871,-0.258882,1.286038,-1.538517,0.841616,-0.093741,-0.667933,-0.932605,1.587614,0.277721,0.479497,0.510996,-1.171864,0.574396
254,Kage no Jitsuryokusha ni Naritakute!,anime_48316,-0.434944,0.591188,0.144435,-0.470291,0.064629,0.580876,0.329043,0.124073,-0.970772,0.915226,-0.570191,-0.832791,-0.892503,0.167375,-0.233673,-0.768216,-0.650955,0.094416,1.092396,-0.873646,0.318976,-0.127169,0.63337,-0.135488,0.345289,-0.635043,-0.003398,1.540688,-1.109511,1.068409,-0.462906,-0.47665,-0.090461,0.499979,1.116412,0.614462,0.689435,1.667289,-0.536298,-0.052722,1.239522,-0.185695,0.604478,1.203816,0.515248,-0.272061,0.448571,0.085255,-0.82444,0.403346,0.037187,-0.677956,0.712829,-1.317989,0.356809,0.432287,-0.43951,-0.779784,1.527423,-0.149627,0.373505,0.119699,-1.184979,1.06956
255,Shingeki no Kyojin: The Final Season - Kanketsu-hen,anime_51535,-0.934613,0.690421,-0.346119,-0.716823,0.392377,0.997653,0.544379,0.702106,-0.672366,0.042802,-0.116292,-0.904378,-0.367192,1.241684,-0.165147,-1.319309,-0.597881,0.403213,-0.276345,-1.031124,1.1157,0.099553,0.637264,0.027145,0.77924,-1.535474,0.004416,1.651901,-2.00068,1.051619,-0.860803,-0.10433,0.245569,-0.436827,0.701807,0.356215,0.576722,0.581461,0.051542,-0.559474,1.542392,0.144283,0.843728,1.315687,0.581191,0.379169,0.286906,-0.337261,-0.556632,1.223392,0.879903,-0.262355,1.409267,-1.402981,0.774664,0.021009,-0.557842,-1.015885,1.79695,0.165569,0.35854,0.512123,-1.125475,0.613588
256,High School DxD BorN,anime_24703,-0.456032,0.579609,0.135133,-0.374313,0.041571,0.562186,0.261727,0.253901,-0.938716,0.688194,-0.702015,-0.699716,-0.898749,0.219107,-0.234519,-0.543776,-0.730084,0.02018,1.044522,-0.887666,0.300697,-0.291265,0.499116,-0.222875,0.186501,-0.693491,0.288979,1.511231,-1.034052,1.323384,-0.33904,-0.45879,-0.023128,0.388583,0.955269,0.576949,0.732217,1.614704,-0.560134,-0.045039,1.239744,-0.051619,0.601918,0.906291,0.541315,-0.181321,0.453098,0.16814,-0.706794,0.405824,-0.203924,-0.540646,0.595637,-1.328368,0.343657,0.323623,-0.514647,-0.696116,1.470189,-0.033424,0.346278,0.178487,-1.065926,1.015719
257,Mob Psycho 100 III,anime_50172,-0.43095,1.019269,-0.126625,-0.334679,0.051399,0.668964,0.003698,0.657284,-0.276306,0.838004,-0.803259,-0.521097,-1.214624,0.281434,-0.650902,-1.041149,-0.597434,-0.088954,0.705975,-0.888125,0.696166,-0.233082,0.625448,0.141834,0.389308,-0.70924,0.320718,1.700531,-0.945574,1.327804,-0.524898,-0.483559,-0.61367,0.54665,0.322076,0.539021,0.441436,1.238205,-0.139738,0.063225,0.856092,-0.402232,0.546212,0.694429,0.171823,-0.077236,-0.170119,-0.190607,-0.79292,0.555385,0.690593,-0.590242,0.745202,-1.292654,0.399299,0.059072,-0.088195,-1.578871,1.990111,0.008571,-0.065844,0.309558,-1.029674,0.876175
258,Free!,anime_18507,-0.650134,0.386123,-0.11906,-0.191643,-0.100691,0.567435,0.34077,0.86196,-0.699816,0.336038,-0.964835,-0.919564,-0.878942,-0.089261,-0.480807,-0.501011,-0.698551,0.05702,0.053901,-0.978446,0.894123,-0.481692,0.557904,-0.225035,0.496651,-0.755087,0.214899,1.380522,-0.980543,1.247602,-0.551548,-0.412303,-0.277471,0.199575,0.529276,0.406536,0.300504,1.685957,-0.713659,-0.382705,1.275784,-0.224675,0.545112,-0.083307,0.218747,-0.306422,0.452108,-0.166737,-0.410265,0.74742,0.068398,-0.505136,0.734839,-1.868647,0.058904,0.619979,0.090816,-0.433135,1.661191,0.073811,-0.504747,0.236506,-1.115047,0.813879
259,Sword Art Online: Alicization - War of Underworld,anime_39597,-0.437085,0.632181,0.397183,-0.483971,0.301284,0.407526,0.378527,0.262266,-1.038978,0.734652,-0.485406,-0.614367,-1.132727,0.422999,-0.137692,-0.867581,-0.726011,0.421687,1.251669,-0.731946,0.474196,-0.367047,0.504186,-0.132254,0.007235,-0.647091,0.222715,1.573357,-1.086937,1.346792,-0.146283,-0.334879,0.07674,0.666636,1.068146,0.550832,0.927762,1.774329,-0.519601,-0.370268,1.319115,-0.29137,0.681062,1.217801,0.332705,-0.411575,0.491679,-0.15943,-0.807291,0.179964,-0.361495,-1.172052,0.910374,-0.98595,0.104916,0.126733,-0.251142,-0.84814,1.576093,-0.316911,0.091213,0.323401,-1.136696,1.234471
260,Kakegurui××,anime_37086,-0.90875,0.720168,-0.33037,-0.648714,0.374867,0.948789,0.670413,0.744714,-0.577508,0.02775,-0.230118,-0.835264,-0.585012,1.188623,-0.10794,-1.241516,-0.509539,0.344378,-0.425868,-1.06539,1.151044,0.047565,0.717545,0.039464,1.011948,-1.463829,-0.045801,1.736357,-2.014388,0.915946,-0.75755,-0.124467,0.148236,-0.410526,0.712691,0.438001,0.470779,0.696763,-0.046018,-0.688784,1.407231,0.095291,0.942524,1.226519,0.562658,0.297036,0.304899,-0.487424,-0.616423,1.19944,1.006364,-0.41703,1.242714,-1.474472,0.733089,-0.059875,-0.489332,-0.847337,1.646783,0.245279,0.21646,0.476507,-1.172847,0.6165
261,Toki wo Kakeru Shoujo,anime_2236,0.024469,0.471528,-0.109905,0.087206,-0.33797,0.958611,0.194422,0.947439,-0.799429,0.77905,-0.560435,-0.869009,-1.354217,-0.049554,-0.810795,-1.451397,-0.843126,0.040066,0.840251,-0.521076,0.514629,0.07827,0.320844,0.310014,0.37838,-0.665612,-0.270672,1.429758,-1.073793,0.845363,-0.562357,0.11707,-0.058273,0.260817,0.474058,0.171496,0.125874,1.326474,-0.747225,-0.487853,1.514663,-0.667282,0.151161,0.585352,-0.478602,-0.28149,0.456008,-0.365746,-0.607536,0.778317,0.848513,-1.218487,0.591088,-1.054931,0.317856,0.6727,0.249455,-1.092382,2.240547,0.237966,-0.042766,0.108725,-1.275757,0.905083
262,Vinland Saga Season 2,anime_49387,-1.045124,0.584015,-0.267032,-0.491794,0.080783,0.540718,0.880387,0.603869,-0.775117,0.922675,-0.212645,-0.835968,-0.389486,1.035749,-0.016537,-1.902247,-0.2901,0.885582,-0.167103,-0.931726,0.931911,-0.009771,1.076784,-0.144052,0.869003,-1.596439,0.050856,1.454259,-1.731472,1.194751,-0.858137,-0.112334,-0.449006,-0.675791,0.464699,0.741966,1.065046,1.060778,0.274977,-0.123061,1.484612,-0.459543,1.136425,1.257877,0.297651,0.60994,-0.073436,-0.338712,-1.038589,0.949223,0.856181,-0.901519,1.648949,-1.155614,0.419795,0.032706,-0.185526,-1.325131,1.8622,0.552434,-0.650575,0.419309,-1.004326,1.125471
263,Tonikaku Kawaii,anime_41389,-0.874519,0.838754,-0.266606,-0.569749,0.244758,0.907728,0.670012,0.439377,-0.354358,-0.054906,0.00217,-0.789332,-0.507749,0.892387,0.133869,-1.233581,-0.243803,0.103268,-0.301801,-1.300682,1.076902,0.034916,0.740836,-0.197909,0.867338,-1.514377,-0.292128,1.404616,-1.748339,0.924851,-0.80432,-0.245165,0.263829,-0.496221,0.733929,0.563589,0.326536,0.383244,0.014216,-0.764338,1.650106,0.249892,0.821017,1.1161,0.852443,0.301155,0.146324,-0.085516,-0.479122,1.066431,1.055632,0.014365,1.179816,-1.73042,1.003593,-0.110984,-0.691842,-0.98685,1.578259,0.220628,0.496377,0.580189,-1.068457,0.567122
264,Trigun,anime_6,-1.044798,0.820282,-0.307365,-0.684413,0.507747,0.773051,0.663607,0.823429,-0.646769,-0.047289,0.098276,-0.960048,-0.494656,1.266616,0.020202,-1.38557,-0.642535,0.602632,-0.288173,-1.016487,1.099544,-0.043961,0.732736,-0.01585,0.604875,-1.508246,-0.179654,1.655378,-1.823749,1.095504,-0.875816,-0.085619,0.136235,-0.224931,0.641946,0.335379,0.600297,0.562195,0.042367,-0.548387,1.498559,0.012034,0.943298,1.278312,0.35783,0.453594,0.141753,-0.379346,-0.608553,1.087875,1.118192,-0.499504,1.582987,-1.157527,0.788265,-0.197594,-0.541364,-1.009487,1.943744,0.153836,0.19479,0.782173,-1.264941,0.615196
265,Wonder Egg Priority,anime_43299,-0.66838,0.443485,-0.232585,-0.190895,-0.338397,0.767326,0.255092,0.921032,-0.893768,0.716389,-0.941345,-0.842037,-0.709575,0.247699,-0.746086,-0.462506,-0.640096,0.024817,0.284364,-0.826447,1.004245,-0.560642,0.310893,-0.188919,0.752024,-0.638454,0.212371,1.333797,-0.883607,1.449363,-0.594726,-0.302289,0.013385,0.415797,0.645011,0.467373,0.563838,1.48132,-0.782817,-0.370824,1.152516,-0.305455,0.486982,0.428611,0.199683,-0.234472,0.494166,-0.220827,-0.249694,0.793947,0.20956,-0.930339,0.632036,-1.904857,0.244013,0.615856,-0.084779,-0.384788,1.676574,0.152099,-0.230411,-0.008605,-0.866916,0.956367
266,NHK ni Youkoso!,anime_1210,-0.071596,0.598032,-0.129061,-0.027961,-0.499814,1.031652,0.29386,0.756679,-0.894781,0.931278,-0.712862,-1.044832,-1.198332,-0.093726,-0.632329,-1.178122,-0.693382,-0.246332,0.984176,-0.534559,0.454092,0.130087,0.45484,0.335563,0.72834,-0.755407,-0.492315,1.297495,-0.955577,0.790252,-0.619735,0.137082,0.038097,0.145203,0.637377,0.259276,0.199862,1.217895,-0.496389,-0.493139,1.492791,-0.495092,0.140003,0.803487,-0.256953,-0.437458,0.336744,-0.047133,-0.712054,0.785477,1.098455,-1.060708,0.497412,-1.436656,0.404267,0.6439,0.104776,-0.961896,2.082612,0.120659,0.132128,-0.030754,-1.202874,1.00226
267,Kuroko no Basket 3rd Season,anime_24415,-1.043458,0.692534,-0.248519,-0.715654,0.572093,0.894037,0.801856,0.771381,-0.472964,-0.114928,-0.112295,-0.904603,-0.624251,1.077037,-0.028091,-1.395305,-0.551012,0.551917,-0.513246,-0.999401,1.062287,0.072795,0.829517,-0.029355,0.803601,-1.398882,-0.112324,1.659134,-1.965117,0.871424,-0.820891,-0.081199,0.122797,-0.555968,0.763463,0.255153,0.262614,0.752396,0.033273,-0.829572,1.569777,0.04911,0.922123,1.04082,0.487397,0.445642,0.286559,-0.492657,-0.720208,1.185545,0.945155,-0.302277,1.382874,-1.477475,0.681528,-0.014832,-0.395355,-1.017168,1.730328,0.223102,0.203348,0.612911,-1.234839,0.66346
268,Sakamoto desu ga?,anime_32542,-1.066138,0.588173,-0.160085,-0.335624,0.107799,0.744838,0.858668,0.758244,-0.388702,0.732017,-0.2904,-0.830834,-0.45901,0.749961,0.036664,-1.717056,-0.142778,0.630886,-0.302121,-0.981711,0.761549,-0.011103,1.210808,-0.319211,0.93026,-1.521239,0.209592,1.355626,-1.704499,1.15467,-0.678362,-0.084281,-0.42758,-0.766772,0.559084,0.716596,0.885256,1.167634,0.409141,-0.383249,1.407025,-0.456121,1.132754,0.836262,0.373427,0.710988,-0.15345,-0.374161,-1.203107,0.908905,0.839341,-0.653963,1.512793,-1.422685,0.312176,-0.21001,-0.087075,-1.213952,1.776762,0.774582,-0.717274,0.515102,-0.888507,1.172804
269,Domestic na Kanojo,anime_37982,-1.013509,0.69226,-0.359999,-0.634211,0.266333,0.851303,0.61866,0.786353,-0.521011,0.114359,-0.137483,-0.921286,-0.634593,1.133479,-0.056244,-1.208343,-0.517256,0.284134,-0.363713,-1.08955,1.118518,0.012809,0.711596,-0.1448,0.828792,-1.45664,-0.062141,1.745085,-1.928102,0.946783,-0.705698,-0.132045,0.272306,-0.718224,0.580982,0.308518,0.478131,0.550867,-0.1629,-0.812692,1.435302,0.163383,0.856449,1.221209,0.583908,0.352891,0.376712,-0.351727,-0.602098,1.150981,0.800516,-0.18852,1.086046,-1.443759,0.762251,0.023234,-0.693185,-0.920256,1.521003,0.348575,0.419843,0.44027,-1.134299,0.609212
270,Shinsekai yori,anime_13125,-0.073245,0.469066,-0.114002,0.001587,-0.279902,1.129066,0.238324,1.135639,-0.710041,0.811959,-0.662108,-1.051725,-1.297696,-0.045873,-1.020624,-1.365876,-0.732959,0.245925,1.079444,-0.465851,0.821174,0.28752,0.161502,0.479805,0.695336,-0.439162,-0.465198,1.337714,-1.051601,0.755448,-0.655292,0.122723,0.0629,0.041435,0.616447,0.12561,0.20407,1.28024,-0.654481,-0.687761,1.369822,-0.862116,0.24851,0.836176,-0.614499,-0.310802,0.523377,-0.40545,-0.799806,0.828896,0.988505,-1.565058,0.598956,-1.261962,0.228835,0.80009,0.419791,-1.060292,2.346491,0.077013,0.012102,0.101002,-1.188702,1.22794
271,Ao no Exorcist: Kyoto Fujouou-hen,anime_33506,-1.130872,0.784182,-0.301786,-0.693253,0.598068,0.786476,0.540858,0.939675,-0.436666,-0.011963,-0.040834,-0.853288,-0.609888,1.204211,-0.112423,-1.314524,-0.616138,0.467377,-0.32075,-0.926617,1.070476,-0.187986,0.680523,0.021737,0.882125,-1.436281,0.110891,1.729042,-1.97379,1.296066,-0.801906,-0.044047,0.117008,-0.409765,0.543752,0.442982,0.559883,0.81703,-0.078047,-0.798365,1.397935,0.05537,0.889985,1.258564,0.442855,0.58361,0.289786,-0.458575,-0.473,1.121719,0.810401,-0.46123,1.397451,-1.339928,0.776787,-0.130883,-0.48453,-1.102546,1.851866,0.344362,0.313755,0.586098,-1.226277,0.791765
272,Yahari Ore no Seishun Love Comedy wa Machigatteiru. Kan,anime_39547,-0.369309,0.644867,0.138443,-0.318799,0.039419,0.537334,0.237578,0.259095,-0.778389,0.658952,-0.702069,-0.653563,-1.038107,0.275603,-0.128595,-0.524183,-0.712915,-0.080514,0.923432,-0.889738,0.334099,-0.250216,0.52213,-0.300869,0.161047,-0.756798,0.194482,1.412663,-1.051116,1.140443,-0.235003,-0.496464,-0.017717,0.322914,0.884502,0.608251,0.634807,1.646564,-0.551409,-0.212505,1.160225,-0.058994,0.588563,0.789906,0.517734,-0.222073,0.382173,0.181719,-0.753203,0.295074,-0.260476,-0.434585,0.479134,-1.346293,0.268557,0.239937,-0.553716,-0.694202,1.43385,-0.011567,0.175098,0.29578,-1.014276,1.001436
273,Seishun Buta Yarou wa Yumemiru Shoujo no Yume wo Minai,anime_38329,-0.490291,0.480751,0.364551,-0.508765,0.154432,0.388925,0.221496,0.355353,-0.947284,0.781345,-0.662225,-0.646091,-1.227225,0.386714,-0.251411,-0.492066,-0.75288,0.040462,1.101372,-0.887884,0.339478,-0.413571,0.450189,-0.297338,0.270925,-0.658142,0.479778,1.563944,-1.107532,1.510466,-0.143699,-0.339658,0.088117,0.283864,0.860811,0.602787,0.791096,1.812808,-0.676854,-0.276593,1.306892,-0.057654,0.581477,0.927536,0.49358,-0.342204,0.589837,-0.035766,-0.748264,0.364194,-0.549297,-0.718911,0.421214,-1.446573,0.197202,0.258317,-0.513326,-0.799906,1.198884,-0.034108,0.290982,0.021443,-0.879578,1.185305
274,Perfect Blue,anime_437,-0.135454,0.388455,-0.090143,-0.003399,-0.387199,1.124665,0.264706,0.953895,-0.715587,0.699351,-0.754423,-0.98586,-1.223294,-0.026227,-0.973888,-1.457318,-0.886223,0.183576,0.953114,-0.309603,0.5299,0.289666,0.261156,0.330856,0.500949,-0.501666,-0.421651,1.415412,-0.88782,0.709292,-0.690058,0.265623,0.091548,0.218858,0.596998,0.11026,0.088413,1.282208,-0.590556,-0.536849,1.519135,-0.90632,0.179454,0.689184,-0.463676,-0.229859,0.390172,-0.404934,-0.80737,0.82213,1.102089,-1.515474,0.630318,-1.25354,0.257325,0.818811,0.282034,-1.044949,2.38903,0.101205,0.129636,0.069509,-1.181424,1.097583
275,Boku no Hero Academia the Movie 1: Futari no Hero,anime_36896,-1.175719,0.768485,-0.30148,-0.748675,0.437358,0.798561,0.733889,0.777345,-0.72468,-0.200007,0.04013,-1.161296,-0.328578,1.200103,-0.132256,-1.315348,-0.594653,0.550589,-0.331803,-0.930833,1.04229,-0.00056,0.719758,0.15585,0.698959,-1.648902,-0.069113,1.748297,-1.855661,1.186874,-0.995005,-0.088432,0.042978,-0.386099,0.799393,0.439933,0.599907,0.464196,0.122926,-0.485969,1.315647,-0.048838,0.697407,1.2645,0.388664,0.43929,0.221135,-0.383715,-0.615384,1.163909,0.847738,-0.53792,1.523528,-1.301502,0.86442,-0.223446,-0.215309,-0.933642,1.939263,0.171493,0.239111,0.63355,-1.357769,0.775239
276,Arifureta Shokugyou de Sekai Saikyou,anime_36882,-0.465173,0.588077,0.156087,-0.485959,0.062719,0.536773,0.321853,0.272355,-1.225406,0.964784,-0.56574,-0.865821,-0.831842,0.281892,-0.266908,-0.788424,-0.687453,0.336922,1.189024,-0.89634,0.394035,-0.280603,0.558941,-0.134751,0.175869,-0.627454,0.075132,1.605518,-1.097003,1.258333,-0.320258,-0.414202,-0.101079,0.661448,1.079635,0.47834,0.776914,1.643744,-0.596663,0.026146,1.347846,-0.184321,0.691988,1.267775,0.413598,-0.369298,0.467948,-0.06344,-0.903268,0.371434,-0.031374,-0.852909,0.797606,-1.154835,0.281391,0.422992,-0.446698,-0.747345,1.536493,-0.244268,0.291162,0.21902,-1.20808,0.981207
277,Rokudenashi Majutsu Koushi to Akashic Records,anime_32951,-0.520565,0.55734,0.254402,-0.448357,0.177517,0.43378,0.182476,0.462022,-1.10187,0.704852,-0.586089,-0.945476,-1.034511,0.281422,-0.146659,-0.496567,-0.652299,0.095225,0.97514,-0.787987,0.330465,-0.304667,0.666197,-0.12645,0.154778,-0.752929,0.295174,1.560513,-1.267638,1.310701,-0.106445,-0.350879,-0.098586,0.346236,1.02835,0.439861,0.865198,1.882781,-0.614786,-0.086039,1.121612,-0.032052,0.63392,0.962381,0.523662,-0.225727,0.554307,0.071153,-0.967768,0.409751,-0.269554,-0.690299,0.761527,-1.127182,0.215068,0.222831,-0.303176,-0.833321,1.503064,-0.130765,0.13996,0.166366,-1.187337,1.022247
278,Boku no Hero Academia 6th Season,anime_49918,-1.153321,0.731426,-0.28592,-0.738032,0.501341,0.748112,0.68839,0.879668,-0.606248,-0.109971,-0.041708,-1.075945,-0.51847,1.140582,-0.099096,-1.257424,-0.566755,0.534829,-0.44506,-0.947371,1.071307,-0.053916,0.763182,0.044603,0.777154,-1.560735,-0.058478,1.77166,-1.885177,1.13659,-0.879184,-0.052709,0.072111,-0.416422,0.715193,0.394118,0.520196,0.614509,0.013614,-0.628504,1.324475,-0.041239,0.750008,1.184546,0.486692,0.402063,0.288336,-0.436241,-0.66423,1.106587,0.841334,-0.503374,1.425741,-1.307085,0.848754,-0.191986,-0.280879,-0.912069,1.854265,0.236279,0.223383,0.642864,-1.354829,0.707304
279,Kusuriya no Hitorigoto,anime_54492,-0.417635,0.518501,0.13488,-0.419798,-0.086819,0.604239,0.461773,0.053982,-1.068052,0.875714,-0.863366,-0.663329,-0.936297,0.305444,-0.164458,-0.960515,-0.912353,-0.035868,0.746197,-0.853214,0.206772,-0.151166,0.437728,-0.077351,0.52434,-0.898255,0.193464,1.611145,-1.088159,1.134728,-0.374421,-0.476076,-0.053632,0.516723,0.976655,1.006976,0.687025,1.704185,-0.735819,0.009918,1.158195,-0.159852,0.542873,1.108579,0.530607,-0.15196,0.388922,0.061497,-0.648372,0.512313,-0.244666,-0.740939,0.754278,-1.30378,0.179653,0.472731,-0.452107,-0.85647,1.322777,-0.069365,0.168387,-0.066048,-1.13461,1.003807
280,5-toubun no Hanayome ∬,anime_39783,-0.98621,0.726984,-0.29821,-0.592914,0.299665,0.929325,0.71094,0.65046,-0.435337,0.031103,-0.13211,-0.955058,-0.470994,0.878313,0.052359,-1.239719,-0.364144,0.272655,-0.327257,-1.189021,1.05672,0.010357,0.837281,-0.210311,0.797742,-1.467768,-0.199769,1.604149,-1.76488,0.969621,-0.731658,-0.188516,0.268957,-0.498573,0.738172,0.368197,0.360897,0.526069,-0.034216,-0.737176,1.593304,0.119977,0.818944,1.142754,0.760817,0.313917,0.29849,-0.291437,-0.609614,1.159953,1.059143,-0.219887,1.319289,-1.570889,0.870101,-0.108048,-0.615541,-0.942957,1.539716,0.246452,0.491854,0.576957,-1.172858,0.550563
281,Hai to Gensou no Grimgar,anime_31859,-0.523781,0.616091,0.344091,-0.57128,0.174575,0.472797,0.290614,0.297349,-1.142522,0.929099,-0.489572,-0.63116,-1.102293,0.517711,-0.261829,-0.85921,-0.745126,0.409829,1.217368,-0.787671,0.442365,-0.346039,0.457439,-0.075622,0.194975,-0.55045,0.236443,1.521842,-1.137674,1.458545,-0.322671,-0.292042,-0.019516,0.665501,1.022704,0.586011,0.859482,1.80106,-0.581249,-0.219201,1.346155,-0.279381,0.736841,1.221638,0.198934,-0.31479,0.493739,-0.207358,-0.835513,0.265186,-0.377916,-1.074757,0.797992,-1.133024,0.220353,0.23179,-0.34628,-0.876317,1.572166,-0.187341,0.148285,0.160438,-1.098513,1.20747
282,K,anime_14467,-0.680999,0.303698,-0.240811,-0.30009,-0.431284,0.587853,0.44745,0.746823,-1.064742,0.598404,-0.838766,-1.21585,-0.557073,0.028825,-0.625206,-0.817029,-0.782997,0.073119,0.257343,-0.940106,0.841514,-0.432811,0.4852,-0.014666,0.645641,-0.887448,-0.17884,1.444283,-0.692997,1.26729,-0.735343,-0.567594,-0.204003,0.605199,0.633596,0.811934,0.561419,1.36358,-0.835796,-0.133789,1.233769,-0.526037,0.3873,0.559184,0.283219,-0.200923,0.210282,-0.064628,-0.319786,0.68297,0.364757,-0.980733,1.094096,-1.786646,0.24013,0.742666,0.151058,-0.630506,1.667958,-0.184252,-0.248441,-0.06654,-1.099472,0.973928
283,Monster Musume no Iru Nichijou,anime_30307,-1.014127,0.509975,-0.273832,-0.246607,-0.204584,0.733309,1.01326,0.737561,-0.5393,0.833826,-0.273326,-0.756766,-0.279794,0.836532,0.02421,-1.829205,-0.113707,0.640419,-0.003726,-1.070854,0.741801,-0.120114,1.165803,-0.171567,0.891693,-1.431748,0.075682,1.297473,-1.721806,1.139916,-0.63496,-0.226714,-0.364062,-0.869601,0.573852,0.647336,1.003115,1.060869,0.409595,-0.444084,1.542996,-0.412902,1.178556,1.076849,0.270731,0.602672,-0.05599,-0.424045,-1.064555,1.021128,0.849345,-0.780747,1.529704,-1.365615,0.351354,-0.123264,-0.152213,-1.255245,1.70799,0.644176,-0.505108,0.412969,-0.896969,1.208459
284,Kiznaiver,anime_31798,-0.57242,0.306247,-0.254588,-0.246355,-0.595382,0.518861,0.227661,0.918526,-0.942482,0.597057,-0.764763,-0.796129,-0.936166,0.035214,-0.637959,-0.673063,-0.82586,-0.053852,0.202111,-0.947728,0.897036,-0.493365,0.29627,-0.045003,0.62182,-0.501798,-0.000816,1.465121,-0.746014,1.256352,-0.635972,-0.532569,-0.046642,0.34591,0.435091,0.499325,0.783107,1.347623,-1.024316,-0.319545,1.551354,-0.331541,0.461145,0.499665,0.186396,-0.321206,0.491392,-0.273576,-0.158852,0.663479,0.132731,-0.753061,0.769964,-1.82884,0.330942,0.629408,-0.123359,-0.63593,1.378973,0.070943,-0.116345,0.041882,-0.92142,0.672326
285,Chuunibyou demo Koi ga Shitai! Ren,anime_18671,-0.421043,0.561796,0.278676,-0.294494,0.059549,0.4052,0.244836,0.253581,-0.65321,0.580309,-0.640452,-0.640219,-1.081006,0.18351,-0.16391,-0.57716,-0.58882,-0.058863,0.831924,-0.961677,0.329792,-0.360629,0.427871,-0.31728,0.305692,-0.69064,0.215429,1.279636,-0.966,1.236714,-0.268521,-0.356172,-0.110762,0.388274,0.959573,0.737128,0.509535,1.727135,-0.542535,-0.342462,1.223813,-0.03311,0.557246,0.693905,0.462345,-0.333909,0.432232,0.129177,-0.76625,0.305669,-0.299598,-0.523009,0.596691,-1.447644,0.44542,0.257687,-0.424984,-0.727276,1.436624,-0.047342,0.17379,0.337958,-0.917996,0.972806
286,Isekai Maou to Shoukan Shoujo no Dorei Majutsu,anime_37210,-0.458416,0.570313,0.095126,-0.357462,-0.120223,0.613944,0.301555,0.188008,-1.04979,0.818499,-0.677659,-0.75094,-0.796248,0.147085,-0.271312,-0.6786,-0.631771,0.079549,1.063465,-0.918688,0.335456,-0.245293,0.528336,-0.138197,0.262743,-0.627339,0.104646,1.494679,-1.07484,1.172563,-0.405943,-0.486608,-0.081591,0.482944,1.035765,0.559851,0.713571,1.566464,-0.599449,0.001236,1.289999,-0.058727,0.644989,1.082522,0.503805,-0.278712,0.455984,0.132204,-0.766466,0.422969,-0.060176,-0.584059,0.674193,-1.274538,0.418644,0.376712,-0.445122,-0.674692,1.515517,-0.07967,0.404369,0.182188,-1.137754,0.912113
287,Nanatsu no Taizai: Kamigami no Gekirin,anime_39701,-1.065101,0.88405,-0.254852,-0.705554,0.495476,0.833522,0.577703,0.822485,-0.787355,0.098221,0.169119,-1.11427,-0.413759,1.204303,0.050165,-1.304126,-0.366143,0.568146,-0.157498,-1.09798,1.165301,0.010176,0.78302,-0.002342,0.604121,-1.52009,-0.14871,1.694449,-2.014044,1.125446,-0.634751,0.004782,0.162256,-0.381483,0.863312,0.126451,0.607083,0.577706,0.033347,-0.618786,1.510303,0.159732,0.972003,1.354772,0.561585,0.316291,0.249557,-0.405686,-0.773082,1.139006,1.10853,-0.399904,1.498807,-1.227716,0.757169,-0.092951,-0.599119,-1.012036,1.861289,0.084434,0.262279,0.678523,-1.341258,0.561163
288,91 Days,anime_32998,-0.56566,0.349081,-0.197234,-0.274338,-0.423266,0.607606,0.236926,0.671982,-0.946249,0.589512,-0.945035,-0.880542,-0.704378,0.041272,-0.55692,-0.715346,-0.841048,0.01062,0.176399,-0.796332,0.801535,-0.36596,0.421193,-0.196251,0.641526,-0.807819,-0.010945,1.495435,-0.802069,1.226966,-0.699875,-0.423164,-0.048426,0.614284,0.52938,0.629553,0.643999,1.446704,-0.9054,-0.108876,1.40609,-0.339207,0.493786,0.480509,0.452213,-0.204956,0.251275,-0.138733,-0.172291,0.665938,0.349553,-0.870874,0.960111,-1.757427,0.17027,0.689912,-0.073128,-0.579621,1.622271,-0.096619,-0.212325,-0.021046,-1.030537,0.695529
289,Hellsing,anime_270,-1.03271,0.47176,-0.285446,-0.458102,0.039383,0.600068,0.935158,0.681495,-0.645543,0.905923,-0.231019,-1.028706,-0.377942,0.945339,-0.054529,-1.846446,-0.239011,0.723061,-0.016309,-0.820577,0.816667,0.122723,1.268333,-0.186189,0.876347,-1.54102,0.05501,1.522029,-1.7857,1.143248,-0.794362,-0.192876,-0.382776,-0.81566,0.483382,0.767504,1.098006,1.104841,0.404998,-0.170833,1.535065,-0.506503,1.177394,1.213529,0.282826,0.73149,-0.081259,-0.38776,-1.16606,1.029695,1.003883,-0.889252,1.728848,-1.386965,0.255369,0.028296,-0.141189,-1.334578,1.815127,0.517087,-0.50442,0.345556,-0.901088,1.329977
290,Youkoso Jitsuryoku Shijou Shugi no Kyoushitsu e 2nd Season,anime_51096,-0.370511,0.551529,0.244817,-0.478062,0.140936,0.657303,0.297725,0.376215,-0.993414,0.715958,-0.759571,-0.650203,-1.146334,0.460365,-0.24839,-0.414129,-0.728985,0.031121,0.874388,-0.784047,0.392891,-0.158324,0.510122,-0.205614,0.221193,-0.746506,0.428101,1.541933,-1.249309,1.274351,-0.255601,-0.361397,0.080343,0.311256,0.99017,0.53021,0.83829,1.767616,-0.53107,-0.106541,1.084566,-0.173444,0.575864,0.806072,0.465728,-0.319845,0.5461,-0.025145,-0.881025,0.435708,-0.394837,-0.730681,0.484874,-1.362154,0.198962,0.195137,-0.4126,-0.615512,1.371096,-0.066621,0.009369,0.125522,-1.037964,1.138137
291,Tsurezure Children,anime_34902,-1.029383,1.073907,-0.97,-0.868362,0.648592,1.200925,0.421896,0.779124,-0.740961,0.897022,0.037123,-0.500644,-0.87667,1.059895,-0.000726,-1.102061,0.097586,0.127793,-0.438109,-1.388555,0.814341,-0.625227,0.775898,-0.276865,0.962494,-0.810994,-0.14151,1.319023,-1.509979,0.845506,0.216906,0.561724,-0.075628,-0.516685,1.139629,0.293691,0.540553,0.845675,-0.830726,-1.082403,1.439839,0.290121,0.546331,1.285514,1.039733,0.183463,0.682995,-0.330776,-0.558095,0.896074,1.573392,0.177133,1.229167,-1.35987,0.865776,-0.012271,0.099833,-1.171838,2.283428,0.218628,0.58022,-0.108694,-1.130855,0.308522
292,Mashle,anime_52211,-1.089621,0.784395,-0.226641,-0.667786,0.477996,0.934251,0.55992,0.766641,-0.490979,-0.096983,-0.113726,-0.857255,-0.498024,1.077479,-0.087462,-1.384824,-0.487749,0.459697,-0.387825,-1.027386,1.127674,-0.121888,0.692034,0.062199,0.86318,-1.468056,0.010885,1.598098,-2.063902,1.045972,-0.812467,0.033599,0.102267,-0.298108,0.742227,0.471591,0.561195,0.738091,0.004167,-0.759697,1.51371,0.109142,0.977,1.298461,0.518562,0.429733,0.276165,-0.477473,-0.581733,1.092535,0.854289,-0.415295,1.4788,-1.339739,0.798119,-0.284482,-0.379211,-1.058942,1.883509,0.321722,0.217804,0.709277,-1.189759,0.679224
293,Sword Art Online Movie: Ordinal Scale,anime_31765,-0.473079,0.477136,-0.149715,-0.247222,-0.262178,0.425814,0.402951,0.726795,-0.978948,0.648794,-0.685814,-0.725506,-0.876207,0.067545,-0.538353,-0.992661,-0.842716,0.275565,0.36175,-0.519729,0.834425,-0.476002,0.640693,-0.131307,0.219264,-0.752718,0.043512,1.57137,-0.907458,0.975908,-0.732976,-0.392364,-0.262018,0.686768,0.379787,0.512729,0.646147,1.514131,-0.808536,-0.357013,1.347409,-0.524771,0.344132,0.630383,0.096974,-0.279836,0.461333,-0.362026,-0.149573,0.379355,0.351823,-1.110576,1.108078,-1.328099,0.332226,0.435227,-0.00203,-0.755367,1.891778,0.092402,-0.455792,0.385217,-1.258651,0.815072
294,Bocchi the Rock!,anime_47917,-0.440794,0.71442,-0.651532,-0.03831,-0.074117,1.327131,0.768925,0.570018,-0.471622,1.198656,-0.779361,-0.93095,-0.404633,0.427866,-0.744422,-1.34302,0.03339,0.353609,-0.321653,-1.434443,0.382102,-0.326216,0.299374,0.126406,0.61795,-0.611696,-0.07814,1.097242,-0.741077,1.17867,-0.261568,-0.492787,-0.786809,0.027201,0.892108,0.725285,0.514702,1.744778,-0.174469,-0.177676,0.568955,-0.369323,0.650747,0.095364,0.25647,-0.287243,0.031345,0.368633,-0.747147,0.589123,0.465019,0.022906,0.841479,-0.980909,-0.133409,0.357367,0.524229,-1.108479,2.23037,0.174477,-0.574601,0.177251,-0.713745,1.288553
295,Nana,anime_877,-0.300637,0.417552,-0.14481,-0.058039,0.055803,0.759207,0.940618,0.592544,0.293184,0.755498,-0.1004,-0.940772,-0.523438,1.29783,-0.384163,-2.155317,-0.327323,0.51008,-0.055866,-0.865333,0.891682,0.369675,0.706358,-0.366659,0.339567,-1.326297,-0.35606,1.748654,-1.865858,1.659745,-0.675732,-0.711567,-0.349757,0.117275,0.017693,0.566653,1.399456,1.164293,0.622812,-0.433239,1.494443,-0.206457,0.839477,1.080666,-0.129046,0.113576,-0.523419,-0.176567,-0.547297,1.173015,0.019108,-0.547795,1.882681,-0.896726,-0.154091,-0.652813,0.039868,-0.803136,1.549097,0.571863,-0.635894,0.223418,-1.027913,1.153714
296,Nisemonogatari,anime_11597,-0.461688,0.638234,0.225581,-0.371049,0.042124,0.620945,0.319329,0.11316,-0.766952,0.877904,-0.699752,-0.556181,-0.888869,0.269997,-0.258793,-0.701734,-0.806262,-0.03385,1.049109,-0.982396,0.288778,-0.262245,0.422082,-0.259601,0.393347,-0.742801,0.237575,1.414699,-0.974986,1.313737,-0.369891,-0.395327,-0.011092,0.521614,1.032251,0.78651,0.583435,1.681872,-0.555053,-0.198359,1.241491,-0.151631,0.625589,0.984171,0.539751,-0.190471,0.245703,0.064309,-0.594989,0.377571,-0.080962,-0.621195,0.697956,-1.415305,0.42285,0.393816,-0.568921,-0.731002,1.55132,-0.069513,0.358396,0.087746,-0.935587,1.049316
297,Shokugeki no Souma: San no Sara - Tootsuki Ressha-hen,anime_36949,-1.122531,0.753116,-0.348373,-0.634208,0.351488,0.929246,0.783034,0.84764,-0.391921,0.085831,-0.205777,-0.747741,-0.656967,1.040139,-0.054798,-1.308241,-0.596007,0.474505,-0.450382,-1.000155,1.057756,-0.146347,0.670923,-0.042092,0.799555,-1.334623,-0.095041,1.620331,-1.952659,1.006819,-0.816728,-0.098905,0.255005,-0.375536,0.546808,0.439681,0.464787,0.629546,-0.027396,-0.810934,1.472732,-0.056862,0.937658,1.077599,0.591806,0.337071,0.162862,-0.475412,-0.503118,1.022999,0.879814,-0.398513,1.256749,-1.326239,0.861342,-0.203198,-0.432615,-0.88336,1.779873,0.383718,0.330404,0.608252,-1.289938,0.608336
298,Nanatsu no Taizai: Seisen no Shirushi,anime_31722,-1.131587,0.894904,-0.230509,-0.670562,0.493413,0.820751,0.547328,0.874711,-0.714645,0.025712,0.162552,-0.973446,-0.447663,1.255282,0.008886,-1.459242,-0.394211,0.652523,-0.196832,-1.01725,1.185408,-0.098747,0.716055,0.082289,0.647672,-1.424587,-0.106792,1.630156,-2.031061,1.190885,-0.697985,0.033119,0.111577,-0.264401,0.774732,0.204144,0.620677,0.664714,0.012229,-0.725912,1.496783,0.102901,1.020506,1.366136,0.361682,0.358189,0.228465,-0.509846,-0.704109,1.093594,1.014881,-0.582246,1.586676,-1.130811,0.7825,-0.232377,-0.475566,-1.058244,1.968635,0.146313,0.178719,0.788314,-1.330194,0.601165
299,Eromanga-sensei,anime_32901,-0.442878,0.641155,0.125253,-0.270813,-0.083479,0.610825,0.223667,0.245998,-0.840414,0.612808,-0.730743,-0.422231,-0.967795,0.230507,-0.294895,-0.719575,-0.599069,0.048644,0.975056,-0.914573,0.360993,-0.398956,0.253651,-0.084821,0.264625,-0.534319,0.219445,1.231451,-1.030426,1.23381,-0.384849,-0.434182,0.00861,0.554869,0.945897,0.756367,0.717395,1.674964,-0.497805,-0.32809,1.33172,-0.04104,0.687323,0.79828,0.406157,-0.336405,0.3502,0.049297,-0.519201,0.198422,-0.322069,-0.708759,0.691276,-1.313362,0.445389,0.080732,-0.37009,-0.623766,1.592113,0.022245,0.186657,0.407248,-0.98988,1.009245
300,Hotaru no Haka,anime_578,-0.067155,0.624808,0.021001,-0.032044,-0.314558,0.868304,0.333499,0.418789,-0.874717,1.296978,-0.598832,-0.829766,-1.078026,0.157989,-0.40029,-1.698995,-0.99456,-0.147428,0.68475,-0.57529,0.45322,0.051086,0.471188,0.122505,0.740296,-0.997704,-0.499771,1.665258,-0.984327,1.057878,-0.641566,0.08278,-0.065289,0.380283,0.715676,0.614302,0.19826,1.332227,-0.901544,-0.055257,1.357922,-0.527635,0.189107,0.979615,-0.220101,-0.386623,0.372834,-0.166693,-0.421474,1.005954,0.840968,-1.077856,0.647143,-1.054718,0.273234,0.668364,0.065057,-1.14083,1.9971,0.17901,0.094031,-0.486558,-1.253088,0.726347
301,Kenpuu Denki Berserk,anime_33,-0.976119,0.561218,-0.292963,-0.50835,-0.070994,0.579693,0.934343,0.690016,-0.845647,0.994274,-0.178091,-0.932201,-0.354793,1.007869,0.005785,-1.826622,-0.171388,0.722771,-0.067273,-0.938825,0.862756,0.055612,1.262954,-0.110515,0.904606,-1.529511,0.001951,1.426605,-1.856771,1.157441,-0.759765,-0.183534,-0.427031,-0.849292,0.56783,0.746982,1.15967,1.047471,0.353054,-0.191046,1.455527,-0.426692,1.187745,1.302442,0.274284,0.623768,-0.014679,-0.349965,-1.200944,1.017193,0.914979,-0.8076,1.645213,-1.314757,0.391506,-0.042725,-0.20686,-1.339338,1.757827,0.527482,-0.63874,0.326357,-0.961353,1.285955
302,Yofukashi no Uta,anime_50346,-0.990605,0.691223,-0.312464,-0.658054,0.349207,0.879952,0.557676,0.729388,-0.464305,0.110945,-0.095761,-1.03672,-0.508043,1.1013,-0.014297,-1.256323,-0.44344,0.175383,-0.205876,-1.028165,1.096808,-0.011058,0.712124,-0.040698,0.936386,-1.443093,0.008007,1.723761,-2.045031,1.067828,-0.699736,-0.225316,0.255008,-0.542734,0.637691,0.411574,0.5196,0.630687,-0.017277,-0.738569,1.647654,0.197624,0.92016,1.252324,0.587968,0.296311,0.246615,-0.427071,-0.522302,1.225021,1.04036,-0.233979,1.215251,-1.677647,0.747815,-0.055002,-0.717634,-0.974963,1.46013,0.255957,0.420605,0.595685,-1.131279,0.687275
303,Kimetsu no Yaiba: Hashira Geiko-hen,anime_55701,-1.062665,0.780547,-0.280184,-0.78387,0.556083,0.841041,0.49732,0.722994,-0.534093,0.004213,-0.093427,-1.002459,-0.435834,1.089097,-0.006801,-1.243819,-0.733768,0.339421,-0.405925,-0.977376,1.101382,0.006469,0.777323,-0.05494,0.863156,-1.759311,-0.023108,1.786819,-2.002828,1.102396,-0.807265,-0.097886,0.18783,-0.439905,0.649443,0.436663,0.444187,0.741711,-0.064021,-0.459384,1.461957,0.114089,0.785203,1.236058,0.755011,0.491479,0.239317,-0.338126,-0.406267,1.238184,1.094605,-0.337359,1.42688,-1.442012,0.730055,-0.057343,-0.582194,-1.201573,1.765238,0.250808,0.400325,0.610091,-1.274529,0.562741
304,Ore dake Level Up na Ken Season 2: Arise from the Shadow,anime_58567,-0.525111,0.86199,-0.176684,-0.293462,-0.172304,0.481922,0.203499,0.782677,-0.558214,1.03157,-0.749483,-0.483287,-1.185818,0.333827,-0.589101,-1.423328,-0.612625,0.19374,0.745751,-0.909257,0.67078,-0.369119,0.618193,0.272441,0.288228,-0.497841,0.133644,1.75677,-1.020411,1.179224,-0.433011,-0.480329,-0.661454,0.758514,0.309076,0.575957,0.547783,1.267183,-0.207004,0.100921,0.975167,-0.48976,0.742662,0.853706,-0.037386,-0.324559,-0.149062,-0.491516,-1.052138,0.511493,0.661811,-0.833977,0.816158,-1.021331,0.263367,0.123536,0.011215,-1.487218,1.937547,-0.158853,-0.206956,0.328073,-1.070651,0.793988
305,Yuu☆Yuu☆Hakusho,anime_392,-1.061073,0.790803,-0.378785,-0.624919,0.504943,0.878376,0.610682,0.736537,-0.540448,0.025431,-0.027683,-0.982488,-0.462817,1.15449,-0.069012,-1.322859,-0.566918,0.354283,-0.191081,-0.988883,1.021158,-0.050182,0.71207,-0.013269,0.831998,-1.486003,-0.00046,1.751925,-1.905437,1.194193,-0.838136,-0.169526,0.227289,-0.430625,0.623462,0.433838,0.483027,0.596597,0.003653,-0.558499,1.468747,0.137776,0.840228,1.282072,0.587215,0.442242,0.282026,-0.268476,-0.480524,1.207031,0.958093,-0.303102,1.294112,-1.472135,0.780392,-0.037312,-0.621315,-1.092772,1.669902,0.282349,0.464044,0.445625,-1.219879,0.80803
306,K-On!!,anime_7791,-0.39918,0.581503,-0.655054,0.025794,-0.088163,1.281823,0.813694,0.741283,-0.434959,1.137932,-0.763406,-0.866969,-0.502263,0.426472,-0.808666,-1.488456,0.025636,0.359249,-0.456171,-1.260849,0.266633,-0.346197,0.37064,0.188188,0.54347,-0.49218,-0.017139,1.288395,-0.779076,1.098935,-0.194292,-0.385001,-0.765688,0.019742,0.862228,0.722923,0.466465,1.842333,-0.22273,-0.221013,0.645934,-0.472101,0.58308,-0.057429,0.123715,-0.175918,0.155742,0.171997,-0.804537,0.575853,0.530765,-0.152887,0.954976,-1.013595,-0.236559,0.319134,0.706206,-1.281163,2.24244,0.241931,-0.569943,0.156761,-0.789701,1.339803
307,Ousama Ranking,anime_40834,-0.473593,0.98578,-0.177764,-0.251293,-0.065588,0.565607,0.299557,0.735126,-0.74201,1.399055,-0.63806,-0.792641,-1.009364,0.437748,-0.439362,-1.332632,-0.167914,0.325806,0.803047,-1.292665,0.980152,-0.465896,0.533911,0.091717,0.340945,-0.440646,-0.136216,1.685982,-1.044794,1.363646,-0.144326,-0.471296,-0.533301,0.74858,0.636323,0.507452,0.68865,1.207136,-0.140819,-0.044629,0.93208,-0.481204,0.992318,1.006559,0.096377,-0.616372,-0.082975,-0.373633,-1.164802,0.750154,0.78757,-0.821391,0.749,-1.034941,0.132805,0.329908,-0.198894,-1.222746,1.761928,-0.291657,-0.249608,0.140722,-1.111095,0.848835
308,Accel World,anime_11759,-0.368569,0.465226,0.267851,-0.445243,0.157253,0.34908,0.382835,0.322011,-0.991427,0.609196,-0.602424,-0.784002,-1.156559,0.279765,-0.130925,-0.561083,-0.79858,0.083964,0.997863,-0.813829,0.41579,-0.321584,0.613186,-0.153516,0.131068,-0.731583,0.224673,1.572471,-1.036906,1.19941,-0.208518,-0.524651,-0.012803,0.32722,0.973609,0.589566,0.840545,1.727601,-0.571867,-0.138004,1.239971,-0.161118,0.559226,0.95105,0.465362,-0.345612,0.60122,0.079408,-0.823977,0.366702,-0.31149,-0.74186,0.659864,-1.190095,0.179349,0.26967,-0.281759,-0.792444,1.350862,-0.165588,0.16821,0.240396,-1.096242,1.077114
309,Great Pretender,anime_40052,-0.516339,0.439942,-0.139449,-0.251481,-0.331242,0.45469,0.387415,0.629762,-0.989355,0.736639,-0.735782,-0.938678,-0.694554,0.098245,-0.580421,-0.895263,-0.752764,0.131232,0.365042,-0.837323,0.721775,-0.452901,0.497829,-0.240872,0.54607,-0.799028,-0.09109,1.439303,-0.738116,1.170878,-0.693431,-0.366687,-0.243659,0.739536,0.484929,0.753845,0.505528,1.477342,-0.899335,-0.183845,1.396247,-0.309374,0.486919,0.599359,0.355329,-0.22163,0.12702,-0.149374,-0.237953,0.488021,0.496736,-0.953425,1.073606,-1.713385,0.205647,0.706015,-0.085792,-0.697638,1.790897,-0.136836,-0.292632,0.026091,-1.037675,0.850479
310,Nisekoi:,anime_27787,-0.990067,0.730291,-0.308144,-0.564824,0.315418,0.909121,0.703358,0.696374,-0.387103,0.012498,-0.106802,-0.91889,-0.479943,0.922704,-0.008837,-1.276462,-0.355887,0.327248,-0.33695,-1.168316,1.052045,-0.057585,0.769789,-0.175654,0.813468,-1.414096,-0.178847,1.589649,-1.763002,0.988379,-0.743741,-0.14324,0.216348,-0.435768,0.708125,0.40346,0.363216,0.576022,-0.033376,-0.788824,1.594416,0.092356,0.825878,1.1362,0.693899,0.316478,0.283498,-0.364808,-0.557356,1.129202,0.992649,-0.286931,1.343194,-1.562975,0.869503,-0.134151,-0.552262,-0.954476,1.595196,0.256923,0.448127,0.645801,-1.147582,0.565709
311,Mushoku Tensei II: Isekai Ittara Honki Dasu,anime_51179,-0.496661,0.560636,0.109702,-0.491952,-0.054815,0.593801,0.39982,0.180999,-1.156554,1.084562,-0.60046,-0.717422,-0.916282,0.279793,-0.274669,-0.834629,-0.696762,0.198133,1.150621,-0.925462,0.349255,-0.191803,0.545347,-0.149123,0.275464,-0.516849,0.064796,1.616188,-1.077298,1.159814,-0.421366,-0.440922,0.019658,0.503448,1.080251,0.541915,0.753494,1.572058,-0.610872,-0.054745,1.314845,-0.217372,0.713422,1.225309,0.447299,-0.390245,0.478553,-0.052852,-0.862881,0.40386,-0.073287,-0.732582,0.561991,-1.246006,0.349539,0.468835,-0.572872,-0.636575,1.402574,-0.119544,0.364928,0.039569,-1.14239,1.031776
312,Himouto! Umaru-chan,anime_28825,-0.984048,0.70062,-0.302635,-0.314947,0.100162,0.744269,0.866546,0.78856,-0.537874,0.858968,-0.317832,-0.88202,-0.498882,0.815823,0.100984,-1.725989,-0.021569,0.542169,-0.331323,-1.037048,0.753323,-0.073911,1.252207,-0.245918,0.980869,-1.598816,0.07833,1.23303,-1.658035,1.107526,-0.597355,-0.207962,-0.387734,-0.759927,0.594526,0.742686,0.965961,1.272784,0.41424,-0.47158,1.361367,-0.340802,1.160395,0.867444,0.458715,0.603247,-0.190181,-0.291122,-1.107195,0.865189,0.925729,-0.719145,1.678591,-1.347419,0.421301,-0.26971,-0.154427,-1.160258,1.740083,0.654021,-0.799924,0.504701,-0.978601,1.146399
313,Akagami no Shirayuki-hime,anime_30123,-0.210666,0.370991,-0.091122,0.018967,0.043366,0.854249,1.058813,0.665161,0.278182,0.632955,-0.096324,-0.896945,-0.493014,1.307595,-0.398906,-2.202703,-0.109189,0.38004,-0.19689,-0.974182,0.86975,0.286319,0.534658,-0.234388,0.627091,-1.355076,-0.155186,1.7516,-1.8796,1.912717,-0.539568,-0.692962,-0.445162,-0.074638,0.161993,0.654984,1.429924,1.059958,0.587927,-0.535093,1.451202,-0.149425,0.766573,0.998276,-0.143876,0.209805,-0.462767,-0.110588,-0.575322,1.360952,-0.182061,-0.403826,1.985544,-1.182972,-0.274263,-0.571917,0.179639,-0.902046,1.454734,0.696175,-0.735653,0.103922,-1.077465,1.221728
314,Satsuriku no Tenshi,anime_35994,-0.403511,0.587328,-0.202704,-0.296876,0.28433,1.136257,0.140368,0.828946,-0.373374,0.801081,-0.425652,-1.042624,-0.757622,0.330538,-0.89212,-1.160982,-0.434501,0.468179,0.389165,-1.120248,1.542503,0.394335,0.031667,0.444856,0.836776,-0.577004,-0.459139,1.764299,-1.150985,1.343694,-0.851838,-0.177338,0.06447,-0.175153,0.29886,0.557492,0.112709,0.987698,0.000112,-0.571708,0.508427,-0.742894,0.691076,0.91877,-0.248592,-0.499825,0.17365,0.135164,-0.65944,0.927111,1.053876,-0.79709,0.649444,-0.903283,-0.369532,0.685397,0.285753,-0.556603,2.191479,-0.684202,0.319173,0.262436,-0.856508,1.894932
315,Kuzu no Honkai,anime_32949,-1.070954,0.519081,-0.375028,-0.254262,-0.172982,0.659616,0.954812,0.920368,-0.546238,0.845831,-0.3168,-0.992716,-0.528747,0.991201,-0.017447,-1.814171,-0.14464,0.521389,-0.249308,-0.889479,0.759106,-0.065231,1.272381,-0.199411,0.812985,-1.515448,0.225017,1.413733,-1.768803,1.103434,-0.579671,-0.225372,-0.413765,-1.087317,0.338593,0.625388,1.00874,1.187212,0.255552,-0.504441,1.333167,-0.406239,1.123476,0.937631,0.053021,0.759156,0.020376,-0.372697,-1.198745,1.061938,0.685208,-0.700978,1.473068,-1.322168,0.190066,-0.136482,-0.163414,-1.303627,1.57415,0.81703,-0.733101,0.41229,-0.860968,1.232486
316,Ore Monogatari!!,anime_28297,-0.301861,0.445701,0.078573,-0.096898,-0.047457,0.523714,1.063904,0.478176,0.630005,0.635427,0.027047,-0.876062,-0.56925,0.975781,-0.181967,-2.18315,-0.158556,0.270148,0.093725,-0.86863,0.881701,0.431715,0.834909,-0.31382,0.525862,-1.268624,-0.486809,1.322322,-1.552987,1.546517,-0.71089,-0.731108,-0.408,-0.104054,0.184231,0.722947,0.908988,1.154472,0.752324,-0.651163,1.567239,-0.243681,0.697709,0.832934,-0.027558,0.108814,-0.523278,-0.113506,-0.681835,1.090559,0.248329,-0.450115,1.970893,-1.36935,0.27865,-0.661188,0.011399,-1.055637,1.474656,0.499947,-0.616022,0.493757,-0.827145,1.183373
317,3-gatsu no Lion,anime_31646,-0.855307,0.495925,-0.300584,-0.367786,-0.028309,0.586264,0.984094,0.464991,-0.782506,0.902514,-0.377621,-0.74583,-0.564421,0.859606,0.037857,-1.914586,-0.231615,0.606836,-0.141787,-1.115687,0.804584,-0.09149,1.166548,-0.18813,1.118363,-1.559494,0.058596,1.575463,-1.754134,1.002832,-0.822494,-0.174098,-0.461121,-0.742809,0.467168,0.81818,0.960977,1.042093,0.184762,-0.27562,1.386761,-0.419997,1.279562,1.254417,0.313068,0.569726,-0.055254,-0.324909,-1.015128,1.110012,0.895615,-0.836325,1.496361,-1.434296,0.443952,-0.108928,-0.183173,-1.38309,1.750351,0.713676,-0.514384,0.267494,-0.942833,1.288523
318,D.Gray-man,anime_1482,-1.037089,0.766537,-0.274249,-0.679724,0.459196,0.887061,0.628685,0.862224,-0.687188,0.126437,0.112079,-0.939426,-0.416985,1.170878,0.033386,-1.326392,-0.438319,0.561646,-0.173084,-1.158452,1.138736,-0.013602,0.729649,0.021156,0.703421,-1.519847,-0.09592,1.709275,-2.055309,1.077387,-0.657849,-0.076138,0.164224,-0.435801,0.826202,0.219519,0.561797,0.595425,0.072351,-0.596654,1.492973,0.145183,0.955363,1.265595,0.583344,0.302365,0.272582,-0.448632,-0.763439,1.121121,0.99825,-0.327262,1.321362,-1.30069,0.730582,-0.0286,-0.562225,-0.983499,1.831596,0.125509,0.275503,0.665961,-1.323463,0.590826
319,Shinmai Maou no Testament,anime_23233,-0.499571,0.524597,0.15542,-0.434141,0.04391,0.634832,0.268145,0.25686,-1.075773,0.758413,-0.726977,-0.785144,-0.772271,0.26899,-0.264293,-0.514195,-0.835516,0.063848,1.20155,-0.861829,0.293235,-0.317749,0.562696,-0.217775,0.118251,-0.78125,0.339082,1.599107,-1.067922,1.451685,-0.317755,-0.466203,0.01874,0.424101,0.984376,0.486518,0.790927,1.596981,-0.561758,0.073622,1.260785,-0.091427,0.602756,1.029106,0.537098,-0.172625,0.456986,0.137339,-0.684635,0.462268,-0.171596,-0.653736,0.716514,-1.238539,0.293615,0.25957,-0.513291,-0.737598,1.501242,-0.0604,0.406745,0.142583,-1.102062,1.045822
320,Rosario to Vampire,anime_2993,-1.000748,0.736543,-0.32065,-0.601461,0.284398,1.009296,0.653198,0.681974,-0.511901,0.099097,-0.098616,-0.951361,-0.429815,0.978627,0.024073,-1.223981,-0.373761,0.300813,-0.265471,-1.122222,1.085286,0.015737,0.756235,-0.100432,0.805485,-1.388331,-0.152347,1.60694,-1.908066,0.971108,-0.69654,-0.151616,0.289318,-0.481618,0.800809,0.318958,0.493422,0.55933,0.006774,-0.779937,1.599534,0.09734,0.946125,1.196785,0.692807,0.2849,0.251038,-0.409282,-0.589,1.167354,1.030453,-0.253372,1.350012,-1.495459,0.86966,-0.11535,-0.636418,-0.903872,1.587705,0.217512,0.429994,0.544393,-1.209501,0.585824
321,Blood Lad,anime_11633,-1.026461,0.609769,-0.256107,-0.31519,0.029384,0.725098,0.85149,0.662099,-0.542232,0.693119,-0.130585,-1.015139,-0.396119,0.891881,0.039469,-1.787594,-0.104156,0.641421,-0.05803,-0.886121,0.799814,0.045417,1.170446,-0.125014,0.791775,-1.408832,0.117282,1.369665,-1.756885,1.097469,-0.729242,-0.112344,-0.389778,-0.84565,0.63257,0.58211,1.092939,1.110678,0.457062,-0.393565,1.537613,-0.453186,1.254153,1.030569,0.190618,0.765858,-0.16689,-0.455362,-1.06833,1.026489,0.934666,-0.846601,1.761638,-1.40571,0.278563,-0.078917,-0.133056,-1.381395,1.814704,0.561558,-0.607334,0.44273,-0.924935,1.249835
322,Kamisama Hajimemashita,anime_14713,-0.246229,0.503638,-0.020074,-0.134004,0.272838,0.64972,0.878144,0.525612,0.463298,0.721339,-0.010257,-0.868793,-0.489414,1.145623,-0.255333,-1.884804,-0.233611,0.380661,0.102905,-0.995421,0.91852,0.289084,0.664175,-0.42348,0.498083,-1.336644,-0.241058,1.635526,-1.79626,1.882965,-0.58363,-0.67741,-0.352902,-0.053759,0.173857,0.57303,1.312899,1.155327,0.728234,-0.511481,1.526195,-0.155306,0.784291,0.992703,0.16087,0.152623,-0.512867,-0.071799,-0.495129,1.226587,0.151712,-0.313207,1.827964,-1.266615,0.0287,-0.4919,-0.192468,-0.880434,1.486,0.557642,-0.483541,0.173032,-0.969163,1.22366
323,Claymore,anime_1818,-1.130523,0.865184,-0.295234,-0.695988,0.462399,0.841328,0.563845,0.819921,-0.720978,0.063198,0.094894,-0.953898,-0.3976,1.22751,-0.04616,-1.435125,-0.446295,0.638332,-0.217883,-1.032027,1.17963,-0.026014,0.670177,0.094986,0.645306,-1.461889,-0.089046,1.555652,-2.043075,1.166292,-0.769977,-0.018882,0.147052,-0.274424,0.699892,0.302859,0.611114,0.65828,0.043366,-0.604878,1.55442,0.112961,0.974838,1.363777,0.438782,0.358844,0.216467,-0.433071,-0.671215,1.115795,0.970787,-0.452518,1.513222,-1.198176,0.846694,-0.169702,-0.482503,-1.017305,1.943488,0.16113,0.238813,0.721552,-1.25391,0.60458
324,Violet Evergarden Movie,anime_37987,-0.347591,0.298379,0.285968,-0.466811,-0.077452,0.607216,0.281261,0.123268,-1.074434,0.754685,-0.753225,-0.341131,-1.124339,0.548915,-0.388277,-0.803618,-0.853496,0.148491,0.828367,-0.746126,0.295983,-0.221242,0.14474,-0.106025,0.34024,-0.550674,0.354421,1.661771,-0.954179,1.258263,-0.427799,-0.216163,0.212659,0.514816,1.018461,0.855078,0.796899,1.753263,-0.735001,-0.175328,1.389603,-0.236808,0.618465,0.871662,0.482233,-0.108766,0.5757,-0.119045,-0.570171,0.362763,-0.584733,-0.977367,0.537732,-1.287732,0.2957,0.517243,-0.391067,-0.837119,1.352056,-0.073185,0.323625,-0.236833,-0.931475,1.217802
325,Ore no Imouto ga Konnani Kawaii Wake ga Nai,anime_8769,-0.367685,0.793031,-0.03554,-0.248361,-0.058588,0.704534,0.26354,0.133079,-0.8121,0.914025,-0.7468,-0.622831,-0.834984,-0.023373,-0.281327,-0.920356,-0.551013,-0.044307,0.797302,-0.994199,0.27356,-0.051555,0.40603,-0.181725,0.54895,-0.686353,-0.040063,1.398267,-0.883051,0.861183,-0.532639,-0.478183,-0.045412,0.585122,1.161244,0.776844,0.548213,1.597711,-0.482137,-0.098372,1.188289,0.100347,0.61755,0.975979,0.693377,-0.308816,0.26721,0.235332,-0.594968,0.213204,0.20305,-0.546666,0.781304,-1.376139,0.640257,0.443924,-0.502318,-0.487866,1.659832,-0.083753,0.331656,0.330484,-1.08722,0.769483
326,Monogatari Series: Second Season,anime_17074,-0.390575,0.542099,0.292412,-0.370404,0.093284,0.469696,0.2762,0.097992,-0.661966,0.814492,-0.697861,-0.759773,-0.956556,0.290801,-0.17395,-0.695234,-0.717516,-0.132819,1.010855,-0.91926,0.356572,-0.218071,0.362316,-0.282677,0.418366,-0.775696,0.205864,1.393224,-1.060897,1.216919,-0.279201,-0.425319,-0.045457,0.418086,1.03293,0.848699,0.592732,1.77558,-0.526099,-0.353224,1.259329,-0.095484,0.543837,0.980853,0.438452,-0.340033,0.350274,0.060429,-0.65753,0.405954,-0.117587,-0.667568,0.784418,-1.522826,0.341602,0.439167,-0.591462,-0.803161,1.378646,-0.143445,0.241262,0.175294,-0.906918,1.116652
327,Saiki Kusuo no Ψ-nan 2,anime_34612,-1.115346,0.789042,-0.239156,-0.686236,0.44568,0.944681,0.663288,0.697429,-0.454788,-0.007485,-0.12287,-0.850873,-0.446165,0.961402,-0.024642,-1.287036,-0.537461,0.401738,-0.476311,-1.105233,1.050576,0.030816,0.665124,-0.139311,0.8921,-1.520583,-0.087977,1.675198,-1.842969,1.038979,-0.86632,-0.078163,0.208828,-0.356384,0.772158,0.507,0.42722,0.529072,0.030381,-0.682314,1.401654,0.011481,0.795159,1.152766,0.698811,0.308965,0.16436,-0.399355,-0.619224,1.0723,0.906297,-0.284309,1.243333,-1.477079,0.904201,-0.188286,-0.497374,-0.798728,1.726176,0.32556,0.303636,0.577748,-1.209426,0.63845
328,Saenai Heroine no Sodatekata,anime_23277,-0.467155,0.570333,0.243506,-0.348716,0.047397,0.568602,0.221742,0.284911,-0.905157,0.607135,-0.731463,-0.466099,-1.01014,0.292805,-0.23279,-0.622187,-0.683643,0.133751,1.034132,-0.897897,0.356328,-0.512885,0.33745,-0.151886,0.208366,-0.543262,0.290858,1.286668,-1.016154,1.395503,-0.266411,-0.402194,0.023483,0.600364,0.943476,0.691195,0.76682,1.766258,-0.534626,-0.306494,1.340087,-0.124057,0.699783,0.822132,0.417873,-0.372485,0.40208,-0.06232,-0.601067,0.230768,-0.454869,-0.839526,0.707166,-1.253572,0.340313,-0.00542,-0.348148,-0.680786,1.481111,-0.050323,0.149853,0.336048,-0.989601,1.069664
329,Ergo Proxy,anime_790,-0.561031,0.273733,-0.213795,-0.236412,-0.456207,0.631287,0.301893,0.779652,-0.851806,0.558193,-0.97369,-0.90199,-0.686446,0.060713,-0.556646,-0.586335,-0.830885,0.038317,0.217297,-0.884796,0.931508,-0.371067,0.404148,-0.135344,0.664037,-0.72377,-0.122823,1.381405,-0.863339,1.141551,-0.695306,-0.518797,-0.032805,0.605759,0.581131,0.57538,0.623369,1.412911,-0.767243,-0.26697,1.294182,-0.493929,0.557472,0.450454,0.249328,-0.278983,0.257751,-0.162603,-0.246539,0.712433,0.531209,-0.922862,0.944536,-1.838889,0.200942,0.695873,-0.118897,-0.448518,1.552889,-0.12526,-0.214849,0.055064,-0.952841,0.83827
330,Barakamon,anime_22789,-0.281107,0.744017,-0.381023,-0.201372,-0.275921,0.760419,0.530518,0.59356,-0.556753,1.084176,-1.027215,-0.770404,-1.141926,0.27483,-0.454878,-1.460821,-0.609574,-0.099351,0.452292,-0.960981,0.818731,-0.084197,0.863376,0.130265,0.428035,-0.608954,-0.03401,1.678126,-0.886673,0.893274,-0.468535,-0.847423,-0.58165,0.522743,0.427957,0.707194,0.297811,1.340836,-0.202638,0.29148,0.821858,-0.579417,0.734241,0.627256,0.202766,-0.216705,-0.149897,-0.25269,-1.184002,0.940572,0.851357,-0.632099,0.723899,-1.152277,0.149427,0.269222,-0.139064,-1.501207,1.722175,-0.075631,-0.215161,0.281129,-1.178862,0.754455
331,Kaijuu 8-gou,anime_52588,-0.972925,0.674176,-0.315951,-0.680778,0.363964,0.824491,0.566658,0.854741,-0.602328,0.020288,-0.010891,-0.870443,-0.424769,1.157357,-0.032596,-1.260409,-0.612326,0.469294,-0.234998,-1.06568,1.059491,-0.060389,0.665628,0.073942,0.844239,-1.439591,-0.108969,1.617878,-2.018651,1.021038,-0.762546,-0.121735,0.162489,-0.4384,0.742563,0.383433,0.646869,0.63932,0.053385,-0.655493,1.518614,0.146606,0.937333,1.342751,0.489116,0.41158,0.271999,-0.397988,-0.532301,1.125599,0.953472,-0.302752,1.41446,-1.324466,0.800668,-0.112939,-0.533651,-1.058413,1.779366,0.169744,0.322698,0.57689,-1.200657,0.678299
332,School Days,anime_2476,-0.189866,0.596319,-0.14999,-0.085367,-0.18923,0.916408,-0.398252,0.722992,-1.175237,0.554815,-0.687309,-0.661208,-1.29924,-0.47181,-0.553918,-1.144557,-0.649979,-0.069481,0.966136,-0.501348,0.159249,-0.183751,0.562795,-0.24846,0.640099,-0.497572,0.137285,1.736708,-1.135918,1.091735,-0.45264,-0.116182,-0.285846,0.377053,0.49995,0.48775,0.62475,1.299142,-0.62267,0.055165,1.127356,-0.358926,0.382321,1.09565,-0.464214,-0.267519,0.6084,0.289441,-0.923939,0.735441,0.379942,-0.584281,0.606104,-0.878329,0.65739,0.546013,-0.041886,-0.939424,1.443307,-0.140731,-0.036441,-0.103588,-1.18498,0.62752
333,Little Witch Academia (TV),anime_33489,-0.58267,0.555413,-0.030458,-0.146323,-0.181168,0.571402,0.330342,0.660299,-0.854147,0.865434,-0.661032,-0.888569,-0.674641,0.081274,-0.381782,-0.65216,-0.418009,0.171573,0.315487,-1.044249,0.959658,-0.616874,0.515221,-0.492345,0.514593,-0.701664,-0.11889,1.248466,-0.794848,1.366259,-0.41707,-0.221592,-0.103807,0.604079,0.816154,0.531812,0.460842,1.501161,-0.677235,-0.495759,1.298265,-0.30932,0.61712,0.413966,0.366251,-0.405047,0.369235,-0.150456,-0.344435,0.615866,0.380675,-0.777433,0.890437,-1.709628,0.291961,0.62769,-0.223054,-0.464714,1.747025,-0.002374,-0.274056,-0.027354,-1.017316,0.832624
334,Bungou Stray Dogs 3rd Season,anime_38003,-1.092403,0.514572,-0.216759,-0.366347,-0.006904,0.515525,1.038485,0.637271,-0.585435,0.776573,-0.330955,-0.889542,-0.379289,0.991443,-0.121464,-2.00006,-0.271626,0.76838,-0.142523,-0.806117,0.676701,-0.088741,1.169222,-0.036784,1.009123,-1.49795,0.167615,1.426279,-1.708927,1.172193,-0.805201,-0.20565,-0.526339,-0.583179,0.445545,0.936326,1.09927,1.231482,0.30231,-0.354047,1.468724,-0.52917,1.157483,1.273678,0.13832,0.758982,-0.232255,-0.450934,-1.03766,0.934534,0.89421,-1.077754,1.825937,-1.231828,0.210456,-0.069181,0.071977,-1.307847,1.871526,0.581583,-0.673939,0.375117,-0.945246,1.302688
335,Gakusen Toshi Asterisk,anime_30544,-0.473889,0.515692,0.362535,-0.415397,0.135261,0.534659,0.233533,0.310067,-0.911853,0.598259,-0.619517,-0.467757,-1.043877,0.365392,-0.172634,-0.575943,-0.73833,0.195139,1.155693,-0.871414,0.374116,-0.492152,0.398926,-0.136871,0.144129,-0.589607,0.345225,1.330881,-1.124115,1.47484,-0.195532,-0.376049,0.022936,0.52993,0.976079,0.638434,0.820543,1.798866,-0.500314,-0.286295,1.333501,-0.181922,0.695523,0.866651,0.384724,-0.317636,0.456228,-0.100911,-0.698813,0.257195,-0.544077,-0.853676,0.679701,-1.233028,0.233386,0.018045,-0.302155,-0.830746,1.503867,-0.114278,0.146548,0.264055,-1.002933,1.181453
336,Blend S,anime_34618,-0.639501,1.008265,-0.865675,0.088945,0.077596,1.319429,0.654022,0.897335,-0.34685,1.086099,-0.548166,-0.795626,-0.50484,0.346021,-0.980862,-1.507411,0.040223,0.190032,-0.011725,-1.154779,0.468625,-0.513395,0.454462,0.394108,0.80934,-0.165291,-0.098019,0.86062,-0.275681,1.08585,-0.318865,-0.282821,-0.686423,0.006507,1.051337,0.642943,0.14209,1.527102,-0.222267,-0.372985,0.529542,-0.2573,0.521258,0.172734,-0.116688,-0.002993,0.085374,0.375444,-0.875482,0.253436,0.811604,-0.301133,0.865485,-1.239033,0.128193,0.197778,0.722985,-1.64412,2.589175,0.242696,-0.362887,0.411809,-0.580817,1.587745
337,Inuyashiki,anime_34542,-0.955314,0.544544,-0.3011,-0.413499,0.044551,0.712049,0.911962,0.807307,-0.659033,0.781172,-0.267174,-0.874291,-0.459988,1.058062,-0.104264,-1.675504,-0.225877,0.740876,-0.182319,-0.838999,0.941974,0.108047,1.1238,-0.04663,0.874449,-1.524,0.188696,1.413484,-1.895549,1.118941,-0.816274,-0.196989,-0.407811,-0.921796,0.48232,0.604048,1.201796,1.120075,0.391112,-0.244496,1.368502,-0.493669,1.093375,1.141915,0.134405,0.687532,0.041774,-0.375194,-1.096711,1.060901,0.862749,-0.878791,1.606186,-1.26759,0.334769,-0.097259,-0.064979,-1.259399,1.841787,0.660732,-0.726411,0.430347,-0.973827,1.276162
338,Amagi Brilliant Park,anime_22147,-0.411149,0.743452,0.281162,-0.493207,0.295053,0.419211,0.1992,0.074704,-0.707136,0.992033,-0.541409,-0.565553,-1.069112,0.305744,-0.172589,-0.755939,-0.85479,-0.02517,1.249974,-0.897553,0.35486,-0.383457,0.55033,-0.319133,0.506012,-0.760587,0.213672,1.458963,-0.950665,1.404483,-0.350471,-0.334614,0.04279,0.668484,1.046808,0.913674,0.60535,1.733139,-0.527265,-0.247896,1.354452,-0.119771,0.656128,1.199217,0.560229,-0.226159,0.279636,0.064037,-0.518026,0.177107,-0.130831,-0.72486,0.586775,-1.531088,0.339111,0.380674,-0.687956,-0.973188,1.519248,-0.1961,0.401771,0.093746,-0.861591,1.302777
339,Koukaku Kidoutai,anime_43,-0.961293,0.475951,-0.26972,-0.307588,-0.022697,0.687837,0.898613,0.759649,-0.528047,0.639639,-0.385308,-0.78638,-0.436808,1.014067,-0.165764,-1.82449,-0.22851,0.706776,-0.270758,-0.780019,0.805743,0.003886,1.114236,-0.014474,0.913374,-1.403512,0.189423,1.415067,-1.798867,0.979286,-0.740178,-0.214817,-0.38614,-0.743999,0.506141,0.726418,1.052566,1.260748,0.365879,-0.36941,1.497226,-0.552528,1.20425,1.01406,0.115835,0.733332,-0.075797,-0.547241,-1.091628,1.03291,1.007444,-0.959314,1.673727,-1.27322,0.21041,-0.090681,-0.033605,-1.192773,1.815711,0.653035,-0.703744,0.472774,-0.926804,1.213089
340,Watashi ga Motenai no wa Dou Kangaetemo Omaera ga Warui!,anime_16742,-0.367788,0.988279,-0.3135,-0.236529,-0.09671,0.704689,0.194368,0.702358,-0.430397,1.098445,-0.957699,-0.695127,-1.228979,0.189894,-0.429832,-1.131535,-0.371728,-0.249896,0.358897,-1.097994,0.596431,-0.358518,0.723976,0.08118,0.391558,-0.770255,0.133875,1.525815,-0.969043,1.124966,-0.292581,-0.587963,-0.593496,0.680576,0.420469,0.780871,0.471204,1.440252,-0.078025,-0.039289,0.830279,-0.413344,0.635523,0.45783,0.35452,-0.343255,-0.213312,-0.203795,-0.93344,0.562905,0.639222,-0.503773,0.835205,-1.242748,0.34487,0.004661,-0.074432,-1.321192,1.701417,0.003711,-0.414201,0.279706,-1.080839,0.746281
341,Gamers!,anime_34280,-0.374385,0.592834,0.151317,-0.322126,0.016299,0.515031,0.330478,0.214257,-0.875639,0.752575,-0.722028,-0.687391,-1.016527,0.18804,-0.13949,-0.686968,-0.72815,-0.05176,0.930951,-0.903166,0.335242,-0.260805,0.538545,-0.262616,0.265206,-0.768401,0.159881,1.478107,-0.976305,1.062109,-0.214675,-0.512555,0.02672,0.365408,1.013168,0.654242,0.654903,1.658676,-0.562448,-0.232622,1.168972,-0.023723,0.605385,0.933218,0.558668,-0.387087,0.419955,0.129187,-0.777174,0.31885,-0.197475,-0.57587,0.593173,-1.261945,0.295051,0.334791,-0.473846,-0.611102,1.365749,-0.135651,0.226253,0.22297,-1.015417,0.959976
342,Hataraku Saibou,anime_37141,-0.955695,0.832661,-0.176191,-0.535581,0.32426,0.976406,0.794149,0.435137,-0.390607,-0.152243,-0.197151,-0.795955,-0.342491,1.067277,0.089594,-1.337546,-0.526027,0.258303,-0.35579,-1.200891,0.936606,0.041608,0.657618,-0.146836,0.955357,-1.643672,-0.14354,1.479166,-1.75469,1.014409,-0.937773,-0.152355,0.184931,-0.430278,0.863696,0.533003,0.307367,0.389808,0.129026,-0.718742,1.447705,0.129389,0.777599,1.118832,0.801336,0.465975,0.074046,-0.140435,-0.436287,1.186985,0.906131,-0.147144,1.268503,-1.641976,0.854698,-0.049409,-0.584342,-0.925862,1.73286,0.323852,0.376626,0.481896,-1.159594,0.654648
343,Lucky☆Star,anime_1887,-0.470675,0.546757,-0.577344,-0.058831,-0.065628,1.162134,0.763662,0.797661,-0.435692,1.163186,-0.806803,-0.953845,-0.494044,0.289493,-0.749204,-1.391821,0.04694,0.451719,-0.281106,-1.365302,0.286105,-0.478348,0.300573,0.221207,0.657188,-0.46556,0.067796,1.274698,-0.868554,1.228242,-0.160268,-0.378815,-0.786123,-0.036338,0.813036,0.714332,0.587398,1.847601,-0.183026,-0.207738,0.607986,-0.449137,0.660233,-0.006821,0.214508,-0.297485,0.121121,0.194987,-0.8265,0.558835,0.419189,-0.147264,0.957612,-1.122554,-0.268242,0.258369,0.636707,-1.153212,2.167815,0.236969,-0.615905,0.250636,-0.73033,1.367352
344,Suki tte Ii na yo.,anime_14289,-0.251976,0.341582,-0.25454,-0.071154,0.135152,0.813837,1.11646,0.750259,0.24497,0.867534,-0.121796,-1.254919,-0.610299,1.181924,-0.184916,-2.061754,-0.034976,0.301479,-0.34981,-1.154603,0.899606,0.303545,0.907494,-0.45046,0.317855,-1.490539,-0.327033,1.877922,-1.942267,1.890597,-0.387779,-0.824823,-0.285068,-0.027375,0.099459,0.620853,1.587011,1.214736,0.588329,-0.393447,1.555826,-0.27755,0.754782,0.90161,0.124203,0.175787,-0.387587,0.06498,-0.730797,1.381034,-0.017803,-0.343019,2.052055,-1.129618,-0.352571,-0.577548,0.134302,-0.861215,1.272734,0.672272,-0.729679,0.082376,-1.172123,1.137758
345,Psycho-Pass 2,anime_23281,-0.597026,0.263479,-0.200892,-0.27217,-0.423569,0.597038,0.247373,0.732724,-0.887798,0.486597,-1.005719,-0.970812,-0.6637,0.065141,-0.565315,-0.515881,-0.830597,1.7e-05,0.261229,-0.795467,0.873568,-0.379067,0.502212,-0.096634,0.546499,-0.80127,0.022425,1.391394,-0.938796,1.185467,-0.669931,-0.534092,-0.072516,0.580815,0.545366,0.525426,0.645829,1.460142,-0.724941,-0.206926,1.323323,-0.460152,0.518821,0.409785,0.298232,-0.180889,0.306075,-0.073342,-0.25606,0.696082,0.434118,-0.814831,0.9648,-1.760622,0.172173,0.68739,-0.108988,-0.500974,1.609104,-0.045398,-0.226009,0.111143,-1.025844,0.799762
346,Bleach: Sennen Kessen-hen,anime_41467,-1.065778,0.897307,-0.283332,-0.771299,0.615901,0.826234,0.592464,0.828758,-0.663665,0.113768,0.096564,-1.082269,-0.438778,1.271444,-0.004006,-1.29428,-0.552724,0.492454,-0.145236,-1.064048,1.113746,-0.010047,0.824206,-0.09864,0.641011,-1.683358,-0.001898,1.802709,-1.931215,1.291976,-0.746436,-0.059146,0.164843,-0.358946,0.698757,0.221564,0.495369,0.570886,0.044523,-0.504263,1.483578,0.127626,0.870299,1.298222,0.563484,0.467375,0.180569,-0.31756,-0.651232,1.142665,1.145023,-0.349935,1.406547,-1.355998,0.729321,-0.087961,-0.69851,-1.031235,1.870341,0.195572,0.297377,0.730093,-1.292664,0.645488
347,Shinchou Yuusha: Kono Yuusha ga Ore Tueee Kuse ni Shinchou Sugiru,anime_38659,-0.399824,0.710555,0.122758,-0.478074,0.113669,0.573976,0.348575,0.185441,-1.053701,0.874267,-0.65678,-0.786219,-0.900478,0.280614,-0.296566,-0.830023,-0.652238,0.246144,1.071955,-0.85524,0.420673,-0.142929,0.561884,-0.096635,0.186733,-0.716196,0.095207,1.57827,-1.162903,1.08419,-0.4516,-0.369096,-0.113363,0.622076,1.109607,0.579032,0.756729,1.637433,-0.489521,-0.025632,1.333699,-0.151257,0.674213,1.218094,0.443116,-0.239414,0.476229,0.039849,-0.838688,0.31356,0.028833,-0.71847,0.799853,-1.263973,0.294907,0.38644,-0.450354,-0.7496,1.677222,-0.138326,0.229854,0.334795,-1.201813,1.033445
348,Gintama°,anime_28977,-0.963141,0.777934,-0.29907,-0.700186,0.434344,1.035807,0.662375,0.568002,-0.569514,-0.081124,-0.14295,-0.963722,-0.42447,1.001663,0.075871,-1.279903,-0.591605,0.339682,-0.466999,-1.077742,1.169765,0.148459,0.77135,-0.025106,0.752006,-1.656285,-0.132495,1.661238,-1.939192,0.850071,-0.897733,-0.152366,0.216605,-0.445148,0.845079,0.447397,0.519915,0.510359,0.057976,-0.420845,1.536073,0.065075,0.913607,1.204684,0.786182,0.421916,0.241052,-0.270077,-0.549827,1.228455,1.08974,-0.192324,1.40411,-1.432083,0.796243,-0.098435,-0.564059,-1.062059,1.733863,0.269419,0.29062,0.622191,-1.263314,0.552996
349,Hajime no Ippo,anime_263,-1.136421,0.783911,-0.326392,-0.577581,0.705574,0.954776,0.96991,0.711465,-0.217704,-0.261753,-0.214163,-0.896016,-0.512687,1.10596,-0.016743,-1.721105,-0.65191,0.560039,-0.49185,-1.014042,1.198321,0.083871,0.714974,0.173638,0.8321,-1.321732,-0.054847,1.692868,-1.792359,0.775542,-1.052296,-0.351983,0.067827,-0.493766,0.680098,0.438938,0.275629,0.844626,-0.060678,-0.725142,1.573224,0.066166,1.035985,1.188709,0.355639,0.252585,0.208508,-0.589607,-0.51834,1.264319,1.04907,-0.445758,1.533232,-1.390446,0.672852,-0.003893,-0.318001,-0.945598,1.767198,0.160744,0.146094,0.908937,-1.240217,0.661313
350,Date A Live II,anime_19163,-0.418022,0.437416,0.226047,-0.44732,0.061645,0.466684,0.327915,0.374172,-1.092183,0.778532,-0.629117,-0.770749,-0.981115,0.265153,-0.097279,-0.558354,-0.76076,0.069853,1.085697,-0.918071,0.354048,-0.34218,0.583003,-0.134196,0.179055,-0.707084,0.210164,1.533198,-1.16505,1.270946,-0.146679,-0.555473,-0.017025,0.346027,0.994043,0.58176,0.875185,1.754285,-0.591906,-0.030486,1.262596,-0.100395,0.615408,1.007801,0.520372,-0.35111,0.578052,0.034727,-0.861269,0.414071,-0.291185,-0.677118,0.630414,-1.229942,0.196168,0.262663,-0.399889,-0.820904,1.314041,-0.148086,0.206041,0.143721,-1.109629,1.062406
351,Jibaku Shounen Hanako-kun,anime_39534,-1.118816,0.743211,-0.219307,-0.757795,0.639248,0.771857,0.523393,0.99814,-0.430527,0.206931,-0.189638,-0.962599,-0.693424,1.098064,-0.050897,-1.118521,-0.59355,0.357392,-0.388034,-1.024904,1.062245,-0.131183,0.819998,-0.225413,1.026312,-1.570656,0.1689,1.871936,-1.994537,1.291239,-0.617667,-0.035017,0.203477,-0.5024,0.524162,0.264142,0.403634,0.857571,-0.175528,-0.81421,1.417244,0.155531,0.841441,1.244584,0.73718,0.38105,0.321464,-0.453648,-0.599935,1.184182,1.014438,-0.288085,1.191305,-1.49999,0.767923,-0.059912,-0.665881,-0.989345,1.575755,0.34699,0.428711,0.498229,-1.185353,0.666684
352,Sword Art Online: Alicization - War of Underworld 2nd Season,anime_40540,-0.437898,0.633493,0.39703,-0.48225,0.30122,0.409162,0.376043,0.263274,-1.038135,0.730335,-0.48695,-0.614729,-1.131053,0.423681,-0.137601,-0.863684,-0.724847,0.419975,1.249605,-0.731365,0.474385,-0.366735,0.503111,-0.13221,0.005049,-0.648378,0.225996,1.571609,-1.088439,1.347901,-0.146046,-0.334454,0.076536,0.663995,1.068086,0.54767,0.928452,1.77463,-0.517926,-0.369961,1.316715,-0.288582,0.680499,1.212923,0.331654,-0.410241,0.492019,-0.156994,-0.807205,0.182031,-0.362523,-1.169126,0.909457,-0.98557,0.104529,0.12355,-0.251848,-0.84566,1.57693,-0.313924,0.090007,0.325661,-1.137297,1.232773
353,To LOVE-Ru,anime_3455,-0.965048,0.723657,-0.341942,-0.624651,0.311599,0.957541,0.684548,0.699586,-0.530124,0.041152,-0.104696,-0.871163,-0.457321,0.983716,0.034851,-1.126944,-0.480859,0.302884,-0.322443,-1.197003,1.121871,-0.028222,0.743179,-0.128594,0.78419,-1.440121,-0.189049,1.587761,-1.815113,0.997082,-0.761004,-0.224252,0.272711,-0.523218,0.733046,0.335386,0.500589,0.493798,-0.027778,-0.697756,1.553953,0.078168,0.880631,1.169284,0.721154,0.301492,0.285818,-0.30874,-0.523955,1.168149,1.029464,-0.188469,1.291743,-1.442822,0.925614,-0.121305,-0.658257,-0.89957,1.600641,0.280243,0.437317,0.554433,-1.217757,0.549968
354,Pokemon,anime_527,-1.059928,0.272188,-0.275047,-0.691991,0.628969,1.481511,0.321252,1.020797,-0.305506,0.852487,0.452666,-0.816736,-0.647583,0.991221,-0.620701,-1.473379,-0.291837,0.578985,0.244205,-1.050813,1.545966,0.307726,0.476269,-0.239511,2.144783,-0.874681,-0.741785,2.166573,-1.489016,1.106605,-0.814346,0.912017,0.148393,-0.400841,0.55247,0.312246,0.752428,0.437445,0.022759,-1.320897,1.201654,-0.528144,0.963979,2.21401,-0.070772,-0.385004,-0.364153,-0.096047,-0.44724,1.420853,1.594748,-1.036037,1.43221,-1.189915,-0.169426,0.826417,0.292605,-0.463242,2.212911,-0.720012,1.214657,-0.650186,-1.022425,1.188822
355,Dragon Ball GT,anime_225,-1.017147,0.90684,-0.27987,-0.612377,0.452475,0.948129,0.639285,0.615861,-0.619775,0.060993,0.074119,-0.989894,-0.415466,1.093393,0.094869,-1.357344,-0.374338,0.418027,-0.219758,-1.115691,1.102984,0.079771,0.808616,-0.100743,0.711657,-1.517949,-0.232708,1.610926,-1.861265,1.033551,-0.772441,-0.116575,0.257512,-0.334918,0.836146,0.291406,0.42085,0.471822,0.084282,-0.572219,1.524757,0.13649,0.914484,1.248469,0.670353,0.277376,0.190155,-0.249166,-0.665033,1.120631,1.142225,-0.287944,1.390756,-1.38585,0.877465,-0.143096,-0.648163,-0.998791,1.748185,0.145023,0.357153,0.596984,-1.289141,0.609228
356,Dungeon ni Deai wo Motomeru no wa Machigatteiru Darou ka III,anime_40454,-0.48603,0.68409,0.286297,-0.491087,0.257692,0.435972,0.226749,0.392149,-1.106656,0.753198,-0.452836,-0.757913,-1.034314,0.417442,-0.211295,-0.795169,-0.637121,0.444491,1.222164,-0.770089,0.475949,-0.259412,0.45079,-0.086439,-0.028157,-0.615375,0.188608,1.547774,-1.215937,1.337416,-0.206362,-0.26731,-0.020995,0.625043,1.036422,0.420116,0.90446,1.741815,-0.511966,-0.229601,1.317849,-0.212347,0.690918,1.159163,0.287866,-0.295494,0.479824,-0.108563,-0.864843,0.202544,-0.181207,-1.045897,0.924471,-1.043395,0.167202,0.213663,-0.35778,-0.881554,1.720301,-0.231165,0.084101,0.411007,-1.21364,1.13892
357,IS: Infinite Stratos,anime_9041,-0.414357,0.541404,0.124449,-0.360949,0.00837,0.543148,0.301471,0.283068,-0.945624,0.654033,-0.6768,-0.70686,-0.929006,0.212742,-0.236208,-0.551062,-0.733487,0.074816,0.982548,-0.888848,0.360676,-0.267652,0.504008,-0.166736,0.169873,-0.645651,0.181183,1.488796,-1.009657,1.208264,-0.383805,-0.48372,-0.06518,0.405714,0.974483,0.553089,0.747544,1.59442,-0.553546,-0.021352,1.254556,-0.121565,0.597686,0.890965,0.482306,-0.222654,0.48872,0.13193,-0.713767,0.380805,-0.166424,-0.602419,0.659971,-1.2559,0.374773,0.283359,-0.407865,-0.700866,1.516183,-0.03536,0.281603,0.295133,-1.109095,0.948334
358,Rokka no Yuusha,anime_28497,-0.472976,0.561971,0.222039,-0.434345,0.028744,0.482402,0.299251,0.230963,-1.167285,0.851853,-0.607364,-0.924483,-0.915362,0.300829,-0.155457,-0.767153,-0.671372,0.047316,1.060274,-0.865751,0.312434,-0.23843,0.618829,0.012408,0.296239,-0.759337,0.135702,1.558941,-1.247721,1.196304,-0.204636,-0.465445,-0.124359,0.500164,1.055931,0.70508,0.881888,1.846672,-0.689843,-0.006532,1.192318,-0.06278,0.639709,1.232453,0.539865,-0.191355,0.413068,0.079051,-0.841537,0.445593,-0.094265,-0.817327,0.897781,-1.164894,0.180475,0.371132,-0.291876,-0.930381,1.512378,-0.225252,0.22959,0.003437,-1.16346,1.049435
359,Sword Art Online Alternative: Gun Gale Online,anime_36475,-0.280393,0.416499,0.109591,-0.524056,0.040058,0.434064,0.330002,0.111815,-1.064421,0.632076,-0.79171,-0.775824,-0.851143,0.220551,-0.212961,-0.761178,-0.844977,0.136714,1.130383,-0.645193,0.354038,-0.07764,0.723455,-0.091507,0.145116,-0.853018,0.177016,1.720564,-1.114845,1.025482,-0.442621,-0.54778,-0.012786,0.466318,1.095429,0.60607,0.852092,1.509388,-0.408718,-0.060648,1.216667,-0.13531,0.528462,1.245516,0.447674,-0.130046,0.576804,0.346183,-0.661103,0.261653,-0.110903,-0.685406,0.878524,-1.144076,0.244979,0.440317,-0.313633,-0.854882,1.434063,-0.223564,0.326217,0.241741,-1.195547,1.161651
360,Zom 100: Zombie ni Naru made ni Shitai 100 no Koto,anime_54112,-0.906588,0.587939,-0.151517,-0.275732,0.103575,0.859819,0.799666,0.490505,-0.525941,0.676932,-0.341345,-0.712115,-0.311472,0.866416,-0.00481,-1.716329,-0.230077,0.643199,-0.10682,-0.991862,0.798586,0.112103,1.112811,-0.426045,0.815062,-1.594032,0.114396,1.39074,-1.645087,1.049071,-0.735746,-0.141552,-0.231862,-0.701085,0.559633,0.479171,0.963427,0.95387,0.411196,-0.337041,1.47922,-0.358685,1.146348,1.052892,0.468614,0.52305,-0.248381,-0.308679,-1.1364,1.026407,1.099158,-0.718648,1.642084,-1.335228,0.275295,-0.002951,-0.35034,-1.100595,1.874142,0.443805,-0.438209,0.348401,-0.823131,1.039945
361,Strike the Blood,anime_18277,-0.447772,0.472849,0.16529,-0.397812,0.058048,0.629742,0.266862,0.331243,-1.040021,0.767658,-0.698488,-0.747186,-0.881006,0.296226,-0.181185,-0.542935,-0.733488,0.099117,1.07219,-0.853901,0.329053,-0.307084,0.50387,-0.123167,0.169956,-0.685905,0.296716,1.535723,-1.199896,1.279081,-0.228183,-0.461686,-0.023605,0.429134,1.038362,0.52654,0.842381,1.715881,-0.512284,-0.03532,1.229736,-0.114463,0.677861,0.917673,0.505729,-0.293733,0.473735,0.012444,-0.820294,0.396091,-0.30394,-0.662419,0.660513,-1.200347,0.251416,0.253184,-0.41095,-0.691699,1.458305,-0.117034,0.179411,0.210564,-1.158211,1.038201
362,Hige wo Soru. Soshite Joshikousei wo Hirou.,anime_40938,-0.46711,0.400971,0.157742,-0.377506,-0.261954,0.425697,0.374119,0.200417,-1.068498,0.845691,-0.690822,-0.704372,-1.108586,0.284288,-0.314124,-0.770362,-0.576574,-0.059347,1.005934,-0.943194,0.322305,-0.276474,0.392453,-0.180851,0.319571,-0.579321,0.281838,1.571401,-1.056174,1.226089,-0.364442,-0.457684,0.030998,0.193183,0.81882,0.747244,0.810513,1.565922,-0.800287,-0.164495,1.319932,0.048657,0.524979,1.056951,0.409918,-0.34602,0.681514,0.165844,-0.727878,0.442741,-0.527199,-0.617494,0.413977,-1.434046,0.351348,0.452238,-0.474054,-0.766981,1.136084,0.030685,0.384848,-0.049282,-0.883368,1.055676
363,Shokugeki no Souma: Shin no Sara,anime_39940,-1.122162,0.753133,-0.348396,-0.634328,0.352057,0.929014,0.781839,0.846888,-0.392646,0.08554,-0.206264,-0.746926,-0.656555,1.04057,-0.054531,-1.306612,-0.595995,0.474299,-0.45077,-1.00085,1.058288,-0.147444,0.669605,-0.042436,0.800219,-1.335234,-0.095156,1.620201,-1.953211,1.007406,-0.816835,-0.099089,0.254609,-0.375143,0.546332,0.439924,0.465667,0.629085,-0.028301,-0.810593,1.471814,-0.055794,0.937496,1.078447,0.593192,0.336058,0.162591,-0.474151,-0.502108,1.022764,0.878944,-0.397708,1.255923,-1.325245,0.862435,-0.20335,-0.433644,-0.882463,1.780075,0.383729,0.330264,0.607877,-1.290509,0.607816
364,Summertime Render,anime_47194,-0.932616,0.696044,-0.291613,-0.61618,0.406091,1.094111,0.638681,0.723928,-0.591192,0.091528,-0.176369,-0.756878,-0.505821,1.167548,-0.088481,-1.279804,-0.560589,0.266115,-0.376812,-1.137336,1.158573,0.097241,0.710453,-0.041893,0.938711,-1.578011,-0.002603,1.744962,-2.002759,1.000562,-0.662141,-0.210712,0.291135,-0.457916,0.693421,0.382101,0.463355,0.728348,-0.057414,-0.603154,1.455394,0.14383,0.870058,1.244408,0.762222,0.282632,0.224141,-0.488582,-0.485833,1.318797,1.130382,-0.389876,1.304928,-1.422351,0.675409,0.06452,-0.616967,-0.887399,1.700807,0.159908,0.380451,0.480865,-1.2116,0.533684
365,Baka to Test to Shoukanjuu,anime_6347,-0.355847,0.645417,0.180722,-0.326554,0.089126,0.533513,0.20361,0.277513,-0.743899,0.607216,-0.691246,-0.599849,-1.082166,0.3135,-0.159815,-0.485515,-0.711967,-0.01988,0.959072,-0.871855,0.356013,-0.283511,0.452222,-0.289283,0.137923,-0.713479,0.24406,1.394104,-1.061335,1.18416,-0.219514,-0.446101,-0.000688,0.345681,0.881465,0.589494,0.657192,1.671149,-0.527784,-0.282171,1.191202,-0.083215,0.596255,0.762132,0.485336,-0.231905,0.392907,0.114827,-0.712633,0.248552,-0.337597,-0.5049,0.473351,-1.350215,0.235421,0.192869,-0.521073,-0.703282,1.459328,-0.01469,0.161969,0.329131,-0.995032,1.047145
366,The Last: Naruto the Movie,anime_16870,-1.03317,0.798291,-0.281519,-0.656332,0.361641,0.758897,0.590213,0.792654,-0.72446,0.035147,0.112931,-1.061749,-0.459824,1.135951,0.027282,-1.302424,-0.311797,0.461536,-0.187577,-1.135737,1.161424,-0.059627,0.72803,0.009194,0.673295,-1.452013,-0.174952,1.652003,-2.003746,1.073057,-0.642891,-0.073837,0.154548,-0.443129,0.757185,0.245399,0.56866,0.554078,-0.037671,-0.67681,1.581992,0.219809,0.932364,1.320428,0.572808,0.247021,0.294465,-0.376841,-0.703643,1.137302,1.036785,-0.335872,1.377874,-1.358374,0.772092,-0.082526,-0.57787,-1.010599,1.730631,0.133151,0.32767,0.682853,-1.262204,0.554173
367,Spy x Family Season 2,anime_53887,-0.945465,0.850679,-0.296369,-0.69412,0.44618,0.950661,0.743268,0.525745,-0.595994,-0.08411,0.02224,-1.010008,-0.376303,0.974992,0.076062,-1.270335,-0.500504,0.345121,-0.322854,-1.201732,1.024556,0.099857,0.79889,-0.084035,0.736297,-1.687138,-0.160695,1.587073,-1.866161,1.031404,-0.946604,-0.14645,0.140637,-0.409375,0.847338,0.453094,0.414501,0.451847,0.134679,-0.49851,1.420523,0.0057,0.817436,1.129126,0.724732,0.492481,0.038385,-0.232687,-0.551243,1.18461,1.107153,-0.220001,1.484493,-1.55772,0.927151,-0.224246,-0.471126,-1.022153,1.946861,0.222374,0.356839,0.674004,-1.322288,0.678888
368,Kami nomi zo Shiru Sekai,anime_8525,-0.991943,0.793042,-0.32819,-0.604074,0.334251,0.977731,0.565332,0.658906,-0.536507,0.089769,-0.148403,-0.902159,-0.378175,0.955254,-0.0079,-1.217281,-0.396115,0.233622,-0.244667,-1.226103,1.056764,-0.086844,0.673656,-0.148177,0.912347,-1.517729,-0.112635,1.586381,-1.853812,1.074216,-0.701494,-0.207503,0.294555,-0.445037,0.731173,0.407339,0.480825,0.574559,-0.041634,-0.728688,1.572862,0.280535,0.854863,1.274294,0.800524,0.232771,0.223333,-0.287896,-0.435901,1.16056,1.04951,-0.236084,1.307825,-1.563555,0.891723,-0.14744,-0.727663,-0.890846,1.552652,0.243792,0.510425,0.542094,-1.13483,0.560855
369,Sankarea,anime_11499,-0.966321,0.764089,-0.388611,-0.622872,0.289919,0.995064,0.596327,0.695989,-0.467027,0.07861,-0.039771,-0.783948,-0.441505,1.117312,-0.071669,-1.199082,-0.506651,0.239658,-0.261964,-1.141722,1.092475,-0.000203,0.678418,-0.12388,0.817891,-1.49385,-0.129312,1.629784,-1.919846,1.025343,-0.765133,-0.142252,0.249774,-0.570468,0.664394,0.452047,0.471012,0.48335,-0.009803,-0.711792,1.501145,0.107469,0.915,1.182101,0.696934,0.392604,0.192418,-0.387154,-0.481613,1.153642,0.93706,-0.14787,1.187545,-1.537297,0.83414,-0.063918,-0.689215,-0.959425,1.72166,0.300795,0.461711,0.547756,-1.091459,0.624927
370,Majo no Takkyuubin,anime_512,0.030493,0.721981,-0.097093,0.103102,-0.090039,1.123369,0.186497,0.640149,-0.959032,1.105372,-0.446705,-0.919968,-1.085289,0.06285,-0.682692,-1.388239,-0.550869,0.131681,1.018655,-0.76055,0.63619,0.039103,0.261094,0.029573,0.463913,-0.701007,-0.493049,1.400182,-0.936924,1.004284,-0.413837,0.302497,0.065779,0.490277,0.917972,0.13558,0.145392,1.061029,-0.684201,-0.517418,1.524514,-0.533315,0.257005,0.957245,-0.225875,-0.364273,0.345939,-0.138758,-0.692746,0.720492,1.08633,-1.135978,0.588473,-1.061846,0.354432,0.896704,0.067548,-0.995136,2.363779,0.103836,0.15472,-0.290613,-1.268946,0.931077
371,Bakuman.,anime_7674,-1.024547,0.80299,-0.307482,-0.570634,0.273251,0.958845,0.56456,0.69387,-0.460072,0.011252,-0.078629,-0.704325,-0.579377,1.081063,-0.121204,-1.415297,-0.32808,0.341392,-0.385832,-1.162393,1.091163,-0.108109,0.493565,-0.001618,0.982201,-1.349319,-0.056675,1.465011,-1.840435,1.042758,-0.84616,-0.062895,0.24398,-0.403219,0.672027,0.548408,0.509895,0.630145,-0.053029,-0.916405,1.541263,0.231706,0.90344,1.180385,0.534845,0.292604,0.23667,-0.385292,-0.373733,1.040425,0.75577,-0.397391,1.327418,-1.48981,0.974464,-0.201555,-0.509025,-0.92267,1.688553,0.326206,0.33963,0.596241,-1.062669,0.620305
372,Kenja no Mago,anime_36407,-0.412689,0.543943,0.224817,-0.443728,0.075218,0.488112,0.287949,0.1719,-0.923327,0.784217,-0.551928,-0.764558,-0.973462,0.247219,-0.243699,-0.685646,-0.614132,0.100768,1.126444,-0.892072,0.348025,-0.276668,0.494606,-0.129158,0.291635,-0.591651,0.089685,1.43664,-1.120175,1.180592,-0.356812,-0.431453,-0.084274,0.487603,1.058857,0.662424,0.712644,1.721871,-0.53101,-0.201399,1.315441,-0.160659,0.599842,1.092682,0.443055,-0.353419,0.479077,0.00648,-0.759339,0.353921,-0.179095,-0.725323,0.677707,-1.375698,0.293066,0.32684,-0.392971,-0.817881,1.465037,-0.153251,0.306269,0.189258,-1.076234,1.133075
373,Grisaia no Kajitsu,anime_17729,-0.137311,0.621799,-0.138905,-0.06504,-0.108003,1.013882,-0.394101,0.776891,-1.109552,0.422401,-0.670163,-0.627664,-1.291537,-0.370413,-0.603369,-1.025212,-0.645004,0.026383,0.961446,-0.505026,0.26978,-0.111472,0.49788,-0.16697,0.706521,-0.471923,0.142668,1.645753,-1.200032,1.106659,-0.476233,-0.08661,-0.247724,0.346944,0.618545,0.488409,0.599348,1.282141,-0.482927,0.102963,1.037881,-0.384749,0.482823,0.990839,-0.587332,-0.279912,0.607186,0.241981,-0.963974,0.799306,0.43785,-0.657539,0.510048,-0.94075,0.610665,0.505658,0.030882,-0.809256,1.558504,-0.230626,-0.124609,-0.029879,-1.149242,0.723496
374,Kore wa Zombie desu ka?,anime_8841,-0.411965,0.602602,0.107752,-0.356079,0.102398,0.697132,0.241147,0.193164,-0.816268,0.7347,-0.750417,-0.740675,-0.815273,0.256665,-0.294605,-0.575737,-0.727817,0.058966,1.075906,-0.796427,0.337958,-0.167803,0.416416,-0.225848,0.18038,-0.728289,0.26831,1.555364,-1.082745,1.246292,-0.427136,-0.429038,-0.009516,0.475721,1.000044,0.552535,0.748364,1.610568,-0.471367,-0.107574,1.222761,-0.143751,0.558115,0.963292,0.491069,-0.160887,0.403185,0.140163,-0.595489,0.365308,-0.115178,-0.663611,0.783015,-1.305747,0.362772,0.292601,-0.51773,-0.682065,1.61589,-0.026785,0.304009,0.319821,-1.138367,1.059193
375,Gake no Ue no Ponyo,anime_2890,-0.582923,0.411583,-0.180091,-0.15744,-0.4173,0.564444,0.262886,0.720708,-1.137359,0.807076,-0.761064,-0.795588,-0.577788,0.187724,-0.479396,-0.811715,-0.519785,0.237874,0.251617,-0.943866,0.970783,-0.636567,0.284993,-0.198623,0.508939,-0.555774,-0.187854,1.388083,-0.82046,1.30095,-0.432897,-0.257086,0.007224,0.80057,0.803963,0.552418,0.59624,1.482713,-0.81932,-0.369494,1.49949,-0.360196,0.687553,0.490058,0.369951,-0.360319,0.37236,-0.31704,-0.297148,0.646574,0.43851,-0.995874,0.89936,-1.619138,0.209426,0.751769,-0.189726,-0.470367,1.713822,-0.08071,-0.216019,-0.026408,-1.091125,0.770667
376,Suzumiya Haruhi no Shoushitsu,anime_7311,-0.356075,0.451986,0.412196,-0.556291,0.267943,0.431907,0.240665,0.308184,-0.983508,0.726975,-0.666016,-0.506662,-1.209283,0.495185,-0.160455,-0.530017,-0.961235,0.123523,1.015838,-0.825659,0.378012,-0.391946,0.409038,-0.129627,0.291487,-0.65273,0.343447,1.530728,-1.085606,1.408713,-0.145345,-0.402167,0.102668,0.527728,0.977205,0.749569,0.828033,1.952523,-0.614993,-0.199917,1.364651,-0.276821,0.670009,0.905387,0.517533,-0.247658,0.45577,-0.200993,-0.664586,0.325767,-0.344501,-0.936006,0.603104,-1.314005,0.103878,0.244737,-0.420659,-0.900705,1.324792,-0.158307,0.169834,0.003263,-0.987248,1.239975
377,Lovely★Complex,anime_2034,-0.225387,0.429513,-0.067477,-0.076398,0.170894,0.654697,1.177284,0.604383,0.540196,0.833233,-0.009279,-1.185813,-0.575139,1.030103,-0.052085,-2.106321,-0.081743,0.222415,-0.19293,-1.049678,0.845444,0.405502,1.05042,-0.524217,0.370626,-1.516383,-0.502705,1.586855,-1.729953,1.675541,-0.440385,-0.787986,-0.3715,-0.031895,0.237781,0.726938,1.134243,1.274332,0.777156,-0.546685,1.535413,-0.338919,0.703859,0.782397,0.141064,0.138928,-0.512264,-0.0053,-0.79789,1.237702,0.280809,-0.314306,2.138489,-1.293972,-0.094068,-0.599114,0.059179,-0.996013,1.393835,0.532614,-0.747825,0.293879,-1.038051,1.173705
378,Toaru Kagaku no Railgun,anime_6213,-0.636807,0.390878,-0.255832,0.103674,-0.472751,0.780976,0.888619,0.985007,-0.474091,0.211636,-0.862139,-1.168144,-0.296236,0.122368,-0.696382,-1.59003,-0.727412,0.272885,-0.165142,-0.552005,0.286217,0.403412,0.690191,0.676209,0.026684,-1.160003,0.156102,1.754505,-1.389617,0.940736,-1.051219,-1.155302,-0.464243,0.019583,0.246169,0.301678,0.525535,1.375606,0.446538,0.03899,0.702883,-0.632678,0.344894,0.173202,-0.312293,0.034608,-0.094547,-0.012992,-1.049356,0.401279,0.21978,-0.670442,1.227712,-0.998968,0.108279,-0.122734,0.015116,-1.482567,1.498858,0.526213,-0.707882,1.236442,-1.114317,1.393272
379,Log Horizon 2nd Season,anime_23321,-0.427611,0.59661,0.258792,-0.436186,0.153904,0.358595,0.453243,0.182689,-1.073993,0.869825,-0.524367,-0.749681,-1.008318,0.303696,-0.163813,-0.888034,-0.751157,0.3245,1.201363,-0.800309,0.317128,-0.274159,0.574307,-0.238444,0.084454,-0.7025,0.074157,1.688193,-0.978608,1.178272,-0.247189,-0.364099,0.025012,0.685672,1.04367,0.602001,0.831733,1.638102,-0.594131,-0.134635,1.305864,-0.189578,0.647155,1.293463,0.502263,-0.386765,0.40156,-0.008505,-0.842279,0.235499,-0.112238,-0.949355,0.859056,-1.06361,0.195209,0.36028,-0.387554,-0.731679,1.543476,-0.367951,0.273522,0.190008,-1.096456,1.089077
380,Shiki,anime_7724,-0.912958,0.701092,-0.321252,-0.765869,0.374815,1.042267,0.620578,0.652002,-0.67705,0.116937,-0.198,-0.988296,-0.467072,1.189479,-0.001535,-1.191547,-0.501224,0.293382,-0.375041,-1.015522,1.167983,0.231009,0.747472,0.032488,0.954736,-1.586003,-0.037517,1.698362,-2.110431,0.983526,-0.834202,-0.170723,0.222416,-0.448435,0.703619,0.424307,0.540417,0.593978,0.027868,-0.480187,1.529317,0.128122,0.925931,1.276064,0.743731,0.314833,0.224891,-0.387389,-0.663608,1.318755,1.167399,-0.265824,1.310917,-1.545057,0.751692,0.041863,-0.556494,-0.959386,1.628229,0.124633,0.332318,0.452614,-1.19555,0.638541
381,Hunter x Hunter,anime_136,-1.062762,0.885166,-0.242037,-0.736829,0.470519,0.861821,0.584929,0.767031,-0.839894,0.115575,0.145838,-1.159337,-0.395993,1.148878,0.125141,-1.264544,-0.377202,0.502213,-0.143105,-1.116689,1.16499,0.091491,0.876091,-0.045427,0.583194,-1.574886,-0.178573,1.717482,-2.015026,1.093705,-0.61645,-0.051452,0.226797,-0.453701,0.89156,0.081682,0.602073,0.527369,0.037242,-0.561815,1.510545,0.189876,0.969988,1.36381,0.638564,0.30931,0.262802,-0.321367,-0.839287,1.177492,1.196811,-0.327868,1.472427,-1.246621,0.759231,-0.066491,-0.676094,-1.002942,1.79504,0.065216,0.310827,0.597022,-1.371116,0.538807
382,Kaifuku Jutsushi no Yarinaoshi,anime_40750,-0.436631,0.533003,0.153941,-0.422483,-0.002886,0.481166,0.343925,0.181686,-1.143175,0.84844,-0.64081,-0.758318,-0.883865,0.214618,-0.309269,-0.741861,-0.769647,0.166824,1.054529,-0.854119,0.424112,-0.236645,0.522621,-0.134295,0.190924,-0.723071,0.17584,1.563919,-1.097756,1.172252,-0.322434,-0.430232,-0.033683,0.561217,0.974672,0.620349,0.772577,1.705346,-0.607493,0.066604,1.329212,-0.047215,0.680229,1.189049,0.494484,-0.328085,0.498766,0.026517,-0.749313,0.434214,-0.153427,-0.762687,0.742901,-1.127873,0.314057,0.430723,-0.406624,-0.68905,1.514544,-0.195497,0.372919,0.195382,-1.1147,0.940425
383,Steins;Gate Movie: Fuka Ryouiki no Déjà vu,anime_11577,-0.086117,0.732571,-0.172476,-0.22902,0.013965,0.907723,-0.332053,0.921917,-1.045013,0.779027,-0.341907,-0.562275,-1.570058,-0.272739,-0.680907,-1.42366,-0.99604,0.199032,1.022303,-0.60292,0.367911,0.110117,0.350848,-0.057877,0.699571,-0.325233,0.0644,1.859467,-0.996474,1.163965,-0.629214,-0.287992,-0.156032,0.36253,0.64687,0.441113,0.790259,1.174793,-0.758918,0.117121,1.099378,-0.66442,0.494666,1.267698,-0.733594,-0.059145,0.603728,0.068237,-0.838192,0.704786,0.349273,-0.766678,0.689333,-0.761101,0.687703,0.68109,-0.002772,-1.039823,1.505514,-0.234196,-0.114407,-0.168431,-1.093695,0.734929
384,Karakai Jouzu no Takagi-san,anime_35860,-0.94931,0.733373,-0.275524,-0.645766,0.344926,0.884105,0.714922,0.61903,-0.405959,0.004115,-0.049978,-0.899345,-0.603981,0.96985,0.097487,-1.162601,-0.376018,0.254687,-0.451493,-1.150665,1.173279,0.13385,0.879809,-0.16679,0.844187,-1.560855,-0.187284,1.635883,-1.890375,0.906573,-0.800379,-0.115023,0.146741,-0.575755,0.685888,0.432203,0.338406,0.529182,-0.071431,-0.664631,1.537974,0.071578,0.814423,1.066344,0.790397,0.301673,0.255245,-0.275275,-0.652294,1.130049,1.025471,-0.167316,1.121588,-1.536219,0.879419,-0.028756,-0.549008,-0.95747,1.643333,0.242384,0.397914,0.591704,-1.22779,0.521381
385,Nagi no Asu kara,anime_16067,-0.634417,0.302914,-0.209693,-0.136778,-0.590484,0.6244,0.206482,0.901272,-0.859978,0.689586,-0.827606,-0.773841,-0.727279,0.06627,-0.620842,-0.650083,-0.689079,0.0545,0.380817,-0.980421,0.907858,-0.583441,0.272598,-0.120467,0.659712,-0.553584,0.039969,1.381646,-0.902183,1.272697,-0.497276,-0.452265,-0.038822,0.301002,0.522883,0.475917,0.635268,1.427878,-0.884857,-0.424812,1.355176,-0.248956,0.600498,0.439468,0.233949,-0.33555,0.437312,-0.262532,-0.254238,0.678235,0.025217,-0.703337,0.578703,-1.813117,0.18354,0.682009,-0.153455,-0.492336,1.513828,0.031048,-0.116575,-0.007313,-0.901313,0.809962
386,Vampire Knight,anime_3457,-0.28823,0.403926,-0.242069,-0.112165,0.172396,0.835864,1.024005,0.755257,0.3438,0.86995,-0.165218,-1.240991,-0.499975,1.303268,-0.236999,-2.053017,-0.254509,0.359279,-0.136903,-0.99369,0.942577,0.325695,0.797975,-0.27848,0.447144,-1.440502,-0.310702,1.793344,-1.918593,1.852877,-0.467146,-0.840319,-0.317003,0.057008,0.116004,0.603618,1.488643,1.284368,0.67735,-0.41119,1.475347,-0.370362,0.860457,0.96891,0.013605,0.262649,-0.576785,-0.101772,-0.660928,1.355828,0.110107,-0.501179,2.043484,-1.125107,-0.339545,-0.569235,0.048867,-0.840859,1.398921,0.565005,-0.777324,0.255334,-1.113786,1.226624
387,Given,anime_39533,-0.474206,0.513379,-0.288368,0.127792,-0.530716,0.878815,0.999198,0.806097,-0.548392,0.48728,-0.921777,-1.411628,-0.445452,0.152289,-0.737329,-1.711243,-0.676865,-0.100115,-0.430602,-0.805916,0.195379,0.414104,0.86332,0.356383,0.200577,-1.308625,0.08155,1.816465,-1.164222,0.952266,-0.974071,-1.177536,-0.361698,0.056081,0.263401,0.601641,0.272831,1.452761,0.293818,0.128211,0.749094,-0.472052,0.359294,0.066177,-0.01493,-0.159351,-0.127802,0.057468,-1.103119,0.525613,0.140514,-0.388575,1.003671,-1.052845,0.102761,-0.111934,-0.067278,-1.321401,1.206777,0.481588,-0.762253,0.951446,-1.029677,1.240511
388,86 Part 2,anime_48569,-0.306492,0.504385,0.260333,-0.636762,0.22247,0.442607,0.192522,0.305714,-0.916806,0.674996,-0.747356,-0.516874,-1.189123,0.519876,-0.368533,-0.63901,-0.8927,0.26804,1.15002,-0.665302,0.502144,-0.198416,0.304624,-0.056304,0.148649,-0.497056,0.297565,1.520887,-1.146164,1.234417,-0.382831,-0.452726,0.198101,0.360278,0.984664,0.653047,1.017168,1.832457,-0.467306,-0.407141,1.391801,-0.347446,0.601112,1.125963,0.220032,-0.187316,0.700319,-0.098261,-0.538259,0.229234,-0.454732,-0.966599,0.814668,-1.233002,0.181118,0.142606,-0.438836,-0.847234,1.386228,-0.013765,0.119794,0.197837,-1.023863,1.388091
389,Beelzebub,anime_9513,-0.975264,0.790852,-0.32342,-0.703478,0.473462,0.91091,0.623988,0.595076,-0.57127,0.002301,-0.043477,-1.019106,-0.491177,0.96058,0.114096,-1.193056,-0.552897,0.227787,-0.311188,-1.184163,1.04387,0.054664,0.822223,-0.180705,0.752708,-1.622703,-0.113868,1.70212,-1.929487,1.031011,-0.82688,-0.160469,0.253297,-0.521198,0.70994,0.370572,0.448832,0.550454,-0.02887,-0.545167,1.491582,0.123502,0.891879,1.183916,0.828676,0.502371,0.128185,-0.221446,-0.522354,1.21234,1.116309,-0.164789,1.368946,-1.568126,0.825972,-0.064186,-0.6933,-1.079745,1.758825,0.260273,0.469449,0.515661,-1.255049,0.62747
390,"Sekai Saikou no Ansatsusha, Isekai Kizoku ni Tensei suru",anime_47790,-0.446401,0.477659,0.213406,-0.503501,-0.001082,0.48444,0.350597,0.169456,-1.125251,0.903799,-0.607154,-0.807787,-1.012942,0.325646,-0.23057,-0.751371,-0.68053,0.074234,1.128104,-0.902455,0.320687,-0.298318,0.55191,-0.063352,0.325451,-0.612089,0.13868,1.538261,-1.15473,1.223303,-0.323524,-0.48513,-0.053526,0.476553,1.000012,0.727755,0.815961,1.755868,-0.660675,-0.084435,1.310815,-0.157566,0.625642,1.192045,0.46569,-0.333538,0.500028,-0.005727,-0.800591,0.419878,-0.263435,-0.796658,0.63912,-1.32413,0.206457,0.369185,-0.383596,-0.845053,1.324051,-0.15983,0.292335,-0.01355,-1.076783,1.151617
391,Overlord IV,anime_48895,-0.477038,0.634901,0.250637,-0.55978,0.210325,0.510956,0.249297,0.366848,-1.197305,0.892162,-0.458435,-0.768375,-1.028598,0.412329,-0.283182,-0.813676,-0.688483,0.455837,1.215037,-0.839231,0.456764,-0.333747,0.490738,-0.056678,0.123817,-0.590579,0.150554,1.49195,-1.197561,1.35164,-0.278201,-0.321342,-0.083732,0.740748,1.03184,0.51468,0.816807,1.772009,-0.535689,-0.164306,1.383567,-0.291204,0.745977,1.214766,0.257293,-0.346991,0.425124,-0.188968,-0.913245,0.240529,-0.179954,-1.004888,0.840049,-1.126735,0.208955,0.308448,-0.337264,-0.878926,1.65896,-0.259414,0.105137,0.308974,-1.201902,1.143831
392,Boku no Hero Academia the Movie 2: Heroes:Rising,anime_39565,-1.175788,0.768731,-0.301768,-0.748702,0.437568,0.797895,0.732825,0.777468,-0.724833,-0.199892,0.040699,-1.160443,-0.328921,1.200388,-0.131901,-1.315126,-0.595122,0.549888,-0.331674,-0.930505,1.042012,-0.001172,0.72027,0.155435,0.699588,-1.648137,-0.069768,1.748023,-1.856031,1.186789,-0.99495,-0.087456,0.043036,-0.385774,0.798765,0.439173,0.599505,0.463952,0.121826,-0.486262,1.315593,-0.048579,0.696955,1.264146,0.388405,0.440144,0.220994,-0.383892,-0.614575,1.164045,0.84699,-0.537984,1.523045,-1.302026,0.864819,-0.223983,-0.215032,-0.933639,1.938627,0.171137,0.23963,0.633789,-1.357822,0.77442
393,SK∞,anime_42923,-0.571403,0.517179,-0.295303,-0.208275,-0.234495,0.571754,0.456072,0.794074,-0.891121,0.365951,-1.124612,-0.834739,-0.75285,0.115878,-0.56852,-0.778108,-0.829134,0.101226,0.206165,-0.985441,1.101737,-0.460223,0.447324,0.108954,0.755102,-0.686425,0.139409,1.013222,-0.979901,1.165294,-0.680773,-0.628944,-0.214157,0.354905,0.581959,0.5725,0.228234,1.73947,-0.554595,-0.237322,1.325375,-0.30038,0.693429,0.105201,0.148563,-0.33247,0.420822,-0.151241,-0.295606,0.743199,0.236239,-0.654685,0.745633,-1.619725,0.197344,0.527659,0.169478,-0.436948,1.832118,0.023428,-0.552839,0.29256,-1.129675,0.894609
394,Dorohedoro,anime_38668,-1.029525,0.516782,-0.215958,-0.414925,0.044645,0.633427,0.897622,0.677536,-0.62186,0.859126,-0.099076,-0.894385,-0.363664,0.930892,-0.074587,-1.797119,-0.054778,0.834509,-0.02681,-0.984358,0.959146,0.022875,1.126734,-0.108599,0.988193,-1.422514,-0.047798,1.301277,-1.751442,1.199193,-0.770549,-0.103336,-0.432365,-0.843334,0.636435,0.790414,1.092471,1.101041,0.417572,-0.288581,1.473459,-0.487275,1.250705,1.206914,0.320748,0.668699,-0.026945,-0.388307,-1.15663,1.027652,0.840312,-0.9096,1.675018,-1.347548,0.380388,0.027522,0.017656,-1.344512,1.929567,0.481293,-0.513123,0.339053,-0.855012,1.310527
395,Zetsuen no Tempest,anime_14075,-1.049644,0.721677,-0.255199,-0.669112,0.331935,0.946584,0.641014,0.795352,-0.562611,0.071221,-0.026989,-0.823347,-0.527013,1.176279,-0.118601,-1.313325,-0.494632,0.464857,-0.320096,-1.094927,1.102941,-0.048832,0.62661,0.122893,0.949038,-1.439696,0.015712,1.639104,-2.103289,1.046951,-0.821245,-0.037065,0.158305,-0.462283,0.714206,0.431841,0.580938,0.698547,-0.043764,-0.716657,1.398312,0.113056,0.913961,1.278824,0.494549,0.404578,0.283081,-0.482938,-0.571301,1.173594,0.82234,-0.469131,1.297035,-1.413544,0.803292,-0.105292,-0.423411,-1.008052,1.778097,0.255181,0.311225,0.505728,-1.197949,0.72762
396,Isekai wa Smartphone to Tomo ni.,anime_35203,-0.439838,0.624517,0.124333,-0.381106,-0.091996,0.539468,0.35685,0.15918,-1.062146,0.981985,-0.639363,-0.734233,-0.810705,0.145986,-0.212721,-0.847147,-0.602516,0.158996,1.085145,-0.969777,0.376179,-0.216684,0.529314,-0.216858,0.298829,-0.591501,-0.012888,1.535418,-1.018019,1.130439,-0.376885,-0.490392,-0.069264,0.577829,1.068958,0.577237,0.657193,1.542814,-0.625926,-0.031964,1.352012,-0.082416,0.666738,1.215182,0.492603,-0.412727,0.448137,0.048786,-0.841565,0.387245,0.067896,-0.665045,0.66025,-1.296597,0.417568,0.456752,-0.563744,-0.637863,1.442626,-0.161613,0.403661,0.209538,-1.128495,0.878252
397,Ajin,anime_31580,-1.054639,0.444583,-0.265594,-0.495331,0.026721,0.59259,0.95917,0.669169,-0.76097,0.945632,-0.260339,-1.029353,-0.328516,0.983029,-0.043162,-1.795896,-0.205242,0.69803,-0.048692,-1.003778,0.938238,0.007598,1.236706,-0.097019,1.042697,-1.607731,0.016594,1.434253,-1.790705,1.275136,-0.772591,-0.27674,-0.432412,-0.882702,0.501979,0.904777,1.100912,1.14053,0.307013,-0.07956,1.417644,-0.462135,1.194314,1.260256,0.388466,0.735009,-0.046805,-0.262125,-1.164446,1.150178,0.924095,-0.877181,1.621657,-1.372009,0.253891,0.102572,-0.073645,-1.343427,1.791484,0.530958,-0.502112,0.201963,-0.898104,1.341789
398,Gangsta.,anime_25183,-1.025507,0.503316,-0.219973,-0.427516,-0.018421,0.551313,1.033245,0.574563,-0.722927,0.918021,-0.247102,-1.012161,-0.433796,0.976784,0.002338,-1.887036,-0.231013,0.673345,-0.088479,-0.883574,0.646739,0.025254,1.270334,-0.260547,0.965933,-1.637018,0.140953,1.50575,-1.678359,1.208184,-0.820191,-0.132455,-0.422629,-0.756499,0.452679,0.819683,1.151539,1.111359,0.237829,-0.245749,1.423373,-0.36539,1.143816,1.297329,0.306497,0.81409,-0.172389,-0.205968,-1.090759,0.993681,0.897775,-0.934969,1.771604,-1.268906,0.251535,0.019732,-0.114068,-1.372996,1.733316,0.548922,-0.584617,0.139412,-0.908643,1.323284
399,Vanitas no Karte,anime_48580,-1.027487,0.693527,-0.286209,-0.648499,0.397109,0.958074,0.557314,0.743338,-0.505985,0.014464,-0.085376,-0.86473,-0.45477,1.128005,-0.020375,-1.392253,-0.548905,0.444959,-0.390799,-1.018821,1.133963,-0.019063,0.617766,0.154848,0.93014,-1.463016,-0.06522,1.644723,-2.103137,0.937609,-0.775597,-0.104602,0.144432,-0.355101,0.742428,0.478494,0.545794,0.773466,0.00212,-0.661014,1.505323,0.063226,0.957925,1.214525,0.550303,0.383975,0.20746,-0.546895,-0.509592,1.167207,0.946822,-0.473347,1.428903,-1.365262,0.720162,-0.080322,-0.412883,-1.069408,1.778889,0.195984,0.243975,0.639107,-1.28896,0.595684
400,Kawaii dake ja Nai Shikimori-san,anime_45613,-0.40714,0.868765,-0.230385,-0.155461,-0.267662,0.567691,0.373172,0.695042,-0.206568,0.990946,-0.853295,-0.848908,-1.234558,0.129881,-0.372118,-1.2217,-0.329443,-0.426422,0.364869,-1.090689,0.565783,-0.28341,0.888411,-0.02883,0.258718,-0.795282,0.118264,1.458656,-0.906716,1.100365,-0.240673,-0.610236,-0.645096,0.420027,0.371254,0.819684,0.255318,1.381434,-0.06902,-0.143065,0.907932,-0.477206,0.52316,0.316864,0.110627,-0.258613,-0.108719,-0.162677,-1.10949,0.739861,0.67128,-0.348504,0.848389,-1.463491,0.276114,0.097498,-0.051585,-1.549546,1.549069,0.051329,-0.347464,0.287207,-0.910982,0.796533
401,Tengoku Daimakyou,anime_53393,-0.953067,0.619722,-0.27635,-0.41609,0.073895,0.529575,1.02925,0.743691,-0.763275,1.017478,-0.147314,-0.804184,-0.481734,1.118031,0.090739,-2.00358,-0.28479,0.884079,-0.139822,-1.044421,0.967752,-0.112022,1.114058,-0.011774,0.937542,-1.421673,-0.10007,1.437392,-1.67904,1.126117,-0.734731,-0.294201,-0.513143,-0.562299,0.505942,0.770708,1.154723,1.121818,0.252921,-0.281022,1.48161,-0.611359,1.259101,1.338102,0.102005,0.580845,-0.173213,-0.53127,-1.084216,0.936795,1.118534,-1.077449,1.723381,-1.085352,0.298822,-0.034612,-0.200948,-1.29739,1.801389,0.536746,-0.821314,0.498934,-1.06605,1.157779
402,Mondaiji-tachi ga Isekai kara Kuru Sou desu yo?,anime_15315,-0.448474,0.680484,0.104668,-0.415085,0.047887,0.590828,0.275869,0.218675,-1.007735,0.87479,-0.563926,-0.739477,-0.87987,0.222126,-0.274098,-0.747125,-0.669573,0.147475,1.049852,-0.853129,0.320457,-0.183168,0.522366,-0.087339,0.333633,-0.613016,0.130509,1.514327,-1.094684,1.188453,-0.442871,-0.429104,-0.130624,0.52338,1.077085,0.618269,0.751781,1.671655,-0.554879,-0.030729,1.222186,-0.104137,0.67444,1.141314,0.451932,-0.147511,0.419398,0.087263,-0.786826,0.394613,-0.060423,-0.598309,0.70057,-1.273971,0.396823,0.489256,-0.440814,-0.75474,1.612564,-0.12589,0.353652,0.097566,-1.155712,1.020822
403,Drifters,anime_31339,-0.97734,0.613962,-0.256957,-0.458815,-0.00903,0.605615,0.939834,0.530596,-0.753535,0.987485,-0.248904,-0.877116,-0.328156,0.895585,0.126155,-1.893151,-0.211388,0.765422,-0.088767,-0.950692,0.855652,0.050314,1.255937,-0.21374,0.90107,-1.577043,-0.109967,1.385394,-1.707484,1.096244,-0.786746,-0.243675,-0.392704,-0.653423,0.600217,0.754106,1.028767,1.019061,0.335068,-0.170466,1.54713,-0.470997,1.208357,1.329933,0.412113,0.593231,-0.1741,-0.276292,-1.099815,0.956653,1.077714,-0.772216,1.712475,-1.263866,0.418015,-0.016313,-0.277706,-1.32642,1.779258,0.472218,-0.574175,0.332327,-1.023189,1.177565
404,Evangelion Movie 1: Jo,anime_2759,-0.567777,0.387474,-0.1909,-0.288709,-0.333211,0.554171,0.183828,0.907821,-0.886631,0.393405,-0.936988,-0.928088,-0.808161,0.156843,-0.676517,-0.462581,-0.651396,-0.025258,0.126909,-0.876053,1.088438,-0.443105,0.263567,-0.060874,0.61326,-0.588591,-0.06807,1.226791,-0.702801,1.258215,-0.625834,-0.451367,0.115641,0.474238,0.522236,0.521428,0.689942,1.313178,-0.796052,-0.31945,1.544361,-0.502619,0.567835,0.182395,0.261909,-0.256675,0.374525,-0.193608,-0.251465,0.813904,0.341828,-0.95833,0.715487,-1.844524,0.206664,0.697318,-0.090013,-0.214788,1.345113,0.040118,-0.238155,0.06211,-0.932904,0.971285
405,Darwin's Game,anime_38656,-0.944028,0.69147,-0.294661,-0.676961,0.392766,1.010478,0.671026,0.650688,-0.736335,-0.026353,-0.169166,-1.000719,-0.32782,1.144467,-0.055475,-1.28608,-0.584338,0.345043,-0.317408,-1.100227,1.133262,0.115302,0.760314,0.02179,0.829002,-1.599363,-0.074367,1.734265,-1.977666,0.988729,-0.747807,-0.24548,0.181055,-0.410213,0.789548,0.351206,0.520738,0.5973,0.017884,-0.525754,1.453635,0.100774,0.856328,1.266838,0.67369,0.286183,0.196349,-0.418057,-0.685373,1.261278,1.10857,-0.358426,1.446592,-1.39037,0.625767,0.024902,-0.509219,-0.855072,1.718014,0.097543,0.307289,0.449451,-1.237944,0.511282
406,Gintama',anime_9969,-0.966911,0.781484,-0.302726,-0.686429,0.441525,1.026007,0.655303,0.585794,-0.548521,-0.090146,-0.131539,-0.945231,-0.429012,1.0239,0.049243,-1.294258,-0.587044,0.362962,-0.473607,-1.069974,1.167881,0.116138,0.742414,-0.011629,0.759678,-1.631186,-0.126454,1.653443,-1.940504,0.860512,-0.903832,-0.135233,0.193598,-0.416504,0.829538,0.463536,0.520846,0.532915,0.057958,-0.446103,1.536771,0.051425,0.917311,1.204638,0.757291,0.419945,0.236334,-0.300916,-0.525001,1.216987,1.058482,-0.22017,1.413659,-1.43196,0.796484,-0.110694,-0.540119,-1.06836,1.759767,0.272196,0.27167,0.652578,-1.253813,0.559366
407,Kobayashi-san Chi no Maid Dragon S,anime_39247,-0.500658,0.431026,-0.067544,0.134029,-0.338325,0.658513,0.425634,0.635684,-0.422201,0.23642,-1.02775,-0.926178,-0.293565,0.236585,-0.748867,-1.363484,-0.90915,0.135658,-0.122766,-0.541663,0.492753,0.180083,0.584339,0.219486,0.38021,-1.201997,0.406637,1.965705,-1.29092,1.115256,-1.064051,-0.853731,-0.439504,0.134234,0.094329,0.347064,0.398026,1.401901,0.116396,0.261783,0.778699,-0.173254,0.497223,0.364333,0.063443,-0.115091,-0.111836,0.039089,-0.772619,0.470526,0.273797,-0.428253,0.672793,-0.979846,0.230714,0.017667,-0.525571,-1.390128,1.354685,0.387683,-0.348479,0.956954,-0.826049,1.098277
408,Paprika,anime_1943,-0.008309,0.440814,-0.178757,-0.001395,-0.343219,1.120394,0.195806,1.015138,-0.764283,0.622901,-0.735447,-0.984219,-1.282179,-0.092622,-0.923889,-1.384592,-0.97321,0.187553,0.940402,-0.3587,0.49349,0.283061,0.265383,0.42692,0.461355,-0.59407,-0.430708,1.342178,-1.032499,0.595603,-0.619631,0.195756,0.048002,0.393522,0.49999,0.160504,0.110152,1.295107,-0.579363,-0.561505,1.619514,-0.867827,0.163409,0.726103,-0.532397,-0.238793,0.302144,-0.422783,-0.760353,0.685129,1.215934,-1.467081,0.666457,-1.177982,0.248799,0.791494,0.263491,-1.123932,2.34105,0.0217,0.001759,0.18232,-1.272364,1.050084
409,Vivy: Fluorite Eye's Song,anime_46095,-0.480873,0.327869,-0.23313,-0.221401,-0.400249,0.72038,0.242626,0.844935,-0.985509,0.526835,-0.797292,-0.865336,-0.780846,0.14187,-0.627797,-0.594167,-0.833646,0.027628,0.194254,-0.831206,0.961695,-0.341699,0.46484,-0.070967,0.439862,-0.747648,-0.03502,1.406669,-0.900812,1.14941,-0.642691,-0.540496,-0.096903,0.537853,0.578459,0.460258,0.633875,1.538357,-0.699332,-0.126618,1.355209,-0.395805,0.488118,0.305478,0.286291,-0.338645,0.423678,-0.306619,-0.176909,0.721843,0.290894,-0.868398,0.850532,-1.575023,0.175298,0.601072,0.014652,-0.481539,1.734199,-0.082334,-0.351966,0.247451,-1.126045,0.682561
410,Kiss x Sis (TV),anime_7593,-1.04728,0.551518,-0.311037,-0.233161,-0.165705,0.774291,1.008607,0.751684,-0.510819,0.748248,-0.322563,-0.916402,-0.344509,0.76747,0.034145,-1.738696,-0.039699,0.558856,-0.150141,-1.0051,0.747028,-0.075843,1.308702,-0.255876,0.760649,-1.464835,0.117535,1.262817,-1.619885,1.160638,-0.643217,-0.241698,-0.367712,-0.891316,0.53726,0.614253,0.918368,1.068875,0.404168,-0.429296,1.527134,-0.461455,1.153221,0.842916,0.249141,0.694697,-0.07334,-0.337755,-1.14228,1.041531,0.915213,-0.692274,1.636689,-1.41653,0.35391,-0.239457,-0.140635,-1.23378,1.658738,0.723996,-0.589232,0.505931,-0.910288,1.159233
411,"Gate: Jieitai Kanochi nite, Kaku Tatakaeri Part 2",anime_31637,-0.404861,0.646022,0.272676,-0.609579,0.165823,0.415803,0.213547,0.305679,-1.126068,0.853224,-0.587138,-0.639052,-0.99452,0.48518,-0.229795,-0.785393,-0.765737,0.377896,1.247705,-0.74181,0.46899,-0.293958,0.473136,-0.0288,0.156846,-0.56538,0.14501,1.463059,-1.219568,1.373318,-0.322404,-0.384155,-0.033239,0.677712,1.056211,0.597426,0.877803,1.782413,-0.463153,-0.218917,1.402585,-0.247735,0.714899,1.24755,0.224401,-0.284176,0.485094,-0.107615,-0.754457,0.199277,-0.226583,-0.959702,0.875776,-1.181369,0.196289,0.176754,-0.411029,-0.899139,1.623037,-0.203029,0.109258,0.3161,-1.185597,1.239019
412,Kuroshitsuji II,anime_6707,-1.066412,0.883538,-0.297505,-0.663136,0.544354,0.921081,0.530262,0.705193,-0.353857,-0.06337,-0.042826,-0.719993,-0.476622,1.137313,-0.038255,-1.404405,-0.647352,0.41313,-0.401108,-0.974716,1.080898,-0.095162,0.609829,-6.3e-05,0.905168,-1.530875,-0.008222,1.582583,-1.895799,1.1664,-0.911125,-0.065352,0.157316,-0.29197,0.623216,0.582973,0.474973,0.736584,-0.005381,-0.721437,1.450425,0.038359,0.883097,1.205174,0.538672,0.579393,0.146159,-0.401463,-0.305106,1.119567,0.919454,-0.414152,1.465034,-1.393182,0.862763,-0.170267,-0.530651,-1.157294,1.897894,0.307143,0.315026,0.652435,-1.195005,0.691035
413,Gosick,anime_8425,-0.427501,0.477792,0.288918,-0.433769,-0.004358,0.459538,0.32293,0.152293,-0.932717,0.760085,-0.705905,-0.502223,-1.118048,0.363914,-0.259092,-0.891059,-0.81691,0.079242,0.885999,-0.876004,0.387006,-0.337358,0.296854,-0.083975,0.394892,-0.628675,0.199184,1.481174,-1.03664,1.194061,-0.315968,-0.428976,0.005626,0.497704,0.878006,0.976851,0.72728,1.830988,-0.784167,-0.18973,1.339103,-0.150746,0.580834,1.036029,0.42443,-0.351249,0.467638,-0.094992,-0.562032,0.330449,-0.427711,-0.933463,0.680154,-1.356125,0.197601,0.311761,-0.311135,-0.976322,1.311023,-0.115585,0.208123,0.039614,-0.936329,1.087699
414,JoJo no Kimyou na Bouken Part 6: Stone Ocean,anime_48661,-1.099633,0.894588,-0.3278,-0.771058,0.483671,0.818983,0.757571,0.733595,-0.819245,-0.01731,0.08518,-1.170261,-0.322131,1.22923,0.00861,-1.320198,-0.517965,0.574955,-0.26294,-1.068743,1.118523,0.105538,0.790703,-0.017049,0.53042,-1.682452,-0.165571,1.769432,-1.812512,1.138754,-0.884318,-0.100955,0.140755,-0.357649,0.852516,0.257214,0.532576,0.352888,0.155002,-0.418979,1.41288,0.006221,0.788812,1.228689,0.516238,0.337027,0.168868,-0.315892,-0.767134,1.138729,1.101811,-0.385998,1.433422,-1.301768,0.819051,-0.114006,-0.549867,-0.825908,1.869006,0.117505,0.207284,0.725442,-1.401228,0.624625
415,Itai no wa Iya nanode Bougyoryoku ni Kyokufuri Shitai to Omoimasu.,anime_38790,-0.391446,0.693621,0.211246,-0.371161,0.154879,0.50267,0.408006,0.177538,-0.930095,0.824538,-0.519308,-0.683401,-0.970134,0.245505,-0.192982,-0.890428,-0.644535,0.268783,1.090633,-0.825457,0.382412,-0.192306,0.538936,-0.193722,0.156063,-0.695225,0.094189,1.610733,-0.985064,1.125452,-0.325248,-0.374768,-0.030322,0.616218,1.108951,0.575041,0.752913,1.605329,-0.527574,-0.176417,1.233828,-0.177266,0.617566,1.174207,0.487736,-0.306122,0.417212,0.046947,-0.787287,0.246827,-0.081066,-0.843596,0.814793,-1.11224,0.318633,0.357277,-0.355671,-0.717704,1.640842,-0.245254,0.238856,0.323384,-1.152195,1.017925
416,Higashi no Eden,anime_5630,-0.49313,0.293764,-0.182269,-0.123405,-0.5224,0.55744,0.2714,0.808047,-0.802682,0.486145,-0.899937,-0.741558,-0.72976,0.112717,-0.641611,-0.703628,-0.762728,-0.007821,0.120366,-0.814964,0.86683,-0.518142,0.253784,-0.074636,0.668953,-0.615652,-0.065906,1.323912,-0.817275,1.120013,-0.662296,-0.442043,-0.13153,0.566594,0.505792,0.727465,0.535508,1.523439,-0.881147,-0.336367,1.361962,-0.362528,0.488245,0.348087,0.19044,-0.301907,0.314408,-0.282388,-0.151887,0.659992,0.355835,-0.916364,0.893952,-1.818444,0.26493,0.583403,-0.029982,-0.540825,1.670663,-0.02435,-0.283204,0.101953,-0.936096,0.817517
417,Hajimete no Gal,anime_34403,-0.984926,0.726907,-0.341181,-0.609751,0.253767,0.989557,0.715431,0.627466,-0.51171,0.062027,-0.15759,-0.8918,-0.421723,0.91513,0.038418,-1.168954,-0.404172,0.263185,-0.294295,-1.206725,1.073348,-0.005323,0.790874,-0.192946,0.761296,-1.471783,-0.189886,1.590361,-1.791777,0.997548,-0.751968,-0.203263,0.3056,-0.505089,0.747363,0.355895,0.408011,0.455559,-0.028439,-0.710562,1.587118,0.10904,0.863565,1.142032,0.800448,0.308253,0.259303,-0.258578,-0.555594,1.145069,1.03693,-0.159276,1.28561,-1.508687,0.922078,-0.111508,-0.671422,-0.875215,1.584605,0.271157,0.502369,0.526502,-1.205459,0.55208
418,Netoge no Yome wa Onnanoko ja Nai to Omotta?,anime_31404,-0.427699,0.521516,0.206993,-0.280167,-0.051408,0.491416,0.409581,0.155427,-0.761142,0.683007,-0.713707,-0.661113,-0.956825,0.098588,-0.182975,-0.656303,-0.68805,-0.064011,0.886425,-0.947892,0.348331,-0.268066,0.509285,-0.335517,0.261963,-0.745011,0.183727,1.415738,-0.899221,1.111378,-0.301778,-0.429611,-0.01464,0.317892,1.069938,0.658157,0.5411,1.571784,-0.547586,-0.285066,1.185675,-0.070997,0.570768,0.83094,0.517689,-0.387753,0.454847,0.175916,-0.790932,0.395527,-0.18299,-0.50325,0.635269,-1.298732,0.471494,0.408016,-0.454426,-0.576196,1.413505,-0.092527,0.310944,0.221684,-0.980098,0.916011
419,Dr. Stone: New World,anime_48549,-0.919582,1.138849,-0.284877,-0.64874,0.571865,1.048162,0.711334,0.520846,-0.465028,0.129775,0.15589,-0.784464,-0.4026,1.170501,0.175182,-1.399726,-0.349587,0.487775,-0.271448,-1.276267,1.130309,0.144172,0.747029,-0.279246,0.588278,-1.623227,-0.280745,1.48301,-1.640951,1.068525,-0.856292,-0.050326,0.248595,-0.147639,0.894298,0.321952,0.307212,0.329071,0.225656,-0.633927,1.539632,0.040886,0.938878,1.091084,0.699134,0.376049,-0.072618,-0.217846,-0.640527,0.963506,1.272242,-0.177629,1.379083,-1.419761,0.985037,-0.15583,-0.856452,-0.835492,1.935157,0.130927,0.183257,0.862704,-1.25458,0.51119
420,Tsuki ga Kirei,anime_34822,-0.639049,0.209786,-0.077262,-0.072234,-0.503716,0.296724,0.289755,0.931961,-0.663829,0.45383,-0.88145,-1.120869,-0.846405,-0.079548,-0.482677,-0.501838,-0.460738,-0.171877,0.06636,-0.965188,0.872328,-0.696387,0.514718,-0.373224,0.505071,-0.718071,0.080875,1.194842,-0.873204,1.290333,-0.368025,-0.365548,-0.212605,0.174837,0.480865,0.598776,0.336286,1.658813,-0.793369,-0.59338,1.344586,-0.204497,0.427299,-0.033536,0.18415,-0.420415,0.575507,-0.123071,-0.415529,0.778742,0.119959,-0.588417,0.779969,-1.988932,0.18204,0.581152,-0.056238,-0.52821,1.395276,0.169281,-0.31552,0.164536,-0.874702,0.770563
421,Katanagatari,anime_6594,-0.427143,0.577263,0.101673,-0.39404,0.0205,0.367752,0.371715,0.160768,-1.071249,0.736198,-0.629857,-0.775874,-0.938666,0.283112,-0.137904,-0.909993,-0.755635,0.145135,0.964103,-0.808728,0.371697,-0.247877,0.534686,-0.116514,0.144311,-0.729137,0.014476,1.580739,-1.020593,1.123709,-0.42008,-0.525622,-0.0626,0.631684,0.904178,0.751891,0.603457,1.588571,-0.58607,0.188776,1.343015,-0.139228,0.571599,0.97152,0.490365,-0.388812,0.453013,0.131186,-0.748487,0.325709,-0.070242,-0.755747,0.67826,-1.263983,0.24897,0.327972,-0.404705,-0.850759,1.4339,-0.148893,0.178546,0.368841,-1.172022,0.958111
422,Evangelion Movie 2: Ha,anime_3784,-0.58985,0.440604,-0.198134,-0.302071,-0.267821,0.572663,0.223324,0.955744,-0.847401,0.439266,-0.926041,-1.018052,-0.836259,0.146559,-0.705536,-0.404262,-0.588558,0.032378,0.222289,-0.889787,1.16277,-0.406344,0.302814,-0.083861,0.604669,-0.569406,-0.061629,1.222549,-0.740932,1.262016,-0.638505,-0.485104,0.124572,0.370362,0.512828,0.436673,0.734395,1.293753,-0.746869,-0.359266,1.463219,-0.516856,0.563447,0.246771,0.205831,-0.292085,0.440397,-0.154573,-0.287085,0.829059,0.340093,-0.971414,0.689664,-1.858644,0.175609,0.663928,-0.08674,-0.151004,1.347784,0.068332,-0.255796,0.104176,-0.936182,1.032552
423,Ore no Kanojo to Osananajimi ga Shuraba Sugiru,anime_14749,-0.450802,0.53831,0.370806,-0.359251,0.128228,0.476663,0.237287,0.229131,-0.779644,0.54117,-0.684593,-0.49221,-1.056034,0.287098,-0.159682,-0.595943,-0.680925,0.126059,1.0384,-0.902434,0.363272,-0.534497,0.389597,-0.266716,0.205215,-0.579022,0.283391,1.276453,-0.964697,1.450457,-0.233624,-0.37717,-0.015643,0.588169,0.923121,0.717391,0.700582,1.785886,-0.558527,-0.359022,1.344651,-0.164261,0.630304,0.833017,0.396039,-0.368133,0.442214,-0.051502,-0.650251,0.261525,-0.500242,-0.854527,0.708496,-1.316882,0.321167,-0.005518,-0.352389,-0.791663,1.410327,-0.092727,0.163693,0.330403,-0.930402,1.113301
424,Lycoris Recoil,anime_50709,-0.468096,0.423989,-0.251513,-0.239567,-0.037117,0.712728,0.025298,0.972588,-0.977074,0.035837,-0.647915,-1.222746,-0.755126,0.011567,-0.87388,-0.564549,-0.691528,0.176509,0.337071,-0.470791,0.812115,-0.252163,0.589421,-0.028318,0.034365,-1.033015,0.294843,1.458611,-1.084404,1.075984,-0.791342,-0.272352,-0.408108,0.345909,0.301254,0.336634,0.62911,1.53612,-0.739318,-0.189165,1.236353,-0.314393,0.120488,0.28483,0.107779,0.203804,0.49048,0.071097,-0.20641,0.416654,0.231586,-0.941156,1.373488,-1.48762,0.228921,0.451405,0.346536,-1.173604,2.375783,0.170432,-0.480195,0.479834,-1.372568,1.023322
425,Absolute Duo,anime_25397,-0.461932,0.450198,0.220944,-0.396199,0.013307,0.527245,0.26753,0.343465,-1.047459,0.695597,-0.672766,-0.688414,-0.933963,0.256899,-0.199118,-0.495844,-0.698421,0.107272,1.115416,-0.926879,0.344672,-0.37929,0.482957,-0.150698,0.138794,-0.653875,0.291662,1.490563,-1.164944,1.32269,-0.177058,-0.44658,-0.005505,0.361065,1.005812,0.516818,0.810357,1.698552,-0.557615,-0.087644,1.28678,-0.063201,0.644749,0.90053,0.531196,-0.349755,0.536523,0.021377,-0.816146,0.383793,-0.364188,-0.63651,0.575372,-1.263656,0.233031,0.250081,-0.396078,-0.720727,1.405653,-0.107907,0.267571,0.184538,-1.082655,1.029268
426,Nekomonogatari: Kuro,anime_15689,-0.470414,0.483403,0.308473,-0.418746,-0.012056,0.446016,0.278989,0.197329,-0.910428,0.76808,-0.711364,-0.636238,-0.98001,0.338294,-0.231706,-0.552537,-0.78192,-0.068383,1.151489,-0.9977,0.346814,-0.416687,0.373587,-0.212581,0.290837,-0.700499,0.328164,1.390391,-1.091689,1.422234,-0.171965,-0.429168,0.036698,0.373208,0.956069,0.750421,0.68681,1.744864,-0.60941,-0.272377,1.35684,-0.075234,0.627326,0.942048,0.488661,-0.366725,0.391864,-0.007829,-0.652924,0.420501,-0.286211,-0.659504,0.59851,-1.471455,0.24301,0.334523,-0.557225,-0.77959,1.313544,-0.095349,0.337384,0.046526,-0.869582,1.119867
427,Natsume Yuujinchou,anime_4081,-0.255331,0.344794,-0.163242,-0.153408,0.243931,0.804472,0.838472,0.607776,0.2708,0.711302,-0.262643,-0.928711,-0.428459,1.286093,-0.336917,-1.879308,-0.431834,0.526605,0.075468,-0.792538,1.081992,0.364552,0.731339,-0.307797,0.47131,-1.380928,-0.175575,1.882604,-1.868195,1.798463,-0.611478,-0.821099,-0.320925,0.057698,0.111536,0.450103,1.413508,1.198005,0.746155,-0.282857,1.337106,-0.229022,0.884085,1.046719,0.188317,0.231466,-0.470813,-0.055331,-0.608753,1.284613,0.063291,-0.426136,1.762213,-0.882189,-0.080742,-0.403514,-0.222212,-0.736684,1.40345,0.509758,-0.557085,0.247014,-1.170762,1.138661
428,Katekyou Hitman Reborn!,anime_1604,-0.97931,0.875058,-0.245091,-0.72961,0.460957,0.942646,0.721699,0.521468,-0.576553,-0.05506,-0.025121,-1.009847,-0.35285,1.069416,0.03771,-1.208865,-0.489391,0.317987,-0.34391,-1.093736,1.0058,0.152057,0.776206,-0.093721,0.868441,-1.705205,-0.090609,1.608018,-1.828207,1.085744,-0.927664,-0.136579,0.180441,-0.416639,0.848772,0.495329,0.538249,0.470773,0.111572,-0.559595,1.409456,0.120178,0.804636,1.211169,0.762002,0.466489,0.065607,-0.18157,-0.546307,1.142833,1.056515,-0.279451,1.403669,-1.506261,0.862897,-0.102479,-0.493183,-0.929494,1.769047,0.174428,0.315988,0.476823,-1.275065,0.699335
429,Shokugeki no Souma: Gou no Sara,anime_40902,-1.1224,0.753132,-0.348504,-0.634264,0.351821,0.929031,0.782349,0.847167,-0.392273,0.085652,-0.205932,-0.747175,-0.656886,1.040358,-0.054622,-1.307424,-0.595999,0.474307,-0.450598,-1.000534,1.058001,-0.146969,0.670336,-0.042323,0.799997,-1.334894,-0.095124,1.620142,-1.952953,1.007103,-0.816733,-0.098857,0.254849,-0.375351,0.546396,0.43966,0.465286,0.629291,-0.027932,-0.810686,1.472241,-0.056292,0.937558,1.077939,0.592486,0.336689,0.162634,-0.474711,-0.502534,1.022885,0.879206,-0.398123,1.256365,-1.325816,0.861855,-0.20337,-0.433163,-0.882904,1.779926,0.383749,0.330255,0.608017,-1.290226,0.608029
430,Musaigen no Phantom World,anime_31442,-0.458598,0.554663,0.234635,-0.381161,0.10547,0.603628,0.246321,0.345028,-0.906063,0.701495,-0.5922,-0.56977,-0.983739,0.286299,-0.213493,-0.562734,-0.71405,0.151559,1.045065,-0.89622,0.319565,-0.322392,0.466862,-0.132555,0.204465,-0.665024,0.308895,1.437009,-1.141779,1.307753,-0.261712,-0.356323,-0.04008,0.446475,1.046992,0.561037,0.743313,1.721595,-0.474459,-0.132451,1.215606,-0.12016,0.683443,0.830172,0.493554,-0.223518,0.425176,0.008139,-0.789035,0.294554,-0.343246,-0.628954,0.598037,-1.237205,0.320095,0.233967,-0.340604,-0.73757,1.605449,-0.092705,0.192454,0.235399,-1.084171,1.047977
431,Fruits Basket 2nd Season,anime_40417,-0.251926,0.382873,-0.105575,-0.070336,0.332317,0.760347,0.947913,0.713567,0.333516,0.851092,-0.077617,-1.055578,-0.564456,1.27659,-0.312092,-1.934391,-0.083676,0.436957,-0.191011,-1.116846,0.959475,0.152897,0.735071,-0.518473,0.449469,-1.439855,-0.166764,1.890906,-2.008489,2.036877,-0.419731,-0.668687,-0.356763,-0.008256,0.077867,0.57496,1.559827,1.271927,0.592822,-0.45562,1.485934,-0.173804,0.7875,1.001961,0.102402,0.118026,-0.385105,-0.029022,-0.534445,1.350019,-0.055799,-0.400055,1.910493,-1.117333,-0.282357,-0.577646,0.04459,-0.825492,1.426916,0.716136,-0.624443,0.055202,-1.101288,1.203528
432,Kizumonogatari I: Tekketsu-hen,anime_9260,-0.391487,0.537265,0.247001,-0.487757,0.260461,0.539176,0.207452,0.206697,-0.854564,0.755892,-0.727808,-0.91938,-0.988557,0.400651,-0.239965,-0.581011,-0.804631,0.004482,1.086008,-0.758542,0.381928,-0.142749,0.44325,-0.152966,0.2562,-0.847473,0.337709,1.593325,-1.232425,1.27067,-0.291284,-0.426633,-0.032002,0.437597,0.979985,0.6781,0.793518,1.838105,-0.503409,-0.169125,1.219898,-0.164364,0.529073,1.027121,0.454229,-0.167511,0.39319,0.068743,-0.679765,0.394472,-0.131413,-0.814537,0.866217,-1.37492,0.138214,0.393909,-0.478596,-0.868183,1.511705,-0.137574,0.17396,0.196048,-1.114258,1.214652
433,God Eater,anime_27631,-0.455749,0.318063,-0.233046,-0.434339,0.141487,0.947577,-0.240858,0.708797,-0.594769,0.721164,-0.492815,-1.184638,-0.63666,0.09178,-0.67061,-1.02475,-0.632677,0.2939,0.561538,-0.938973,1.207825,0.382682,0.411073,0.514886,0.715091,-0.750773,-0.270728,1.988821,-1.489619,1.178188,-0.791915,-0.165887,-0.087611,-0.044883,0.296109,0.186457,0.331368,0.975342,0.032755,-0.692937,0.590161,-0.636994,0.653125,1.199656,-0.269289,-0.245176,0.228489,0.306592,-0.413999,0.761978,1.239612,-0.539349,0.927765,-0.692994,-0.204846,0.808782,0.063841,-1.017007,1.745202,-0.582452,0.582261,0.119212,-0.977753,1.72485
434,Black Lagoon: The Second Barrage,anime_1519,-1.036294,0.538938,-0.155952,-0.37266,0.075152,0.457089,0.965288,0.657885,-0.497241,0.648145,-0.238679,-0.908594,-0.47266,0.94294,-0.10868,-1.946509,-0.2438,0.886911,-0.051855,-0.726601,0.679547,0.004341,1.170237,-0.173622,0.90831,-1.476181,0.178059,1.439643,-1.700833,1.18269,-0.882402,-0.018584,-0.480805,-0.601219,0.410945,0.769467,1.104144,1.207657,0.361997,-0.395379,1.529848,-0.442344,1.196867,1.197063,0.103882,0.8994,-0.234506,-0.391174,-1.006511,0.85991,0.999954,-1.185105,1.937059,-1.274925,0.126273,-0.094671,0.100812,-1.402957,1.993232,0.546427,-0.600205,0.449643,-0.91956,1.368041
435,Takt Op. Destiny,anime_48556,-0.407068,0.346359,-0.030206,-0.311644,0.287579,1.393701,-0.333868,1.166928,-0.817344,0.876744,-0.519907,-1.242241,-1.052565,0.22812,-0.72757,-1.253616,-0.177974,0.084813,0.778645,-0.988549,0.533555,-0.05726,0.116834,0.433762,0.048891,-0.838313,-0.578241,1.158671,-1.410996,1.321205,-0.316915,-0.660961,-0.058908,-0.339994,0.335062,0.803868,0.92671,1.868471,-0.081125,-0.197677,0.265891,-0.398008,0.943824,0.759439,-0.031142,0.10879,1.144794,0.641999,-0.97756,0.841241,0.179935,-0.690259,0.803943,-0.530841,-0.267424,0.000832,0.143201,-0.602682,1.69438,-0.15986,-0.340421,0.768545,-0.937658,1.951042
436,Dungeon Meshi,anime_52701,-1.029644,0.783244,-0.187949,-0.337505,0.066836,0.703706,0.947364,0.624412,-0.601923,0.949423,-0.153544,-0.823188,-0.398305,0.882322,0.185802,-1.828773,-0.064061,0.745832,-0.099477,-1.050491,0.828236,-0.05234,1.175375,-0.28321,0.85358,-1.510352,-0.032316,1.296344,-1.744552,1.137275,-0.616368,-0.157235,-0.369762,-0.684022,0.604296,0.602482,1.05917,1.012403,0.397791,-0.387304,1.435178,-0.37982,1.239624,1.16861,0.38365,0.493357,-0.267658,-0.32593,-1.163216,0.92161,1.057381,-0.754707,1.571509,-1.240982,0.425321,-0.148292,-0.318242,-1.206058,1.777429,0.532087,-0.643943,0.424188,-1.0114,1.099357
437,Fruits Basket,anime_120,-0.237666,0.431744,-0.178114,-0.074939,0.275154,0.79634,0.934723,0.731647,0.344797,0.863375,-0.092722,-1.0555,-0.538952,1.315925,-0.2805,-1.951049,-0.223231,0.413318,-0.138014,-1.048395,0.946702,0.228264,0.770202,-0.477849,0.385893,-1.459041,-0.225902,1.893441,-1.988621,1.930714,-0.408853,-0.727407,-0.330371,-0.025137,0.059012,0.51489,1.530985,1.227359,0.615157,-0.452484,1.455686,-0.234779,0.816623,1.028105,0.056983,0.178543,-0.465474,-0.079074,-0.558289,1.30639,-0.001755,-0.374787,1.896107,-1.065292,-0.328574,-0.576311,-0.026735,-0.836365,1.452179,0.676226,-0.652133,0.12558,-1.102052,1.189053
438,Suzumiya Haruhi no Yuuutsu (2009),anime_4382,-0.358996,0.6104,0.221507,-0.416764,0.185875,0.518516,0.360274,0.268218,-0.814216,0.79566,-0.651108,-0.607197,-1.127979,0.316209,-0.142718,-0.685138,-0.814949,0.076487,0.857543,-0.902202,0.362321,-0.252752,0.498588,-0.140099,0.343167,-0.677724,0.13027,1.440929,-1.003148,1.163589,-0.336053,-0.491085,-0.073063,0.555477,0.968692,0.799126,0.742369,1.826895,-0.582773,-0.177873,1.190792,-0.279891,0.604018,0.945811,0.478352,-0.187365,0.370447,0.009404,-0.686772,0.296949,-0.150789,-0.780465,0.742199,-1.257117,0.312981,0.267206,-0.367023,-0.815777,1.501791,-0.082679,0.092806,0.207248,-1.081248,1.068344
439,Shingeki no Kyojin: Kuinaki Sentaku,anime_25781,-0.116046,0.574861,-0.196277,-0.178729,0.348399,1.044291,-0.671696,0.796155,-1.17593,-0.155416,-0.382732,-1.022326,-1.28039,-0.434403,-0.901148,-0.912708,-0.622482,0.195375,1.146451,-0.255802,0.386513,0.264711,0.730099,-0.032244,0.16931,-0.860753,0.307561,1.912007,-1.263726,0.890591,-0.665292,0.135431,-0.455632,0.328826,0.630851,-0.048543,0.509907,1.097472,-0.252002,0.20053,0.973695,-0.478061,0.196054,0.89421,-0.697466,0.212071,0.661465,0.61864,-1.06696,0.458246,0.705747,-0.687273,1.090405,-0.803098,0.513337,0.696406,0.398252,-1.489049,2.137326,-0.242271,-0.118514,0.194417,-1.469978,0.917399
440,Ichiban Ushiro no Daimaou,anime_7088,-0.475009,0.553437,0.136802,-0.317383,-0.069046,0.564687,0.267187,0.250949,-0.971543,0.699004,-0.698184,-0.761755,-0.843846,0.135786,-0.221633,-0.590255,-0.631672,0.0269,0.990818,-0.906625,0.321174,-0.268074,0.527751,-0.199255,0.208971,-0.665084,0.180972,1.482453,-1.066596,1.196863,-0.31715,-0.437938,-0.062032,0.388729,1.015691,0.524764,0.712873,1.603177,-0.595884,-0.063335,1.228974,-0.018148,0.616951,0.941905,0.537265,-0.268558,0.481882,0.163081,-0.782117,0.417094,-0.135773,-0.557862,0.6746,-1.254825,0.410472,0.310605,-0.446703,-0.672179,1.494339,-0.058221,0.340909,0.218458,-1.103377,0.899951
441,Mairimashita! Iruma-kun,anime_39196,-1.026686,0.874338,-0.190533,-0.641026,0.476636,0.963642,0.560707,0.715069,-0.447201,0.13715,-0.012982,-0.879128,-0.557328,0.932504,0.11506,-1.15312,-0.334434,0.31049,-0.373799,-1.177243,1.085239,0.039181,0.822743,-0.207781,0.910698,-1.472999,-0.163601,1.569146,-1.929897,0.989407,-0.602822,-0.038007,0.285392,-0.499362,0.862115,0.274595,0.466808,0.677036,-0.038262,-0.88039,1.446073,0.159944,0.932483,1.223662,0.852043,0.297415,0.226625,-0.353128,-0.67829,1.112225,1.05223,-0.191404,1.314358,-1.441104,0.951507,-0.127984,-0.662102,-0.935842,1.657414,0.196967,0.40704,0.441323,-1.21593,0.556906
442,Boku wa Tomodachi ga Sukunai Next,anime_14967,-0.456306,0.532344,0.09988,-0.273934,-0.123831,0.590581,0.316618,0.198445,-0.861388,0.701646,-0.78758,-0.698389,-0.817824,0.086709,-0.221035,-0.580967,-0.647376,-0.049325,0.917723,-0.972617,0.315325,-0.272965,0.484973,-0.302905,0.225618,-0.680312,0.159912,1.423757,-0.961723,1.168671,-0.364355,-0.473883,-0.04393,0.371147,0.991811,0.588705,0.597225,1.536305,-0.585912,-0.106714,1.227796,-0.035787,0.578918,0.840153,0.554573,-0.304765,0.454335,0.211804,-0.738796,0.422618,-0.121873,-0.476472,0.626422,-1.328562,0.486382,0.333658,-0.53271,-0.581151,1.440008,-0.000374,0.355522,0.252538,-1.053919,0.860644
443,Shakugan no Shana,anime_355,-0.489948,0.437431,0.456934,-0.508068,0.179401,0.414671,0.215151,0.392076,-0.989074,0.636639,-0.55039,-0.528378,-1.215499,0.450729,-0.183682,-0.561004,-0.746107,0.221648,1.170805,-0.852381,0.391115,-0.481565,0.404178,-0.105999,0.185153,-0.586869,0.450686,1.417224,-1.207197,1.514462,-0.109973,-0.311147,0.040259,0.393506,0.962186,0.61991,0.890339,1.887988,-0.556754,-0.309513,1.324702,-0.137606,0.687886,0.894708,0.336989,-0.349598,0.578013,-0.167877,-0.805282,0.274333,-0.709333,-0.89932,0.576256,-1.264726,0.132324,0.108983,-0.265419,-0.906241,1.37913,-0.147288,0.122219,0.121888,-0.950119,1.256973
444,Fruits Basket: The Final,anime_42938,-0.267694,0.391698,-0.087797,-0.066269,0.2609,0.790779,0.827804,0.672144,0.300808,0.773771,-0.069319,-0.943148,-0.499222,1.302641,-0.417672,-1.879761,-0.114632,0.405186,-0.078294,-1.146341,1.007345,0.153331,0.534289,-0.459174,0.549511,-1.383487,-0.120203,1.855261,-1.958272,2.082292,-0.489435,-0.683335,-0.326137,-0.100345,0.05508,0.533747,1.587813,1.141793,0.509144,-0.44304,1.48977,-0.022675,0.774019,1.107597,0.089507,0.063341,-0.391446,0.020882,-0.431041,1.361802,-0.105747,-0.358565,1.788002,-1.16477,-0.159979,-0.55138,-0.055249,-0.809886,1.410616,0.701116,-0.484816,0.021884,-1.006535,1.184232
445,Mushoku Tensei II: Isekai Ittara Honki Dasu Part 2,anime_55888,-0.49701,0.56155,0.110588,-0.491194,-0.054886,0.594767,0.399663,0.181857,-1.156148,1.082136,-0.601242,-0.718159,-0.916241,0.279221,-0.274823,-0.831195,-0.696393,0.198109,1.150566,-0.925279,0.349966,-0.191764,0.544126,-0.14883,0.274808,-0.517356,0.067298,1.614916,-1.078532,1.16097,-0.420568,-0.438996,0.020212,0.502229,1.079736,0.539861,0.754882,1.572204,-0.611504,-0.055301,1.31498,-0.216053,0.713809,1.223135,0.447616,-0.389104,0.479138,-0.052231,-0.862436,0.404444,-0.075561,-0.731003,0.561779,-1.245323,0.350094,0.467757,-0.573071,-0.634086,1.401915,-0.118421,0.363932,0.039457,-1.141346,1.031632
446,Fairy Tail: Final Series,anime_35972,-1.083775,0.888734,-0.242757,-0.707123,0.489139,0.837982,0.571084,0.822804,-0.779494,0.079478,0.159849,-1.081891,-0.421961,1.204698,0.058903,-1.343194,-0.37852,0.577172,-0.166304,-1.077542,1.174412,0.00074,0.788431,0.01253,0.611576,-1.505873,-0.141619,1.680294,-2.01915,1.137543,-0.649835,-0.002672,0.164554,-0.365738,0.844829,0.138127,0.610878,0.590093,0.02624,-0.63567,1.505181,0.15219,0.987209,1.360327,0.520046,0.329717,0.2447,-0.415247,-0.771991,1.135495,1.105029,-0.437769,1.519393,-1.200543,0.766101,-0.128654,-0.579914,-1.02241,1.874303,0.101474,0.250853,0.690916,-1.344789,0.568157
447,Citrus,anime_34382,-0.530063,0.371196,-0.361206,0.196506,-0.375633,1.005943,1.107342,0.830979,-0.449974,0.430842,-0.990256,-1.268012,-0.36822,0.224062,-0.580058,-1.644905,-0.630602,0.039573,-0.575735,-0.864087,0.178719,0.312996,0.819106,0.281112,-0.07518,-1.412735,0.236994,1.891736,-1.270043,1.057959,-0.811629,-1.120764,-0.357178,0.022706,0.26013,0.524562,0.495655,1.438249,0.359959,0.091248,0.693859,-0.652445,0.382773,-0.029031,-0.003806,0.117505,-0.167127,0.248694,-1.072734,0.56419,0.119868,-0.350768,1.331469,-0.98955,-0.068668,0.069541,-0.172822,-1.371735,1.283013,0.621058,-0.790349,0.813041,-1.080244,1.304146
448,Death March kara Hajimaru Isekai Kyousoukyoku,anime_34497,-0.473087,0.607537,0.184067,-0.484958,0.026532,0.54498,0.358151,0.239007,-1.232595,1.123348,-0.59455,-0.759076,-0.822331,0.283095,-0.23204,-0.851786,-0.668776,0.372022,1.232215,-0.943992,0.411642,-0.321677,0.513603,-0.180417,0.232749,-0.53496,0.01771,1.596658,-1.078463,1.269692,-0.265259,-0.431425,-0.035506,0.726028,1.11372,0.492425,0.778773,1.657598,-0.63295,-0.069005,1.402248,-0.213458,0.746271,1.364278,0.421846,-0.509797,0.469144,-0.182978,-0.900238,0.36444,-0.01578,-0.90793,0.74743,-1.170402,0.291029,0.406177,-0.553005,-0.668512,1.422216,-0.261502,0.331115,0.160134,-1.179603,0.974251
449,High School DxD Hero,anime_34281,-0.456512,0.578577,0.131648,-0.372949,0.039965,0.56168,0.265369,0.254009,-0.941109,0.693618,-0.703501,-0.700044,-0.900419,0.216219,-0.235296,-0.549719,-0.729039,0.022964,1.044969,-0.887315,0.299934,-0.290208,0.499094,-0.219343,0.190029,-0.69191,0.285272,1.51601,-1.032375,1.321073,-0.342328,-0.459273,-0.023432,0.391605,0.95515,0.579851,0.731601,1.613405,-0.564575,-0.042132,1.239759,-0.053078,0.600711,0.909591,0.542718,-0.180103,0.453268,0.16622,-0.706654,0.403825,-0.201283,-0.540139,0.596049,-1.324637,0.344129,0.326236,-0.513305,-0.696141,1.470627,-0.031546,0.348525,0.178139,-1.067856,1.015246
450,Hinamatsuri,anime_36296,-0.870497,0.651294,-0.264583,-0.402328,0.019007,0.642748,1.137113,0.402525,-0.608341,0.935786,-0.299847,-0.82888,-0.335212,0.733538,0.131727,-1.922449,-0.142515,0.632052,-0.16933,-1.078293,0.738066,0.082364,1.185894,-0.281119,1.057162,-1.644387,-0.041824,1.384781,-1.717825,1.064618,-0.885356,-0.299976,-0.43586,-0.695276,0.586398,0.946743,1.024867,1.016147,0.350984,-0.329767,1.400024,-0.542144,1.114574,1.233765,0.503269,0.677783,-0.338661,-0.268494,-0.954687,0.945794,1.110448,-0.839138,1.729255,-1.498905,0.412098,-0.135893,-0.141132,-1.281492,1.837202,0.628973,-0.608048,0.386373,-1.086091,1.33253
451,Mieruko-chan,anime_48483,-0.420527,0.766467,-0.261142,-0.331119,-0.218312,0.645501,0.432836,0.719085,-0.322508,1.14626,-0.818527,-0.8447,-1.204697,0.164096,-0.469388,-1.235265,-0.443931,-0.295421,0.402364,-1.042238,0.696848,-0.069138,0.913047,0.018728,0.440495,-0.737552,-0.094163,1.593192,-0.797364,1.031508,-0.401621,-0.604329,-0.594441,0.305789,0.514211,0.923161,0.266882,1.29933,-0.077158,0.081144,0.7506,-0.665386,0.6205,0.418443,0.267367,-0.202178,-0.041219,-0.255247,-1.274685,0.797881,0.713701,-0.539778,0.828315,-1.451377,0.321401,0.309725,0.016406,-1.531006,1.67035,-0.101224,-0.255485,0.151516,-0.909423,0.891648
452,"Komi-san wa, Comyushou desu. 2nd Season",anime_50631,-0.947744,0.90296,-0.221789,-0.675407,0.587654,0.964223,0.650351,0.625807,-0.269828,0.067332,-0.06134,-0.80721,-0.654921,0.942754,0.129638,-1.133197,-0.421271,0.278238,-0.493998,-1.177983,1.061553,0.097078,0.88491,-0.321265,0.888788,-1.585977,-0.191676,1.562371,-1.732209,0.977597,-0.782689,-0.076946,0.259061,-0.423607,0.7952,0.409722,0.279177,0.602809,0.039911,-0.792412,1.423115,0.042684,0.835339,1.017889,0.917241,0.431822,0.1359,-0.21386,-0.619282,1.001127,1.062405,-0.112862,1.275048,-1.53512,1.001371,-0.128622,-0.652854,-0.912494,1.745273,0.248403,0.336748,0.566952,-1.227055,0.579199
453,Kimi ni Todoke 2nd Season,anime_9656,-0.278077,0.32394,-0.18053,-0.0439,0.137291,0.735242,1.081954,0.77798,0.320022,0.826821,-0.07882,-1.116523,-0.663222,1.222113,-0.300818,-2.126511,-0.039833,0.433488,-0.282493,-1.023256,0.896148,0.237035,0.817181,-0.381517,0.368615,-1.343102,-0.252723,1.843678,-1.936507,1.850594,-0.468004,-0.69693,-0.372531,-0.011535,0.053178,0.629258,1.49431,1.283694,0.583185,-0.495685,1.533001,-0.283467,0.763919,0.899844,-0.030449,0.168805,-0.333949,-0.102017,-0.667061,1.292724,-0.103168,-0.494702,1.99863,-1.098247,-0.268979,-0.613853,0.215678,-0.900815,1.376977,0.715108,-0.742514,0.16113,-1.109657,1.179793
454,Sora yori mo Tooi Basho,anime_35839,-0.61057,0.633103,-0.116658,-0.157513,-0.261421,0.629192,0.391846,0.545459,-0.888604,0.899198,-0.708576,-0.547242,-0.745913,0.244279,-0.535625,-0.991003,-0.576463,0.290775,0.270362,-0.825056,0.890535,-0.593264,0.394158,-0.374981,0.505254,-0.661616,0.093234,1.295163,-0.697745,1.319725,-0.6498,-0.178022,-0.206644,0.734201,0.600468,0.719298,0.472482,1.519259,-0.801919,-0.446424,1.352525,-0.34068,0.587097,0.556262,0.171888,-0.168083,0.326954,-0.261863,-0.103946,0.426873,0.173085,-0.891947,0.931729,-1.591068,0.340374,0.649784,-0.185879,-0.581774,1.921907,0.244553,-0.337995,-0.015824,-0.913618,0.820811
455,Sousei no Onmyouji,anime_32105,-1.013276,0.668808,-0.333269,-0.622998,0.339778,0.83118,0.609957,0.831821,-0.577413,0.026927,0.037518,-0.881483,-0.475391,1.08285,-0.038103,-1.256124,-0.419808,0.398915,-0.197593,-1.141544,1.088054,-0.103332,0.618014,0.085439,0.837305,-1.393501,-0.053902,1.652556,-2.056594,1.047702,-0.676891,-0.14394,0.15888,-0.573009,0.712922,0.396514,0.613534,0.641225,-0.023798,-0.724975,1.520563,0.211586,0.911466,1.274805,0.60943,0.345146,0.350974,-0.405495,-0.590547,1.166909,0.823985,-0.232641,1.224091,-1.449033,0.753045,0.040845,-0.521095,-1.040845,1.677383,0.202188,0.412582,0.491772,-1.204037,0.68337
456,Tsuki ga Michibiku Isekai Douchuu,anime_43523,-0.458741,0.721055,0.088944,-0.428724,0.013385,0.560856,0.339693,0.205153,-1.080158,0.990925,-0.538894,-0.803384,-0.839867,0.207741,-0.239892,-0.896736,-0.632637,0.228142,1.036048,-0.881857,0.368733,-0.099981,0.623495,-0.132453,0.286995,-0.668135,-0.012317,1.59708,-1.059244,1.101022,-0.485377,-0.433476,-0.152515,0.625193,1.099429,0.53484,0.650771,1.566015,-0.563881,0.086774,1.247794,-0.123144,0.676302,1.205606,0.449688,-0.229131,0.384157,0.102814,-0.906117,0.351011,0.172046,-0.650823,0.74217,-1.205696,0.429754,0.502571,-0.473418,-0.689342,1.683906,-0.158989,0.316572,0.265399,-1.24229,0.877564
457,Summer Wars,anime_5681,-0.407328,0.441785,-0.202898,-0.199439,-0.41717,0.628202,0.182841,0.64593,-0.752578,0.511839,-0.845283,-0.403214,-0.830158,0.064624,-0.505322,-0.776938,-0.902959,-0.021297,0.02739,-0.670062,0.780143,-0.430701,0.310438,-0.085726,0.517994,-0.629393,-0.065204,1.339635,-0.774727,1.033013,-0.783872,-0.401201,-0.078283,0.785465,0.512204,0.721834,0.590322,1.539896,-0.821452,-0.383685,1.507116,-0.536929,0.398581,0.318997,0.327153,-0.066368,0.285009,-0.344077,0.091838,0.440868,0.385655,-0.904585,1.010747,-1.65501,0.482769,0.461515,-0.122656,-0.736259,1.810229,0.162331,-0.29402,0.208859,-1.104098,0.731744
458,Megalo Box,anime_36563,-0.618963,0.340705,-0.203204,-0.242266,-0.266203,0.425776,0.474056,0.688777,-0.804497,0.568781,-0.890542,-0.863058,-0.760564,0.033321,-0.472291,-0.861893,-0.978964,0.166866,0.265532,-0.807445,0.810976,-0.496467,0.476044,-0.126171,0.531444,-0.635139,-0.105236,1.470842,-0.713328,1.055139,-0.823165,-0.570331,-0.194457,0.651585,0.444341,0.635108,0.551354,1.548016,-0.881272,-0.22298,1.453959,-0.436717,0.57215,0.563227,0.250252,-0.3522,0.267391,-0.290132,-0.127454,0.626207,0.424798,-0.881382,1.02461,-1.651288,0.265893,0.671298,-0.116782,-0.544429,1.609483,-0.108431,-0.266365,0.197018,-1.002107,0.794523
459,Yosuga no Sora,anime_8861,-0.184744,0.596923,-0.154797,-0.063862,-0.285757,1.012877,-0.427801,0.598411,-1.183461,0.472151,-0.635108,-0.482763,-1.235453,-0.475525,-0.652692,-1.100199,-0.717607,0.029115,1.155882,-0.567229,0.172,-0.146755,0.41615,-0.203812,0.561655,-0.369266,0.162516,1.682164,-1.08551,1.137867,-0.518799,-0.048998,-0.186009,0.368939,0.599236,0.422975,0.624198,1.088422,-0.565824,0.062036,1.293614,-0.345903,0.47827,1.104675,-0.539613,-0.28827,0.592254,0.204105,-0.788444,0.697704,0.371631,-0.580466,0.556313,-0.888031,0.752685,0.549282,-0.115101,-0.87597,1.51565,-0.175676,0.164603,-0.139951,-1.113783,0.607072
460,Re:Creators,anime_34561,-0.695384,0.214559,-0.126621,-0.269086,-0.440767,0.576485,0.211073,0.921366,-1.007378,0.627194,-0.769322,-0.986202,-0.619856,0.001756,-0.480142,-0.551926,-0.666891,0.174828,0.486536,-0.975959,0.917111,-0.583426,0.46824,-0.005501,0.609754,-0.716506,0.029983,1.372361,-1.03945,1.393864,-0.50039,-0.452261,-0.09906,0.433346,0.688443,0.422807,0.693805,1.513561,-0.696414,-0.202599,1.324894,-0.319172,0.642355,0.406432,0.360177,-0.237637,0.440555,-0.157989,-0.408369,0.723546,0.146686,-0.789094,0.775359,-1.729808,0.143633,0.692479,0.025268,-0.570025,1.6428,-0.119635,-0.169055,0.05271,-1.075357,0.866999
461,Kono Subarashii Sekai ni Shukufuku wo! 3,anime_49458,-0.417273,0.720134,0.12038,-0.475647,0.016636,0.596623,0.407459,0.116232,-1.084938,1.023097,-0.682456,-0.760291,-0.847932,0.20292,-0.248626,-0.942435,-0.657431,0.199961,1.052855,-0.939538,0.412531,-0.123624,0.609842,-0.141331,0.296268,-0.69866,0.014194,1.561605,-1.117261,1.016537,-0.450404,-0.399102,-0.093323,0.637596,1.177362,0.618,0.686816,1.58747,-0.522374,-0.016173,1.368709,-0.128052,0.749276,1.307878,0.466913,-0.335539,0.451608,0.007508,-0.917602,0.364341,0.162256,-0.643996,0.750352,-1.293699,0.382059,0.477682,-0.572768,-0.682805,1.568912,-0.171533,0.288826,0.238543,-1.157838,0.958343
462,Yuru Camp△,anime_34798,-0.543421,0.194683,-0.384887,0.163803,-0.595701,1.028062,0.761481,0.592623,-0.579896,0.176418,-1.214957,-1.120001,-0.167904,0.162359,-0.591078,-1.637455,-0.824809,0.155108,-0.355409,-0.52437,0.406503,0.517519,0.898946,0.408475,0.04516,-1.456594,0.270111,1.895061,-1.278962,0.785064,-0.947195,-1.273589,-0.488032,0.279715,0.208074,0.333449,0.319952,1.304685,0.41598,0.271991,0.703227,-0.463085,0.644134,0.147187,0.012671,0.159134,-0.319693,0.296189,-1.116749,0.372366,0.257124,-0.263941,1.159184,-0.763918,0.039309,0.359278,-0.376809,-1.376563,1.103152,0.478368,-0.60188,1.07988,-0.977404,0.978056
463,Gleipnir,anime_39463,-1.093344,0.51908,-0.3609,-0.412339,-0.12605,0.712985,1.079524,0.611899,-0.867369,0.852414,-0.338941,-1.051711,-0.21915,0.947569,0.062532,-1.799702,-0.220583,0.581092,-0.143199,-0.968344,0.743993,-0.011207,1.319189,-0.053481,0.818964,-1.729707,0.031512,1.44029,-1.747956,1.183556,-0.786617,-0.355048,-0.45836,-0.76544,0.560314,0.822139,1.120397,0.99064,0.347175,-0.154218,1.317032,-0.542022,1.076631,1.164048,0.318506,0.729704,-0.205321,-0.204106,-1.117208,1.050494,0.957258,-0.8096,1.752131,-1.212569,0.352034,-0.120418,-0.070798,-1.248798,1.754738,0.60944,-0.670626,0.25067,-1.108942,1.281956
464,Yamada-kun to Lv999 no Koi wo Suru,anime_53126,-0.460136,0.624868,-0.072077,-0.154613,-0.467773,0.212057,0.418887,0.559236,-0.285856,0.813823,-0.90818,-0.587715,-1.328493,0.073955,-0.509206,-1.469865,-0.557295,-0.231462,0.59809,-0.895555,0.691181,-0.555,0.642915,0.194884,0.390476,-0.595243,0.196579,1.575823,-0.797162,0.96949,-0.262699,-0.598325,-0.62383,0.469616,0.310497,0.814798,0.337606,1.295251,-0.287359,-0.440089,0.98253,-0.465238,0.514163,0.763007,-0.081251,-0.692584,0.062337,-0.481477,-0.998722,0.680602,0.397772,-0.816441,0.806257,-1.163706,0.381538,0.193459,0.117245,-1.438895,1.376691,-0.1951,-0.178498,0.380452,-0.781779,0.741384
465,Aldnoah.Zero,anime_22729,-0.422849,0.294741,-0.327599,-0.385283,-0.400044,0.458112,0.084035,0.784925,-0.902559,0.506143,-1.045381,-0.829843,-0.671302,0.067471,-0.680147,-0.633139,-0.821771,0.104689,0.337231,-0.564424,0.92877,-0.352101,0.468398,-0.007918,0.4301,-0.613066,-0.021075,1.450954,-1.053879,0.931354,-0.812458,-0.586875,-0.067498,0.437389,0.509709,0.508309,0.741659,1.543799,-0.644997,-0.397662,1.42239,-0.483743,0.456616,0.539181,0.124744,-0.100143,0.605212,-0.145893,0.000941,0.527762,0.439487,-0.781369,1.033735,-1.656855,0.309009,0.502868,-0.21699,-0.579198,1.555819,0.226909,-0.299949,0.28312,-1.143905,0.932829
466,Tenkuu no Shiro Laputa,anime_513,-0.578344,0.405484,-0.169803,-0.158745,-0.423261,0.567235,0.259187,0.727335,-1.124146,0.793694,-0.766012,-0.804886,-0.573086,0.185313,-0.478487,-0.805733,-0.520204,0.243382,0.249664,-0.956066,0.976532,-0.632073,0.275061,-0.19853,0.517183,-0.557129,-0.189517,1.387718,-0.821562,1.31362,-0.438616,-0.264012,0.010276,0.793385,0.802798,0.559011,0.601376,1.483695,-0.81609,-0.370793,1.498424,-0.368005,0.69932,0.473318,0.364129,-0.365447,0.366927,-0.314833,-0.296096,0.660466,0.429379,-0.994337,0.89726,-1.629603,0.204201,0.752091,-0.191343,-0.456776,1.70899,-0.093701,-0.216473,-0.018931,-1.087557,0.776446
467,Made in Abyss: Retsujitsu no Ougonkyou,anime_41084,-0.404446,0.878713,-0.328271,-0.274344,-0.151291,0.697041,0.417855,0.723469,-0.686541,1.385368,-0.785809,-0.737226,-1.083529,0.425566,-0.561069,-1.400251,-0.452809,0.003629,0.575058,-1.176179,0.855338,-0.258409,0.596333,0.223806,0.484732,-0.587658,-0.091496,1.712684,-0.936159,1.166878,-0.361128,-0.758374,-0.565934,0.533663,0.39697,0.844843,0.676259,1.266589,-0.324915,0.172214,0.819708,-0.48638,0.725007,1.01933,0.111248,-0.382997,-0.06843,-0.171004,-1.019075,0.780531,0.703548,-0.665301,0.77913,-1.104999,0.240522,0.332885,-0.053003,-1.459281,1.67852,-0.12695,-0.22864,-0.092148,-1.051938,0.926134
468,Made in Abyss Movie 3: Fukaki Tamashii no Reimei,anime_36862,-0.405053,0.878457,-0.328689,-0.27661,-0.153399,0.694492,0.418774,0.723526,-0.687673,1.38795,-0.78596,-0.736255,-1.085401,0.42403,-0.560942,-1.403083,-0.45578,0.003033,0.576929,-1.173419,0.853752,-0.256518,0.59817,0.225789,0.485889,-0.586643,-0.093272,1.714415,-0.934657,1.163796,-0.362458,-0.759512,-0.565835,0.534279,0.395563,0.845291,0.674607,1.266409,-0.327521,0.17281,0.820845,-0.48771,0.723608,1.022842,0.11254,-0.383296,-0.068553,-0.173412,-1.02009,0.77784,0.705461,-0.667035,0.779125,-1.105026,0.243348,0.333641,-0.053999,-1.4614,1.677104,-0.128435,-0.227627,-0.091457,-1.052015,0.925472
469,Kyokou Suiri,anime_39017,-1.044107,0.755354,-0.350723,-0.59886,0.339578,0.801317,0.616145,0.68338,-0.517722,0.038997,-0.137438,-0.889363,-0.467402,1.094912,-0.071919,-1.28296,-0.519164,0.287177,-0.266749,-1.139241,0.986656,-0.120352,0.598334,-0.0848,0.883582,-1.469407,-0.044573,1.661791,-1.906663,1.088697,-0.759331,-0.150289,0.212811,-0.405709,0.553154,0.540837,0.542898,0.635726,-0.135072,-0.727318,1.535168,0.220047,0.870609,1.318819,0.66928,0.411519,0.150282,-0.309741,-0.433959,1.192635,0.997795,-0.255813,1.281229,-1.528985,0.754058,0.010183,-0.720502,-0.944948,1.614197,0.247479,0.507196,0.400901,-1.08531,0.675183
470,Asobi Asobase,anime_37171,-1.063492,0.585775,-0.169408,-0.343056,0.101889,0.748737,0.874774,0.74839,-0.402419,0.748325,-0.295641,-0.850007,-0.456872,0.741938,0.055998,-1.719875,-0.144173,0.612229,-0.304887,-0.985595,0.759561,0.005102,1.237813,-0.325389,0.92188,-1.544009,0.196194,1.360624,-1.703178,1.144405,-0.67226,-0.107586,-0.417891,-0.779991,0.564165,0.719885,0.886971,1.163543,0.411615,-0.363732,1.403703,-0.453545,1.127285,0.841821,0.393897,0.716109,-0.15789,-0.347837,-1.219546,0.917655,0.857726,-0.637097,1.516573,-1.4263,0.307013,-0.205751,-0.102431,-1.220063,1.759197,0.776158,-0.717146,0.496529,-0.894029,1.175396
471,Zombieland Saga,anime_37976,-0.58098,0.449174,-0.206648,-0.204194,-0.398358,0.638546,0.260419,0.559671,-0.893801,0.680133,-0.944615,-0.752408,-0.714873,0.072814,-0.560912,-0.804253,-0.804006,-0.079831,0.146723,-0.818039,0.834209,-0.530154,0.449549,-0.244761,0.571083,-0.852654,-0.012279,1.292472,-0.840929,1.106938,-0.640545,-0.254981,-0.150313,0.755395,0.678412,0.772601,0.389531,1.541569,-0.769829,-0.360118,1.465012,-0.231879,0.445794,0.530851,0.386384,-0.23814,0.405719,-0.284074,-0.140973,0.58099,0.293081,-0.800815,0.853779,-1.756043,0.349856,0.648746,-0.131668,-0.68962,1.730458,0.073117,-0.192431,0.048208,-0.912654,0.814517
472,Aho Girl,anime_34881,-1.151239,1.023705,-0.85648,-1.024323,0.758129,1.210504,0.311346,0.680657,-0.78193,0.93433,-0.06825,-0.481115,-0.831268,1.024984,-0.007446,-0.995964,-0.094058,0.345129,-0.379409,-1.344282,0.819717,-0.637724,0.684358,-0.309212,0.964388,-0.798118,0.03527,1.399656,-1.645298,0.952096,0.134328,0.795762,-0.036452,-0.254256,1.248674,0.228223,0.59292,0.876539,-0.680304,-0.98641,1.472343,0.122964,0.627022,1.297351,1.139124,0.233466,0.640563,-0.513879,-0.570325,0.872947,1.482409,0.052637,1.16553,-1.287459,0.788104,0.043414,0.073151,-1.007597,2.3639,0.284846,0.565686,-0.094094,-1.119752,0.293304
473,Zero no Tsukaima: Futatsuki no Kishi,anime_1840,-0.478752,0.600263,0.276222,-0.435334,0.105943,0.525836,0.2587,0.285015,-0.99483,0.71453,-0.606173,-0.579873,-0.996505,0.364385,-0.216856,-0.678675,-0.690838,0.254661,1.116984,-0.859241,0.395127,-0.429558,0.439046,-0.138882,0.145203,-0.573378,0.233179,1.387853,-1.079452,1.415296,-0.284451,-0.37387,-0.034376,0.637303,0.982936,0.603722,0.772684,1.74125,-0.537489,-0.215313,1.338126,-0.205788,0.708804,0.975927,0.334704,-0.324409,0.420537,-0.087764,-0.747133,0.270431,-0.341082,-0.866957,0.738741,-1.20153,0.288471,0.109819,-0.362866,-0.766213,1.554343,-0.120014,0.156796,0.311053,-1.081768,1.098502
474,Full Metal Panic!,anime_71,-0.244876,0.67167,-0.03293,-0.42039,0.019798,0.560683,0.167724,0.101444,-0.718191,0.666406,-0.876832,-0.716958,-0.764423,0.154906,-0.39193,-0.739242,-0.647266,-0.009485,0.906877,-0.766913,0.344994,0.045271,0.450397,-0.195605,0.268868,-0.712609,0.03935,1.490316,-1.049227,0.851213,-0.585752,-0.534709,0.007145,0.39427,1.110921,0.712966,0.619817,1.595529,-0.384402,-0.171406,1.258386,-0.098036,0.505298,1.02862,0.511869,-0.061347,0.485133,0.340256,-0.585857,0.291152,0.12668,-0.400596,0.847289,-1.394754,0.488592,0.399995,-0.606691,-0.593099,1.594272,0.01532,0.274947,0.396524,-1.131038,1.027463
475,Inu x Boku SS,anime_11013,-0.987979,0.852742,-0.33094,-0.610131,0.414361,0.90495,0.59031,0.663363,-0.385305,0.054911,-0.021992,-0.789131,-0.491559,1.050721,-0.010773,-1.232207,-0.437241,0.216496,-0.239222,-1.177685,1.033174,-0.072165,0.629513,-0.136332,0.908337,-1.467448,-0.039744,1.57842,-1.854344,1.15166,-0.763271,-0.168871,0.251618,-0.507902,0.649115,0.513043,0.475292,0.568483,-0.02336,-0.806874,1.53685,0.208548,0.859673,1.231422,0.713364,0.429495,0.191779,-0.268568,-0.406406,1.160585,0.956941,-0.098898,1.175642,-1.646753,0.885976,-0.020033,-0.770867,-1.003729,1.611095,0.291169,0.506774,0.466608,-1.072559,0.70848
476,Uzaki-chan wa Asobitai!,anime_41226,-0.337891,0.821104,-0.281783,-0.273393,-0.361532,0.541646,0.479414,0.371465,-0.46365,1.1656,-0.847715,-0.700134,-1.18035,0.152497,-0.349934,-1.314747,-0.469902,-0.227665,0.584908,-1.052755,0.605803,-0.161298,0.918468,0.00857,0.310293,-0.776591,-0.112925,1.723728,-0.907699,0.988604,-0.49839,-0.653231,-0.636413,0.69151,0.27201,0.928861,0.416006,1.109359,-0.248942,0.231641,1.058983,-0.570364,0.589076,0.785512,0.350053,-0.322653,-0.242474,-0.128476,-0.983537,0.63569,0.824698,-0.52952,0.695978,-1.29996,0.286733,0.26236,-0.104454,-1.490069,1.638848,-0.171003,-0.080739,0.090814,-1.005553,0.78333
477,Blue Period,anime_46352,-1.098234,0.502866,-0.37109,-0.325013,0.030918,0.734434,1.228284,0.81283,-0.658054,1.087268,-0.321883,-1.062124,-0.559256,1.043731,0.149857,-2.069799,-0.118397,0.601116,-0.535193,-0.88483,0.655552,0.061677,1.493942,-0.380394,0.901716,-1.577712,0.155719,1.445039,-1.770779,1.147504,-0.653805,-0.181354,-0.404456,-0.872103,0.500458,0.686488,1.045803,1.365716,0.189537,-0.411881,1.36215,-0.566176,1.060349,1.018687,0.162548,0.769098,0.027836,-0.406534,-1.319297,1.277377,0.866882,-0.890737,1.692006,-1.22994,0.154749,-0.036248,-0.21438,-1.389236,1.589349,0.834957,-0.783541,0.14935,-1.001421,1.210755
478,Maoyuu Maou Yuusha,anime_14833,-0.474685,0.609804,0.220315,-0.37938,-0.092455,0.32536,0.309655,0.286753,-1.149278,0.914464,-0.511113,-0.761399,-0.935989,0.22755,-0.125342,-0.83733,-0.518128,0.176551,1.157118,-0.980403,0.433082,-0.28455,0.479547,-0.178086,0.17362,-0.529234,0.034937,1.532257,-1.130542,1.175288,-0.138185,-0.418182,-0.014422,0.452093,1.053564,0.493084,0.761487,1.577322,-0.652168,-0.16576,1.411786,0.019602,0.733506,1.178659,0.44257,-0.561304,0.514347,-0.04192,-0.954196,0.3523,-0.017268,-0.699184,0.595392,-1.268903,0.300608,0.422567,-0.601016,-0.680024,1.339487,-0.232518,0.300855,0.24945,-1.061359,0.889426
479,Usagi Drop,anime_10162,-1.027033,0.137248,-0.060093,-0.153494,0.100555,1.164912,0.881372,0.777832,-0.054151,0.2695,-0.529024,-1.158637,-0.558005,1.124466,-0.577538,-1.224932,-0.583895,0.832959,-0.27385,-0.887793,1.36665,0.676897,0.348491,-0.546937,0.686802,-1.420273,-0.05452,1.687925,-1.876985,0.983598,-1.027914,-0.410037,0.306382,-0.967449,0.667422,0.200549,1.400861,0.83125,0.337332,-0.609283,1.262277,-0.177808,1.381069,0.910725,0.224184,-0.010309,0.045147,0.147045,-0.578636,1.393567,0.220027,-1.030952,1.647313,-1.309796,0.274177,-0.384838,-0.339082,-0.675465,1.915081,0.511165,-0.048295,1.063248,-1.484045,1.741453
480,Rurouni Kenshin: Meiji Kenkaku Romantan,anime_45,-0.952011,0.795505,-0.303272,-0.607889,0.351316,0.944181,0.65919,0.503844,-0.469978,-0.088488,-0.061005,-0.906151,-0.467881,0.978018,0.128165,-1.327205,-0.434449,0.314086,-0.472045,-1.072803,1.138628,0.110383,0.739912,-0.091914,0.769212,-1.611956,-0.25294,1.59883,-1.829906,0.881437,-0.89613,-0.183589,0.212597,-0.422573,0.762377,0.512708,0.381637,0.475685,-0.022818,-0.504782,1.543329,0.072818,0.845331,1.124022,0.852564,0.383368,0.167007,-0.197154,-0.449359,1.16679,1.051529,-0.223977,1.388927,-1.497212,0.88779,-0.074329,-0.537526,-1.10387,1.738387,0.203334,0.363842,0.645515,-1.267066,0.505651
481,Hataraku Maou-sama!!,anime_48413,-0.450155,0.755307,0.291636,-0.392655,0.218653,0.60098,0.266555,0.10447,-0.530571,0.95533,-0.640991,-0.594116,-0.900391,0.141413,-0.194044,-0.728022,-0.807682,-0.123052,1.057287,-0.942532,0.263884,-0.115589,0.522904,-0.500906,0.491613,-0.895311,0.242324,1.485612,-0.915917,1.330598,-0.387847,-0.387042,0.036402,0.424532,1.053831,0.737373,0.459439,1.662876,-0.507414,-0.258991,1.17355,-0.072071,0.50003,1.0653,0.601784,-0.141362,0.292479,0.199693,-0.596006,0.374767,0.094448,-0.500534,0.683474,-1.55429,0.531478,0.437541,-0.759199,-0.794053,1.536083,-0.046793,0.487836,0.119787,-0.88028,1.085264
482,Josee to Tora to Sakana-tachi,anime_40787,-0.125505,0.46821,-0.087313,0.136229,-0.387115,0.935447,0.428103,0.804148,-0.747739,0.910833,-0.548105,-0.91174,-1.291501,0.022323,-0.775822,-1.720066,-0.794559,0.037886,0.893181,-0.405415,0.312734,0.132293,0.44553,0.14631,0.611187,-0.509829,-0.468906,1.484059,-0.85001,0.790862,-0.615744,0.308474,-0.061229,0.330637,0.544865,0.229624,0.148005,1.285673,-0.736307,-0.589649,1.740439,-0.602125,0.139844,0.975534,-0.643843,-0.369596,0.340519,-0.396759,-0.724699,0.838346,1.12635,-1.327367,0.726043,-1.251472,0.157247,0.802678,0.222485,-1.22989,2.235444,0.138999,0.287784,-0.212531,-1.08815,0.929368
483,Mayo Chiki!,anime_10110,-0.46925,0.52269,0.177024,-0.346427,-0.041201,0.544229,0.358526,0.210658,-0.86316,0.645723,-0.73817,-0.633979,-0.875639,0.187271,-0.158663,-0.58437,-0.72637,-0.012532,0.948223,-1.01663,0.323506,-0.321353,0.447345,-0.298491,0.190234,-0.655452,0.170345,1.458443,-0.939125,1.21495,-0.30809,-0.458162,0.012088,0.41176,1.049587,0.589519,0.61518,1.610382,-0.574701,-0.201873,1.288309,-0.136698,0.622208,0.809804,0.564848,-0.371232,0.435309,0.062085,-0.679484,0.402196,-0.160353,-0.56246,0.670742,-1.332931,0.365129,0.327045,-0.523754,-0.628509,1.426796,-0.051653,0.279615,0.237991,-0.966535,0.922076
484,Kage no Jitsuryokusha ni Naritakute! 2nd Season,anime_54595,-0.433736,0.591931,0.145728,-0.471343,0.066118,0.581386,0.328264,0.124287,-0.971723,0.91476,-0.570248,-0.832105,-0.893303,0.168359,-0.23225,-0.765623,-0.651052,0.094259,1.093876,-0.873468,0.319172,-0.127002,0.633647,-0.136198,0.344145,-0.635064,-0.002875,1.540827,-1.110089,1.069766,-0.46118,-0.476818,-0.088579,0.500093,1.116675,0.614255,0.690585,1.667802,-0.536655,-0.05387,1.240304,-0.186012,0.604067,1.203291,0.516171,-0.272746,0.448906,0.084673,-0.824225,0.402484,0.03584,-0.678651,0.712057,-1.318857,0.355822,0.430404,-0.439945,-0.780008,1.526414,-0.150476,0.373628,0.119368,-1.185216,1.070907
485,Dandadan 2nd Season,anime_60543,-0.997038,0.897876,-0.213663,-0.747927,0.597362,0.984637,0.571832,0.614529,-0.444138,0.048955,0.046446,-0.984778,-0.459923,1.083255,0.063994,-1.159281,-0.546679,0.229948,-0.190131,-1.106664,1.025052,0.090869,0.905917,-0.18651,0.831094,-1.764067,-0.030298,1.661088,-1.857744,1.217502,-0.808261,-0.125026,0.24224,-0.469344,0.771398,0.377719,0.4225,0.56464,0.07323,-0.563527,1.4494,0.162044,0.800705,1.249505,0.797515,0.592754,0.123368,-0.128122,-0.516397,1.158293,1.127037,-0.152966,1.390372,-1.539923,0.872725,-0.112385,-0.674163,-1.128878,1.819224,0.216008,0.468673,0.501176,-1.188656,0.708364
486,Ookami to Koushinryou II,anime_5341,-0.482513,0.557905,0.244093,-0.481381,0.030866,0.346681,0.389303,0.187079,-1.059332,0.974,-0.604859,-0.67668,-1.046929,0.344614,-0.215803,-0.835613,-0.790356,0.162208,1.19913,-0.904049,0.275094,-0.280457,0.496692,-0.337523,0.213851,-0.67417,0.18333,1.670747,-0.958097,1.334415,-0.320604,-0.393028,0.077961,0.547936,0.880317,0.679293,0.738895,1.577596,-0.683522,-0.071627,1.387554,-0.089875,0.625803,1.205577,0.483921,-0.35245,0.422051,0.041093,-0.776716,0.300239,-0.162497,-0.767859,0.580307,-1.342571,0.265434,0.422184,-0.651083,-0.730358,1.338588,-0.191674,0.391985,0.050272,-0.924509,1.095329
487,Seitokai Yakuindomo,anime_8675,-1.149806,1.021878,-0.86235,-1.034325,0.744002,1.222906,0.321268,0.662148,-0.804348,0.951512,-0.081402,-0.507302,-0.820564,1.010241,0.02907,-0.989568,-0.097186,0.311296,-0.379069,-1.34953,0.810799,-0.616918,0.720774,-0.319148,0.953707,-0.832168,0.02156,1.40582,-1.652256,0.944111,0.141383,0.767405,-0.018007,-0.268866,1.248928,0.228488,0.596323,0.865412,-0.679861,-0.963845,1.464585,0.129583,0.620972,1.305241,1.170062,0.235309,0.640846,-0.474263,-0.592477,0.888179,1.509629,0.076142,1.163012,-1.285993,0.78698,0.046408,0.047201,-1.010036,2.338517,0.282119,0.566474,-0.118583,-1.134916,0.290667
488,Higurashi no Naku Koro ni Kai,anime_1889,-0.067971,0.605319,-0.194241,-0.017705,0.089221,1.150795,-0.20889,0.857253,-0.941413,0.436054,-0.525111,-0.648411,-1.2081,-0.26235,-0.853989,-1.212951,-0.591604,0.317222,1.018788,-0.658484,0.59633,0.186994,0.277493,-0.027633,0.932726,-0.33426,-0.186996,1.554178,-1.031637,1.045601,-0.591996,-0.225899,-0.167424,0.142433,0.82397,0.846488,0.452679,1.209162,-0.453565,0.2454,0.884395,-0.43768,0.639758,1.035046,-0.730439,-0.213947,0.674568,0.325613,-1.036838,0.863345,0.56454,-0.855442,0.496656,-1.068196,0.501451,0.72352,0.305835,-0.786034,1.853528,-0.448292,-0.00772,-0.168237,-1.025502,1.064131
489,Tate no Yuusha no Nariagari Season 3,anime_40357,-0.50306,0.615931,0.165336,-0.512302,0.024549,0.506119,0.339386,0.268723,-1.203646,1.040704,-0.535036,-0.821981,-0.954057,0.346188,-0.300092,-0.856556,-0.687927,0.297368,1.116186,-0.850975,0.394575,-0.164451,0.556515,-0.112386,0.257105,-0.617455,0.124613,1.668436,-1.111331,1.22924,-0.408558,-0.362262,-0.083177,0.534944,1.071816,0.497804,0.773712,1.635471,-0.630723,0.017705,1.276963,-0.147414,0.683105,1.261227,0.359908,-0.288313,0.515044,-0.019253,-0.92448,0.38322,-0.085746,-0.796596,0.695228,-1.18196,0.322915,0.512719,-0.460829,-0.735151,1.543537,-0.1622,0.306467,0.107289,-1.175551,0.990483
490,Magi: Sinbad no Bouken (TV),anime_31741,-1.057211,0.884727,-0.24232,-0.738248,0.478672,0.855245,0.588081,0.772199,-0.836477,0.114098,0.149009,-1.156556,-0.401416,1.154742,0.117291,-1.270857,-0.374848,0.509946,-0.145214,-1.117605,1.169129,0.086491,0.865131,-0.042273,0.583634,-1.573192,-0.170068,1.712698,-2.013393,1.096668,-0.61735,-0.04436,0.217593,-0.448742,0.892655,0.086705,0.605532,0.529928,0.038282,-0.563996,1.51054,0.190665,0.969271,1.357437,0.631245,0.314314,0.258638,-0.330193,-0.834878,1.172209,1.187778,-0.333398,1.475736,-1.240927,0.756694,-0.064508,-0.665705,-0.99895,1.796206,0.070974,0.308859,0.60424,-1.365943,0.54422
491,Youkoso Jitsuryoku Shijou Shugi no Kyoushitsu e 3rd Season,anime_51180,-0.369803,0.551174,0.246222,-0.479086,0.14186,0.65598,0.297267,0.375074,-0.991373,0.715897,-0.759908,-0.648252,-1.148335,0.458881,-0.250348,-0.413737,-0.72926,0.03415,0.876426,-0.78328,0.394979,-0.155754,0.50835,-0.2064,0.221752,-0.743558,0.427197,1.544188,-1.248841,1.272359,-0.256915,-0.359775,0.082065,0.31023,0.991116,0.527837,0.837698,1.766109,-0.530925,-0.108741,1.086776,-0.174525,0.575559,0.807901,0.466267,-0.320821,0.548133,-0.027106,-0.879971,0.43374,-0.393158,-0.733021,0.483997,-1.363662,0.198754,0.19816,-0.413102,-0.614817,1.371984,-0.067239,0.013405,0.125166,-1.038132,1.138565
492,Tokyo Ravens,anime_16011,-0.447636,0.448186,0.273873,-0.439673,0.094056,0.421571,0.258554,0.416226,-1.049684,0.69803,-0.59511,-0.747356,-1.055251,0.299007,-0.115671,-0.514389,-0.669808,0.060591,1.072928,-0.911132,0.336839,-0.381496,0.556805,-0.117166,0.165184,-0.730898,0.304171,1.489711,-1.259321,1.317179,-0.085172,-0.467248,-0.043275,0.316832,0.973954,0.586816,0.832266,1.821761,-0.563019,-0.100794,1.24379,-0.026754,0.620367,0.87942,0.537807,-0.344646,0.554931,0.04036,-0.91438,0.360079,-0.420575,-0.615412,0.544359,-1.290082,0.148808,0.237914,-0.336617,-0.828771,1.366177,-0.139991,0.148072,0.180238,-1.086041,1.09247
493,Houseki no Kuni,anime_35557,-1.024405,0.531378,-0.255917,-0.382021,-0.11932,0.636375,0.987743,0.662163,-0.778776,0.951739,-0.290959,-0.979109,-0.357539,1.010381,0.077442,-1.866389,-0.181086,0.567478,-0.092288,-1.008757,0.733003,-0.060437,1.244146,-0.104472,0.990247,-1.63551,0.058559,1.44717,-1.834415,1.165766,-0.659623,-0.224549,-0.422426,-0.863088,0.515907,0.758158,1.178962,1.170176,0.211979,-0.325055,1.348548,-0.359449,1.097095,1.368231,0.342397,0.712123,-0.045701,-0.24402,-1.075439,1.087205,0.821688,-0.912859,1.666218,-1.178042,0.317424,-0.031867,-0.146859,-1.388876,1.711624,0.606259,-0.590639,0.130878,-1.011428,1.274259
494,Fate/stay night Movie: Heaven's Feel - I. Presage Flower,anime_25537,-0.238206,0.597017,-0.069542,-0.059682,0.04868,0.820209,-0.345561,0.805035,-1.091743,0.558648,-0.345648,-0.725251,-1.183019,-0.36564,-0.614481,-1.277672,-0.530829,0.259291,1.309218,-0.727802,0.477004,-0.16903,0.548597,0.012654,0.679469,-0.536468,0.113185,1.679759,-1.195404,1.220451,-0.415964,-0.143106,-0.31713,0.430929,0.885477,0.310912,0.42349,1.266456,-0.458026,0.140635,0.896977,-0.472759,0.62511,1.006361,-0.607642,-0.181199,0.659107,0.26912,-1.20743,0.732087,0.366592,-0.68902,0.568693,-0.863345,0.548917,0.613135,0.184287,-0.989881,1.705162,-0.371427,-0.193168,-0.10487,-1.177249,0.936248
495,Chobits,anime_59,-1.035728,0.54501,-0.200271,-0.298172,-0.106719,0.691374,0.865717,0.719213,-0.489519,0.700323,-0.195368,-0.568897,-0.519058,0.957511,-0.094682,-1.761355,-0.171517,0.737298,-0.124239,-0.993912,0.907125,-0.149438,0.980399,-0.113713,0.968932,-1.259453,0.174734,1.230905,-1.640238,1.238889,-0.826751,-0.123266,-0.388678,-0.872986,0.48618,0.662826,1.08592,1.020654,0.331583,-0.541759,1.52275,-0.471888,1.244515,1.023375,0.03599,0.656866,-0.038688,-0.468955,-0.917327,0.955785,0.704223,-0.854441,1.522987,-1.29988,0.514048,-0.185143,-0.11763,-1.258976,1.795356,0.748008,-0.57572,0.438898,-0.822017,1.209061
496,Durarara!!x2 Shou,anime_23199,-0.454644,0.544287,0.305756,-0.54959,0.232819,0.492777,0.232703,0.227725,-1.037467,0.758655,-0.643315,-0.873585,-1.012412,0.344825,-0.249733,-0.615567,-0.882971,0.039084,1.160388,-0.879606,0.31958,-0.242595,0.60083,-0.142019,0.289341,-0.885605,0.352638,1.612268,-1.149583,1.400039,-0.260983,-0.43544,-0.043334,0.461928,0.951685,0.683773,0.750796,1.801314,-0.619519,0.02082,1.265342,-0.115569,0.5668,1.109048,0.553564,-0.103203,0.366829,0.094248,-0.75005,0.416815,-0.101957,-0.787519,0.757963,-1.361894,0.12405,0.42598,-0.419406,-0.976079,1.500899,-0.190701,0.315859,0.017889,-1.050076,1.173065
497,Tanaka-kun wa Itsumo Kedaruge,anime_32093,-0.387136,0.732172,-0.386168,-0.17822,-0.307586,0.714677,0.350775,0.826164,-0.45556,1.00397,-1.154248,-0.865867,-1.230669,0.354739,-0.539326,-1.225779,-0.588569,-0.146736,0.385848,-0.778117,0.801199,-0.247764,0.908166,0.197611,0.267068,-0.717435,0.206975,1.759645,-0.958917,0.998374,-0.31998,-0.765579,-0.621729,0.562081,0.256506,0.692581,0.381831,1.485461,-0.077842,0.180513,0.690936,-0.574829,0.669587,0.405701,0.152535,-0.164914,-0.018854,-0.251891,-1.234855,0.788334,0.477255,-0.592798,0.659622,-0.937855,0.139398,0.141172,-0.035321,-1.309131,1.570078,-0.011774,-0.483212,0.440333,-1.193703,0.712939
498,Fate/Apocrypha,anime_34662,-0.473983,0.453972,0.503512,-0.54351,0.287115,0.471743,0.205648,0.414674,-1.015523,0.660595,-0.464128,-0.505912,-1.121846,0.470943,-0.116102,-0.576449,-0.801732,0.315124,1.339122,-0.829147,0.41011,-0.446808,0.43663,-0.014433,0.129815,-0.649076,0.416364,1.417506,-1.342528,1.517929,-0.043846,-0.343199,0.047835,0.448307,1.076198,0.576284,0.971221,1.945997,-0.431285,-0.269943,1.3251,-0.185956,0.72229,0.992731,0.362265,-0.32425,0.542649,-0.222751,-0.833632,0.237727,-0.640291,-0.972284,0.700079,-1.18264,0.029529,0.076827,-0.202567,-1.014198,1.534935,-0.257526,0.099541,0.15399,-1.045588,1.343771
499,Kizumonogatari III: Reiketsu-hen,anime_31758,-0.389459,0.538164,0.246953,-0.490164,0.263218,0.541724,0.207606,0.20665,-0.858458,0.755757,-0.727717,-0.918514,-0.991243,0.402172,-0.238201,-0.57819,-0.804118,0.005315,1.088867,-0.75849,0.381709,-0.143513,0.444918,-0.152492,0.252147,-0.848311,0.338565,1.593633,-1.234223,1.272458,-0.288829,-0.428883,-0.028713,0.439844,0.978125,0.678152,0.797923,1.838594,-0.503134,-0.168141,1.222146,-0.166433,0.529284,1.027229,0.458388,-0.166956,0.392265,0.069282,-0.679035,0.391689,-0.1348,-0.815787,0.864634,-1.374728,0.134324,0.389353,-0.478154,-0.870119,1.509923,-0.138376,0.171647,0.195197,-1.116103,1.218561
500,Net-juu no Susume,anime_36038,-0.326954,0.810493,-0.150911,-0.202914,-0.303173,0.433395,0.462591,0.29696,-0.345171,1.098714,-0.859071,-0.674484,-1.163517,0.066483,-0.331196,-1.384945,-0.542596,-0.332037,0.57596,-1.084786,0.513632,-0.302161,0.830472,-0.151416,0.309886,-0.86694,-0.036045,1.655308,-0.765448,0.964838,-0.33376,-0.620333,-0.550902,0.661958,0.405684,0.915554,0.36586,1.136479,-0.202994,-0.094062,0.986074,-0.44168,0.512629,0.848567,0.301077,-0.497915,-0.220115,-0.133627,-0.965728,0.643699,0.780287,-0.491106,0.934916,-1.237972,0.388441,0.283696,-0.196984,-1.439745,1.521301,-0.245679,-0.062327,0.036976,-0.868678,0.753489
501,Owarimonogatari,anime_31181,-0.385501,0.609502,0.271654,-0.387625,0.188708,0.576041,0.275305,0.069076,-0.59803,0.898434,-0.735769,-0.753349,-0.929056,0.303249,-0.194065,-0.72886,-0.773935,-0.098764,0.989326,-0.86912,0.350875,-0.108972,0.370462,-0.304072,0.455339,-0.818412,0.212244,1.458815,-1.064626,1.182604,-0.34467,-0.404035,-0.02799,0.479825,1.073295,0.834103,0.593119,1.800624,-0.489037,-0.345876,1.191644,-0.168612,0.536347,1.029551,0.464333,-0.247399,0.289495,0.056916,-0.619647,0.392958,-0.01371,-0.717623,0.867835,-1.485307,0.356941,0.471768,-0.627425,-0.782214,1.482393,-0.131948,0.236021,0.164731,-0.972532,1.139699
502,Hibike! Euphonium,anime_27989,-0.127639,0.491622,-0.000128,0.007858,-0.214598,0.980549,0.300831,0.81251,-0.796051,1.01569,-0.624767,-1.101058,-1.280119,0.082712,-0.730545,-1.379564,-0.766897,0.009334,0.842076,-0.606342,0.534208,0.142797,0.492423,0.183269,0.646851,-0.673873,-0.452979,1.516059,-1.032627,0.989631,-0.57045,0.203451,-0.02899,0.267582,0.731879,0.262096,0.128391,1.377495,-0.586384,-0.494763,1.470627,-0.628154,0.305512,0.773585,-0.483365,-0.369839,0.483583,-0.30952,-0.674783,0.859894,0.914881,-1.141105,0.516078,-1.12545,0.154149,0.774092,0.329178,-0.921645,2.203521,0.21806,0.061592,-0.234351,-1.244775,1.004683
503,Otome Game no Hametsu Flag shika Nai Akuyaku Reijou ni Tensei shiteshimatta...,anime_38555,-0.404241,0.292857,0.449451,-0.81084,0.467492,0.098058,0.446286,0.108323,-0.036177,1.362038,0.052806,-0.657414,-1.062526,1.213524,0.255702,-1.236846,-0.458771,0.331188,1.106171,-0.940796,1.02302,-0.149311,0.511404,-0.888638,0.881918,-0.923193,-0.437747,1.293103,-1.57684,1.740659,0.055246,0.035485,-0.103253,0.196217,1.080123,0.793975,1.309768,1.781608,-0.257064,-0.919965,1.794167,-0.059818,0.873231,1.893817,0.463938,-0.244953,0.261836,-0.320209,-0.57165,1.274341,-0.071693,-0.837385,1.765048,-1.283754,0.56782,0.100653,-0.471528,-0.365465,1.464346,-0.151844,0.266584,-0.564789,-0.91908,0.876312
504,Sora no Otoshimono,anime_5958,-0.982723,0.753984,-0.329497,-0.633844,0.307928,1.005761,0.649181,0.669811,-0.54529,0.079839,-0.100668,-0.864364,-0.383031,0.996614,0.032246,-1.132955,-0.521625,0.241268,-0.227278,-1.209266,1.101192,-0.025244,0.735703,-0.142669,0.812796,-1.496933,-0.126592,1.599647,-1.840566,1.082348,-0.755784,-0.251837,0.313547,-0.542672,0.723992,0.332626,0.523629,0.469034,-0.022856,-0.664008,1.566399,0.134197,0.877739,1.246211,0.723338,0.328822,0.255279,-0.277398,-0.464544,1.225343,1.078222,-0.155747,1.270848,-1.48933,0.919368,-0.124983,-0.754878,-0.929274,1.577049,0.292829,0.51776,0.499376,-1.170644,0.580647
505,Odd Taxi,anime_46102,-0.491325,0.318438,-0.221085,-0.176627,-0.535338,0.667299,0.329695,0.685902,-0.89701,0.607751,-1.001874,-0.729113,-0.673258,0.115285,-0.62526,-0.807408,-0.811145,-0.043634,0.172182,-0.877114,0.752081,-0.390994,0.299127,-0.160825,0.735779,-0.706506,-0.061386,1.482379,-0.726667,1.177089,-0.680724,-0.461538,-0.002724,0.612972,0.535699,0.722393,0.612312,1.440882,-0.949444,-0.225841,1.424594,-0.314139,0.492392,0.508706,0.44535,-0.190388,0.227265,-0.14627,-0.121931,0.657934,0.340981,-0.915902,0.855687,-1.792824,0.177267,0.744841,-0.076836,-0.512442,1.620426,-0.061557,-0.138221,-0.150478,-0.988817,0.788753
506,Shingeki no Kyojin OVA,anime_18397,-0.99029,0.686655,-0.315819,-0.683101,0.444908,1.052501,0.593306,0.693055,-0.676606,0.056655,-0.072642,-0.934699,-0.406073,1.227077,-0.172835,-1.33945,-0.577623,0.417651,-0.299185,-1.048329,1.12525,0.11852,0.651273,-0.01863,0.734768,-1.57336,0.034737,1.706536,-1.981315,1.049624,-0.845014,-0.087926,0.267957,-0.437788,0.663467,0.30327,0.558525,0.595446,-0.002331,-0.524018,1.504942,0.116775,0.823787,1.277032,0.633683,0.336513,0.279651,-0.373323,-0.636808,1.270253,0.871871,-0.319898,1.387768,-1.368162,0.742469,0.070158,-0.51449,-0.98021,1.810365,0.157116,0.391599,0.466654,-1.116517,0.561585
507,"Kumo desu ga, Nani ka?",anime_37984,-0.432957,0.652906,0.103422,-0.466501,0.057707,0.555381,0.366372,0.150108,-1.046377,0.956158,-0.55315,-0.81704,-0.871017,0.201145,-0.217334,-0.854872,-0.645192,0.183462,1.090059,-0.883488,0.346112,-0.1066,0.637758,-0.145387,0.268678,-0.630471,-0.026578,1.600703,-1.068807,1.068381,-0.479354,-0.476229,-0.09612,0.57529,1.099673,0.562542,0.681378,1.581269,-0.539158,0.035937,1.265351,-0.184554,0.642104,1.19938,0.490586,-0.282205,0.417666,0.078512,-0.871775,0.362098,0.123641,-0.688052,0.689599,-1.255164,0.356025,0.453691,-0.497803,-0.702217,1.56937,-0.161099,0.330618,0.221758,-1.233571,0.994027
508,Ishuzoku Reviewers,anime_40010,-0.365752,0.981303,-0.114829,-0.25972,-0.121944,0.586092,0.237395,0.445267,-0.420327,1.215704,-0.822943,-0.752747,-1.121721,0.190226,-0.473421,-1.140724,-0.306951,-0.16805,0.590422,-1.176699,0.910278,-0.370895,0.617932,-0.003046,0.59079,-0.711627,-0.016215,1.527248,-0.91045,1.168541,-0.264771,-0.497494,-0.537407,0.675991,0.574033,0.801257,0.485601,1.276402,-0.203661,-0.168733,0.910293,-0.367516,0.890103,0.931505,0.176247,-0.420672,-0.1954,-0.177204,-0.983711,0.737918,0.719995,-0.531285,0.733984,-1.223017,0.356529,0.290867,-0.186149,-1.323473,1.637056,-0.173655,-0.109605,0.007195,-0.976311,0.829121
509,Yuukoku no Moriarty,anime_40911,-0.930168,0.765365,-0.314484,-0.638884,0.357665,0.934324,0.659615,0.620372,-0.498168,-0.006996,-0.214396,-0.796421,-0.454715,1.133293,-0.062437,-1.340569,-0.575677,0.382179,-0.514005,-1.018763,1.060984,0.038416,0.602985,0.001562,0.995681,-1.54043,-0.102305,1.631979,-2.018567,0.881761,-0.874633,-0.090615,0.186195,-0.236088,0.656559,0.598337,0.514311,0.699788,-0.066236,-0.612508,1.462493,0.081572,0.91435,1.250437,0.672294,0.356144,0.066646,-0.459094,-0.438256,1.164078,1.125418,-0.501582,1.392853,-1.461422,0.713924,-0.081411,-0.48647,-0.917134,1.742693,0.176772,0.235218,0.557893,-1.195917,0.586106
510,[Oshi no Ko] 2nd Season,anime_55791,-1.235362,0.332835,-0.340819,-0.349086,-0.072676,0.834504,1.199008,0.569535,-0.618479,1.018382,-0.368418,-1.08969,-0.395712,0.969875,-0.050371,-2.149497,-0.221973,0.564672,-0.263446,-0.934993,0.575292,-0.121902,1.325343,-0.223381,0.899238,-1.36044,0.07912,1.519467,-1.519925,1.08695,-0.805647,-0.222928,-0.372064,-0.889737,0.495997,0.745222,1.152533,1.277523,0.184064,-0.374449,1.37389,-0.809437,1.040675,1.26939,0.303075,0.686101,-0.041599,-0.432537,-1.055386,1.28865,0.879868,-1.081915,1.74505,-1.257231,0.348454,-0.105901,-0.201117,-1.367451,1.637107,0.821722,-0.576785,0.151485,-0.939078,1.394473
511,Ore wo Suki nano wa Omae dake ka yo,anime_38483,-0.429276,0.522754,0.153209,-0.28767,-0.049371,0.50672,0.339295,0.189953,-0.823395,0.728479,-0.760002,-0.771054,-0.863021,0.089495,-0.143276,-0.641913,-0.619355,-0.079734,0.888118,-0.979289,0.292974,-0.310717,0.533689,-0.344794,0.270611,-0.743565,0.114772,1.418154,-0.942838,1.176277,-0.299129,-0.501715,-0.084636,0.41639,0.969196,0.695354,0.585109,1.637234,-0.622049,-0.143704,1.208727,-0.031988,0.51719,0.8997,0.566829,-0.342736,0.469191,0.216855,-0.771721,0.418979,-0.147718,-0.53871,0.691962,-1.356049,0.446614,0.309798,-0.509672,-0.6789,1.351495,-0.058594,0.290206,0.251231,-1.026758,0.907296
512,Ookami Shoujo to Kuro Ouji,anime_23673,-0.211002,0.427293,-0.079539,-0.092588,0.16839,0.690132,1.189582,0.583034,0.521767,0.841199,-0.030153,-1.245537,-0.5519,1.003589,0.005813,-2.085051,-0.089066,0.160734,-0.22436,-1.107077,0.854874,0.438394,1.078711,-0.560748,0.354919,-1.589369,-0.522538,1.590395,-1.732177,1.694826,-0.402413,-0.832404,-0.33063,-0.052792,0.272188,0.72007,1.16438,1.23381,0.783574,-0.51515,1.541944,-0.323183,0.70416,0.781886,0.187604,0.143787,-0.530533,0.073198,-0.830022,1.279328,0.323542,-0.257252,2.168065,-1.296489,-0.122131,-0.573438,0.021429,-0.979112,1.340345,0.513816,-0.733336,0.241254,-1.055273,1.15778
513,Tomo-chan wa Onnanoko!,anime_52305,-0.396134,0.858516,-0.228817,-0.168463,-0.278306,0.582746,0.403703,0.644413,-0.240612,1.035617,-0.870531,-0.906109,-1.208253,0.10594,-0.297096,-1.212989,-0.325119,-0.486957,0.357276,-1.124111,0.559619,-0.251965,0.954807,-0.075466,0.242549,-0.87013,0.087684,1.464655,-0.922324,1.097,-0.215122,-0.65513,-0.61402,0.392081,0.395211,0.838043,0.261048,1.362256,-0.058525,-0.111729,0.896027,-0.467522,0.517839,0.332654,0.162158,-0.264972,-0.104058,-0.086697,-1.147229,0.780584,0.72014,-0.298227,0.863859,-1.460927,0.262406,0.121334,-0.101482,-1.550465,1.499818,0.040345,-0.340289,0.216193,-0.933839,0.80027
514,Mashle: Shinkakusha Kouho Senbatsu Shiken-hen,anime_55813,-1.089673,0.784594,-0.22673,-0.667763,0.47799,0.934083,0.559677,0.766677,-0.491103,-0.096979,-0.113676,-0.856987,-0.498087,1.077403,-0.087329,-1.384775,-0.48796,0.45949,-0.387788,-1.027323,1.127578,-0.121838,0.69234,0.062076,0.86345,-1.467821,0.010729,1.598044,-2.06395,1.046008,-0.812452,0.033903,0.102365,-0.29801,0.742144,0.471477,0.561197,0.738126,0.003777,-0.759839,1.513757,0.10919,0.976855,1.298308,0.51852,0.42984,0.276039,-0.477671,-0.581528,1.09262,0.854031,-0.415358,1.478752,-1.33982,0.798291,-0.284624,-0.37924,-1.058848,1.883471,0.32146,0.217913,0.709285,-1.189667,0.679034
515,Boruto: Naruto the Movie,anime_28755,-1.067433,0.844557,-0.310584,-0.608602,0.436369,0.862309,0.629654,0.729246,-0.728036,0.067847,0.078364,-1.068367,-0.418974,1.154291,0.035268,-1.402802,-0.38256,0.509428,-0.190983,-1.056561,1.130434,0.013698,0.773544,-0.010935,0.676188,-1.45541,-0.198058,1.690614,-1.945433,1.05924,-0.73394,-0.091196,0.222461,-0.330657,0.790613,0.225707,0.477177,0.513145,0.034655,-0.543095,1.531361,0.146693,0.932874,1.305288,0.565963,0.216383,0.274083,-0.335111,-0.712184,1.150975,1.099762,-0.404362,1.403566,-1.29872,0.793859,-0.12973,-0.584816,-1.004911,1.728565,0.150034,0.326596,0.630857,-1.326795,0.612299
516,Chihayafuru,anime_10800,-1.290089,0.334176,-0.061603,-0.222309,0.056318,0.980238,0.925358,1.109909,0.014871,0.454109,-0.336953,-1.100891,-0.70874,1.243933,-0.629461,-1.565257,-0.573784,0.601213,-0.348339,-0.758639,1.06396,0.531059,0.495708,-0.375966,0.728426,-1.339463,0.049087,1.726571,-1.827258,1.054473,-0.981299,-0.359305,0.149609,-0.927127,0.47056,0.167593,1.399615,0.952446,0.163359,-0.873136,1.350126,-0.25981,1.305352,0.920333,-0.09477,-0.011277,-0.030197,-0.131057,-0.663567,1.307567,0.061979,-0.998353,1.66477,-1.549286,0.143208,-0.400221,-0.063363,-0.902024,1.731159,0.613951,-0.334037,0.91867,-1.168953,1.838767
517,Suzume no Tojimari,anime_50594,-0.691242,0.744265,-0.373822,-0.167328,-0.03294,0.601293,0.3103,0.726708,-1.16853,1.046787,-0.678467,-0.771515,-0.618725,0.291283,-0.48721,-0.69186,-0.602535,0.08766,0.469627,-0.868655,0.881834,-0.774767,0.489626,-0.426029,0.350293,-0.670748,0.129335,1.425105,-0.770573,1.542026,-0.352788,-0.232988,-0.049266,0.748341,0.715047,0.481297,0.563336,1.395472,-0.766551,-0.365885,1.338433,-0.171389,0.463733,0.724574,0.307153,-0.173684,0.441838,-0.178356,-0.227238,0.537332,0.495378,-0.793515,0.784564,-1.628846,0.204411,0.752014,-0.389554,-0.594229,1.800352,0.267289,-0.128512,-0.165367,-1.044193,0.875864
518,Nakitai Watashi wa Neko wo Kaburu,anime_41168,-0.587596,0.317958,-0.180475,-0.119845,-0.347631,0.615046,0.152893,0.751038,-0.886258,0.615119,-0.914434,-0.816706,-0.744821,0.115573,-0.588649,-0.524109,-0.599021,-0.104822,0.039423,-1.002949,0.882948,-0.697014,0.302168,-0.400422,0.584514,-0.740267,0.17393,1.43467,-0.872097,1.480276,-0.415071,-0.262965,-0.010086,0.491371,0.606042,0.585897,0.59917,1.50353,-0.897398,-0.4389,1.436662,-0.185413,0.452251,0.296038,0.371154,-0.252607,0.489609,-0.120665,-0.135898,0.750677,0.152223,-0.693421,0.782887,-1.836257,0.16887,0.712289,-0.156251,-0.519554,1.545401,0.219741,-0.080284,-0.198252,-0.946595,0.762917
519,Yojouhan Shinwa Taikei,anime_7785,-0.026399,0.447986,-0.16288,0.060337,-0.446812,1.13144,0.190221,0.896736,-0.745962,0.583244,-0.780153,-0.898674,-1.265582,-0.185778,-0.932768,-1.298985,-0.814704,0.053874,0.938953,-0.422637,0.529766,0.202614,0.249613,0.402271,0.557577,-0.600691,-0.419876,1.27033,-0.981568,0.588353,-0.687084,0.247094,0.035503,0.356569,0.468138,0.162551,0.043869,1.255903,-0.51104,-0.617501,1.62401,-0.778628,0.14846,0.6461,-0.407302,-0.300401,0.26388,-0.333375,-0.668494,0.702393,1.183482,-1.377917,0.618691,-1.310413,0.320433,0.817274,0.295567,-1.036262,2.395776,0.041377,0.075844,0.27096,-1.229403,0.998775
520,Beastars 2nd Season,anime_40935,-0.919853,0.724487,-0.310239,-0.708899,0.316061,0.979865,0.740219,0.764301,-0.56277,0.083464,-0.214392,-0.869762,-0.561834,1.182751,-0.024709,-1.173741,-0.54926,0.296129,-0.413887,-1.065312,1.085989,0.154525,0.767797,-0.093688,0.918088,-1.560999,-0.053446,1.748401,-2.008313,0.938433,-0.816953,-0.098368,0.313105,-0.591477,0.723303,0.298833,0.494545,0.556934,-0.007141,-0.655346,1.392468,0.093161,0.810309,1.238738,0.692918,0.325465,0.36078,-0.356639,-0.634708,1.237177,0.978492,-0.342485,1.132594,-1.477031,0.812485,-0.006639,-0.594418,-0.843396,1.629262,0.252597,0.338633,0.427997,-1.225921,0.659747
521,Watashi ga Motete Dousunda,anime_32899,-0.313476,0.41806,-0.157209,-0.139994,0.143515,0.651775,1.09197,0.65316,0.346346,0.864864,-0.136889,-1.128503,-0.523207,1.048062,-0.045279,-2.055409,-0.176799,0.316218,-0.269732,-0.990591,0.896171,0.343128,0.865552,-0.329267,0.483423,-1.551941,-0.505328,1.535863,-1.733274,1.677217,-0.439691,-0.761782,-0.361831,0.05021,0.263493,0.68507,1.19447,1.356895,0.729188,-0.43155,1.545625,-0.273932,0.762243,0.797529,0.211813,0.111535,-0.57079,-0.02372,-0.732406,1.27571,0.283145,-0.371614,2.165654,-1.198504,0.035355,-0.587885,-0.078916,-0.95104,1.454314,0.456994,-0.746749,0.322612,-0.980249,1.086271
522,Sayonara no Asa ni Yakusoku no Hana wo Kazarou,anime_35851,-0.728755,0.347883,-0.09839,-0.088862,-0.380213,0.772137,0.269735,0.832249,-0.959555,0.965516,-0.68839,-0.918944,-0.702859,0.174902,-0.722973,-0.72584,-0.340497,0.286902,0.342204,-1.180753,1.067165,-0.719901,0.132282,-0.283303,0.849104,-0.373338,0.005095,1.393744,-0.865321,1.595092,-0.373737,-0.147894,0.079441,0.437796,0.853502,0.515511,0.88745,1.512143,-0.928546,-0.677349,1.343331,-0.26574,0.755398,0.754654,0.178212,-0.390498,0.59034,-0.270066,-0.206273,0.863096,-0.073017,-1.032725,0.86115,-1.727019,0.139883,0.829513,0.021282,-0.467735,1.558927,0.001272,0.023529,-0.505196,-0.828615,0.981186
523,Plunderer,anime_37345,-0.948722,0.698863,-0.34354,-0.720683,0.194059,0.844783,0.561474,0.6992,-0.742486,0.037593,-0.081995,-0.989424,-0.368407,1.054229,0.016721,-1.134314,-0.431857,0.264597,-0.15675,-1.121525,1.111072,0.012974,0.776012,0.032735,0.773899,-1.458471,-0.172582,1.583162,-2.037375,1.026151,-0.699645,-0.189324,0.259367,-0.610527,0.814354,0.329324,0.607942,0.484953,0.013114,-0.665094,1.620479,0.247242,0.925706,1.3356,0.68595,0.345475,0.332761,-0.225885,-0.551297,1.166713,1.009384,-0.101792,1.352567,-1.462219,0.85478,-0.080186,-0.653415,-1.035778,1.630679,0.190941,0.460883,0.471738,-1.238528,0.6404
524,Evangelion Movie 3: Q,anime_3785,-0.558698,0.364142,-0.211478,-0.288287,-0.372403,0.589534,0.18104,0.889708,-0.89235,0.405695,-0.955517,-0.917673,-0.794899,0.145785,-0.669162,-0.466451,-0.686459,-0.020016,0.115693,-0.870041,1.060658,-0.430549,0.26582,-0.055596,0.607356,-0.607824,-0.044453,1.273029,-0.746039,1.246623,-0.64266,-0.457592,0.109189,0.475202,0.548999,0.50631,0.692197,1.346544,-0.791317,-0.300757,1.50874,-0.502334,0.562031,0.19687,0.27802,-0.243252,0.384326,-0.201974,-0.250497,0.812752,0.331172,-0.928534,0.737574,-1.838276,0.211665,0.684772,-0.099221,-0.238827,1.388818,0.032398,-0.248744,0.077237,-0.955332,0.917523
525,Dungeon ni Deai wo Motomeru no wa Machigatteiru Darou ka Gaiden: Sword Oratoria,anime_32887,-0.485602,0.683929,0.284914,-0.489246,0.259587,0.437443,0.223622,0.392727,-1.107796,0.751768,-0.453592,-0.760066,-1.034382,0.41704,-0.212784,-0.794432,-0.636624,0.444174,1.21993,-0.769982,0.476665,-0.258057,0.451881,-0.089158,-0.029312,-0.615816,0.188051,1.547804,-1.217892,1.335971,-0.206589,-0.268545,-0.019584,0.624507,1.035929,0.419413,0.903428,1.740722,-0.511083,-0.23137,1.318211,-0.212977,0.690113,1.157406,0.286792,-0.295483,0.481592,-0.108347,-0.864794,0.202579,-0.180516,-1.046004,0.924144,-1.045705,0.165683,0.214539,-0.35891,-0.883592,1.722068,-0.231517,0.084455,0.413825,-1.215832,1.138735
526,Akudama Drive,anime_41433,-0.541232,0.305252,-0.289097,-0.226776,-0.314491,0.597917,0.285788,0.8442,-0.866038,0.557673,-0.919802,-0.928525,-0.674578,0.091261,-0.667051,-0.646144,-0.775695,0.200383,0.330643,-0.714211,0.967703,-0.284083,0.371507,-0.121837,0.444012,-0.708443,-0.105559,1.4532,-0.864009,1.125035,-0.746483,-0.519084,-0.051499,0.544369,0.459082,0.522719,0.702751,1.445037,-0.740671,-0.177924,1.351082,-0.464161,0.429399,0.527517,0.257994,-0.182646,0.404134,-0.063184,-0.177964,0.607309,0.416499,-0.904179,1.012168,-1.674659,0.187717,0.678706,-0.004017,-0.534521,1.810055,-0.039271,-0.202099,0.140242,-1.055723,0.883139
527,Dagashi Kashi,anime_31636,-0.938132,1.010913,-0.241937,-0.621441,0.478252,1.092342,0.804538,0.441767,-0.208061,0.060605,-0.072688,-0.768045,-0.561595,0.929593,0.161204,-1.271511,-0.509251,0.27927,-0.414703,-1.159572,0.980003,0.095889,0.71883,-0.247341,0.85818,-1.584369,-0.254705,1.453099,-1.795339,0.873468,-0.896819,-0.167814,0.301471,-0.318699,0.721468,0.563067,0.372057,0.428414,0.16017,-0.667411,1.464891,0.086683,0.827301,1.091141,0.902476,0.363883,-0.09223,-0.136116,-0.430331,1.016923,1.114645,-0.114303,1.212749,-1.57531,0.976598,-0.144858,-0.630425,-0.951705,1.757743,0.221385,0.440841,0.517956,-1.199445,0.570143
528,Sakamoto Days,anime_58939,-0.935916,0.844964,-0.255482,-0.658516,0.492039,0.881161,0.674851,0.512714,-0.471137,-0.040236,-0.010452,-0.941943,-0.431269,1.104037,0.023973,-1.259616,-0.501614,0.34837,-0.305144,-1.081535,0.919781,0.048046,0.740067,-0.177584,0.846417,-1.667933,-0.11521,1.565644,-1.806437,1.065824,-0.911018,-0.048042,0.157893,-0.239295,0.707775,0.557876,0.511365,0.574391,0.037558,-0.600244,1.483203,0.182508,0.876481,1.249982,0.772477,0.553614,-0.03646,-0.139711,-0.462818,1.056184,1.08047,-0.31027,1.524969,-1.441786,0.809851,-0.100433,-0.526819,-1.019614,1.870105,0.135697,0.336387,0.518062,-1.165703,0.684727
529,Tomodachi Game,anime_50273,-0.79892,0.739213,-0.41374,-0.682525,0.332371,1.011413,0.700773,0.752071,-0.65009,-0.059758,-0.289702,-0.874452,-0.519451,1.143077,-0.017333,-1.177434,-0.57146,0.257754,-0.384796,-1.097217,1.214425,0.16624,0.827997,0.104889,1.023683,-1.518606,-0.16365,1.754808,-2.037572,0.859919,-0.688682,-0.29283,0.21663,-0.349304,0.820512,0.374077,0.482177,0.581665,0.079514,-0.548087,1.4941,0.07271,1.042937,1.23069,0.597222,0.219345,0.261846,-0.481204,-0.733285,1.256628,1.251401,-0.34576,1.248021,-1.573844,0.633263,-0.078316,-0.51214,-0.75489,1.568365,0.09367,0.180799,0.553212,-1.180746,0.571964
530,Kizumonogatari II: Nekketsu-hen,anime_31757,-0.390167,0.538036,0.250566,-0.489781,0.264384,0.540589,0.204575,0.206085,-0.854622,0.75126,-0.728218,-0.917659,-0.991381,0.401952,-0.239315,-0.573629,-0.804359,0.005838,1.089204,-0.758344,0.384004,-0.141772,0.441695,-0.154444,0.251567,-0.84738,0.341334,1.59199,-1.23393,1.273206,-0.288564,-0.425247,-0.027685,0.435271,0.980949,0.673387,0.796082,1.838087,-0.500562,-0.17168,1.222033,-0.164556,0.528959,1.023404,0.456248,-0.16819,0.394336,0.068429,-0.679181,0.392929,-0.134866,-0.8151,0.864021,-1.376615,0.13461,0.390385,-0.479925,-0.867885,1.510574,-0.137762,0.174197,0.195813,-1.114243,1.217426
531,Tokidoki Bosotto Russia-go de Dereru Tonari no Alya-san,anime_54744,-0.426995,0.570515,0.211893,-0.28123,0.010456,0.405276,0.287943,0.24458,-0.673601,0.639188,-0.674697,-0.716326,-1.022812,0.132977,-0.150737,-0.605705,-0.579213,-0.130684,0.781528,-0.977872,0.31633,-0.297427,0.488111,-0.344216,0.319882,-0.748031,0.159329,1.312864,-0.961982,1.161852,-0.294374,-0.409268,-0.132156,0.341482,0.960554,0.744935,0.48704,1.699252,-0.568842,-0.277528,1.175896,-0.003754,0.517122,0.716309,0.509185,-0.318033,0.433036,0.218213,-0.797493,0.358521,-0.201601,-0.430786,0.614275,-1.450047,0.479508,0.329924,-0.471459,-0.698528,1.421159,-0.021611,0.194219,0.327238,-0.952151,0.918438
532,Toaru Majutsu no Index II,anime_8937,-0.448023,0.488013,0.410831,-0.580906,0.270586,0.418917,0.347655,0.393804,-1.005763,0.724132,-0.517509,-0.541487,-1.133551,0.436633,-0.170742,-0.628975,-0.896717,0.359082,1.245867,-0.783239,0.452917,-0.313087,0.38773,-0.024246,0.144652,-0.600404,0.258165,1.528294,-1.196126,1.378886,-0.200916,-0.439568,0.086681,0.443888,1.068274,0.629896,1.014348,1.814415,-0.441838,-0.283495,1.299579,-0.368791,0.603261,1.106638,0.307559,-0.380099,0.577305,-0.264087,-0.745651,0.22903,-0.486135,-1.069676,0.729912,-1.199555,0.114542,0.130476,-0.240489,-0.899445,1.480395,-0.220709,0.131963,0.157265,-1.102911,1.37311
533,Cardcaptor Sakura,anime_232,-0.337674,0.517698,-0.090585,-0.164902,0.188817,0.701819,1.013695,0.58285,0.333858,0.750682,-0.024308,-0.946593,-0.614192,1.220583,-0.237674,-2.156671,-0.17441,0.593305,-0.08001,-0.851294,0.97489,0.385861,0.847367,-0.301144,0.31259,-1.315322,-0.32576,1.726328,-1.833486,1.690852,-0.716748,-0.647125,-0.416607,0.07989,0.110658,0.524909,1.315357,1.197726,0.708137,-0.339247,1.493998,-0.349527,0.821105,0.875692,-0.017648,0.177016,-0.471698,-0.174586,-0.682471,1.158846,0.149415,-0.599139,1.929199,-1.032057,-0.045122,-0.669695,0.02429,-0.879322,1.603699,0.628907,-0.790577,0.44348,-1.120248,1.150331
534,Gabriel DropOut,anime_33731,-1.040403,0.895206,-0.314688,-0.669753,0.555537,0.926472,0.595061,0.752868,-0.39012,0.100637,-0.103769,-0.785939,-0.548374,1.08974,-0.014693,-1.219079,-0.544223,0.372491,-0.392772,-1.096837,1.082996,-0.019284,0.65775,-0.174235,0.915217,-1.520606,0.061312,1.639614,-1.837384,1.133862,-0.702179,-0.086024,0.208969,-0.504515,0.683139,0.429122,0.469852,0.728762,-0.051885,-0.807248,1.456716,0.138614,0.93645,1.207237,0.741456,0.519244,0.179632,-0.358754,-0.487472,1.105752,0.940307,-0.132716,1.263814,-1.495181,0.815744,0.061407,-0.756825,-0.930103,1.720808,0.35475,0.397785,0.449031,-1.106939,0.641207
535,Re:Zero kara Hajimeru Isekai Seikatsu 3rd Season,anime_54857,-0.381251,0.546635,0.254125,-0.479473,0.023846,0.67265,0.327551,0.281837,-1.11878,0.885953,-0.613702,-0.56801,-1.056975,0.4098,-0.309808,-0.592131,-0.733939,0.149945,1.042249,-0.877766,0.417502,-0.213897,0.466958,-0.11621,0.291462,-0.619584,0.282712,1.498546,-1.232948,1.237495,-0.26712,-0.380568,0.058678,0.453176,1.062785,0.550434,0.808499,1.78091,-0.535702,-0.104652,1.220764,-0.170186,0.680037,1.024018,0.450911,-0.439153,0.520736,-0.183333,-0.809754,0.46009,-0.29883,-0.833172,0.555515,-1.307718,0.246133,0.337786,-0.427401,-0.639683,1.429973,-0.194426,0.18898,0.092844,-1.044161,1.095713
536,Gakkougurashi!,anime_24765,-0.493587,0.291904,-0.315856,0.103459,-0.57042,0.910172,0.884136,0.761031,-0.520393,0.280846,-1.007235,-1.236674,-0.289161,0.107163,-0.700424,-1.645457,-0.722803,0.044858,-0.32067,-0.568745,0.272622,0.550297,0.922164,0.478626,0.07541,-1.264852,0.115457,1.870686,-1.352005,0.746287,-1.069943,-1.101746,-0.408216,0.156473,0.212972,0.398318,0.306354,1.348493,0.36794,0.254801,0.764432,-0.616258,0.4395,0.040362,-0.026247,0.017633,-0.203028,0.003157,-1.200241,0.513404,0.45044,-0.559206,1.146295,-1.202174,-0.029645,0.113564,-0.11228,-1.480825,1.290169,0.365535,-0.606753,1.113412,-0.917356,1.1984
537,Violet Evergarden Gaiden: Eien to Jidou Shuki Ningyou,anime_39741,-0.55832,0.415719,0.281539,-0.514731,-0.084406,0.613887,0.41439,0.179908,-1.033924,1.138531,-0.622837,-0.529695,-1.263715,0.515749,-0.526735,-0.94257,-0.784634,0.248553,1.063497,-0.838406,0.297857,-0.159431,0.257604,-0.229323,0.457059,-0.484367,0.490642,1.762335,-0.93051,1.387879,-0.537156,-0.129466,0.14292,0.267865,0.927847,0.700276,0.896329,1.629218,-0.82181,-0.295292,1.208465,-0.190126,0.565237,1.258571,0.229195,-0.180696,0.732723,-0.095021,-0.652841,0.394913,-0.815691,-0.994985,0.506231,-1.278313,0.432589,0.58757,-0.442961,-0.815274,1.261917,0.0318,0.415528,-0.381289,-0.789819,1.244555
538,Bokutachi wa Benkyou ga Dekinai,anime_38186,-0.981964,0.729329,-0.296078,-0.597245,0.298086,0.927421,0.713539,0.647353,-0.438607,0.02644,-0.132595,-0.958638,-0.465567,0.874786,0.055861,-1.237892,-0.366796,0.271043,-0.326729,-1.185477,1.058154,0.01282,0.841344,-0.214082,0.794577,-1.468827,-0.197322,1.605024,-1.765144,0.964724,-0.728431,-0.190665,0.268389,-0.501068,0.738243,0.364927,0.363234,0.523483,-0.032493,-0.730784,1.593932,0.12417,0.82351,1.140874,0.761586,0.314986,0.297206,-0.288132,-0.610392,1.158195,1.0632,-0.218406,1.317975,-1.569894,0.871185,-0.108513,-0.620061,-0.938943,1.533864,0.24385,0.49468,0.572033,-1.175105,0.549923
539,Nanatsu no Taizai: Funnu no Shinpan,anime_41491,-1.065101,0.88405,-0.254852,-0.705554,0.495476,0.833522,0.577703,0.822485,-0.787355,0.098221,0.169119,-1.11427,-0.413759,1.204303,0.050165,-1.304126,-0.366143,0.568146,-0.157498,-1.09798,1.165301,0.010176,0.78302,-0.002342,0.604121,-1.52009,-0.14871,1.694449,-2.014044,1.125446,-0.634751,0.004782,0.162256,-0.381483,0.863312,0.126451,0.607083,0.577706,0.033347,-0.618786,1.510303,0.159732,0.972003,1.354772,0.561585,0.316291,0.249557,-0.405686,-0.773082,1.139006,1.10853,-0.399904,1.498807,-1.227716,0.757169,-0.092951,-0.599119,-1.012036,1.861289,0.084434,0.262279,0.678523,-1.341258,0.561163
540,Baki,anime_34443,-1.088556,0.788237,-0.388676,-0.6656,0.61876,0.925103,0.832464,0.634674,-0.453772,-0.093737,-0.200246,-0.932355,-0.391753,1.114942,-0.051047,-1.473572,-0.635901,0.516977,-0.410503,-1.089483,1.207759,0.13365,0.642853,0.104832,0.768642,-1.478047,-0.064178,1.596816,-1.897857,0.871204,-1.014446,-0.319649,0.13241,-0.476092,0.632015,0.458661,0.406267,0.718029,-0.017924,-0.499683,1.603883,0.157674,0.94034,1.270736,0.611643,0.236276,0.201068,-0.356179,-0.530313,1.246831,0.995052,-0.203804,1.382768,-1.393077,0.823636,0.058243,-0.479851,-0.869054,1.757448,0.160308,0.272195,0.714626,-1.191696,0.609893
541,Kusuriya no Hitorigoto 2nd Season,anime_58514,-0.421492,0.516886,0.135991,-0.424824,-0.092397,0.598302,0.457197,0.050018,-1.068372,0.873968,-0.870065,-0.667928,-0.935287,0.304117,-0.16113,-0.95281,-0.911396,-0.033404,0.748417,-0.855239,0.209963,-0.157095,0.434211,-0.075319,0.521823,-0.898704,0.198713,1.60618,-1.093821,1.141463,-0.378692,-0.472318,-0.053382,0.526541,0.975875,0.999359,0.691509,1.704475,-0.728709,0.008639,1.161252,-0.167852,0.546497,1.102952,0.536604,-0.149914,0.384141,0.060154,-0.647507,0.516891,-0.248525,-0.741621,0.752763,-1.305008,0.178682,0.477215,-0.455182,-0.846492,1.320839,-0.068163,0.164724,-0.058388,-1.134351,0.999401
542,Kekkai Sensen & Beyond,anime_34451,-1.080039,0.690478,-0.289205,-0.6547,0.401592,0.944862,0.608208,0.826402,-0.582249,0.013559,-0.000497,-0.929947,-0.394241,1.167542,-0.059715,-1.332558,-0.498696,0.500019,-0.274726,-1.006166,1.099143,-0.043129,0.607062,0.150875,0.879518,-1.438228,-0.024573,1.688298,-2.079705,1.056872,-0.787228,-0.104932,0.132726,-0.41037,0.804675,0.38849,0.639382,0.636068,0.088478,-0.687349,1.436244,0.057295,0.926194,1.270753,0.450215,0.304132,0.240219,-0.557866,-0.612389,1.149747,0.831046,-0.450465,1.359976,-1.343542,0.812527,-0.143114,-0.395747,-0.921887,1.788295,0.17336,0.237885,0.622929,-1.297259,0.708507
543,Shiguang Dailiren,anime_44074,-0.615973,0.291559,-0.18412,-0.219587,-0.548175,0.635463,0.444149,0.658694,-0.993638,0.726918,-0.925263,-0.844095,-0.689533,0.052707,-0.613219,-0.799775,-0.806909,0.046889,0.255253,-0.936097,0.84138,-0.395143,0.397378,-0.204705,0.656977,-0.725754,-0.117365,1.471576,-0.673986,1.205407,-0.683535,-0.483621,0.007023,0.572315,0.589576,0.694166,0.5546,1.38996,-0.864472,-0.200235,1.320297,-0.431757,0.471289,0.518115,0.389221,-0.371903,0.294554,-0.226002,-0.229373,0.735039,0.312265,-0.960564,0.887365,-1.755094,0.257665,0.761884,-0.118466,-0.364004,1.590121,-0.159406,-0.140787,-0.125061,-0.96812,0.802254
544,Kaze no Stigma,anime_1691,-0.45458,0.509729,0.311331,-0.486472,0.14716,0.3448,0.174128,0.311524,-0.973664,0.592454,-0.604274,-0.858584,-1.030459,0.325826,-0.207286,-0.457971,-0.739639,-0.039513,1.198012,-0.83593,0.350068,-0.338432,0.54764,-0.201372,0.14956,-0.831419,0.395155,1.548208,-1.18418,1.472871,-0.194436,-0.456702,-0.016485,0.266017,0.883245,0.574788,0.773713,1.732948,-0.568685,-0.075919,1.315698,0.037606,0.513194,0.954804,0.485503,-0.228502,0.547115,0.175169,-0.734438,0.41374,-0.278915,-0.617011,0.6037,-1.452541,0.149379,0.261283,-0.470001,-0.919039,1.38863,-0.08721,0.33833,0.196313,-0.991253,1.160815
545,Gokushufudou,anime_43692,-0.443621,0.850704,-0.04329,-0.291816,-0.177495,0.494965,0.224776,0.414776,-0.25378,1.001298,-0.88877,-0.438104,-1.169005,0.159647,-0.558915,-1.404729,-0.668701,-0.047028,0.572654,-0.945116,0.499922,-0.291935,0.53465,-0.00361,0.499065,-0.598142,0.215727,1.62332,-0.929483,1.152405,-0.539895,-0.355675,-0.641827,0.904506,0.33818,0.934282,0.430152,1.29808,-0.160143,-0.055702,1.06003,-0.497506,0.683726,0.783226,0.132583,-0.273573,-0.361176,-0.442909,-0.835391,0.501195,0.685659,-0.754969,0.907504,-1.300936,0.275777,0.183127,-0.039209,-1.482263,1.795362,-0.059643,-0.164705,0.157795,-0.829018,0.823041
546,Steins;Gate: Oukoubakko no Poriomania,anime_10863,0.09131,0.845444,-0.07994,-0.119896,0.064692,0.965384,-0.255086,0.560079,-0.960584,0.633428,-0.317031,-0.337929,-1.444678,-0.445212,-0.440532,-1.263061,-0.871012,0.065348,1.053688,-0.599883,0.277509,0.116028,0.607016,-0.251046,0.468646,-0.583405,-0.043602,1.567783,-1.061974,0.914746,-0.593373,-0.289208,-0.210493,0.508143,0.669652,0.563286,0.44863,1.278704,-0.383729,0.167404,1.033536,-0.579323,0.432787,0.930122,-0.361437,-0.147994,0.451231,0.200852,-0.693248,0.612114,0.623078,-0.615796,0.698628,-0.755852,0.781783,0.525844,-0.139908,-0.95222,1.789819,-0.280945,-0.180878,0.149206,-1.230538,0.697317
547,"Kanojo, Okarishimasu 2nd Season",anime_42963,-0.987801,0.746411,-0.332675,-0.509912,0.259412,0.906242,0.684381,0.544219,-0.446432,-0.026772,-0.111503,-0.880216,-0.338487,0.95823,-0.008009,-1.300378,-0.402701,0.325775,-0.260646,-1.198879,0.956725,-0.110117,0.655772,-0.235641,0.775012,-1.482713,-0.23706,1.537087,-1.713322,1.001294,-0.825234,-0.137655,0.224441,-0.267388,0.654549,0.501204,0.430606,0.46356,-0.051554,-0.706679,1.605676,0.182021,0.833249,1.267217,0.716566,0.307747,0.119769,-0.235496,-0.438435,1.115991,1.02859,-0.268447,1.425847,-1.491696,0.915431,-0.167315,-0.657628,-0.903486,1.664795,0.175003,0.517523,0.589223,-1.070428,0.56544
548,Mousou Dairinin,anime_323,-0.615814,0.329861,-0.097129,-0.146337,-0.456696,0.604816,0.26768,0.76503,-0.758204,0.592806,-0.939158,-0.647827,-0.677138,0.218179,-0.724106,-0.835922,-0.794611,0.062625,0.188318,-0.674302,0.771077,-0.552849,0.314176,-0.133668,0.68321,-0.631206,0.123811,1.325469,-0.859769,1.240397,-0.677152,-0.371101,-0.154651,0.613126,0.449544,0.778325,0.471431,1.669046,-0.87948,-0.371687,1.258964,-0.354177,0.498414,0.395311,0.144031,-0.200981,0.321581,-0.287699,-0.141136,0.652076,0.196051,-0.960932,0.858106,-1.707506,0.274858,0.560038,-0.07477,-0.562069,1.758206,0.101324,-0.292218,0.023153,-0.920385,0.892524
549,Hentai Ouji to Warawanai Neko.,anime_15225,-0.468275,0.547949,0.432477,-0.435205,0.228854,0.461945,0.205889,0.264683,-0.788039,0.631333,-0.6566,-0.503079,-1.090765,0.346728,-0.157438,-0.54832,-0.757553,0.105349,1.141945,-0.897633,0.346454,-0.547485,0.407322,-0.30898,0.229249,-0.645235,0.379241,1.334927,-1.010797,1.580922,-0.151594,-0.363931,0.049368,0.552629,0.920404,0.705317,0.725776,1.845725,-0.559207,-0.374792,1.351398,-0.161429,0.626131,0.898551,0.42333,-0.358818,0.435041,-0.09583,-0.630953,0.284102,-0.502394,-0.861556,0.669615,-1.378079,0.25239,0.007932,-0.441539,-0.848625,1.353601,-0.109591,0.206975,0.236425,-0.880687,1.208833
550,Fugou Keiji: Balance:Unlimited,anime_41120,-0.125646,0.32814,-0.147219,0.072682,-0.242381,1.02276,0.304408,0.58106,-0.792234,0.669393,-0.865779,-1.039184,-1.213183,-0.062237,-0.806135,-1.239593,-1.02555,0.039847,0.962175,-0.565913,0.226225,0.066305,0.441005,0.274561,0.61612,-0.738543,-0.420123,1.501678,-0.95968,0.792348,-0.384833,0.281582,0.0312,0.49295,0.552961,0.520141,0.325874,1.338819,-0.541078,-0.480682,1.890369,-0.587768,0.253974,1.126771,-0.456206,-0.346315,0.295443,-0.194476,-0.613652,0.741172,1.223393,-1.284316,0.828864,-1.11387,0.06131,0.92092,0.169177,-1.051733,2.284639,-0.063914,0.450251,-0.249396,-1.222994,0.918699
551,Shirobako,anime_25835,-0.532451,0.435785,-0.246217,-0.232098,-0.470022,0.530715,0.251717,0.515226,-0.981171,0.822871,-0.877437,-0.735887,-0.751941,0.026703,-0.5416,-0.814048,-0.733971,-0.033458,0.2885,-0.851692,0.742316,-0.551666,0.436263,-0.250989,0.672016,-0.696313,-0.117135,1.401828,-0.687151,1.146416,-0.720534,-0.330632,-0.006358,0.796168,0.599154,0.817657,0.535441,1.445545,-0.876128,-0.270757,1.49512,-0.282199,0.513572,0.541757,0.527481,-0.243259,0.246916,-0.128183,-0.044095,0.457269,0.334709,-0.851854,0.863647,-1.798592,0.3699,0.694541,-0.254288,-0.571998,1.658247,-0.032162,-0.081673,-0.133429,-0.95219,0.84187
552,Love Live! School Idol Project,anime_15051,-0.216452,0.473663,-0.543161,-0.266638,-0.189522,0.95834,0.629867,0.442362,-0.347391,1.331591,-0.6754,-1.258627,-1.137518,0.660135,-0.890712,-2.004403,-0.629803,0.009343,-0.167993,-1.016618,0.632705,0.70742,0.484283,0.427203,0.229506,-0.391676,-0.46865,1.378056,-0.510443,1.11526,-0.252043,-0.680621,-0.496046,-0.215156,0.295611,0.648415,0.114543,1.35061,-0.573467,0.229587,0.158848,-0.35037,0.479221,0.448062,0.253709,-0.534193,0.361642,0.147942,-1.02779,0.826194,0.770411,-0.448966,0.363849,-0.647828,-0.207875,0.249344,0.168608,-1.341225,2.160257,0.119204,-0.073175,0.250619,-1.106919,1.232872
553,Zero no Tsukaima: Princesses no Rondo,anime_3712,-0.478255,0.600461,0.274328,-0.434891,0.105475,0.52551,0.259357,0.284674,-0.993269,0.715962,-0.607582,-0.579736,-0.996884,0.362983,-0.218189,-0.680138,-0.690379,0.255118,1.116385,-0.858082,0.395864,-0.427152,0.438588,-0.139153,0.145394,-0.572665,0.231089,1.389909,-1.080116,1.412001,-0.285983,-0.374414,-0.034051,0.636802,0.981815,0.603308,0.772447,1.740402,-0.538538,-0.216523,1.337662,-0.206576,0.706886,0.977975,0.335279,-0.323639,0.42202,-0.086867,-0.74563,0.26956,-0.338892,-0.867887,0.739455,-1.201478,0.288568,0.111827,-0.36293,-0.765752,1.555525,-0.118787,0.158483,0.311907,-1.083713,1.098308
554,World Trigger,anime_24405,-0.936916,0.702838,-0.299533,-0.811968,0.563884,0.804876,0.629158,0.912212,-0.698303,-0.126227,0.166577,-1.157018,-0.578935,1.227218,0.042508,-1.065134,-0.743288,0.4344,-0.288173,-1.022737,1.222801,0.082364,0.860068,0.165949,0.686797,-1.558849,-0.146917,1.705998,-1.917079,1.060346,-0.831605,-0.240714,0.125878,-0.602685,0.774264,0.216099,0.746853,0.599375,0.080195,-0.414434,1.473341,-0.01786,0.868441,1.249212,0.453333,0.559704,0.374111,-0.312379,-0.609799,1.245547,1.08574,-0.354392,1.537794,-1.243384,0.742689,-0.081565,-0.398027,-1.204926,1.819779,0.17599,0.25055,0.645933,-1.342055,0.647248
555,Kamisama Hajimemashita◎,anime_25681,-0.245506,0.504124,-0.022351,-0.132498,0.275056,0.653145,0.876695,0.527151,0.465312,0.719022,-0.009977,-0.87001,-0.488903,1.146661,-0.255335,-1.884064,-0.232632,0.381079,0.09847,-1.001425,0.920152,0.286699,0.660344,-0.424398,0.497679,-1.337504,-0.24177,1.636022,-1.796668,1.888597,-0.580873,-0.677631,-0.351364,-0.049193,0.175642,0.573315,1.317778,1.153971,0.729269,-0.512393,1.529483,-0.156823,0.786383,0.991826,0.160705,0.152884,-0.515912,-0.071022,-0.493422,1.228383,0.15042,-0.312468,1.83202,-1.267214,0.023758,-0.491593,-0.190371,-0.878651,1.486418,0.556162,-0.483713,0.173533,-0.969603,1.222081
556,Dragon Ball Super: Broly,anime_36946,-1.06919,0.844757,-0.308326,-0.619854,0.425835,0.87014,0.633259,0.70713,-0.746605,0.075302,0.071515,-1.085178,-0.412836,1.133476,0.063413,-1.385035,-0.384152,0.486471,-0.183199,-1.068278,1.128941,0.042164,0.809598,-0.025487,0.664203,-1.475202,-0.212662,1.697689,-1.942412,1.044268,-0.724281,-0.114964,0.245407,-0.358134,0.799051,0.207099,0.478016,0.498783,0.039252,-0.521046,1.529101,0.155431,0.929696,1.308316,0.598431,0.21096,0.274384,-0.302268,-0.737131,1.164976,1.134403,-0.369791,1.396234,-1.30682,0.796605,-0.120014,-0.615802,-0.999825,1.702635,0.14393,0.342099,0.598558,-1.339218,0.603532
557,Tensei shitara Slime Datta Ken 3rd Season,anime_53580,-1.012076,0.807293,-0.288612,-0.716089,0.457388,1.02614,0.580651,0.626171,-0.594466,0.070427,0.054913,-1.038874,-0.407113,1.069137,-0.002605,-1.191976,-0.379754,0.346518,-0.229287,-1.14681,1.069737,0.015825,0.826555,-0.01924,0.847698,-1.482887,-0.186071,1.545799,-1.980841,1.015917,-0.815488,-0.130521,0.165571,-0.420327,0.862798,0.314924,0.50334,0.632589,0.074009,-0.670259,1.484759,0.080401,0.904583,1.290397,0.663566,0.347165,0.205154,-0.339112,-0.632422,1.223613,1.058194,-0.239904,1.350458,-1.460938,0.838728,-0.131928,-0.577627,-1.001123,1.727416,0.196105,0.393513,0.502587,-1.28791,0.676913
558,Boku no Hero Academia 7th Season,anime_54789,-1.152132,0.732306,-0.286298,-0.738859,0.500134,0.748944,0.689844,0.879305,-0.60457,-0.111364,-0.042088,-1.076342,-0.517439,1.139773,-0.100122,-1.257026,-0.567294,0.535705,-0.444306,-0.94698,1.071787,-0.054888,0.762117,0.04637,0.776056,-1.560622,-0.056599,1.772023,-1.884776,1.135223,-0.878434,-0.053498,0.070947,-0.415099,0.714238,0.393404,0.521763,0.614977,0.013125,-0.627894,1.323517,-0.040688,0.750891,1.184883,0.486006,0.403359,0.286994,-0.435777,-0.663908,1.105544,0.841511,-0.503121,1.425857,-1.304869,0.84994,-0.191805,-0.280786,-0.910043,1.853643,0.236747,0.222755,0.642843,-1.354538,0.707494
559,Gakusen Toshi Asterisk 2nd Season,anime_31737,-0.475326,0.515473,0.362061,-0.41425,0.133271,0.534508,0.233198,0.310852,-0.913236,0.597933,-0.618035,-0.467912,-1.042075,0.365773,-0.172932,-0.577809,-0.738899,0.194579,1.154302,-0.872322,0.372665,-0.494796,0.399726,-0.135316,0.146415,-0.589044,0.345918,1.329614,-1.122968,1.476233,-0.196318,-0.375519,0.020023,0.531389,0.976272,0.639416,0.819296,1.79871,-0.500925,-0.283184,1.332937,-0.180423,0.697733,0.865852,0.382766,-0.317227,0.454446,-0.101764,-0.700024,0.259072,-0.544239,-0.852121,0.678849,-1.232073,0.235391,0.018218,-0.300793,-0.830246,1.504216,-0.114687,0.145766,0.264248,-1.001422,1.178757
560,No.6,anime_10161,0.016278,0.501078,-0.219227,-0.035684,-0.183358,1.120913,0.167595,1.031138,-0.88293,0.819873,-0.561428,-1.181195,-1.341918,-0.081199,-0.987875,-1.402612,-0.901721,0.125893,0.993841,-0.516588,0.580882,0.253093,0.280307,0.438789,0.495498,-0.730008,-0.356074,1.475205,-1.040376,0.706283,-0.672442,0.102354,-0.122325,0.197626,0.43838,0.137795,0.260916,1.228923,-0.806219,-0.497237,1.447382,-0.768205,0.035889,0.964497,-0.514474,-0.160359,0.382234,-0.2059,-0.667382,0.683363,1.009851,-1.331563,0.788213,-1.049214,0.339551,0.875897,0.350394,-1.347707,2.386944,0.13161,-0.038729,0.026086,-1.350029,1.061092
561,Isekai Maou to Shoukan Shoujo no Dorei Majutsu Ω,anime_41623,-0.45827,0.570894,0.090818,-0.357058,-0.123658,0.613094,0.301379,0.188927,-1.050614,0.821123,-0.681232,-0.754519,-0.792414,0.143059,-0.272073,-0.680597,-0.633978,0.075061,1.0587,-0.91752,0.336552,-0.237745,0.531533,-0.141743,0.265492,-0.629375,0.100902,1.496379,-1.076178,1.167421,-0.409829,-0.488123,-0.083034,0.474969,1.038337,0.558246,0.70864,1.560323,-0.600645,0.006892,1.289407,-0.055518,0.642706,1.083984,0.505539,-0.275723,0.458562,0.13749,-0.768631,0.427514,-0.053015,-0.580262,0.672671,-1.277332,0.421285,0.384357,-0.448094,-0.671303,1.516689,-0.078883,0.410777,0.182545,-1.139225,0.906604
562,Tamako Market,anime_16417,-0.399431,0.215134,-0.174478,-0.012399,-0.505302,0.758759,0.349483,0.607497,-0.78945,0.579493,-1.042141,-0.81618,-0.686369,0.235847,-0.655441,-0.79401,-0.762455,0.179211,0.282689,-0.627306,1.131158,-0.474001,0.524021,-0.232305,0.53579,-0.677254,0.046414,1.476144,-0.770991,1.05364,-0.630313,-0.514475,-0.151911,0.615046,0.565333,0.675247,0.394431,1.583471,-0.590349,-0.191021,1.199831,-0.355713,0.631753,0.279636,0.257471,-0.238908,0.461741,-0.201688,-0.306106,0.713879,0.031603,-0.86122,0.7123,-1.363528,0.151648,0.688841,-0.128334,-0.398452,1.619651,-0.028862,-0.333771,0.219529,-1.112631,0.717893
563,Koukyoushihen Eureka Seven,anime_237,-0.598157,0.369503,-0.203398,-0.243103,-0.457802,0.434838,0.275735,0.808425,-0.947182,0.638367,-0.776627,-0.824589,-0.820933,0.152191,-0.656104,-0.826604,-0.662219,0.193528,0.319006,-0.787705,0.914586,-0.599467,0.357623,-0.082831,0.469033,-0.530949,0.016077,1.413198,-0.820357,1.205981,-0.721538,-0.41978,-0.131408,0.537929,0.438505,0.566485,0.615348,1.496755,-0.854844,-0.355532,1.433319,-0.424253,0.539442,0.441628,0.081947,-0.298884,0.494373,-0.323638,-0.201484,0.599462,0.195708,-0.946152,0.819068,-1.647047,0.320727,0.53276,-0.119949,-0.483875,1.588154,0.133189,-0.33419,0.233661,-0.996939,0.80078
564,Mekakucity Actors,anime_21603,-0.477004,0.364875,-0.328183,-0.233236,0.173689,1.493214,-0.220283,1.056991,-0.960511,0.773332,-0.742787,-1.341802,-0.981975,0.207526,-0.763604,-1.226247,-0.288431,-0.037531,0.448008,-1.097113,0.327185,-0.045249,0.01207,0.445867,0.1095,-1.004536,-0.557221,1.239867,-1.247617,1.314687,-0.409996,-0.677836,-0.072533,-0.386901,0.171939,1.114952,1.049039,1.666962,-0.314792,-0.085473,0.096541,-0.349557,0.732779,0.875545,-0.108213,0.17779,1.133976,0.874238,-0.831602,0.948755,0.178751,-0.698163,0.882705,-0.483294,0.01407,-0.051757,-0.047932,-0.445977,1.55278,-0.020241,-0.305863,0.591148,-0.991718,1.891118
565,Arifureta Shokugyou de Sekai Saikyou 2nd Season,anime_40507,-0.471069,0.591366,0.135841,-0.480077,0.028977,0.544182,0.330167,0.255179,-1.238002,0.97952,-0.590872,-0.887824,-0.807316,0.246515,-0.24933,-0.797099,-0.685669,0.305789,1.169443,-0.894661,0.391901,-0.233618,0.593525,-0.139741,0.184697,-0.645891,0.054576,1.631227,-1.096973,1.22376,-0.341907,-0.44347,-0.094455,0.626567,1.088725,0.45965,0.766067,1.611013,-0.60739,0.071272,1.32863,-0.156084,0.684512,1.278709,0.43374,-0.356355,0.480455,-0.014371,-0.925184,0.398628,0.032088,-0.808121,0.786394,-1.150819,0.298718,0.450393,-0.475905,-0.721002,1.52735,-0.227295,0.326654,0.199625,-1.233998,0.945392
566,Hagure Yuusha no Aesthetica,anime_13161,-0.479201,0.467038,0.181465,-0.406558,0.021159,0.603059,0.294983,0.347085,-1.080394,0.772097,-0.703867,-0.728815,-0.866583,0.222742,-0.177747,-0.521147,-0.745127,0.10845,1.089203,-0.909732,0.322882,-0.306071,0.559322,-0.165982,0.143995,-0.713037,0.276094,1.54935,-1.172332,1.286237,-0.203491,-0.467355,0.002026,0.360515,1.042967,0.476313,0.813705,1.684775,-0.549439,-0.0081,1.217905,-0.084988,0.647629,0.936261,0.568243,-0.293558,0.525159,0.064108,-0.860131,0.412535,-0.274155,-0.620721,0.623535,-1.189017,0.260163,0.283414,-0.424252,-0.695654,1.451595,-0.102827,0.274298,0.139996,-1.157756,1.003569
567,Golden Boy,anime_268,-1.021862,0.644888,-0.233407,-0.416042,-0.008027,0.623875,0.912106,0.485222,-0.669474,0.93723,-0.235174,-0.801014,-0.347045,0.820289,0.098615,-1.805331,-0.234544,0.700608,0.034587,-1.046955,0.830918,-0.005843,1.238363,-0.345645,0.873239,-1.513659,-0.033847,1.428916,-1.597178,1.128753,-0.786741,-0.142293,-0.296729,-0.623335,0.61328,0.707158,0.963811,0.858055,0.374247,-0.226611,1.592477,-0.409052,1.264561,1.212061,0.437947,0.576174,-0.253581,-0.26184,-1.119117,0.834073,1.117584,-0.700077,1.510978,-1.344101,0.380005,-0.000984,-0.428289,-1.170389,1.806912,0.524149,-0.461002,0.32999,-0.918786,1.196685
568,Ore no Imouto ga Konnani Kawaii Wake ga Nai.,anime_13659,-0.399487,0.655384,0.194824,-0.27875,-0.008911,0.496681,0.195322,0.221541,-0.76286,0.613468,-0.69704,-0.469386,-1.045015,0.192501,-0.257591,-0.8007,-0.540563,0.031523,0.947236,-0.926232,0.374864,-0.378422,0.241445,-0.115654,0.370416,-0.552239,0.154442,1.220386,-1.008511,1.170515,-0.349623,-0.432293,-0.017008,0.569908,0.961817,0.844026,0.677296,1.757374,-0.510464,-0.408706,1.346341,0.019148,0.62716,0.86204,0.417862,-0.413055,0.383646,0.038202,-0.526119,0.158756,-0.289315,-0.782741,0.738998,-1.403938,0.420932,0.11882,-0.354365,-0.693799,1.529496,-0.052559,0.178493,0.431753,-0.940342,1.025804
569,Genjitsu Shugi Yuusha no Oukoku Saikenki,anime_41710,-0.398308,0.497819,0.319709,-0.542388,0.066135,0.424699,0.186,0.265841,-1.093358,0.712687,-0.651843,-0.638175,-0.967224,0.402681,-0.235501,-0.628429,-0.733538,0.242914,1.268736,-0.805722,0.415717,-0.457045,0.422993,-0.044732,0.20623,-0.535307,0.221219,1.377504,-1.197615,1.437215,-0.230201,-0.428191,-0.018478,0.586559,1.013316,0.660669,0.907189,1.811847,-0.53232,-0.256254,1.447307,-0.16183,0.681055,1.184938,0.292455,-0.35735,0.543911,-0.10386,-0.665757,0.286186,-0.429973,-0.92195,0.811765,-1.277431,0.186414,0.099619,-0.347998,-0.928136,1.422255,-0.196254,0.21188,0.205399,-1.052858,1.248111
570,Majo no Tabitabi,anime_40571,-0.522368,0.7491,0.203677,-0.429966,0.032133,0.413577,0.340308,0.325366,-1.247017,1.154915,-0.429015,-0.75092,-0.883625,0.28456,-0.114668,-0.997021,-0.562107,0.388608,1.20927,-0.942237,0.439889,-0.194069,0.535401,-0.178104,0.156197,-0.507222,-0.030934,1.657513,-1.130949,1.172161,-0.143884,-0.325168,0.003547,0.632687,1.174662,0.366067,0.814917,1.590486,-0.634965,-0.115309,1.353913,-0.094208,0.829744,1.367719,0.438948,-0.527815,0.43911,-0.173282,-1.039537,0.308071,0.156796,-0.849525,0.721824,-1.071296,0.318603,0.465198,-0.654858,-0.639189,1.495116,-0.310757,0.257635,0.241162,-1.183327,0.861283
571,Working!!,anime_6956,-1.116837,0.524561,-0.629308,-0.485876,0.098446,0.92709,0.751418,0.882706,-0.293406,1.252089,-0.169627,-0.694017,-0.593404,1.085743,-0.207307,-1.651154,0.530734,0.997502,-0.035445,-1.48177,1.115161,-0.793223,0.777947,-0.062657,1.588575,-0.588283,-0.017497,0.727396,-1.278869,1.40508,-0.27464,0.449015,-0.819649,-1.131281,0.886534,0.93868,1.108231,1.460122,-0.155793,-0.741629,1.202546,-0.588201,1.46506,0.697717,0.060683,0.5111,0.262394,-0.183046,-0.90322,1.267982,0.998618,-0.729384,1.182895,-1.480363,0.068921,0.088948,0.808152,-1.141115,2.49899,0.256791,-0.524172,0.028408,-0.61925,1.501116
572,New Game!,anime_31953,-0.393156,0.645015,-0.578391,-0.027275,-0.09208,1.151705,0.748672,0.600258,-0.474384,1.113218,-0.795005,-0.903245,-0.411773,0.319991,-0.702008,-1.347249,0.021409,0.411586,-0.209424,-1.422471,0.206054,-0.424462,0.280516,0.096086,0.590315,-0.587771,-0.025451,1.206458,-0.75424,1.189878,-0.220736,-0.411386,-0.747608,0.005153,0.790621,0.709343,0.64639,1.735963,-0.185085,-0.147784,0.635039,-0.324174,0.679626,0.072526,0.319775,-0.312909,-0.064824,0.380144,-0.700624,0.550867,0.550991,-0.033541,1.074332,-1.092026,-0.172188,0.275949,0.417068,-1.082116,2.216847,0.077857,-0.496439,0.147238,-0.681382,1.31581
573,Bakemono no Ko,anime_28805,-0.601378,0.441681,-0.153014,-0.174374,-0.451778,0.675631,0.497322,0.803979,-1.070758,1.034174,-0.771709,-0.912186,-0.496881,0.147897,-0.604931,-0.767074,-0.539258,0.131942,0.553066,-0.966145,0.942517,-0.611045,0.502435,-0.206634,0.830981,-0.545665,-0.278907,1.24855,-0.786592,1.206114,-0.508525,-0.457787,-0.06547,0.385507,0.796413,0.5882,0.424856,1.546013,-0.814655,-0.430027,1.228687,-0.222412,0.564193,0.814505,0.254152,-0.411167,0.572627,-0.143777,-0.34386,0.731371,0.384565,-0.958781,0.666015,-1.743596,0.263152,0.751411,-0.04395,-0.573348,1.712449,0.034186,0.005077,-0.349152,-1.040784,1.082239
574,Gachiakuta,anime_59062,-1.084009,0.757383,-0.18448,-0.725871,0.432785,0.857786,0.498323,0.79438,-0.795556,0.035386,0.135579,-1.215463,-0.432154,1.062307,0.058928,-1.153667,-0.370391,0.399695,-0.130809,-1.046219,1.113916,0.036127,0.885348,0.066255,0.748686,-1.54135,-0.106731,1.69921,-2.143179,1.088259,-0.564331,-0.027892,0.191233,-0.59329,0.902568,0.133772,0.703754,0.685599,-0.043758,-0.64471,1.464216,0.255931,0.938572,1.44986,0.682012,0.382261,0.363362,-0.339573,-0.761055,1.24686,1.037974,-0.346829,1.54286,-1.265709,0.75598,-0.076219,-0.464179,-1.168777,1.763317,0.075356,0.439468,0.392534,-1.313676,0.62665
575,Non Non Biyori,anime_17549,-0.97044,0.534962,-0.299724,-0.235468,0.026735,0.736014,0.889125,0.810361,-0.53121,0.714945,-0.459791,-0.834956,-0.48587,1.025681,-0.031672,-1.792463,-0.232859,0.743557,-0.403092,-0.799112,0.975893,-0.051129,1.2095,-0.227912,0.86336,-1.571378,0.307096,1.454377,-1.729516,1.063437,-0.536961,-0.218693,-0.522033,-0.847078,0.456562,0.656279,0.986501,1.355812,0.33861,-0.362941,1.331149,-0.378734,1.257812,0.927186,0.257216,0.734792,-0.050548,-0.430444,-1.211431,0.997059,0.701499,-0.705622,1.594735,-1.018831,0.173962,-0.020385,-0.184504,-1.143374,1.757836,0.745735,-0.825074,0.531868,-0.996369,1.004769
576,Kara no Kyoukai Movie 1: Fukan Fuukei,anime_2593,-0.36888,0.466759,0.300119,-0.449005,0.159877,0.608577,0.258118,0.310162,-1.052167,0.733862,-0.664306,-0.642594,-0.99515,0.408491,-0.165464,-0.595356,-0.725194,0.115442,1.131742,-0.869281,0.401427,-0.214709,0.486461,-0.046076,0.226315,-0.731743,0.293147,1.548521,-1.300697,1.249679,-0.110218,-0.469073,0.018096,0.432598,1.095954,0.601477,0.89884,1.833549,-0.516317,-0.061754,1.259665,-0.142627,0.64545,1.021331,0.536014,-0.326007,0.472694,-0.089108,-0.852846,0.389498,-0.28934,-0.796639,0.655457,-1.258672,0.035961,0.335566,-0.307661,-0.817016,1.476357,-0.249179,0.131147,0.076942,-1.106258,1.096819
577,Hanamonogatari,anime_21855,-0.43619,0.654301,0.378285,-0.430508,0.191073,0.507154,0.31055,0.052658,-0.663197,0.928611,-0.639557,-0.588273,-0.977896,0.293597,-0.194551,-0.781257,-0.837819,-0.046702,1.073118,-0.998097,0.288875,-0.257981,0.447567,-0.325121,0.526532,-0.810043,0.219635,1.418027,-0.940126,1.350826,-0.310964,-0.366561,-0.030913,0.569866,1.061583,0.907576,0.528087,1.80937,-0.576967,-0.277946,1.24808,-0.157726,0.575772,1.097301,0.547407,-0.217229,0.229085,0.010562,-0.606547,0.369274,-0.053398,-0.738261,0.765746,-1.513139,0.366189,0.445423,-0.581348,-0.869934,1.478549,-0.178186,0.359249,0.01708,-0.844769,1.131488
578,Pandora Hearts,anime_5530,-1.06267,0.909761,-0.249958,-0.641189,0.374109,0.927032,0.590287,0.70209,-0.761791,0.177202,-0.018869,-0.980214,-0.393815,1.143579,0.067291,-1.348658,-0.340454,0.471847,-0.260265,-1.229998,1.179047,0.032871,0.691306,-0.014563,0.756356,-1.458131,-0.164361,1.628009,-2.029638,1.010778,-0.592418,-0.067343,0.234108,-0.353853,0.850438,0.225074,0.584691,0.61953,-0.062002,-0.712909,1.526696,0.182931,1.017591,1.355798,0.655147,0.227782,0.152251,-0.452818,-0.727473,1.202631,1.208115,-0.38927,1.393708,-1.312663,0.739237,-0.041116,-0.736,-0.864758,1.690324,0.131758,0.31257,0.527611,-1.299349,0.477671
579,Inou-Battle wa Nichijou-kei no Naka de,anime_25159,-0.488868,0.597935,0.110098,-0.373766,0.028405,0.559997,0.491487,0.185443,-0.933488,0.88031,-0.746208,-0.76258,-0.802616,0.152625,-0.181214,-0.788263,-0.742621,0.086601,0.894318,-0.900547,0.229588,-0.268915,0.564963,-0.290452,0.28955,-0.773364,0.049841,1.570225,-0.867963,1.206587,-0.418017,-0.520728,-0.079488,0.609622,1.033083,0.788813,0.671398,1.596644,-0.587866,-0.046072,1.120916,-0.259597,0.476739,1.070862,0.567947,-0.328498,0.380259,0.086864,-0.75901,0.355896,-0.154887,-0.735824,0.758662,-1.260931,0.474646,0.257487,-0.418718,-0.603524,1.434696,-0.119446,0.232011,0.178954,-1.133705,1.027135
580,Golden Kamuy,anime_36028,-0.985034,0.501003,-0.310631,-0.525874,-0.018968,0.491702,0.887295,0.547893,-0.814026,0.859728,-0.31408,-0.952975,-0.248263,0.912354,0.158936,-1.925786,-0.350942,0.765207,-0.087097,-0.862828,0.781028,0.086003,1.370056,-0.231003,0.786953,-1.710582,-0.103008,1.508509,-1.728472,1.041196,-0.824071,-0.223819,-0.412021,-0.589758,0.546107,0.724928,1.009119,0.958643,0.404637,-0.100371,1.521221,-0.464211,1.181508,1.277382,0.304876,0.71805,-0.171062,-0.18035,-1.075994,0.887181,1.215647,-0.796186,1.833394,-1.216543,0.32158,0.022463,-0.318523,-1.425802,1.714682,0.450705,-0.594061,0.437888,-1.040482,1.171058
581,Wind Breaker,anime_54900,-0.493059,0.818556,-0.307537,-0.291558,-0.167191,0.546521,0.198267,0.789477,-0.559412,0.72406,-0.793683,-1.018051,-1.268322,0.185015,-0.538115,-1.162221,-0.601923,-0.228155,0.442698,-0.848497,0.573007,-0.18619,0.914414,0.187695,-0.018433,-0.725303,0.19846,1.873852,-1.015346,0.991116,-0.442825,-0.520051,-0.671696,0.444781,0.267322,0.445756,0.449124,1.300412,-0.21867,0.323135,0.962717,-0.483852,0.55839,0.437287,0.121928,-0.100465,-0.1427,-0.330315,-1.067628,0.679685,0.70429,-0.633526,0.947032,-1.265228,0.115179,0.0701,0.141885,-1.687394,1.825755,0.013962,-0.262873,0.381723,-1.113981,0.666351
582,Seirei Gensouki,anime_44203,-0.43571,0.51638,0.221366,-0.488783,0.077192,0.450485,0.332271,0.215016,-1.125157,0.852216,-0.546241,-0.79504,-0.927731,0.325542,-0.21757,-0.726076,-0.662639,0.23569,1.234401,-0.905817,0.366089,-0.374511,0.519,-0.119335,0.178045,-0.558808,0.094685,1.530536,-1.095142,1.286152,-0.284361,-0.44735,-0.061559,0.596025,1.041592,0.587617,0.79538,1.688087,-0.572702,-0.082603,1.39285,-0.191537,0.665718,1.177849,0.423671,-0.441502,0.494744,-0.094606,-0.820996,0.356808,-0.19995,-0.856339,0.681643,-1.269471,0.201587,0.292641,-0.429517,-0.781975,1.389933,-0.22625,0.271431,0.206027,-1.109554,1.108063
583,Horimiya: Piece,anime_54856,-1.044068,0.601076,-0.334669,-0.611024,0.226938,0.624552,0.787414,0.960192,-0.418259,0.040614,-0.088132,-1.066747,-0.766135,0.916928,-0.026372,-1.370346,-0.318904,0.281252,-0.433761,-1.066858,1.062499,-0.061598,0.908832,-0.060589,0.807099,-1.322245,-0.159288,1.702959,-1.89547,0.887172,-0.620428,-0.175405,0.184642,-0.632577,0.55662,0.432606,0.31967,0.733275,-0.128151,-0.864732,1.653403,0.081503,0.821066,1.030874,0.574754,0.294264,0.45417,-0.480829,-0.767788,1.112903,0.958543,-0.299805,1.213636,-1.659289,0.681595,-0.046523,-0.396426,-1.03474,1.439494,0.318416,0.365594,0.679371,-1.142733,0.607259
584,"Shangri-La Frontier: Kusoge Hunter, Kamige ni Idoman to su",anime_52347,-1.021942,0.839866,-0.249969,-0.649018,0.46357,0.893063,0.693874,0.709419,-0.739041,0.033506,0.069845,-1.06917,-0.428592,1.086893,0.088029,-1.330438,-0.404444,0.483439,-0.222371,-1.084901,1.15738,0.018342,0.865059,-0.064299,0.61786,-1.603563,-0.108838,1.745469,-1.914808,1.008807,-0.619648,-0.092486,0.250066,-0.44548,0.88315,0.147225,0.604219,0.521467,0.021573,-0.671351,1.443987,0.166686,0.92428,1.354184,0.649279,0.251552,0.272432,-0.316606,-0.769918,1.192855,1.073742,-0.367209,1.446323,-1.165435,0.750807,-0.08343,-0.545865,-0.890913,1.727404,0.071133,0.317226,0.615961,-1.333635,0.536327
585,Koi to Uso,anime_34934,-0.368042,0.867153,-0.418278,-0.112818,-0.288537,0.763276,0.306995,0.814511,-0.464419,1.107561,-0.904436,-0.787796,-1.224553,0.368778,-0.52977,-1.244431,-0.428814,-0.345203,0.356257,-1.008628,0.589037,-0.280721,0.817925,0.033222,0.16348,-0.762868,0.256252,1.795192,-1.108989,1.089992,-0.199303,-0.675144,-0.604338,0.300258,0.189787,0.674672,0.577913,1.312859,-0.26804,0.00248,0.791257,-0.388723,0.569348,0.550958,-0.002604,-0.191279,-0.013175,-0.181517,-1.017896,0.771198,0.470474,-0.34622,0.669467,-1.207807,0.026841,0.108097,-0.077912,-1.511258,1.552171,0.206063,-0.327884,0.05785,-1.031697,0.820185
586,Tasogare Otome x Amnesia,anime_12445,-1.009505,0.660526,-0.323164,-0.644495,0.363439,0.841291,0.575209,0.837629,-0.516682,0.024231,-0.101398,-0.893209,-0.558312,1.088737,-0.145854,-1.250942,-0.435037,0.270863,-0.434893,-1.12223,1.120129,-0.051968,0.675912,-0.03913,0.959646,-1.451301,-0.063206,1.737219,-1.999878,1.025796,-0.709981,-0.123036,0.132312,-0.584181,0.594575,0.524801,0.493213,0.69472,-0.17593,-0.687771,1.475106,0.174809,0.850977,1.185328,0.688137,0.335662,0.31719,-0.462567,-0.581271,1.212264,0.934595,-0.319038,1.235859,-1.562027,0.741163,-0.027092,-0.504598,-1.006993,1.643198,0.312677,0.423085,0.516343,-1.139675,0.595275
587,Zero no Tsukaima F,anime_11319,-0.478922,0.600737,0.274012,-0.434883,0.104085,0.524364,0.260957,0.285625,-0.994989,0.716017,-0.60722,-0.580157,-0.995729,0.361882,-0.219902,-0.680135,-0.691278,0.25612,1.115788,-0.857108,0.396862,-0.427815,0.437924,-0.138177,0.147439,-0.572399,0.232702,1.389538,-1.079828,1.41159,-0.287725,-0.372282,-0.035663,0.637761,0.982253,0.603568,0.773442,1.739433,-0.53975,-0.213455,1.33909,-0.20459,0.709226,0.977763,0.333553,-0.322481,0.421775,-0.086088,-0.744356,0.26949,-0.339985,-0.867439,0.738081,-1.199607,0.289753,0.111241,-0.362205,-0.762209,1.554317,-0.117601,0.159231,0.312399,-1.081954,1.095995
588,"Slime Taoshite 300-nen, Shiranai Uchi ni Level Max ni Nattemashita",anime_40586,-0.493698,0.696824,0.165688,-0.403622,-0.030781,0.600559,0.309517,0.167056,-0.939962,1.028133,-0.666083,-0.671376,-0.855454,0.142798,-0.245944,-0.855383,-0.676597,0.166335,0.924592,-0.918268,0.401137,-0.132678,0.480525,-0.205481,0.494152,-0.645313,0.102612,1.442448,-1.041307,1.074321,-0.340017,-0.409968,-0.139314,0.483357,1.143266,0.637275,0.61199,1.759467,-0.638649,-0.163514,1.265375,-0.069193,0.76088,1.22635,0.489385,-0.270207,0.383687,-0.003329,-0.843017,0.38203,0.043084,-0.541069,0.734456,-1.294225,0.426682,0.64019,-0.561758,-0.655529,1.563078,-0.067731,0.380557,0.048243,-1.022246,0.855417
589,"Dakara Boku wa, H ga Dekinai.",anime_12549,-0.469971,0.545776,0.213386,-0.349434,0.019203,0.547933,0.266553,0.237512,-0.846283,0.73262,-0.732786,-0.65478,-0.898302,0.194173,-0.223617,-0.531711,-0.719779,-0.015274,1.035557,-0.955332,0.314411,-0.354297,0.462261,-0.328963,0.242264,-0.698227,0.27531,1.437372,-0.995556,1.346373,-0.268141,-0.423844,0.005288,0.394259,0.978696,0.599472,0.637348,1.644938,-0.573482,-0.183973,1.268241,-0.064916,0.593303,0.88009,0.538461,-0.318736,0.441894,0.094651,-0.697457,0.403272,-0.219238,-0.561733,0.603999,-1.384243,0.395556,0.274541,-0.564041,-0.666858,1.396836,-0.035881,0.35316,0.199764,-0.973532,0.990771
590,ReLIFE: Kanketsu-hen,anime_35466,-0.400467,0.790658,-0.353375,-0.101042,-0.265486,0.693731,0.352189,0.846837,-0.45181,1.086542,-0.87024,-0.781273,-1.298405,0.313474,-0.608193,-1.305967,-0.26001,-0.282733,0.277572,-1.063822,0.587523,-0.36755,0.755742,0.047442,0.250646,-0.664332,0.296067,1.791857,-1.085273,1.180157,-0.23641,-0.587805,-0.65239,0.356898,0.194523,0.77199,0.590782,1.383402,-0.313749,-0.042667,0.866078,-0.371394,0.529427,0.511,-0.004639,-0.262152,0.087948,-0.203366,-1.008829,0.781367,0.376145,-0.452965,0.725829,-1.284233,0.092585,0.106437,0.089713,-1.531569,1.532483,0.228256,-0.319669,0.039625,-1.014588,0.833343
591,Panty & Stocking with Garterbelt,anime_8795,-0.611067,0.388985,-0.059976,-0.283007,-0.466397,0.609431,0.246109,0.563218,-0.940466,0.624056,-0.86872,-0.949548,-0.581439,-0.069393,-0.472743,-0.611665,-0.745735,-0.11302,0.375931,-0.880102,0.781353,-0.480396,0.55726,-0.225166,0.461423,-0.879793,0.07577,1.285082,-0.966789,1.195533,-0.59496,-0.284903,-0.150376,0.4852,0.725684,0.598846,0.527212,1.457466,-0.695347,-0.282637,1.424596,-0.263953,0.520236,0.458476,0.415025,-0.292005,0.368229,-0.162972,-0.298084,0.662001,0.301161,-0.597546,0.987091,-1.794464,0.363935,0.534239,-0.226374,-0.645579,1.668,0.037321,-0.235043,0.026043,-0.955083,0.795466
592,Sono Bisque Doll wa Koi wo Suru Season 2,anime_53065,-1.055066,0.505194,-0.384522,-0.261058,-0.142287,0.538929,0.935913,1.011494,-0.644087,0.810841,-0.347583,-1.066853,-0.558535,0.797682,0.00819,-1.844018,0.052492,0.517579,-0.305975,-0.968341,0.753969,-0.176889,1.270492,-0.076171,0.905691,-1.448418,0.122605,1.307007,-1.781412,1.052917,-0.483216,-0.279239,-0.431427,-0.926365,0.434628,0.729129,0.998349,1.352705,0.311387,-0.505386,1.49425,-0.289046,1.144215,0.841968,0.240134,0.521264,0.019352,-0.429069,-1.216454,0.961738,0.851499,-0.806081,1.626881,-1.424164,0.207136,-0.235821,0.000136,-1.228093,1.531397,0.720818,-0.796708,0.584409,-0.929736,1.1482
593,Tsukimonogatari,anime_28025,-0.422122,0.601241,0.194618,-0.3534,0.07116,0.642591,0.27308,0.109633,-0.692977,0.845259,-0.749243,-0.676184,-0.874351,0.28251,-0.257404,-0.666184,-0.771814,-0.058585,1.001279,-0.887916,0.345857,-0.150688,0.356333,-0.253011,0.376887,-0.736259,0.241154,1.442443,-1.054363,1.200025,-0.389643,-0.394541,-0.015269,0.458103,1.06388,0.730744,0.612952,1.689305,-0.483253,-0.264026,1.216696,-0.1552,0.605935,0.944272,0.463374,-0.228596,0.289863,0.062601,-0.613001,0.396132,-0.048213,-0.632082,0.772521,-1.421404,0.411508,0.437839,-0.603557,-0.680534,1.542299,-0.068774,0.281508,0.185808,-0.999271,1.058634
594,Shuumatsu Nani Shitemasu ka? Isogashii desu ka? Sukutte Moratte Ii desu ka?,anime_33502,-0.442804,0.466098,0.23091,-0.437827,-0.086126,0.426241,0.344143,0.334484,-1.116803,0.933386,-0.549393,-0.705127,-1.097077,0.295147,-0.188827,-0.71642,-0.708181,0.058522,1.084811,-0.917305,0.389048,-0.288658,0.464847,-0.09354,0.333027,-0.509685,0.168423,1.547285,-1.133414,1.202553,-0.202755,-0.489456,0.042399,0.268781,0.97713,0.623828,0.963595,1.717001,-0.73123,-0.198933,1.317688,-0.083843,0.661883,1.212004,0.39423,-0.403398,0.650396,-0.05586,-0.782637,0.446193,-0.320401,-0.746838,0.58185,-1.264222,0.310025,0.378508,-0.462007,-0.848125,1.191205,-0.109336,0.309052,-0.042256,-0.966984,1.067775
595,Kono Subarashii Sekai ni Shukufuku wo!: Kono Subarashii Choker ni Shukufuku wo!,anime_32380,-0.393638,0.668374,0.210545,-0.480077,0.077496,0.624791,0.344662,0.111024,-0.95731,0.933933,-0.722821,-0.717671,-0.903275,0.223837,-0.315445,-0.812622,-0.655867,0.153234,1.070048,-0.922669,0.414463,-0.212975,0.513624,-0.121678,0.363781,-0.68681,0.113956,1.444218,-1.198625,1.058168,-0.390704,-0.32883,-0.088678,0.598038,1.198592,0.699502,0.736019,1.751807,-0.490072,-0.23006,1.383968,-0.149508,0.725962,1.296108,0.449425,-0.34743,0.501537,-0.076577,-0.807834,0.365008,-0.049164,-0.694918,0.811794,-1.384486,0.346784,0.385792,-0.47714,-0.785808,1.551309,-0.158077,0.282684,0.172817,-1.058053,1.107545
596,Kuroshitsuji: Book of Circus,anime_22145,-1.093186,0.81697,-0.312183,-0.654881,0.501255,0.886908,0.523699,0.76446,-0.444437,-0.072911,-0.115874,-0.774657,-0.477332,1.182483,-0.107817,-1.438933,-0.673417,0.424209,-0.436641,-0.965176,1.108591,-0.117983,0.569816,0.106345,0.942374,-1.49384,0.026548,1.65178,-1.975482,1.135354,-0.870786,-0.095009,0.116306,-0.325658,0.569522,0.595646,0.526355,0.815518,-0.108976,-0.696024,1.4364,0.066705,0.885342,1.256593,0.483155,0.56066,0.180484,-0.465383,-0.324399,1.179121,0.927976,-0.510907,1.482284,-1.360978,0.742862,-0.117041,-0.466373,-1.166084,1.86284,0.31771,0.312483,0.587352,-1.228405,0.676399
597,Demi-chan wa Kataritai,anime_33988,-1.12316,0.597133,-0.175426,-0.253808,0.056917,0.687452,0.847316,0.917196,-0.354583,0.733729,-0.185998,-0.563924,-0.511431,0.895262,-0.045187,-1.900376,-0.13942,0.835217,-0.143966,-0.912831,0.816221,-0.178579,1.060947,-0.081403,1.000098,-1.251656,0.27572,1.258808,-1.783058,1.244313,-0.660166,-0.0584,-0.451611,-0.810357,0.531738,0.65377,1.029608,1.297627,0.417864,-0.649003,1.432018,-0.487091,1.295255,0.951981,0.025247,0.735669,-0.057337,-0.640099,-1.103705,0.92883,0.695477,-0.910753,1.561784,-1.290158,0.341809,-0.176915,-0.019361,-1.300126,1.872584,0.701231,-0.673138,0.487486,-0.883723,1.285104
598,Free! Eternal Summer,anime_22265,-0.648937,0.384552,-0.118604,-0.189047,-0.095215,0.569578,0.337762,0.861368,-0.695139,0.332822,-0.964379,-0.92152,-0.876131,-0.086238,-0.480513,-0.495816,-0.696069,0.058161,0.048263,-0.989949,0.900112,-0.487954,0.548102,-0.230042,0.50014,-0.757468,0.212852,1.377701,-0.980181,1.257481,-0.54743,-0.410508,-0.276455,0.202553,0.534183,0.408785,0.305139,1.684116,-0.711789,-0.387264,1.276049,-0.224279,0.548397,-0.084118,0.218266,-0.31023,0.449538,-0.162523,-0.406954,0.75202,0.064407,-0.503454,0.73932,-1.86921,0.054821,0.623951,0.091195,-0.42848,1.662304,0.070632,-0.504516,0.233666,-1.113341,0.813626
599,Rosario to Vampire Capu2,anime_4214,-1.00101,0.736531,-0.320748,-0.601417,0.284106,1.009269,0.653701,0.682299,-0.511551,0.099113,-0.098367,-0.951616,-0.430012,0.978308,0.023945,-1.224805,-0.373812,0.300856,-0.265275,-1.121942,1.084988,0.01628,0.756987,-0.100325,0.805167,-1.387912,-0.152297,1.606917,-1.907731,0.970816,-0.696548,-0.151351,0.289482,-0.481804,0.801046,0.318811,0.493065,0.559576,0.007116,-0.780099,1.599991,0.096838,0.946096,1.196261,0.692302,0.285487,0.251053,-0.409934,-0.589357,1.167522,1.030628,-0.253834,1.350495,-1.495865,0.86922,-0.115315,-0.636034,-0.904286,1.587734,0.217499,0.429993,0.544532,-1.209093,0.585996
600,Jaku-Chara Tomozaki-kun,anime_40530,-0.481002,0.447047,0.163148,-0.40267,-0.067993,0.431253,0.333363,0.349614,-1.033702,0.784369,-0.754018,-0.785458,-1.152006,0.282389,-0.209378,-0.596341,-0.619061,-0.074606,0.855381,-0.898235,0.307485,-0.318007,0.527071,-0.243142,0.236374,-0.704259,0.333666,1.556255,-1.109597,1.266629,-0.240228,-0.461315,-0.002045,0.221263,0.810818,0.66758,0.784151,1.729258,-0.750742,-0.158206,1.183952,-0.00353,0.519865,0.862858,0.498343,-0.304004,0.636511,0.184786,-0.845569,0.418781,-0.499967,-0.570478,0.460063,-1.337815,0.293442,0.303459,-0.452981,-0.717982,1.186749,0.05988,0.190527,0.060379,-1.012005,1.038082
601,Shingeki no Bahamut: Genesis,anime_21843,-0.578918,0.708081,-0.693304,-0.204641,0.309685,1.311132,0.693713,1.266972,-0.420687,0.923291,-0.299037,-1.348562,-0.627763,-0.339433,-1.097559,-0.799485,0.243067,0.721721,0.199016,-0.91027,1.072945,0.149973,0.158418,0.138407,-0.016477,-0.70952,-0.612056,1.757756,-1.036718,1.179497,0.012593,-0.211754,-0.120247,-0.292302,0.529028,0.007761,0.348582,1.331548,-0.124268,-0.33063,0.190663,-0.16769,0.603312,0.676081,0.276419,-0.130768,0.464599,0.76517,-0.995396,0.833104,0.724926,-0.636637,1.131328,-0.483003,-0.40652,0.416367,0.510839,-1.126633,1.931494,-0.006823,-0.080802,1.088466,-1.188652,1.486492
602,Ping Pong the Animation,anime_22135,-0.999674,0.414116,-0.219188,-0.36843,-0.060007,0.759662,0.966908,0.587897,-0.64857,0.651972,-0.401183,-0.67103,-0.477158,0.921963,-0.081762,-1.86445,-0.263398,0.642065,-0.308667,-0.930566,0.815886,0.173146,1.06067,-0.087282,0.966714,-1.453431,0.255246,1.522218,-1.715985,0.998891,-0.843342,-0.142013,-0.346062,-1.082537,0.568507,0.655705,0.884912,1.124822,0.255351,-0.337464,1.508172,-0.341219,1.156092,0.865274,0.209898,0.739163,0.053989,-0.396103,-1.100241,1.121223,0.738301,-0.727046,1.452422,-1.399764,0.30715,0.175149,-0.104342,-1.275438,1.675786,0.649454,-0.595225,0.187595,-0.935703,1.24946
603,3-gatsu no Lion 2nd Season,anime_35180,-0.855175,0.497331,-0.30157,-0.366443,-0.028326,0.588475,0.981448,0.46624,-0.783166,0.898272,-0.379164,-0.74692,-0.561795,0.860592,0.038371,-1.910232,-0.23063,0.604395,-0.144348,-1.115982,0.804244,-0.093151,1.16511,-0.187937,1.116239,-1.562257,0.061923,1.573066,-1.756218,1.00436,-0.821397,-0.174783,-0.462295,-0.743727,0.465989,0.816864,0.962919,1.042593,0.184837,-0.274653,1.383331,-0.416925,1.279024,1.250594,0.312867,0.570529,-0.056279,-0.321339,-1.014698,1.111602,0.893624,-0.832711,1.495448,-1.432307,0.44477,-0.112438,-0.184058,-1.380648,1.750567,0.716171,-0.517449,0.269323,-0.943916,1.287212
604,Initial D First Stage,anime_185,-0.957491,0.579879,-0.312876,-0.466331,0.031692,0.645505,0.928746,0.669093,-0.881315,0.831276,-0.361353,-1.050969,-0.444982,1.101792,0.012478,-1.737638,-0.24564,0.591625,-0.181797,-0.970771,0.923348,0.059405,1.307752,-0.1154,0.975451,-1.728104,0.217463,1.359545,-1.835848,1.212962,-0.740254,-0.26543,-0.395298,-0.964189,0.532421,0.642454,1.115468,1.153693,0.352471,-0.119306,1.313716,-0.369494,1.13215,1.165207,0.335996,0.72404,0.054941,-0.101163,-1.153315,1.084685,0.847132,-0.73126,1.636341,-1.036862,0.402803,-0.095004,-0.141298,-1.327514,1.804015,0.657395,-0.681508,0.177819,-1.096966,1.234868
605,Ore dake Haireru Kakushi Dungeon,anime_41899,-0.500853,0.59697,0.082587,-0.372377,-0.063926,0.590454,0.329641,0.263844,-1.178061,0.855832,-0.641675,-0.814383,-0.732762,0.220478,-0.232485,-0.728826,-0.6782,0.211142,1.13185,-0.890124,0.358309,-0.221977,0.544934,-0.152183,0.085815,-0.646912,0.119177,1.608272,-1.069846,1.225542,-0.336327,-0.426474,-0.044375,0.507327,1.082886,0.408388,0.790919,1.508321,-0.581629,0.075869,1.27065,-0.082834,0.688279,1.121897,0.477182,-0.288291,0.463416,0.082726,-0.84391,0.416684,0.002737,-0.696723,0.770708,-1.097038,0.362054,0.37188,-0.508275,-0.636102,1.576546,-0.138191,0.339912,0.249264,-1.207176,0.876576
606,Grisaia no Rakuen,anime_29095,-0.110016,0.619287,-0.147782,-0.048094,-0.157088,1.069571,-0.392742,0.731312,-1.113103,0.397343,-0.637941,-0.57339,-1.255267,-0.365289,-0.65616,-1.072157,-0.660362,0.045274,1.025097,-0.534858,0.282559,-0.066579,0.424552,-0.130107,0.726928,-0.422343,0.119566,1.653325,-1.170039,1.101114,-0.504036,-0.096333,-0.21055,0.347486,0.65996,0.496786,0.621356,1.188763,-0.495831,0.126105,1.106829,-0.359229,0.493737,1.075333,-0.641527,-0.312916,0.610242,0.205541,-0.916784,0.807212,0.459439,-0.694841,0.515044,-0.979212,0.624079,0.525771,0.025084,-0.820009,1.55157,-0.286554,-0.037611,-0.057567,-1.09996,0.722655
607,Owarimonogatari 2nd Season,anime_35247,-0.385521,0.609416,0.271742,-0.387694,0.188464,0.575005,0.274643,0.068716,-0.596369,0.898338,-0.736435,-0.752528,-0.929456,0.301532,-0.195377,-0.72952,-0.774058,-0.0974,0.989644,-0.868608,0.352048,-0.107159,0.369568,-0.30478,0.456507,-0.81673,0.21147,1.460259,-1.064152,1.180951,-0.34594,-0.402578,-0.027504,0.479068,1.073691,0.832835,0.592296,1.799672,-0.489565,-0.34724,1.192317,-0.168948,0.535675,1.030376,0.463972,-0.247892,0.290419,0.055501,-0.619266,0.392518,-0.01215,-0.718889,0.868171,-1.486172,0.357871,0.473879,-0.628106,-0.781478,1.483473,-0.131891,0.238416,0.165066,-0.972507,1.139162
608,Fate/stay night Movie: Heaven's Feel - II. Lost Butterfly,anime_33049,-0.237713,0.600869,-0.069468,-0.059833,0.048406,0.816015,-0.34566,0.802618,-1.091707,0.558035,-0.345151,-0.726394,-1.185146,-0.365129,-0.613954,-1.275535,-0.53081,0.258228,1.309531,-0.730801,0.47867,-0.171011,0.547971,0.012999,0.676749,-0.536967,0.114816,1.677763,-1.194536,1.223301,-0.415301,-0.142222,-0.316529,0.432021,0.88642,0.30782,0.422228,1.265779,-0.459242,0.14205,0.898262,-0.473324,0.624245,1.003212,-0.605317,-0.181717,0.659802,0.267825,-1.208684,0.733684,0.363379,-0.688092,0.5671,-0.863775,0.549534,0.609265,0.181755,-0.986254,1.705957,-0.37116,-0.196711,-0.103109,-1.177978,0.934226
609,Date A Live III,anime_36633,-0.434267,0.433291,0.440191,-0.506563,0.232705,0.417901,0.232362,0.402983,-0.98794,0.60648,-0.568417,-0.545054,-1.154089,0.421792,-0.127327,-0.497226,-0.810592,0.251411,1.213386,-0.856498,0.435869,-0.506973,0.413392,-0.10148,0.120974,-0.571512,0.354052,1.395315,-1.178385,1.489478,-0.078023,-0.411632,0.05225,0.447978,0.982154,0.586419,0.941758,1.88871,-0.518121,-0.292503,1.368466,-0.217213,0.682248,0.939002,0.346592,-0.396002,0.581628,-0.204743,-0.752798,0.28141,-0.586616,-0.960243,0.678693,-1.219837,0.095668,0.036323,-0.285266,-0.91959,1.3673,-0.182862,0.114329,0.214461,-1.005936,1.252666
610,Sekirei,anime_4063,-1.047422,0.552603,-0.311441,-0.324283,-0.157907,0.722824,1.058222,0.622641,-0.687135,0.776262,-0.268454,-0.992352,-0.231202,0.818472,0.061266,-1.776645,-0.11209,0.583872,-0.068111,-0.99999,0.749063,-0.038564,1.298648,-0.188914,0.778849,-1.590778,0.022463,1.345099,-1.611323,1.191176,-0.746053,-0.308229,-0.39975,-0.838954,0.591338,0.709231,1.020191,0.931028,0.402003,-0.25965,1.469439,-0.470716,1.083905,1.068018,0.290635,0.657895,-0.113112,-0.246986,-1.113609,1.043222,0.936617,-0.739414,1.690167,-1.346783,0.407584,-0.193101,-0.12862,-1.244573,1.704788,0.614288,-0.564404,0.391692,-0.983106,1.227522
611,Boku no Kokoro no Yabai Yatsu,anime_52578,-0.952695,0.780785,-0.261164,-0.630051,0.349322,0.833297,0.698351,0.657846,-0.359626,0.012396,-0.055384,-0.890284,-0.642961,0.898729,0.091925,-1.227317,-0.332555,0.215346,-0.40016,-1.187,1.074933,0.046746,0.860289,-0.204419,0.851822,-1.477764,-0.214209,1.561641,-1.788947,0.922197,-0.7343,-0.169277,0.254094,-0.539502,0.709361,0.443544,0.306426,0.5516,-0.02365,-0.794554,1.58321,0.134744,0.828079,1.050628,0.797027,0.339868,0.254627,-0.247696,-0.635747,1.06472,1.047267,-0.113861,1.208109,-1.646405,0.898495,-0.082019,-0.600325,-0.966482,1.570464,0.257236,0.426159,0.585469,-1.150982,0.575374
612,Dragon Ball Kai,anime_6033,-0.629172,1.315128,0.13243,-0.405458,1.145168,0.455566,0.636391,0.39568,-0.170208,-0.408563,0.20754,-0.825702,-0.283178,0.836319,-0.090055,-1.348033,0.045459,0.311584,-0.104469,-0.477319,1.113385,0.103031,0.674047,-0.200933,0.61903,-1.543393,0.159117,1.23072,-1.384753,0.797677,-0.668749,0.127521,0.173474,-0.339549,0.564425,0.128195,0.38838,0.104853,-0.098824,-0.678881,1.973878,0.074475,1.082836,1.090637,0.596238,0.125415,0.252624,-0.240628,0.106942,0.87334,1.326486,-0.391591,1.185672,-1.125882,1.13934,-0.332839,-0.483771,-0.725676,1.15536,0.101202,0.283014,0.412243,-1.017282,0.854377
613,Shinmai Maou no Testament Burst,anime_30363,-0.50016,0.525718,0.155657,-0.432906,0.044443,0.636974,0.265226,0.258187,-1.07579,0.753694,-0.727874,-0.785689,-0.771037,0.269642,-0.264255,-0.509681,-0.834643,0.062273,1.19998,-0.861962,0.293243,-0.31819,0.561608,-0.217987,0.115847,-0.78262,0.342842,1.596385,-1.069388,1.453518,-0.31672,-0.46535,0.018698,0.421957,0.984306,0.483469,0.791642,1.597274,-0.560091,0.073616,1.259063,-0.089095,0.602641,1.02385,0.536035,-0.171634,0.456836,0.139072,-0.68483,0.464111,-0.173613,-0.650968,0.715478,-1.238285,0.293234,0.256448,-0.51379,-0.735853,1.50158,-0.058452,0.404967,0.144588,-1.102098,1.044609
614,Dumbbell Nan Kilo Moteru?,anime_39026,-0.387677,1.017683,-0.195167,-0.25796,-0.192496,0.771334,0.154895,0.396758,-0.366317,0.966092,-0.944749,-0.369822,-1.080737,0.241366,-0.475143,-0.979524,-0.568801,-0.155744,0.492777,-1.121022,0.72251,-0.251417,0.518356,-0.045155,0.268587,-0.757393,0.30195,1.450968,-0.88802,1.190042,-0.346716,-0.457325,-0.591976,0.516692,0.499502,0.622698,0.430499,1.184577,-0.087051,-0.057054,0.997567,-0.416899,0.762131,0.533687,0.341512,-0.242577,-0.299645,-0.225956,-0.79861,0.573709,0.612361,-0.207326,0.77141,-1.226929,0.434561,0.302975,-0.363824,-1.287104,1.861706,0.101824,-0.149105,0.092514,-0.891351,0.604254
615,Darker than Black: Ryuusei no Gemini,anime_6573,-0.637764,0.352223,-0.191279,-0.226031,-0.356021,0.601758,0.39702,0.817641,-0.967617,0.514429,-0.773706,-1.035105,-0.645837,0.055908,-0.827432,-0.891987,-0.735821,0.248383,0.275573,-0.823576,0.85909,-0.495434,0.343719,0.025494,0.63742,-0.710834,-0.070655,1.409987,-0.725199,1.188519,-0.798799,-0.41988,-0.297712,0.60819,0.53494,0.819371,0.518303,1.449947,-0.856947,-0.27127,1.238594,-0.520559,0.365272,0.54567,0.117645,-0.207707,0.268012,-0.254202,-0.211798,0.560381,0.256077,-1.13609,1.062585,-1.732147,0.282537,0.65913,0.28523,-0.690474,1.902251,-0.087511,-0.310129,0.043939,-1.094761,1.040295
616,Saijaku Muhai no Bahamut,anime_30749,-0.48366,0.492084,0.201749,-0.370983,-0.007511,0.506334,0.22426,0.334349,-1.059804,0.64453,-0.680026,-0.763361,-0.916249,0.242006,-0.239822,-0.479146,-0.649689,0.100461,1.083467,-0.887442,0.350849,-0.391468,0.478327,-0.155245,0.120553,-0.61445,0.278774,1.480091,-1.137435,1.327083,-0.195215,-0.397271,-0.031619,0.382697,0.990696,0.472932,0.821926,1.689081,-0.599814,-0.118216,1.286791,-0.041365,0.647642,0.92311,0.502301,-0.334598,0.534656,0.039039,-0.783491,0.403827,-0.321539,-0.670256,0.656063,-1.233915,0.278304,0.216571,-0.389317,-0.709596,1.429221,-0.087569,0.287714,0.210646,-1.081624,0.986081
617,Yu☆Gi☆Oh! Duel Monsters,anime_481,-0.994538,0.873667,-0.296126,-0.686339,0.461953,0.849769,0.598059,0.711663,-0.796827,0.027778,0.005224,-1.076661,-0.46061,1.142007,0.100205,-1.282326,-0.437855,0.395883,-0.214019,-1.098169,1.135249,0.062315,0.88961,-0.012947,0.701842,-1.607266,-0.192637,1.777674,-1.956393,0.957211,-0.647079,-0.08455,0.204156,-0.381218,0.83679,0.193963,0.513447,0.520667,0.039451,-0.566738,1.480779,0.205301,1.005133,1.317936,0.605217,0.252295,0.30485,-0.305641,-0.797268,1.218622,1.189604,-0.320865,1.342678,-1.332362,0.769658,-0.110878,-0.644725,-0.991136,1.719202,0.115877,0.319215,0.562285,-1.301741,0.587778
618,One Punch Man 3,anime_52807,-1.017774,0.929033,-0.324683,-0.90403,0.249398,0.325985,0.359704,0.490112,-0.691228,1.459553,-0.400915,-0.280811,-1.229766,1.051196,0.031084,-1.729222,-0.234055,0.67069,0.691913,-1.113973,1.204315,-0.769342,1.105535,-0.276541,1.202794,-0.991126,0.027126,1.464437,-1.45894,1.267347,-0.421467,0.364815,-0.669748,0.134926,0.564136,1.174491,1.311048,0.945994,-0.193111,-0.372082,1.626991,-0.661459,1.406792,2.031483,0.371494,0.453622,-0.080527,-0.862719,-0.917671,1.025814,1.270136,-1.276052,1.500152,-1.283909,0.602333,0.010238,0.097937,-1.336784,2.183545,-0.014187,-0.200428,-0.327979,-1.016735,0.879183
619,Otonari no Tenshi-sama ni Itsunomanika Dame Ningen ni Sareteita Ken,anime_50739,-0.460141,0.406185,0.232525,-0.357661,-0.006389,0.257119,0.279312,0.423796,-0.911958,0.591862,-0.76095,-0.912764,-1.127395,0.210578,-0.046957,-0.412501,-0.578628,-0.22655,0.784772,-0.958869,0.336846,-0.450817,0.5734,-0.310941,0.161678,-0.821064,0.275809,1.354303,-1.149794,1.278128,-0.024908,-0.516863,-0.078646,0.163627,0.828684,0.692455,0.64301,1.847301,-0.666428,-0.278311,1.178797,0.058247,0.491275,0.639392,0.523737,-0.451528,0.599085,0.220562,-0.955043,0.437953,-0.410309,-0.432603,0.533411,-1.409386,0.244115,0.205721,-0.466996,-0.733852,1.129194,0.003449,0.05506,0.255498,-0.996751,0.994097
620,Keijo!!!!!!!!,anime_32686,-1.057564,0.760801,-0.400847,-0.635334,0.493313,1.058923,0.905768,0.600563,-0.472344,-0.065446,-0.236063,-0.88885,-0.399167,1.053722,0.030848,-1.347335,-0.61201,0.379797,-0.356487,-1.155446,1.169899,0.109429,0.740365,0.016128,0.732047,-1.449506,-0.124512,1.676354,-1.82066,0.850699,-0.945447,-0.356724,0.242538,-0.591108,0.765317,0.337906,0.374086,0.56012,-0.036191,-0.614275,1.568709,0.101456,1.004747,1.172182,0.693456,0.239237,0.187289,-0.347058,-0.514241,1.243345,1.085666,-0.141638,1.353714,-1.398834,0.814997,0.033888,-0.602704,-0.807006,1.69152,0.201007,0.335911,0.630731,-1.290805,0.596911
621,Tamako Love Story,anime_21647,-0.468861,0.110784,-0.184884,-0.013028,-0.761883,0.435804,0.109201,0.756642,-0.786173,0.24164,-0.932832,-0.646246,-0.686855,0.034162,-0.648195,-0.743247,-0.663124,-0.265477,-0.091145,-0.817305,0.781743,-0.617359,0.071944,-0.076872,0.595235,-0.617768,-0.008604,1.259167,-0.760134,1.083939,-0.545068,-0.369888,-0.127983,0.454461,0.496346,0.822608,0.351275,1.531932,-0.993894,-0.477332,1.587202,-0.158376,0.37648,0.040861,0.250261,-0.318223,0.419378,-0.256145,-0.091834,0.665647,0.205892,-0.707658,0.84098,-1.937686,0.355937,0.68229,-0.063443,-0.685339,1.510747,0.086665,-0.168303,0.11346,-0.867167,0.662246
622,"Ore no Nounai Sentakushi ga, Gakuen Love Comedy wo Zenryoku de Jama Shiteiru",anime_19221,-0.427778,0.525075,0.173295,-0.288355,-0.026685,0.499589,0.324107,0.199324,-0.816857,0.707313,-0.747312,-0.748118,-0.880037,0.113802,-0.156028,-0.625633,-0.618199,-0.053068,0.900303,-0.976433,0.299381,-0.338397,0.506888,-0.341427,0.265035,-0.724745,0.134115,1.403819,-0.942754,1.205173,-0.289985,-0.479294,-0.085215,0.43413,0.970948,0.694825,0.59281,1.653601,-0.613146,-0.169283,1.222644,-0.043879,0.525238,0.880877,0.548436,-0.351136,0.46846,0.178672,-0.755819,0.403931,-0.189477,-0.559091,0.690548,-1.361223,0.434244,0.286232,-0.495654,-0.683922,1.359827,-0.064238,0.280162,0.267576,-1.013681,0.922905
623,Digimon Adventure,anime_552,-1.090909,0.221948,-0.175831,-0.629317,0.116671,0.930117,0.698138,1.209055,-0.565421,0.94065,0.200768,-0.717078,-0.597295,0.961091,-0.526889,-1.181985,-0.494869,0.438978,0.17197,-0.909387,1.27816,-0.410772,0.523445,-0.883838,1.964042,-0.853048,-0.551233,1.490467,-1.076982,1.173228,-0.661586,0.458164,0.016545,0.014474,0.967957,0.6739,0.969025,1.011849,-0.836209,-1.031254,1.830861,-0.268471,0.810315,1.631881,0.216479,-0.323638,-0.0694,-0.558815,-0.197114,1.30854,0.675899,-1.24712,1.638034,-2.196389,0.382268,0.722216,0.047505,-0.244495,1.99201,-0.159632,0.397544,-0.720893,-1.042897,0.436907
624,Id:Invaded,anime_40046,-0.603711,0.236633,-0.180729,-0.268461,-0.466517,0.577537,0.28248,0.711553,-0.843084,0.550125,-1.051957,-0.935736,-0.663527,0.061681,-0.553425,-0.530565,-0.858815,-0.017312,0.240198,-0.856961,0.891642,-0.409722,0.445829,-0.123453,0.640417,-0.76066,-0.00505,1.334537,-0.906334,1.187881,-0.64292,-0.541217,-0.034999,0.603638,0.574324,0.582784,0.621048,1.474278,-0.729014,-0.277265,1.344151,-0.496902,0.565378,0.425551,0.291759,-0.2603,0.279767,-0.137895,-0.266073,0.739324,0.44687,-0.829952,0.934524,-1.799194,0.188063,0.746166,-0.168035,-0.420939,1.527481,-0.079278,-0.218356,0.072725,-0.947494,0.788774
625,Tokyo Revengers: Seiya Kessen-hen,anime_50608,-1.022541,0.635615,-0.336936,-0.678739,0.299709,0.946806,0.688184,0.584481,-0.747561,-0.04132,0.033394,-1.019613,-0.532148,1.109322,-0.056955,-1.260183,-0.583124,0.300691,-0.362783,-1.169284,1.096942,0.075197,0.725091,-0.094614,0.634715,-1.602424,-0.11201,1.763159,-1.884203,0.954405,-0.90653,-0.083569,0.284744,-0.556069,0.676752,0.334805,0.505633,0.521705,-0.062695,-0.457145,1.476087,0.146764,0.834871,1.166554,0.732489,0.391996,0.264169,-0.310573,-0.444026,1.269744,0.857025,-0.406568,1.421285,-1.377162,0.809146,0.042576,-0.567928,-1.027213,1.774335,0.195526,0.441891,0.524518,-1.208819,0.554153
626,Rainbow: Nisha Rokubou no Shichinin,anime_6114,-1.086772,0.445351,-0.210224,-0.299173,-0.058005,0.724174,0.733997,0.659155,-0.536734,0.557305,-0.361652,-0.666681,-0.461892,0.942607,-0.138682,-1.934433,-0.289364,0.780915,-0.345639,-0.83429,0.961039,-0.00649,0.912184,-0.125747,0.957173,-1.332729,0.177744,1.483872,-1.771132,1.01946,-0.875425,0.002232,-0.349381,-0.778589,0.488734,0.611962,1.031446,1.128256,0.233188,-0.328682,1.551507,-0.519087,1.235163,1.029935,0.085688,0.578079,-0.065519,-0.723124,-0.880197,1.078856,0.786931,-1.141381,1.649562,-1.307665,0.275536,-0.041802,-0.01684,-1.31259,1.835395,0.648002,-0.620859,0.484019,-0.853617,0.974591
627,Redline,anime_6675,-0.525204,0.426682,-0.201083,-0.284602,-0.36648,0.350646,0.338064,0.774662,-0.984777,0.593306,-0.832518,-0.84601,-0.825521,0.156564,-0.530198,-0.838667,-0.973024,0.144148,0.318387,-0.654791,0.800768,-0.516297,0.595871,-0.058995,0.489487,-0.723891,-0.018441,1.331813,-0.889259,1.14825,-0.7436,-0.461668,-0.208598,0.718735,0.394602,0.649642,0.618834,1.636144,-0.753645,-0.147198,1.401984,-0.481273,0.502549,0.538144,0.172904,-0.16193,0.344236,-0.25419,-0.141945,0.514264,0.418268,-0.979968,1.106019,-1.428828,0.320915,0.393945,-0.000192,-0.720253,1.868555,0.026228,-0.335914,0.164231,-1.115242,0.839745
628,Isekai Ojisan,anime_49220,-0.393637,0.906601,-0.299004,-0.386664,-0.263927,0.647458,0.319443,0.473461,-0.730154,1.305622,-1.013567,-0.821353,-1.057002,0.192884,-0.434697,-1.271676,-0.486083,-0.19133,0.644469,-1.114793,0.63098,-0.325979,0.80549,0.15583,0.440469,-0.800166,-0.044123,1.614461,-1.05897,1.032359,-0.385738,-0.652072,-0.56828,0.766198,0.483939,0.839001,0.587374,1.305054,-0.173036,0.128553,0.985903,-0.418095,0.74523,1.005898,0.354628,-0.433522,-0.167221,-0.200929,-1.040737,0.689142,0.826373,-0.542814,0.893067,-1.224815,0.322143,0.189311,-0.237053,-1.391309,1.605499,-0.187661,-0.195741,0.01943,-1.054293,0.847701
629,Koukaku Kidoutai: Stand Alone Complex,anime_467,-0.946357,0.435948,-0.278622,-0.370661,-0.057477,0.558026,0.864846,0.69787,-0.580657,0.700561,-0.391782,-0.776185,-0.39091,1.016632,-0.155821,-1.89749,-0.305236,0.721007,-0.197814,-0.802537,0.76495,-0.070589,1.101408,0.004939,0.962779,-1.367453,0.121558,1.402416,-1.717768,1.010919,-0.759396,-0.243225,-0.412417,-0.688298,0.510787,0.838889,1.067956,1.2559,0.335212,-0.372786,1.598781,-0.520553,1.229649,1.148257,0.129467,0.780758,-0.083948,-0.484278,-0.99592,0.968771,0.971901,-0.903377,1.743225,-1.236276,0.263571,-0.038169,-0.097166,-1.285299,1.780217,0.627534,-0.636972,0.410586,-0.907072,1.235748
630,Azumanga Daiou The Animation,anime_66,-0.541654,0.574509,-0.490987,-0.041444,0.016474,1.147456,0.764563,0.762766,-0.301114,1.070462,-0.77766,-0.795148,-0.538328,0.326103,-0.771437,-1.442993,0.009226,0.57142,-0.310576,-1.300654,0.34545,-0.530043,0.293383,0.155982,0.615713,-0.372291,0.158893,1.256814,-0.857839,1.325167,-0.195314,-0.248095,-0.823699,0.047852,0.802154,0.698639,0.545653,1.848402,-0.173814,-0.292048,0.650066,-0.555507,0.686495,-0.006588,0.054775,-0.168927,0.138611,0.095862,-0.815278,0.535917,0.357896,-0.22149,0.976442,-1.08236,-0.304133,0.250364,0.725769,-1.217583,2.313124,0.355608,-0.588366,0.277056,-0.681921,1.386439
631,Shin Evangelion Movie:||,anime_3786,-0.559399,0.362736,-0.210821,-0.290165,-0.373741,0.587413,0.182669,0.88924,-0.893504,0.409347,-0.952438,-0.916627,-0.796509,0.145801,-0.668032,-0.470728,-0.689844,-0.020172,0.116695,-0.871949,1.058501,-0.432974,0.266668,-0.053751,0.610106,-0.607708,-0.045946,1.273951,-0.743305,1.248972,-0.641931,-0.45704,0.107872,0.479616,0.549762,0.509299,0.691842,1.346459,-0.79361,-0.298837,1.512254,-0.503932,0.563429,0.201513,0.278523,-0.245054,0.380746,-0.206183,-0.251818,0.811611,0.331423,-0.929292,0.739758,-1.83785,0.213617,0.686482,-0.098431,-0.241567,1.386706,0.028653,-0.249024,0.074928,-0.952494,0.915902
632,Kaoru Hana wa Rin to Saku,anime_59845,-0.392265,0.795018,-0.360431,-0.108677,-0.261958,0.697176,0.364042,0.837141,-0.459149,1.102166,-0.867016,-0.790633,-1.295211,0.310736,-0.597605,-1.307045,-0.260122,-0.298666,0.275567,-1.073014,0.586107,-0.357603,0.774697,0.03549,0.243329,-0.680951,0.285347,1.801183,-1.087106,1.171026,-0.226885,-0.599251,-0.649212,0.351646,0.195048,0.77668,0.598079,1.380881,-0.317545,-0.028767,0.861744,-0.364832,0.521429,0.520705,0.016353,-0.261257,0.079383,-0.183937,-1.012715,0.785561,0.388897,-0.436721,0.730865,-1.285822,0.088023,0.112518,0.080557,-1.533756,1.520102,0.229363,-0.322561,0.023464,-1.018485,0.832161
633,Kanojo mo Kanojo,anime_43969,-0.984474,0.729922,-0.299628,-0.5925,0.30269,0.924736,0.711546,0.657139,-0.429127,0.026137,-0.127597,-0.950957,-0.471518,0.885169,0.043654,-1.241364,-0.367053,0.278371,-0.328601,-1.181703,1.059644,0.001657,0.82885,-0.207954,0.798608,-1.459212,-0.196909,1.602379,-1.766365,0.968845,-0.733359,-0.183452,0.261024,-0.493374,0.73638,0.371552,0.360341,0.532224,-0.032506,-0.740589,1.594765,0.117641,0.823321,1.143131,0.752565,0.316464,0.295543,-0.298212,-0.599808,1.154891,1.050637,-0.23032,1.318952,-1.571955,0.869733,-0.111517,-0.609388,-0.941305,1.544395,0.247762,0.488145,0.58566,-1.168532,0.551444
634,"Fuufu Ijou, Koibito Miman.",anime_50425,-1.03861,0.52789,-0.426595,-0.243895,-0.217746,0.611029,1.05832,0.97311,-0.515723,0.866206,-0.318455,-1.124076,-0.522465,0.886434,0.126721,-1.884195,-0.163737,0.425333,-0.22838,-0.852876,0.722311,-0.002288,1.511202,-0.19233,0.715875,-1.570529,0.080139,1.409975,-1.771996,0.970012,-0.466138,-0.383613,-0.396438,-1.106394,0.337245,0.641616,0.899252,1.211048,0.315027,-0.466128,1.396117,-0.46526,1.138546,0.883375,0.078602,0.785876,-0.019575,-0.374446,-1.336631,1.04638,0.924582,-0.634351,1.520798,-1.377732,0.046514,-0.162766,-0.147229,-1.372961,1.515706,0.765674,-0.763367,0.511386,-0.909281,1.234227
635,Durarara!!x2 Ten,anime_27831,-0.456641,0.540855,0.303928,-0.55024,0.229868,0.491511,0.228868,0.226983,-1.038667,0.755197,-0.646449,-0.879959,-1.011107,0.340723,-0.251182,-0.611127,-0.882805,0.041241,1.159199,-0.882572,0.319424,-0.24618,0.598433,-0.142893,0.287621,-0.887782,0.356713,1.606824,-1.154172,1.400151,-0.262702,-0.430076,-0.045449,0.465841,0.949782,0.68134,0.749903,1.801106,-0.615347,0.018174,1.267318,-0.11914,0.568046,1.104446,0.553194,-0.102821,0.365685,0.093311,-0.750759,0.419678,-0.103533,-0.787441,0.758103,-1.361404,0.127209,0.431932,-0.42164,-0.973051,1.50112,-0.190466,0.313068,0.02331,-1.049023,1.170158
636,Kemono Jihen,anime_40908,-1.044481,0.760068,-0.306812,-0.718348,0.48985,0.902283,0.599422,0.671586,-0.55536,0.032029,-0.157021,-0.982925,-0.447369,1.161036,-0.086601,-1.191316,-0.610714,0.251245,-0.245419,-1.035339,1.027339,0.020475,0.768748,0.035654,0.856429,-1.580523,0.105866,1.71851,-1.992459,1.126664,-0.724779,-0.230261,0.205912,-0.514156,0.671446,0.452342,0.575896,0.716206,-0.042653,-0.602328,1.485755,0.149932,0.865182,1.319243,0.701959,0.557537,0.227216,-0.258756,-0.528276,1.237901,0.99775,-0.190731,1.344106,-1.429608,0.685136,0.091397,-0.656909,-1.038582,1.708395,0.282597,0.446606,0.388046,-1.22605,0.673418
637,"Sentouin, Haken shimasu!",anime_41456,-0.456863,0.686009,0.267436,-0.467165,0.163499,0.592076,0.223727,0.236683,-0.923616,0.803242,-0.551487,-0.63008,-0.999952,0.311287,-0.277193,-0.752114,-0.649796,0.270982,1.106401,-0.783611,0.402539,-0.259258,0.477963,-0.073012,0.284229,-0.603051,0.153272,1.415211,-1.171058,1.283408,-0.398967,-0.358113,-0.088186,0.657416,1.048946,0.623994,0.777147,1.811599,-0.518772,-0.236535,1.272894,-0.22357,0.66113,1.149117,0.337145,-0.200143,0.417466,-0.038049,-0.723355,0.260676,-0.20271,-0.884125,0.852438,-1.221494,0.329282,0.210285,-0.282555,-0.865806,1.716416,-0.122769,0.229374,0.250115,-1.160989,1.147244
638,Mahou Shoujo Madoka★Magica Movie 3: Hangyaku no Monogatari,anime_11981,-0.600554,0.368516,-0.338059,-0.212178,-0.497789,0.773444,0.215554,0.751496,-0.945714,0.509526,-0.996042,-0.816045,-0.72795,0.212861,-0.664863,-0.529112,-0.682874,0.040525,0.053956,-0.804664,0.993354,-0.484284,0.249084,-0.029585,0.621289,-0.642555,0.059489,1.376105,-0.897245,1.222645,-0.727768,-0.334335,-0.0144,0.578885,0.640118,0.567933,0.636331,1.450465,-0.789905,-0.167372,1.31917,-0.434826,0.53236,0.219475,0.330447,-0.188831,0.400805,-0.240741,-0.205268,0.774661,0.232086,-0.938753,0.691807,-1.83561,0.207536,0.671967,-0.050971,-0.394794,1.68192,0.075424,-0.321248,0.107025,-0.970404,0.820834
639,Mikakunin de Shinkoukei,anime_20541,-0.485813,0.682702,-0.698942,0.095825,0.041904,1.230068,0.889296,0.937858,-0.369256,1.253088,-0.61874,-1.002374,-0.509281,0.354035,-0.787852,-1.401745,0.200559,0.155032,-0.221082,-1.364445,0.255254,-0.523867,0.552976,0.071624,0.585494,-0.451321,-0.008475,1.275062,-0.694973,1.29908,0.014619,-0.447876,-0.72329,-0.208307,0.837212,0.640036,0.41369,1.724123,-0.281578,-0.314214,0.548263,-0.319781,0.413804,0.076023,0.083751,-0.200895,0.253182,0.345095,-0.917321,0.618381,0.662604,-0.072429,0.940019,-1.264297,-0.217593,0.183765,0.702713,-1.455246,2.152735,0.325864,-0.417739,0.140339,-0.707054,1.478809
640,Dr. Stone: New World Part 2,anime_55644,-0.919569,1.138998,-0.284804,-0.648802,0.571848,1.048206,0.711201,0.52091,-0.465146,0.129786,0.15583,-0.784384,-0.402573,1.170518,0.175233,-1.399695,-0.34964,0.487661,-0.271436,-1.27619,1.130304,0.144208,0.747083,-0.279313,0.588333,-1.623188,-0.280773,1.483036,-1.640999,1.068603,-0.856264,-0.050295,0.248657,-0.147605,0.894308,0.321992,0.307145,0.32907,0.225432,-0.633957,1.539624,0.040893,0.938824,1.091105,0.699016,0.376056,-0.072554,-0.217988,-0.640442,0.963515,1.272239,-0.177616,1.379045,-1.419763,0.98511,-0.15589,-0.85646,-0.835401,1.935095,0.130882,0.18337,0.862758,-1.254631,0.511113
641,Platinum End,anime_44961,-0.950886,0.753587,-0.293171,-0.707912,0.416489,1.075318,0.63993,0.706792,-0.627851,0.156113,-0.14504,-0.883089,-0.485611,1.183113,-0.075944,-1.233755,-0.58289,0.313621,-0.309362,-1.071835,1.084658,0.100909,0.66974,-0.090913,0.910306,-1.548429,0.098925,1.760084,-1.996579,1.091716,-0.806085,-0.108105,0.32874,-0.508148,0.671812,0.284063,0.525134,0.572672,-0.043966,-0.670291,1.439576,0.164079,0.874727,1.290505,0.683554,0.317912,0.280584,-0.395174,-0.613005,1.32885,1.017575,-0.251048,1.231462,-1.527094,0.741294,0.092125,-0.716444,-0.940984,1.594273,0.182345,0.457721,0.339768,-1.104909,0.681704
642,Sousou no Frieren 2nd Season,anime_59978,-1.175845,0.873058,-0.246083,-0.618434,0.356533,0.957795,0.555688,0.853483,-0.676019,0.188109,0.068407,-0.822437,-0.497265,1.255206,-0.102025,-1.473057,-0.344173,0.627962,-0.269801,-1.110281,1.167957,-0.062913,0.531863,-0.024349,0.764492,-1.303646,0.021149,1.643486,-1.984801,1.174986,-0.704264,0.124841,0.247231,-0.398602,0.756442,0.166982,0.648686,0.61972,-0.085177,-0.89565,1.466138,0.149479,1.021631,1.362803,0.340113,0.271211,0.304121,-0.572613,-0.658158,1.167456,0.82717,-0.532729,1.368088,-1.206336,0.882908,-0.134486,-0.651619,-0.894238,1.751826,0.276932,0.265314,0.573102,-1.180268,0.570096
643,Busou Shoujo Machiavellianism,anime_33475,-1.007372,0.753031,-0.354518,-0.608467,0.378957,1.008737,0.698501,0.614037,-0.539603,0.028743,-0.115178,-0.945337,-0.4094,1.009334,0.015796,-1.228354,-0.47567,0.345392,-0.280597,-1.107002,1.056182,0.011708,0.80835,-0.133633,0.744686,-1.5137,-0.183295,1.63925,-1.790346,1.03806,-0.841648,-0.175568,0.27065,-0.389728,0.75183,0.35529,0.386703,0.468281,0.025746,-0.567294,1.506769,0.059991,0.843462,1.164762,0.747615,0.350128,0.236807,-0.218108,-0.546931,1.135554,1.028622,-0.264182,1.375538,-1.404508,0.91312,-0.150368,-0.577785,-0.948579,1.69679,0.254114,0.439893,0.537282,-1.283746,0.624341
644,Chainsaw Man Movie: Reze-hen,anime_57555,-1.070263,0.682148,-0.303621,-0.691313,0.407083,0.896865,0.596674,0.834051,-0.649083,0.103911,0.03451,-0.906454,-0.393118,1.114757,-0.066591,-1.287896,-0.506088,0.513841,-0.193096,-1.109421,1.11931,0.003938,0.672648,0.113377,0.795615,-1.513554,-0.027728,1.605385,-2.137848,1.063584,-0.726396,-0.110493,0.167078,-0.48825,0.728508,0.357697,0.606242,0.689893,0.056818,-0.544793,1.530097,0.172699,0.9069,1.314357,0.63066,0.35491,0.307098,-0.39872,-0.667166,1.164904,0.849287,-0.25974,1.304617,-1.347826,0.801515,-0.013104,-0.431929,-1.037116,1.82144,0.168551,0.375675,0.527354,-1.210661,0.647235
645,Sakamichi no Apollon,anime_12531,-1.27531,0.27645,-0.147822,-0.247906,-0.008774,1.108056,0.874516,1.003004,-0.200227,0.595755,-0.235693,-1.286888,-0.572129,1.278712,-0.460249,-1.486091,-0.674732,0.481041,-0.568951,-0.988082,0.950943,0.469633,0.566956,-0.518968,0.702648,-1.592268,-0.08783,1.674411,-1.837643,1.221207,-0.827616,-0.404313,0.218119,-0.760959,0.579966,0.407861,1.554278,0.918817,0.097685,-0.574093,1.444304,-0.171552,1.328363,0.99725,0.107232,-0.10111,-0.130394,-0.053854,-0.615023,1.393028,0.083958,-0.863651,1.689105,-1.370265,0.172895,-0.41426,-0.206112,-0.89004,1.530424,0.45363,-0.27424,0.70181,-1.212031,1.604492
646,IS: Infinite Stratos 2,anime_18247,-0.412963,0.544443,0.12575,-0.360161,0.011515,0.548672,0.294707,0.28578,-0.942256,0.640536,-0.683131,-0.708462,-0.928223,0.212131,-0.236073,-0.535639,-0.730631,0.072798,0.981075,-0.886996,0.364494,-0.26416,0.49863,-0.169028,0.158709,-0.650417,0.192064,1.483275,-1.015436,1.209794,-0.37979,-0.481628,-0.061564,0.397497,0.974052,0.541696,0.753138,1.594412,-0.548445,-0.025262,1.251335,-0.117587,0.594477,0.878662,0.482763,-0.22021,0.490513,0.138043,-0.712487,0.381821,-0.171348,-0.597425,0.658243,-1.255467,0.371051,0.275319,-0.412091,-0.695496,1.516959,-0.028506,0.278703,0.299267,-1.111408,0.949644
647,Isekai Quartet,anime_38472,-0.618445,0.490041,-0.070683,-0.309567,-0.366783,0.623925,0.397615,0.489459,-1.033365,0.959033,-0.865468,-0.996946,-0.573407,0.014385,-0.494462,-0.70482,-0.572614,-0.008549,0.462052,-0.948657,0.952921,-0.58551,0.62417,-0.259517,0.697468,-0.774098,-0.112939,1.113679,-0.8637,1.154899,-0.557314,-0.262915,-0.14628,0.572179,0.944905,0.670735,0.390912,1.547777,-0.678113,-0.467078,1.403739,-0.273211,0.603453,0.74649,0.322096,-0.392376,0.506256,-0.218887,-0.414948,0.704231,0.466667,-0.766495,0.971569,-1.850151,0.408422,0.705669,-0.227146,-0.644155,1.64925,-0.010454,-0.155571,-0.164489,-0.915912,0.948109
648,D-Frag!,anime_20031,-0.941425,0.693264,-0.329638,-0.268528,0.09786,0.68939,1.028432,0.718227,-0.441914,0.78647,-0.348725,-0.875678,-0.568402,0.864022,0.144535,-1.866445,-0.127623,0.458814,-0.338126,-0.937793,0.689719,-0.030535,1.469912,-0.236929,0.965306,-1.681527,0.018895,1.395167,-1.572654,0.976052,-0.648802,-0.228495,-0.470075,-0.666607,0.508131,0.837825,0.794564,1.211243,0.425568,-0.410384,1.321733,-0.492025,1.182842,0.874236,0.274236,0.705055,-0.125296,-0.264211,-1.216125,0.997294,0.995261,-0.723549,1.575963,-1.42216,0.369781,-0.294964,-0.080002,-1.336447,1.704942,0.695249,-0.808398,0.476107,-0.912708,1.278788
649,Bishoujo Senshi Sailor Moon,anime_530,-0.606721,0.232829,-0.346498,-0.275022,-0.343953,0.50481,1.205746,0.743615,0.355889,0.648528,-0.179736,-1.556711,-0.599666,0.955055,-0.19448,-2.254126,-0.264767,0.365965,0.053635,-0.763801,1.021965,0.567228,1.025835,0.122698,0.395069,-1.261107,-0.592834,1.628649,-1.706335,1.377096,-0.784256,-1.005428,-0.347746,-0.236845,0.078621,0.604795,1.116833,1.216042,0.721684,-0.172833,1.629114,-0.542069,0.83345,0.694574,-0.056728,0.23619,-0.388633,-0.165893,-0.999034,1.414642,0.406287,-0.67286,1.86563,-1.446435,-0.192306,-0.395591,0.088745,-1.034401,1.128537,0.42697,-0.700295,0.716683,-0.864703,1.243672
650,Toaru Kagaku no Railgun S,anime_16049,-0.636516,0.393548,-0.260097,0.103893,-0.472671,0.781494,0.884458,0.98741,-0.473598,0.208642,-0.865092,-1.168517,-0.296237,0.122349,-0.697476,-1.585066,-0.728603,0.272109,-0.170409,-0.557687,0.289564,0.400398,0.681465,0.678215,0.030055,-1.159571,0.15339,1.754055,-1.388246,0.945152,-1.051287,-1.157491,-0.463133,0.022397,0.245232,0.301026,0.530704,1.372793,0.442697,0.040252,0.703797,-0.631378,0.344835,0.174758,-0.307419,0.032942,-0.097753,-0.010007,-1.04698,0.402525,0.217899,-0.668313,1.227438,-0.997798,0.109379,-0.122976,0.0136,-1.475932,1.50152,0.524493,-0.708243,1.240638,-1.117176,1.388077
651,Kishuku Gakkou no Juliet,anime_37475,-0.954644,0.761224,-0.26131,-0.687486,0.428118,0.805123,0.662244,0.670634,-0.467397,-0.04671,0.003508,-1.003844,-0.602425,0.997357,0.067281,-1.185697,-0.391367,0.273636,-0.344493,-1.12456,1.086802,0.04232,0.881188,-0.125457,0.786128,-1.567852,-0.185861,1.619602,-1.841177,0.996537,-0.77482,-0.149955,0.182383,-0.518947,0.72285,0.418076,0.384816,0.558659,-0.002138,-0.658615,1.533768,0.137051,0.807798,1.116225,0.762989,0.424751,0.262515,-0.194555,-0.632596,1.078552,1.018438,-0.176088,1.325584,-1.54066,0.853089,-0.077403,-0.512189,-1.055025,1.705577,0.208577,0.387098,0.59969,-1.224496,0.617672
652,Kaze no Tani no Nausicaä,anime_572,-0.512091,0.50421,-0.2461,0.137059,-0.540954,0.933241,0.751859,0.730845,-0.708604,0.334942,-0.84917,-1.160345,-0.252184,0.243407,-0.590876,-1.520846,-0.572945,0.127605,-0.366706,-0.91882,0.309922,0.341542,0.531625,0.412574,0.058092,-1.182764,0.077704,1.782342,-1.211224,1.171781,-0.855018,-0.997805,-0.24251,0.189394,0.434087,0.270276,0.55813,1.201204,0.254253,0.177013,0.967205,-0.409451,0.568599,0.13073,0.059074,-0.078681,-0.270717,0.13235,-1.106301,0.572165,0.274693,-0.417298,1.118975,-1.045071,0.08873,0.100274,-0.362955,-1.260229,1.352777,0.345656,-0.591788,0.887377,-1.043841,1.097064
653,Campione! Matsurowanu Kamigami to Kamigoroshi no Maou,anime_12293,-0.446745,0.589971,0.109967,-0.353993,0.000677,0.58606,0.279895,0.210193,-0.944765,0.70278,-0.67935,-0.678929,-0.839647,0.223914,-0.256557,-0.601164,-0.725099,0.024542,1.099579,-0.897262,0.288509,-0.299102,0.462335,-0.193304,0.195191,-0.678606,0.268567,1.499428,-1.015585,1.328552,-0.377378,-0.475163,-0.030909,0.427577,0.959447,0.620982,0.748396,1.574052,-0.55583,-0.027331,1.26847,-0.049805,0.606854,0.964055,0.51701,-0.165733,0.426686,0.170702,-0.645963,0.40944,-0.192118,-0.546449,0.624762,-1.334915,0.362862,0.336515,-0.522147,-0.717837,1.493022,-0.04407,0.382542,0.172966,-1.04432,1.031541
654,Cowboy Bebop: Tengoku no Tobira,anime_5,-0.551556,0.367693,-0.218623,-0.282727,-0.3516,0.334552,0.331368,0.640114,-0.889918,0.570958,-0.745875,-0.79202,-0.847624,0.089625,-0.515186,-0.830514,-0.915345,0.18432,0.336154,-0.560942,0.706771,-0.465181,0.574895,-0.137544,0.334914,-0.775918,-0.025077,1.540763,-0.897132,0.992336,-0.803561,-0.455012,-0.252046,0.674515,0.274213,0.673785,0.658159,1.599365,-0.85884,-0.134839,1.377773,-0.458874,0.368372,0.518721,0.301817,-0.124654,0.425702,-0.199968,-0.063365,0.438033,0.422594,-0.97303,1.110602,-1.462511,0.331074,0.491073,-0.111376,-0.789912,1.827533,0.155299,-0.22053,0.189007,-1.200032,0.858098
655,Ano Natsu de Matteru,anime_11433,-0.550311,0.409662,-0.235054,-0.137657,-0.516991,0.579608,0.156531,0.932323,-0.77008,0.546444,-0.797432,-0.593803,-0.912253,0.169183,-0.697059,-0.753124,-0.876838,0.022218,0.250483,-0.702279,0.885353,-0.507038,0.264974,-0.074805,0.498974,-0.502366,0.106876,1.427652,-0.869505,1.13793,-0.642151,-0.452338,-0.121882,0.315929,0.293084,0.485808,0.696885,1.468346,-0.97742,-0.520121,1.356605,-0.336304,0.440979,0.47778,-0.052856,-0.224912,0.471726,-0.379878,-0.032372,0.522445,0.050515,-0.847532,0.779526,-1.653322,0.268504,0.441939,-0.121863,-0.700371,1.634525,0.240459,-0.251739,0.166595,-0.945867,0.800686
656,Afro Samurai,anime_1292,-0.647624,0.370703,-0.433105,0.006163,-0.176042,1.01175,0.842864,0.735063,-0.26062,0.143355,-0.517529,-1.246008,-0.105261,0.046521,-0.940274,-1.478035,-0.963399,0.21065,-0.042148,-0.621606,0.156211,0.955012,0.877024,0.600847,-0.385833,-1.131072,-0.31589,1.828779,-1.4216,0.679084,-1.041926,-1.100717,-0.465546,0.286229,0.220292,-0.09905,0.030109,0.748806,0.291927,0.045062,0.33713,-0.721699,0.487035,0.182269,-0.431064,0.270555,-0.134515,0.432273,-0.872382,0.300744,0.637383,-0.450608,0.974697,-1.098507,0.153206,0.341881,0.102552,-1.507146,1.515091,0.342191,-0.324018,1.369398,-1.086134,1.019961
657,"Tantei wa Mou, Shindeiru.",anime_46471,-0.44743,0.503178,0.194645,-0.274513,-0.11628,0.446269,0.355543,0.025333,-0.693859,0.709268,-0.809955,-0.729822,-0.851911,0.147144,-0.265425,-0.784718,-0.715103,-0.20294,0.843473,-0.958832,0.273685,-0.168286,0.467079,-0.181415,0.453336,-0.758114,0.176086,1.338882,-0.991082,1.027372,-0.341467,-0.542351,-0.151328,0.378281,1.017268,0.912711,0.489893,1.704166,-0.606628,-0.179166,1.262814,0.0015,0.54266,0.98079,0.462781,-0.270546,0.391626,0.230259,-0.746792,0.455241,-0.028415,-0.444622,0.740626,-1.398599,0.432014,0.605102,-0.515616,-0.719254,1.458452,-0.060363,0.348816,0.1788,-0.933303,0.840393
658,B-gata H-kei,anime_7817,-1.022968,0.50134,-0.694334,-0.5956,-0.011985,0.967945,0.89041,0.758232,-0.5542,1.526552,-0.299193,-0.802092,-0.599747,0.910331,0.073636,-1.516614,0.508042,0.739765,-0.087803,-1.55625,0.713586,-0.711096,1.085494,-0.321782,1.185222,-0.864578,-0.00138,0.899672,-1.439362,1.339022,-0.010455,0.300719,-0.631519,-1.091972,0.871723,0.790778,1.231095,1.43042,-0.103195,-0.674079,1.307708,-0.635604,1.312426,0.656945,0.510413,0.51071,0.244229,-0.117463,-1.004258,1.259852,1.133737,-0.343629,1.38147,-1.434604,0.104588,0.019746,0.507431,-1.053075,2.182489,0.355673,-0.555902,-0.200083,-0.799524,1.298759
659,Kami nomi zo Shiru Sekai II,anime_10080,-0.991943,0.793042,-0.32819,-0.604074,0.334251,0.977731,0.565332,0.658906,-0.536507,0.089769,-0.148403,-0.902159,-0.378175,0.955254,-0.0079,-1.217281,-0.396115,0.233622,-0.244667,-1.226103,1.056764,-0.086844,0.673656,-0.148177,0.912347,-1.517729,-0.112635,1.586381,-1.853812,1.074216,-0.701494,-0.207503,0.294555,-0.445037,0.731173,0.407339,0.480825,0.574559,-0.041634,-0.728688,1.572862,0.280535,0.854863,1.274294,0.800524,0.232771,0.223333,-0.287896,-0.435901,1.16056,1.04951,-0.236084,1.307825,-1.563555,0.891723,-0.14744,-0.727663,-0.890846,1.552652,0.243792,0.510425,0.542094,-1.13483,0.560855
660,Goblin Slayer II,anime_47160,-0.481859,0.661421,0.147149,-0.50842,0.114524,0.415533,0.324106,0.265387,-1.173214,0.930741,-0.535011,-0.831147,-0.892808,0.309123,-0.226796,-0.826923,-0.695826,0.333191,1.174087,-0.813248,0.438157,-0.077371,0.533203,-0.096869,0.051542,-0.691396,0.093792,1.592999,-1.175366,1.193483,-0.341307,-0.401166,-0.026434,0.54592,1.019038,0.503963,0.834324,1.63229,-0.531071,0.084235,1.344948,-0.123655,0.636197,1.242988,0.486396,-0.290742,0.480005,0.077149,-0.904797,0.305619,-0.015827,-0.753945,0.787316,-1.137706,0.300037,0.446021,-0.452417,-0.759472,1.640235,-0.225728,0.277759,0.247009,-1.172264,1.00636
661,Amagami SS,anime_8676,-0.214509,0.572529,-0.145056,-0.006923,-0.176473,0.776177,-0.342897,0.958658,-1.04948,0.350232,-0.6703,-0.844258,-1.408107,-0.51383,-0.466039,-1.02292,-0.455005,-0.173227,0.833648,-0.502824,0.242258,-0.231249,0.699049,-0.190515,0.635779,-0.491729,0.08767,1.538814,-1.175434,1.03203,-0.314498,-0.196675,-0.329258,0.157677,0.455572,0.538836,0.458509,1.450746,-0.476827,-0.027827,1.059365,-0.308802,0.444248,0.686736,-0.533255,-0.237082,0.64316,0.423887,-1.142905,0.778976,0.454596,-0.415591,0.450658,-1.054993,0.483759,0.48405,0.131854,-0.917878,1.43929,-0.084265,-0.219115,0.096136,-1.170924,0.718073
662,Corpse Party: Tortured Souls - Bougyakusareta Tamashii no Jukyou,anime_15037,-0.149801,0.529469,-0.252872,-0.01919,0.062693,1.022105,-0.016694,0.733912,-1.035777,0.640727,-0.379654,-0.73074,-1.159209,-0.29824,-0.914856,-1.547453,-0.576384,0.323918,1.082771,-0.88251,0.683706,0.164491,0.342592,0.009865,1.051497,-0.324494,-0.417093,1.599028,-0.689998,1.068154,-0.606339,-0.32752,-0.189426,0.156332,0.890048,1.083858,0.283946,1.12955,-0.657226,0.378184,0.929971,-0.462044,0.683287,1.204989,-0.690937,-0.219402,0.722594,0.414644,-1.177279,0.866027,0.557444,-0.882647,0.588442,-1.082746,0.575376,0.874278,0.369401,-0.962957,1.777548,-0.547691,0.12981,-0.481642,-0.92237,1.155572
663,Blood-C,anime_10490,-0.636154,0.242408,-0.097428,-0.210724,-0.298398,0.525925,0.312391,0.829953,-0.742458,0.681928,-0.830041,-1.047615,-0.647934,0.167435,-0.692762,-0.675013,-0.641793,0.12417,0.312311,-0.811104,1.020012,-0.513119,0.330882,-0.153781,0.765013,-0.674257,-0.01863,1.273375,-0.818953,1.331881,-0.688082,-0.372306,-0.205451,0.331361,0.579735,0.81176,0.429184,1.646683,-0.738799,-0.340735,1.168613,-0.377699,0.54669,0.338306,0.154206,-0.228717,0.461688,-0.158847,-0.272732,0.770688,0.182065,-0.953319,0.900915,-1.85799,0.245589,0.727406,0.049504,-0.582144,1.772464,0.000606,-0.266253,0.02196,-0.892531,1.070809
664,Kono Subarashii Sekai ni Shukufuku wo! 2: Kono Subarashii Geijutsu ni Shukufuku wo!,anime_34626,-0.400154,0.728106,0.147861,-0.478009,0.084652,0.584897,0.386637,0.150333,-1.04438,0.987018,-0.659913,-0.705879,-0.896486,0.27543,-0.284203,-0.912076,-0.647418,0.260767,1.085771,-0.920197,0.425004,-0.190969,0.532043,-0.125972,0.260332,-0.660978,0.057377,1.533605,-1.135827,1.074331,-0.420497,-0.353698,-0.092884,0.692915,1.149479,0.636756,0.728506,1.650486,-0.500295,-0.105672,1.392271,-0.176326,0.744972,1.286066,0.435086,-0.34618,0.446566,-0.067322,-0.852033,0.304975,0.042731,-0.731767,0.768381,-1.297581,0.332244,0.399722,-0.522823,-0.713231,1.603746,-0.173609,0.228798,0.293612,-1.137377,1.031844
665,Mimi wo Sumaseba,anime_585,-0.290613,0.334131,-0.260274,-0.047718,-0.06126,0.828654,0.996487,0.727152,0.208943,0.727522,-0.096276,-1.109032,-0.559696,1.208238,-0.363981,-2.066856,-0.053339,0.279513,-0.211519,-1.15241,0.947883,0.321583,0.625044,-0.29195,0.434904,-1.327226,-0.298502,1.795665,-1.823103,1.869464,-0.521845,-0.837831,-0.265319,-0.151209,0.044973,0.585687,1.596406,1.041927,0.462602,-0.412699,1.584526,-0.118084,0.728959,1.002049,0.024672,0.110132,-0.375544,0.075029,-0.625744,1.362497,-0.139578,-0.347608,1.904713,-1.205878,-0.159578,-0.551512,0.079125,-0.867352,1.240327,0.642463,-0.585496,0.105202,-1.018794,1.102028
666,Bokura wa Minna Kawai-sou,anime_21405,-1.049976,0.409371,-0.337001,-0.290872,-0.176716,0.529892,1.137805,0.891856,-0.51899,0.825098,-0.248569,-1.069899,-0.581337,0.849702,0.083772,-1.866616,-0.02904,0.558421,-0.349824,-0.87195,0.851458,0.018431,1.493663,-0.132366,0.843773,-1.540588,0.077792,1.462933,-1.823437,1.017724,-0.63027,-0.218205,-0.605616,-0.997399,0.340125,0.777221,0.88973,1.249708,0.216265,-0.344333,1.487485,-0.569635,1.069967,0.870249,0.16574,0.627629,0.041985,-0.456267,-1.330433,1.066929,0.867924,-0.833995,1.476977,-1.378717,0.180586,-0.09803,0.102473,-1.389992,1.610096,0.70581,-0.759231,0.569041,-0.991394,1.154424
667,Dungeon ni Deai wo Motomeru no wa Machigatteiru Darou ka IV: Shin Shou - Meikyuu-hen,anime_47164,-0.485023,0.684633,0.28106,-0.488142,0.258262,0.441673,0.222952,0.395999,-1.104257,0.747542,-0.457064,-0.761262,-1.03322,0.412697,-0.217138,-0.791277,-0.633709,0.445506,1.218177,-0.769975,0.477737,-0.25506,0.4464,-0.08751,-0.03229,-0.616533,0.191275,1.547613,-1.219891,1.331588,-0.207843,-0.266358,-0.020504,0.621838,1.032856,0.414744,0.90509,1.740181,-0.510962,-0.23326,1.316031,-0.212051,0.687144,1.154976,0.287769,-0.293493,0.481257,-0.104889,-0.863848,0.202077,-0.179105,-1.043811,0.925142,-1.043353,0.167639,0.215903,-0.35834,-0.879644,1.724496,-0.226497,0.08319,0.417192,-1.217264,1.137875
668,Bleach: Sennen Kessen-hen - Ketsubetsu-tan,anime_53998,-1.065778,0.897307,-0.283332,-0.771299,0.615901,0.826234,0.592464,0.828758,-0.663665,0.113768,0.096564,-1.082269,-0.438778,1.271444,-0.004006,-1.29428,-0.552724,0.492454,-0.145236,-1.064048,1.113746,-0.010047,0.824206,-0.09864,0.641011,-1.683358,-0.001898,1.802709,-1.931215,1.291976,-0.746436,-0.059146,0.164843,-0.358946,0.698757,0.221564,0.495369,0.570886,0.044523,-0.504263,1.483578,0.127626,0.870299,1.298222,0.563484,0.467375,0.180569,-0.31756,-0.651232,1.142665,1.145023,-0.349935,1.406547,-1.355998,0.729321,-0.087961,-0.69851,-1.031235,1.870341,0.195572,0.297377,0.730093,-1.292664,0.645488
669,"Maou Gakuin no Futekigousha II: Shijou Saikyou no Maou no Shiso, Tensei shite Shison-tachi no Gakkou e Kayou",anime_48417,-0.457529,0.491114,0.276336,-0.503658,0.271559,0.446629,0.241781,0.343369,-0.997566,0.694171,-0.569845,-0.881894,-1.087745,0.325249,-0.153319,-0.507702,-0.661693,0.110363,1.107674,-0.799292,0.314593,-0.333315,0.598947,-0.135226,0.128605,-0.650117,0.234532,1.5317,-1.241917,1.276655,-0.153259,-0.385775,-0.017676,0.388464,1.027793,0.533416,0.884731,1.893066,-0.538985,-0.228317,1.196892,-0.19861,0.583908,0.993709,0.525064,-0.324015,0.560858,-0.031861,-0.84654,0.357055,-0.351993,-0.826607,0.710542,-1.223388,0.112024,0.141802,-0.33644,-0.865681,1.399701,-0.148398,0.139435,0.164029,-1.15724,1.241785
670,Fate/stay night Movie: Heaven's Feel - III. Spring Song,anime_33050,-0.240612,0.598895,-0.071413,-0.060522,0.046906,0.814312,-0.347038,0.801034,-1.092533,0.555236,-0.348103,-0.729309,-1.184121,-0.365255,-0.613237,-1.272732,-0.529596,0.25958,1.309677,-0.734485,0.481661,-0.174073,0.547027,0.0148,0.676185,-0.538076,0.116137,1.6767,-1.194739,1.227582,-0.416244,-0.141448,-0.314985,0.43777,0.887285,0.304571,0.422557,1.263686,-0.457262,0.141185,0.898706,-0.477585,0.626719,1.000039,-0.605793,-0.180891,0.659823,0.269031,-1.210003,0.735219,0.36142,-0.690236,0.566928,-0.864636,0.549442,0.609259,0.180846,-0.982654,1.702675,-0.371624,-0.197952,-0.100608,-1.177553,0.934199
671,Hitsugi no Chaika,anime_20853,-0.461715,0.603822,0.276575,-0.42781,0.101812,0.35445,0.232625,0.34368,-1.079409,0.683944,-0.489282,-0.739932,-1.036046,0.38037,-0.184718,-0.725943,-0.579369,0.274537,1.186119,-0.833466,0.440731,-0.34465,0.430744,-0.078392,0.042869,-0.586586,0.187166,1.493508,-1.18841,1.328874,-0.186578,-0.349912,-0.04237,0.520389,0.984292,0.511628,0.854138,1.702025,-0.559886,-0.201662,1.363658,-0.080034,0.669906,1.068013,0.330302,-0.367887,0.51676,-0.040306,-0.831587,0.262102,-0.25444,-0.880584,0.745017,-1.192524,0.180511,0.207983,-0.372367,-0.839937,1.541593,-0.190523,0.155499,0.372269,-1.110233,1.07847
672,BNA,anime_40060,-0.595041,0.293534,-0.131888,-0.219619,-0.497536,0.529698,0.35353,0.863553,-0.935404,0.655488,-0.793802,-0.879802,-0.593608,0.078154,-0.491739,-0.664256,-0.743379,0.093147,0.497058,-0.936658,0.798387,-0.576311,0.473919,-0.073955,0.608886,-0.747954,-0.029355,1.365133,-0.954828,1.281846,-0.561661,-0.451132,-0.119393,0.389369,0.619777,0.534369,0.596573,1.51292,-0.703664,-0.226764,1.300092,-0.279566,0.514741,0.475254,0.368434,-0.237667,0.457112,-0.137632,-0.274034,0.685225,0.143984,-0.830797,0.705308,-1.714231,0.200827,0.65034,-0.015665,-0.598715,1.724147,-0.037054,-0.159748,0.016413,-1.066977,0.926587
673,Durarara!!x2 Ketsu,anime_27833,-0.45646,0.541108,0.301047,-0.549894,0.228493,0.491689,0.229783,0.226972,-1.039242,0.756946,-0.648023,-0.880389,-1.010739,0.339454,-0.251754,-0.613048,-0.881976,0.041831,1.158366,-0.881686,0.319064,-0.245377,0.599001,-0.141908,0.287774,-0.887492,0.355203,1.60892,-1.15537,1.397858,-0.264683,-0.431426,-0.045894,0.467561,0.947832,0.682014,0.750821,1.80063,-0.616345,0.019378,1.267055,-0.120069,0.567319,1.106349,0.554376,-0.101499,0.365894,0.094373,-0.749675,0.419048,-0.101968,-0.787943,0.758118,-1.360491,0.127495,0.432691,-0.421412,-0.972245,1.502072,-0.1891,0.313269,0.024638,-1.051301,1.169606
674,Shoujo Shuumatsu Ryokou,anime_35838,-0.312527,0.859855,-0.375552,-0.291027,-0.262829,0.642659,0.378395,0.694347,-0.649917,1.182388,-0.954568,-0.694171,-1.172598,0.426778,-0.503394,-1.370546,-0.690577,-0.085137,0.550107,-0.926066,0.837423,-0.193799,0.753495,0.307052,0.342918,-0.657586,-0.03145,1.794897,-0.878275,0.944505,-0.417121,-0.853629,-0.643213,0.667128,0.301163,0.7544,0.51574,1.280386,-0.245268,0.291523,0.807517,-0.567827,0.662643,0.820227,0.157486,-0.303338,-0.145623,-0.286933,-1.082224,0.678022,0.771849,-0.676882,0.73713,-0.940837,0.258224,0.241011,-0.172447,-1.421697,1.638181,-0.141256,-0.393732,0.322262,-1.202399,0.696654
675,Saenai Heroine no Sodatekata ♭,anime_30727,-0.46835,0.571203,0.240638,-0.346002,0.045077,0.570114,0.220392,0.286612,-0.904268,0.605175,-0.733109,-0.466966,-1.007566,0.291308,-0.235008,-0.622764,-0.682396,0.133106,1.030598,-0.897328,0.356,-0.512056,0.336446,-0.150803,0.208935,-0.543024,0.291753,1.286874,-1.016953,1.393553,-0.268824,-0.402053,0.021158,0.599508,0.942385,0.689695,0.765975,1.765522,-0.534981,-0.305121,1.337709,-0.121926,0.699307,0.820249,0.416085,-0.370725,0.402272,-0.060499,-0.60087,0.232531,-0.452837,-0.837047,0.706715,-1.252406,0.342271,-0.004725,-0.347699,-0.67823,1.483674,-0.047309,0.150029,0.339141,-0.990819,1.066117
676,Blood+,anime_150,-0.546043,0.29343,-0.170018,-0.24998,-0.391979,0.583916,0.294317,0.769519,-0.841979,0.750491,-0.830329,-0.907004,-0.632716,0.189893,-0.749787,-0.792746,-0.683681,0.113542,0.380734,-0.751052,0.949934,-0.423402,0.336298,-0.089274,0.752795,-0.614966,-0.023098,1.368171,-0.835508,1.255453,-0.765741,-0.414501,-0.175302,0.364447,0.552404,0.825386,0.53723,1.544008,-0.78618,-0.280542,1.266913,-0.332067,0.509875,0.526088,0.149253,-0.17346,0.468234,-0.15034,-0.144976,0.673644,0.180896,-0.913026,0.900951,-1.856615,0.285037,0.695405,-0.004365,-0.676672,1.762339,0.025051,-0.206159,-0.042623,-0.921453,1.081496
677,Arslan Senki (TV),anime_28249,-0.990866,0.807464,-0.303099,-0.77266,0.359855,0.884025,0.531934,0.68292,-0.732047,0.0843,-0.070333,-0.989707,-0.386126,1.134516,0.030432,-1.268375,-0.536558,0.408961,-0.321921,-1.072913,1.149623,0.124063,0.740968,-0.041178,0.76197,-1.565449,-0.122837,1.675705,-1.989602,1.004863,-0.771925,-0.067034,0.25862,-0.515835,0.832878,0.285824,0.569121,0.546777,0.016814,-0.576239,1.525167,0.183317,0.900285,1.30365,0.642592,0.375044,0.313099,-0.29606,-0.580515,1.198966,1.050285,-0.246929,1.407305,-1.373275,0.824301,-0.029939,-0.71235,-1.038396,1.681789,0.184567,0.34214,0.531829,-1.284047,0.55105
678,Hundred,anime_31338,-0.434644,0.472517,0.122904,-0.396652,-0.022444,0.511056,0.300655,0.339384,-1.067331,0.644499,-0.705624,-0.793188,-0.923263,0.228084,-0.207786,-0.483492,-0.769328,0.051266,1.002442,-0.880637,0.373524,-0.296227,0.549292,-0.140175,0.113726,-0.665783,0.21972,1.525066,-1.066505,1.240929,-0.314216,-0.527651,-0.045633,0.325414,0.952943,0.492194,0.810687,1.607659,-0.584914,0.034227,1.256355,-0.096411,0.605041,0.890894,0.472155,-0.255102,0.557696,0.136325,-0.777645,0.441426,-0.191451,-0.599757,0.643713,-1.212447,0.308334,0.273427,-0.413586,-0.699771,1.42425,-0.033868,0.271042,0.247558,-1.140085,0.946171
679,Berserk,anime_32379,-0.967399,0.564319,-0.298502,-0.520807,-0.082257,0.594984,0.941673,0.677899,-0.873952,0.994436,-0.199736,-0.954472,-0.338998,0.991182,0.034142,-1.796222,-0.175884,0.68791,-0.071346,-0.945836,0.864531,0.078605,1.28642,-0.122695,0.888367,-1.568482,0.010897,1.421858,-1.863492,1.151946,-0.749733,-0.207454,-0.410985,-0.881821,0.577823,0.729669,1.166831,1.022566,0.351255,-0.157318,1.443991,-0.40227,1.178844,1.29107,0.305264,0.634286,-0.008499,-0.300198,-1.214342,1.035234,0.932906,-0.764339,1.635711,-1.303858,0.392846,-0.040664,-0.234027,-1.32107,1.729588,0.536902,-0.632179,0.304415,-0.976129,1.276472
680,Jormungand,anime_12413,-0.916354,0.597474,-0.247869,-0.481226,0.029568,0.435656,0.949526,0.626559,-0.729072,0.862819,-0.22538,-0.940773,-0.340096,1.024254,0.025863,-1.890407,-0.247465,0.815698,0.015449,-0.883827,0.752613,0.014366,1.235846,-0.19813,0.87194,-1.54161,0.01791,1.435715,-1.686027,1.188418,-0.800026,-0.140095,-0.466587,-0.62407,0.554764,0.743567,1.097796,1.036549,0.41528,-0.244309,1.573472,-0.393933,1.217841,1.295449,0.225903,0.744375,-0.213809,-0.286517,-1.073711,0.863298,1.087798,-0.892054,1.804631,-1.293836,0.240179,-0.027283,-0.212041,-1.338574,1.851566,0.457329,-0.669225,0.455528,-0.977617,1.291217
681,Renai Boukun,anime_32262,-0.408562,0.8461,-0.230792,-0.200789,-0.207153,0.640712,0.294503,0.615486,-0.366865,1.119417,-0.938333,-0.814614,-1.073112,0.142441,-0.401719,-1.169022,-0.43833,-0.35787,0.510105,-1.114835,0.565492,-0.365908,0.854962,-0.101365,0.284256,-0.839864,0.195281,1.658624,-0.998793,1.255309,-0.22287,-0.635843,-0.595306,0.513676,0.351287,0.731862,0.429299,1.328471,-0.162962,-0.007521,0.938412,-0.427838,0.531552,0.612127,0.216496,-0.317735,-0.079576,-0.186926,-0.967599,0.811604,0.713409,-0.424233,0.853515,-1.353045,0.242971,0.117152,-0.211108,-1.498788,1.506472,0.049453,-0.159762,0.119851,-0.979849,0.778744
682,Kore wa Zombie desu ka? of the Dead,anime_10790,-0.410143,0.544892,0.136255,-0.346023,0.035926,0.6912,0.269536,0.234491,-0.91379,0.76328,-0.676639,-0.652449,-0.829148,0.249428,-0.248655,-0.622336,-0.690272,0.133837,1.101835,-0.861302,0.339388,-0.2216,0.414855,-0.128227,0.206933,-0.636109,0.227735,1.515716,-1.141843,1.193524,-0.352575,-0.434618,-0.026503,0.48509,1.065022,0.553185,0.801414,1.629988,-0.470091,-0.078884,1.255679,-0.130563,0.650874,0.968425,0.500388,-0.250819,0.424932,0.035349,-0.70008,0.343788,-0.216411,-0.66571,0.695597,-1.252149,0.333721,0.304698,-0.421371,-0.680898,1.582817,-0.108092,0.262724,0.272385,-1.143152,1.027578
683,Mahouka Koukou no Rettousei: Raihousha-hen,anime_40497,-0.414426,0.450343,0.268924,-0.47013,0.116773,0.407442,0.29493,0.436426,-1.05452,0.730149,-0.558628,-0.727145,-1.090894,0.324382,-0.109942,-0.522121,-0.763608,0.092207,1.072989,-0.90058,0.37998,-0.35466,0.551335,-0.085206,0.18634,-0.683101,0.256927,1.501902,-1.211387,1.284781,-0.123488,-0.508022,-0.034027,0.314292,0.986886,0.583469,0.883259,1.809803,-0.559633,-0.082981,1.263729,-0.102682,0.639706,0.93427,0.477224,-0.338528,0.574628,-0.011975,-0.877732,0.36983,-0.358516,-0.663565,0.571802,-1.253636,0.167109,0.25559,-0.348524,-0.852077,1.352377,-0.143365,0.142533,0.175755,-1.080853,1.098825
684,Xian Wang de Richang Shenghuo,anime_41094,0.160748,0.758033,-0.012459,-0.164894,-0.159978,0.857965,0.077031,0.731395,-0.715461,1.698169,-0.591191,-0.843743,-1.037961,-0.034555,-0.417249,-0.83446,-0.36083,-0.365258,0.567379,-1.29654,0.259722,-0.015276,0.848743,-0.840482,0.451102,-0.8306,0.110169,1.622765,-1.093283,1.188087,0.047881,-0.190069,-0.189235,0.378678,0.273994,0.522741,0.749604,1.716752,-0.613768,-0.078717,1.21193,0.155994,0.573653,0.932015,0.57001,0.017639,0.267909,-0.081425,-0.711476,0.759169,0.941917,-0.042342,0.882475,-0.778649,0.258287,-0.154137,-0.145528,-1.023493,1.849349,-0.085543,-0.644536,0.22213,-0.970222,1.050499
685,Hidan no Aria,anime_8630,-0.460197,0.55678,0.239739,-0.358989,0.0803,0.561136,0.232539,0.272759,-0.870157,0.507571,-0.695835,-0.570944,-0.980303,0.301976,-0.237813,-0.547642,-0.690948,0.138487,1.034803,-0.840027,0.359429,-0.426405,0.41241,-0.167371,0.096244,-0.628339,0.312545,1.352506,-1.042006,1.400934,-0.329438,-0.389523,-0.035207,0.528346,0.917986,0.616805,0.75524,1.699144,-0.518424,-0.205706,1.281048,-0.15368,0.619868,0.796254,0.388221,-0.217598,0.43805,0.061225,-0.641143,0.282423,-0.423796,-0.768372,0.732664,-1.232647,0.31987,0.039908,-0.312407,-0.756465,1.580597,-0.021148,0.172724,0.370111,-1.058654,1.084023
686,To LOVE-Ru Darkness,anime_13663,-0.963371,0.724611,-0.34174,-0.626609,0.309983,0.958041,0.685066,0.699204,-0.528927,0.038993,-0.104901,-0.87098,-0.456777,0.9829,0.034768,-1.126246,-0.481499,0.303328,-0.321431,-1.196697,1.123242,-0.028679,0.742255,-0.12743,0.782668,-1.439728,-0.186614,1.58719,-1.815046,0.995713,-0.759951,-0.223999,0.271344,-0.521684,0.731127,0.333845,0.503272,0.493936,-0.028205,-0.696562,1.552596,0.079445,0.88118,1.168859,0.720009,0.302649,0.283608,-0.30834,-0.523667,1.165892,1.029327,-0.188618,1.290937,-1.440728,0.927305,-0.121832,-0.658604,-0.89748,1.599532,0.280639,0.43657,0.55362,-1.217861,0.550026
687,Quanzhi Gaoshou,anime_33926,0.172688,0.386274,-0.06384,-0.386539,0.065582,0.904218,0.307543,0.744508,-0.599511,1.273491,-0.206751,-1.020322,-0.965612,-0.193689,-0.865104,-0.723361,-1.086733,-0.496354,0.82347,-1.147863,0.052699,0.078657,1.103127,-0.376418,0.287639,-0.757627,-0.176107,1.803115,-1.08891,0.782286,-0.108888,-0.320087,-0.346863,0.465074,0.079537,0.325266,0.509113,1.404126,-0.948353,-0.279112,0.665632,-0.189044,0.524046,1.277025,0.193331,0.241866,0.534736,0.0375,-0.530337,0.690051,0.714482,-0.393974,0.689925,-0.525329,0.349848,0.2783,0.636053,-1.24102,1.88493,-0.502334,-0.481168,0.520035,-0.917938,0.949752
688,Rikei ga Koi ni Ochita no de Shoumei shitemita.,anime_38992,-0.350583,0.870434,-0.193899,-0.199024,-0.353931,0.47746,0.40018,0.364696,-0.324585,1.080789,-0.812221,-0.696878,-1.158136,0.077127,-0.357572,-1.363294,-0.480672,-0.36595,0.602043,-1.096453,0.439779,-0.214404,0.842898,-0.139234,0.254278,-0.789889,-0.073667,1.576005,-0.784501,0.989826,-0.386965,-0.607674,-0.557709,0.664332,0.343394,0.914167,0.314024,1.129842,-0.162721,0.010493,1.098174,-0.415388,0.537247,0.717228,0.262084,-0.340763,-0.288541,-0.113956,-0.973181,0.600936,0.887291,-0.393017,0.924895,-1.423109,0.361409,0.214421,-0.249602,-1.547867,1.587631,-0.170773,-0.039852,0.061005,-0.826293,0.774612
689,Karigurashi no Arrietty,anime_7711,0.05744,0.666023,-0.178803,0.17525,0.172812,1.152598,-0.043876,0.774918,-0.957352,0.96654,-0.570379,-0.823254,-1.02906,0.166656,-0.884848,-1.192356,-0.692917,0.02728,0.923456,-0.714174,0.651064,-0.233153,0.10204,-0.049904,0.447249,-0.797638,-0.123615,1.458582,-1.052882,1.265143,-0.221227,0.3156,0.125874,0.573853,0.878664,0.161859,0.02298,1.196206,-0.841996,-0.472592,1.520514,-0.385305,0.158554,0.814967,-0.136184,-0.139531,0.419407,-0.175983,-0.477646,0.77549,1.066543,-1.124044,0.436536,-1.094029,0.199507,0.929054,0.103978,-1.07875,2.423157,0.371539,0.271466,-0.435332,-1.189435,1.022495
690,Madan no Ou to Vanadis,anime_24455,-0.422114,0.583883,0.072035,-0.430993,-0.081419,0.530535,0.284471,0.251541,-1.16064,0.847996,-0.687548,-0.769149,-0.728795,0.262568,-0.243258,-0.716147,-0.729065,0.190034,1.15623,-0.860638,0.355694,-0.211211,0.525461,-0.11613,0.138459,-0.624185,0.103644,1.570206,-1.09303,1.213513,-0.360152,-0.449935,-0.044091,0.503917,1.097195,0.489765,0.814281,1.522585,-0.526018,0.039032,1.316414,-0.076415,0.68122,1.169908,0.448301,-0.257144,0.478039,0.109211,-0.76089,0.368452,-0.027327,-0.647509,0.785139,-1.168375,0.361816,0.358203,-0.541932,-0.698029,1.555724,-0.153146,0.309005,0.254283,-1.182294,0.957227
691,Aharen-san wa Hakarenai,anime_49520,-0.945228,0.733871,-0.271259,-0.657524,0.33972,0.890402,0.716812,0.607268,-0.420739,0.008673,-0.059406,-0.911008,-0.6006,0.956586,0.114881,-1.154441,-0.38251,0.237849,-0.446962,-1.153627,1.17438,0.154476,0.898745,-0.177596,0.838456,-1.576706,-0.189475,1.640315,-1.890883,0.902012,-0.795862,-0.126682,0.161509,-0.596391,0.693777,0.420707,0.336633,0.513805,-0.069057,-0.648451,1.539756,0.082444,0.814563,1.06811,0.808748,0.302579,0.259866,-0.256119,-0.667125,1.139665,1.043362,-0.152277,1.115441,-1.540122,0.87807,-0.020636,-0.566121,-0.953982,1.62718,0.237175,0.411728,0.573678,-1.233631,0.517404
692,Gyakkyou Burai Kaiji: Ultimate Survivor,anime_3002,-0.943958,0.537404,-0.238952,-0.276323,-0.064027,0.636274,0.984036,0.796796,-0.539925,0.625058,-0.375195,-0.700421,-0.492102,0.998227,-0.117104,-1.92928,-0.2548,0.780934,-0.132299,-0.775407,0.824456,-0.018996,1.243798,-0.031686,1.034067,-1.342416,0.146983,1.417894,-1.77594,1.021072,-0.71916,-0.14114,-0.496989,-0.595522,0.504721,0.710513,0.934085,1.223429,0.451177,-0.394135,1.480608,-0.512753,1.351326,1.058381,-0.104436,0.609461,-0.096608,-0.692076,-1.188002,0.9958,1.067541,-1.102162,1.668127,-1.370665,0.165929,-0.229202,0.058634,-1.171513,1.824741,0.544011,-0.783645,0.50959,-0.793257,1.252374
693,Space☆Dandy,anime_20057,-0.497739,0.462348,-0.176108,-0.231661,-0.372371,0.415509,0.397326,0.477123,-0.740602,0.711774,-0.731402,-0.565076,-0.850057,0.018779,-0.453597,-0.930383,-0.86882,0.127392,0.327076,-0.64108,0.659554,-0.449107,0.561788,-0.271937,0.451747,-0.729079,-0.109971,1.42831,-0.777429,0.911765,-0.834034,-0.453192,-0.205794,0.761081,0.319191,0.810356,0.533445,1.562217,-0.84088,-0.253047,1.404122,-0.484351,0.395578,0.531062,0.397388,-0.190887,0.316587,-0.226747,0.019126,0.362744,0.476582,-0.899032,1.026286,-1.5569,0.488849,0.477224,-0.24276,-0.744282,1.781649,0.160925,-0.184398,0.123401,-1.097832,0.850655
694,Akagami no Shirayuki-hime 2nd Season,anime_31173,-0.211117,0.368111,-0.092696,0.014648,0.04296,0.849167,1.054755,0.655365,0.273963,0.632971,-0.102665,-0.901858,-0.492426,1.309772,-0.389562,-2.193059,-0.108026,0.383815,-0.198835,-0.984324,0.871545,0.27333,0.530843,-0.236875,0.623555,-1.360919,-0.153634,1.749234,-1.890957,1.927548,-0.538644,-0.689361,-0.443192,-0.055355,0.161865,0.657081,1.44342,1.059705,0.595436,-0.534763,1.459637,-0.158092,0.772938,0.997824,-0.135779,0.209571,-0.467499,-0.10898,-0.568136,1.365997,-0.190548,-0.405861,1.987541,-1.180142,-0.280597,-0.570254,0.175063,-0.891431,1.450982,0.694645,-0.738765,0.106327,-1.080601,1.218168
695,Nande Koko ni Sensei ga!?,anime_38397,-1.01583,0.659905,-0.277906,-0.327484,-0.017652,0.85784,0.974853,0.678467,-0.493097,0.811116,-0.318402,-0.808319,-0.426349,0.790745,0.132181,-1.586585,-0.114158,0.505372,-0.224998,-1.032675,0.763314,0.040368,1.368157,-0.348763,0.78327,-1.597914,0.116706,1.241333,-1.616151,1.170066,-0.676932,-0.208908,-0.298326,-0.911171,0.608229,0.591732,0.890936,1.021391,0.458922,-0.401428,1.406852,-0.489808,1.18489,0.761467,0.445568,0.767397,-0.19174,-0.199573,-1.16545,0.955654,0.964611,-0.520097,1.562368,-1.358256,0.474364,-0.226451,-0.255916,-1.158316,1.777217,0.731439,-0.641731,0.40157,-0.989441,1.165915
696,Kono Subarashii Sekai ni Bakuen wo!,anime_51958,-0.479384,0.742399,0.212378,-0.230118,-0.064513,0.624115,0.26609,0.124359,-0.705693,0.983128,-0.54304,-0.645279,-0.801683,-0.01586,-0.180101,-0.894871,-0.506342,0.004463,0.954791,-0.976233,0.301519,-0.082209,0.472021,-0.28563,0.523716,-0.599746,-0.034823,1.388913,-1.029152,0.985368,-0.325155,-0.313944,-0.065808,0.453064,1.238284,0.631006,0.59806,1.648954,-0.59326,-0.349052,1.161182,0.000114,0.66076,1.218465,0.558005,-0.317066,0.368052,0.080518,-0.77386,0.391153,0.141541,-0.560143,0.822807,-1.310555,0.658163,0.500762,-0.554614,-0.725385,1.59602,-0.162025,0.453548,0.099766,-0.994768,0.858371
697,Shuumatsu no Walküre,anime_44942,-1.0825,0.556292,-0.272179,-0.431479,0.004114,0.62414,0.859422,0.686853,-0.809738,0.931788,-0.196257,-0.924605,-0.376501,0.971666,-0.019823,-1.754633,-0.166647,0.724492,-0.028656,-0.941471,0.839175,-0.018282,1.121743,-0.101256,0.906746,-1.493791,0.179938,1.40451,-1.834936,1.269749,-0.704625,-0.155606,-0.391548,-0.924047,0.514852,0.664055,1.25173,1.119316,0.264389,-0.289182,1.422709,-0.332443,1.17575,1.330045,0.29169,0.692639,0.019593,-0.276927,-1.114809,1.067493,0.734151,-0.745926,1.604928,-1.200622,0.415225,0.054212,-0.21694,-1.329586,1.723636,0.586777,-0.517523,0.098783,-0.931841,1.285075
698,"Shin no Nakama ja Nai to Yuusha no Party wo Oidasareta node, Henkyou de Slow Life suru Koto ni Shimashita",anime_44037,-0.50073,0.431445,0.341188,-0.319267,-0.202062,0.280561,0.230205,0.299446,-1.039577,0.819091,-0.557346,-0.847185,-0.947746,0.138719,-0.077226,-0.649627,-0.461266,-0.126825,1.127793,-1.020741,0.37593,-0.428605,0.429478,-0.181207,0.328794,-0.572699,0.124864,1.320994,-1.26123,1.217607,0.08973,-0.43162,-0.0059,0.187708,1.067337,0.63856,0.806549,1.797515,-0.724896,-0.447012,1.357331,0.155423,0.666041,1.151361,0.459516,-0.655513,0.625115,-0.026429,-0.910039,0.504374,-0.275355,-0.607482,0.655731,-1.394338,0.310211,0.356429,-0.52173,-0.848407,1.092762,-0.219133,0.350965,4.9e-05,-0.866111,0.999942
699,Baka to Test to Shoukanjuu Ni!,anime_8516,-0.408963,0.637375,0.152758,-0.375457,0.062046,0.496453,0.338962,0.261325,-0.843821,0.700002,-0.694422,-0.656522,-1.011254,0.311108,-0.18316,-0.609828,-0.749048,0.040995,0.962031,-0.846596,0.320222,-0.26205,0.451662,-0.242809,0.162588,-0.738701,0.171122,1.484302,-1.020082,1.187115,-0.29068,-0.491426,-0.006858,0.41876,0.920375,0.698351,0.71006,1.621118,-0.530012,-0.234104,1.159433,-0.193555,0.521892,0.899607,0.468869,-0.298849,0.387236,0.057236,-0.721527,0.250477,-0.328996,-0.630629,0.534084,-1.334715,0.273349,0.197884,-0.457527,-0.655572,1.437655,-0.061222,0.154669,0.263438,-1.048551,1.123956
700,Special A,anime_3470,-0.219001,0.42717,-0.072697,-0.080414,0.171192,0.671418,1.187166,0.595005,0.536593,0.836705,-0.017961,-1.219238,-0.561347,1.016528,-0.022483,-2.096958,-0.084621,0.190514,-0.212901,-1.084301,0.851869,0.417304,1.059181,-0.547393,0.364477,-1.555544,-0.514444,1.585157,-1.729435,1.6898,-0.416699,-0.807332,-0.351903,-0.040748,0.261526,0.725773,1.148621,1.255641,0.779743,-0.53816,1.54037,-0.334992,0.703415,0.779316,0.158017,0.141352,-0.52186,0.032609,-0.811773,1.260508,0.299838,-0.282163,2.162823,-1.294605,-0.109662,-0.583537,0.039467,-0.986332,1.364711,0.522132,-0.741617,0.264901,-1.043382,1.164245
701,Seireitsukai no Blade Dance,anime_22877,-0.517921,0.386409,0.289274,-0.612723,0.196206,0.353226,0.306866,0.081567,-0.750352,0.853029,-0.288918,-0.833565,-0.827393,0.225183,-0.224964,-0.260813,-1.129222,-0.195559,1.255235,-1.136226,0.078025,-0.357405,0.618094,-0.178494,0.143006,-0.635927,-0.221266,1.246831,-1.273728,1.31418,0.021665,-0.302899,-0.124782,0.643357,1.053341,0.543274,0.448196,1.512269,-0.707214,-0.53774,0.807081,-0.273915,0.727194,1.05997,0.268605,-0.309151,0.571414,0.092888,-0.563818,0.474503,-0.270993,-0.658179,0.437746,-1.309277,0.40767,0.514805,-0.331413,-0.711004,1.316573,-0.344887,0.394455,0.171925,-0.925703,0.819049
702,Jigoku Shoujo,anime_228,-0.567168,0.257164,-0.087051,-0.155218,-0.362512,0.674835,0.371286,0.908262,-0.676588,0.661487,-0.850323,-0.953226,-0.599488,0.188247,-0.764589,-0.613334,-0.61456,0.011236,0.247603,-0.949213,1.10178,-0.442146,0.268049,-0.194283,0.939938,-0.66147,-0.088159,1.267136,-0.788091,1.300616,-0.620775,-0.40811,-0.124702,0.189788,0.719915,0.812511,0.387749,1.571844,-0.762032,-0.380201,1.061914,-0.373962,0.560603,0.322193,0.154524,-0.353258,0.452687,-0.239907,-0.33551,0.923112,0.323355,-0.960536,0.805155,-2.059446,0.169249,0.785904,0.025893,-0.482155,1.714379,-0.077722,-0.236312,-0.048451,-0.776583,1.074061
703,Vampire Knight Guilty,anime_4752,-0.303512,0.40929,-0.258479,-0.122515,0.109295,0.85772,0.968591,0.731344,0.323641,0.832122,-0.182562,-1.216727,-0.458798,1.322591,-0.269127,-2.034386,-0.298974,0.336275,-0.072787,-0.99694,0.965246,0.340717,0.702321,-0.208164,0.493073,-1.415483,-0.308371,1.757709,-1.891174,1.860198,-0.510867,-0.871119,-0.292756,0.044207,0.10847,0.586366,1.506079,1.219317,0.655742,-0.395807,1.486084,-0.336467,0.8726,1.016339,0.002188,0.260156,-0.617849,-0.089632,-0.621592,1.365374,0.102642,-0.500563,2.003916,-1.14596,-0.293046,-0.554634,-0.004548,-0.824031,1.383063,0.53135,-0.735218,0.277317,-1.07272,1.214237
704,Shaman King,anime_154,-1.061403,0.899457,-0.272583,-0.790416,0.603744,0.837276,0.599052,0.791825,-0.706133,0.125616,0.079947,-1.114839,-0.426251,1.236448,0.046377,-1.26792,-0.5553,0.450492,-0.139206,-1.077587,1.116831,0.043874,0.889004,-0.133494,0.627429,-1.721548,-0.02274,1.816441,-1.930454,1.272751,-0.733477,-0.098978,0.206027,-0.408602,0.721627,0.194537,0.492294,0.534292,0.04672,-0.463704,1.485681,0.144524,0.867331,1.295823,0.614488,0.462027,0.193258,-0.267469,-0.693987,1.165908,1.201789,-0.295154,1.391732,-1.370478,0.728499,-0.06836,-0.752863,-1.0229,1.822062,0.18243,0.334243,0.674794,-1.314857,0.63175
705,Kaze Tachinu,anime_16662,-0.643038,0.303952,-0.394928,0.147312,-0.756732,0.96545,0.82016,0.692843,-0.440582,0.100151,-1.008157,-1.181046,-0.377778,-0.012761,-0.748401,-1.679227,-0.761344,-0.117649,-0.608853,-0.866419,0.250655,0.399247,0.461521,0.648307,0.22496,-1.158633,-0.011767,1.715151,-0.990849,1.040218,-1.052422,-1.150205,-0.273957,0.08504,0.199583,0.553122,0.32068,1.277975,0.180626,0.278921,1.056502,-0.606061,0.386641,-0.086235,0.012573,0.181873,-0.181105,0.024707,-0.955775,0.690942,0.288638,-0.383341,1.135309,-1.287181,0.027884,0.0843,-0.067034,-1.543552,1.144102,0.447613,-0.53343,1.099556,-0.942815,1.010532
706,Outbreak Company,anime_19369,-0.415668,0.618522,0.135703,-0.431135,0.001273,0.638603,0.319474,0.156505,-1.08258,0.936927,-0.766677,-0.735814,-0.8296,0.175694,-0.304314,-0.810994,-0.660624,0.147653,1.071352,-0.949798,0.362279,-0.287762,0.496115,-0.105004,0.374421,-0.642665,0.103929,1.484699,-1.115009,1.096164,-0.35595,-0.414436,-0.059446,0.628231,1.163987,0.672743,0.776443,1.722174,-0.5511,-0.104409,1.375844,-0.068437,0.729227,1.26665,0.522897,-0.412951,0.482171,-0.06325,-0.759408,0.374016,-0.056974,-0.747235,0.802066,-1.314286,0.355269,0.34583,-0.466015,-0.684367,1.462758,-0.174181,0.318887,0.169455,-1.076332,0.998974
707,Gantz,anime_384,-0.940196,0.475412,-0.254585,-0.424179,-0.016658,0.709625,0.922933,0.745389,-0.761724,0.800474,-0.23372,-0.879592,-0.383329,1.003555,-0.077493,-1.740297,-0.265248,0.702127,-0.136748,-0.916136,0.91149,0.075071,1.223271,-0.092093,0.908764,-1.502029,0.157558,1.427506,-1.848288,1.130576,-0.740148,-0.226917,-0.436194,-0.904318,0.529853,0.630905,1.124239,1.1209,0.380954,-0.179919,1.43575,-0.457147,1.196188,1.10058,0.211957,0.614611,0.009313,-0.477759,-1.219781,1.109243,0.90572,-0.838071,1.630768,-1.310213,0.250016,-0.014925,-0.095945,-1.258344,1.771934,0.559669,-0.657703,0.345933,-0.887499,1.171847
708,"Isekai de Cheat Skill wo Te ni Shita Ore wa, Genjitsu Sekai wo mo Musou Suru: Level Up wa Jinsei wo Kaeta",anime_52830,-0.49403,0.635801,0.165332,-0.503907,0.098712,0.469029,0.282569,0.351909,-1.180327,0.917601,-0.591007,-0.885936,-0.952075,0.273213,-0.213961,-0.701951,-0.677302,0.250952,1.025545,-0.844748,0.408509,-0.185028,0.652114,-0.143985,0.191758,-0.680497,0.130026,1.632437,-1.161567,1.209523,-0.316029,-0.403098,-0.112422,0.510737,1.063321,0.408388,0.726026,1.688176,-0.589009,0.048391,1.236471,-0.114612,0.686387,1.093447,0.442326,-0.299209,0.496106,0.028507,-1.018358,0.379284,0.017146,-0.692983,0.677595,-1.164295,0.283342,0.429309,-0.458872,-0.669938,1.55577,-0.148093,0.235988,0.234188,-1.267488,0.917549
709,Sewayaki Kitsune no Senko-san,anime_38759,-0.402741,0.748928,-0.269652,-0.256123,-0.236215,0.690153,0.202841,0.683367,-0.464914,1.065025,-1.13796,-0.717629,-1.125509,0.404222,-0.63096,-1.116324,-0.687273,-0.088702,0.672898,-0.870532,0.915335,-0.322523,0.693005,0.148069,0.492233,-0.686928,0.259768,1.803811,-0.948891,1.21639,-0.37999,-0.747485,-0.533699,0.553004,0.287064,0.663562,0.434109,1.358978,-0.122909,0.20205,0.743569,-0.452033,0.732395,0.692777,0.235749,-0.246848,-0.048856,-0.227274,-1.018311,0.839889,0.514827,-0.606273,0.476563,-1.043515,0.212374,0.283261,-0.268392,-1.254646,1.56214,-0.083794,-0.173753,0.275451,-1.060874,0.784813
710,Yagate Kimi ni Naru,anime_37786,-0.530587,0.365471,-0.372889,0.19656,-0.378021,1.022526,1.105257,0.827257,-0.456967,0.428373,-0.996246,-1.278273,-0.355774,0.216297,-0.566398,-1.640566,-0.628377,0.031268,-0.585818,-0.881529,0.179433,0.314476,0.827256,0.276567,-0.081446,-1.43254,0.234641,1.898796,-1.276978,1.065849,-0.803602,-1.131722,-0.346635,0.034069,0.260248,0.521875,0.514343,1.427197,0.361743,0.099891,0.693546,-0.653206,0.388344,-0.027852,0.004862,0.122076,-0.17818,0.272476,-1.076429,0.569958,0.127906,-0.337886,1.344047,-0.983968,-0.077396,0.072751,-0.178314,-1.368639,1.267268,0.620883,-0.790343,0.799907,-1.086579,1.298854
711,Tensura Nikki: Tensei shitara Slime Datta Ken,anime_41488,-1.018091,0.835809,-0.296274,-0.679644,0.415553,1.094807,0.572572,0.602663,-0.546011,0.134146,0.020183,-0.948267,-0.383714,1.025655,-0.01105,-1.207011,-0.332418,0.329134,-0.24989,-1.203609,1.067311,-0.011315,0.767406,-0.053203,0.921499,-1.394233,-0.201625,1.480402,-1.984154,0.974214,-0.797652,-0.13678,0.200332,-0.396803,0.878403,0.318043,0.48853,0.647389,0.065186,-0.775806,1.499594,0.076044,0.946932,1.295914,0.671439,0.250505,0.178259,-0.409629,-0.612803,1.240563,1.06754,-0.21017,1.260108,-1.505058,0.883569,-0.154861,-0.665998,-0.906651,1.641637,0.231453,0.416777,0.474187,-1.249729,0.657304
712,Dr. Stone: Ryuusui,anime_50612,-0.919582,1.138849,-0.284877,-0.64874,0.571865,1.048162,0.711334,0.520846,-0.465028,0.129775,0.15589,-0.784464,-0.4026,1.170501,0.175182,-1.399726,-0.349587,0.487775,-0.271448,-1.276267,1.130309,0.144172,0.747029,-0.279246,0.588278,-1.623227,-0.280745,1.48301,-1.640951,1.068525,-0.856292,-0.050326,0.248595,-0.147639,0.894298,0.321952,0.307212,0.329071,0.225656,-0.633927,1.539632,0.040886,0.938878,1.091084,0.699134,0.376049,-0.072618,-0.217846,-0.640527,0.963506,1.272242,-0.177629,1.379083,-1.419761,0.985037,-0.15583,-0.856452,-0.835492,1.935157,0.130927,0.183257,0.862704,-1.25458,0.51119
713,Bokutachi no Remake,anime_40904,-0.429539,0.417346,0.193106,-0.372133,-0.151155,0.414762,0.45568,0.131127,-1.060863,0.833004,-0.627038,-0.584764,-1.083337,0.272019,-0.281143,-0.790226,-0.786554,0.066812,1.030919,-0.95124,0.251301,-0.279179,0.447867,-0.292251,0.199601,-0.661045,0.159484,1.554393,-0.945838,1.162176,-0.356436,-0.423669,0.069903,0.463304,0.837932,0.770539,0.706168,1.632526,-0.673245,-0.069112,1.307932,-0.04463,0.577994,1.023975,0.544082,-0.38486,0.483015,0.068503,-0.668963,0.381489,-0.327828,-0.760682,0.615812,-1.280056,0.316914,0.456,-0.520658,-0.671975,1.364753,-0.195149,0.397014,0.064665,-0.908849,1.041025
714,Danganronpa 3: The End of Kibougamine Gakuen - Mirai-hen,anime_32189,-0.059533,0.549878,-0.102057,-0.092653,0.062316,1.114986,-0.452725,0.746542,-1.102576,0.239625,-0.549558,-0.583124,-1.216674,-0.326459,-0.742936,-1.101738,-0.769104,0.198361,1.053775,-0.524362,0.380801,0.101114,0.468031,-0.056939,0.733371,-0.458194,0.09058,1.701351,-1.21177,1.036916,-0.512501,-0.090569,-0.289845,0.354447,0.750071,0.50669,0.515532,1.245273,-0.386038,0.205045,1.023376,-0.379216,0.613812,0.974383,-0.679831,-0.196655,0.56376,0.172247,-1.021426,0.749651,0.635804,-0.774943,0.668946,-0.9459,0.432045,0.684954,0.178246,-0.90843,1.767827,-0.416098,-0.000626,-0.06133,-1.088034,0.750161
715,Jujutsu Kaisen: Shimetsu Kaiyuu - Zenpen,anime_57658,-1.095075,0.774234,-0.239139,-0.784787,0.63632,0.819706,0.506233,0.861201,-0.554956,0.040161,0.050753,-1.11871,-0.485513,1.219621,-0.094456,-1.181683,-0.64116,0.349261,-0.129142,-0.972387,1.033994,-0.078649,0.854903,-0.035536,0.830128,-1.726599,0.137392,1.8374,-2.022882,1.371208,-0.752522,-0.069337,0.133253,-0.485477,0.625394,0.324535,0.534983,0.727162,-0.028258,-0.532858,1.426224,0.17324,0.791702,1.360645,0.601038,0.615023,0.25214,-0.291669,-0.508668,1.214287,1.003945,-0.354307,1.431058,-1.441843,0.712655,-0.102313,-0.536679,-1.216652,1.852076,0.256772,0.440269,0.55243,-1.212484,0.77412
716,Naruto: Shippuuden Movie 6 - Road to Ninja,anime_13667,-1.05413,0.87795,-0.281346,-0.754318,0.472045,0.925811,0.562417,0.797431,-0.817429,0.163098,0.097468,-1.104055,-0.401851,1.211675,-0.012416,-1.251286,-0.38499,0.560004,-0.194081,-1.115072,1.181491,-0.006196,0.791298,0.008462,0.690363,-1.511636,-0.14308,1.640379,-2.047788,1.135294,-0.709176,-0.055123,0.137501,-0.3338,0.841989,0.155327,0.557714,0.62586,0.041368,-0.610903,1.526377,0.110883,0.979003,1.341859,0.519702,0.293735,0.240004,-0.431312,-0.785783,1.183904,1.101045,-0.35585,1.426837,-1.308033,0.762202,-0.079144,-0.605528,-0.959765,1.825046,0.137983,0.282357,0.630777,-1.376468,0.576405
717,Tenkuu Shinpan,anime_43690,-0.416541,0.719432,-0.294124,-0.293313,-0.211017,0.779299,0.294574,0.761984,-0.609835,0.99287,-0.909294,-0.83615,-0.98884,0.330912,-0.706419,-1.257326,-0.578132,-0.170459,0.570227,-0.997154,0.845592,-0.048094,0.647301,0.30721,0.434076,-0.68905,0.0317,1.652103,-0.88383,1.03944,-0.446487,-0.754292,-0.558149,0.306038,0.409179,0.72689,0.413435,1.240266,-0.214144,0.331279,0.760486,-0.448285,0.624655,0.657923,0.177158,-0.312999,-0.052716,-0.191043,-1.237061,0.900517,0.744122,-0.607879,0.788043,-1.295339,0.167221,0.404765,0.08583,-1.485622,1.789458,-0.226297,-0.146949,0.081996,-0.920527,0.830913
718,Watashi no Shiawase na Kekkon,anime_51552,-0.115848,0.499834,-0.000464,0.080329,-0.407942,0.855591,0.350404,0.638302,-0.858926,1.086894,-0.588279,-1.049095,-1.090057,-0.023956,-0.541265,-1.49189,-0.718454,-0.05853,0.969719,-0.607213,0.462028,-0.019043,0.451579,0.138993,0.673784,-0.732769,-0.59389,1.501606,-0.985314,0.942531,-0.462001,0.185693,-0.00122,0.303922,0.695771,0.38753,0.266133,1.295311,-0.688449,-0.411747,1.578411,-0.504217,0.277812,1.024317,-0.327167,-0.470945,0.372068,-0.158585,-0.636448,0.948303,1.057241,-1.145901,0.678467,-1.216414,0.135732,0.773853,0.164418,-1.065355,2.056123,0.04155,0.275603,-0.362597,-1.152167,0.915177
719,Otome Game Sekai wa Mob ni Kibishii Sekai desu,anime_50461,-0.461413,0.434102,0.201549,-0.472231,0.047291,0.470778,0.318852,0.226941,-1.062708,0.849739,-0.688578,-0.909375,-0.91397,0.231914,-0.176473,-0.639403,-0.652474,0.000921,1.067089,-0.929472,0.316077,-0.381286,0.592788,-0.207718,0.246081,-0.673301,0.122457,1.476517,-1.12245,1.206379,-0.183105,-0.537479,-0.009078,0.417617,1.049857,0.657544,0.732449,1.820141,-0.621027,-0.169971,1.285849,-0.151443,0.620235,1.074413,0.510227,-0.474675,0.546543,-0.013313,-0.90757,0.489254,-0.206308,-0.690793,0.688436,-1.299009,0.238367,0.284239,-0.493459,-0.702467,1.174275,-0.147992,0.239581,0.074933,-1.060374,1.089725
720,Gakuen Babysitters,anime_35222,-0.215281,0.230487,-0.204347,-0.164208,0.114363,0.774975,1.070103,0.639177,0.208735,0.704124,-0.332462,-1.177733,-0.503497,1.083578,-0.178828,-1.993684,-0.352269,0.523353,-0.080582,-0.896721,1.113828,0.453916,0.97381,-0.280906,0.419753,-1.435149,-0.403797,1.789369,-1.84867,1.584829,-0.632878,-0.927051,-0.34211,0.062968,0.159287,0.470596,1.210821,1.244177,0.767083,-0.172154,1.323105,-0.425583,0.941958,0.817659,0.24078,0.274406,-0.5301,-0.001296,-0.858065,1.326686,0.230939,-0.492969,1.93929,-0.952217,-0.130184,-0.553536,0.040819,-0.785231,1.467147,0.499176,-0.717138,0.535276,-1.304169,1.09067
721,Meitantei Conan,anime_235,-0.974268,0.915132,-0.27476,-0.641247,0.476879,0.991387,0.667556,0.531531,-0.466426,0.051552,-0.111615,-0.824208,-0.412102,1.184874,-0.020225,-1.339983,-0.466177,0.352424,-0.339488,-1.158123,1.073615,0.0701,0.726214,-0.05072,0.778162,-1.553185,-0.068594,1.541018,-1.84037,0.994993,-0.765357,-0.187558,0.190656,-0.243674,0.765379,0.477933,0.420271,0.60496,0.062036,-0.65802,1.554581,0.062814,0.923719,1.196365,0.697093,0.417034,0.032585,-0.293371,-0.576891,1.078597,1.114051,-0.217319,1.386087,-1.39083,0.801377,-0.022346,-0.688542,-0.887968,1.841874,0.225827,0.260705,0.675343,-1.236795,0.503762
722,Senpai ga Uzai Kouhai no Hanashi,anime_42351,-0.397776,0.851781,-0.336373,-0.294262,-0.340179,0.460337,0.425592,0.48052,-0.440454,1.198591,-0.83272,-0.73601,-1.214293,0.181404,-0.461538,-1.370578,-0.510737,-0.185709,0.685945,-0.999378,0.692545,-0.2379,0.881554,0.145111,0.460795,-0.644929,-0.132268,1.688663,-0.822245,0.984918,-0.55444,-0.637239,-0.632753,0.694663,0.298514,0.964929,0.363264,1.152986,-0.259455,0.190915,1.046201,-0.561734,0.655799,0.834977,0.253691,-0.292761,-0.218049,-0.169933,-0.963696,0.57892,0.81111,-0.631279,0.624657,-1.368865,0.280788,0.324282,-0.093258,-1.547818,1.683396,-0.201857,-0.062142,0.160579,-0.950326,0.902658
723,Munou na Nana,anime_41619,-0.940982,0.789132,-0.340502,-0.7328,0.308745,1.040903,0.815916,0.724431,-0.697714,0.036849,-0.183174,-0.940426,-0.387729,1.161668,-0.042791,-1.184401,-0.518605,0.345253,-0.442043,-0.999244,1.142305,0.232628,0.759005,0.0355,0.911605,-1.595762,-0.133938,1.749579,-2.038328,0.908458,-0.887085,-0.210591,0.260582,-0.463994,0.860896,0.381907,0.551439,0.420785,0.100851,-0.507964,1.328834,-0.033626,0.788573,1.278837,0.615946,0.149029,0.230752,-0.491624,-0.722709,1.279038,1.162566,-0.379127,1.205017,-1.553999,0.83643,-0.117416,-0.490972,-0.679371,1.643108,0.103667,0.210977,0.506936,-1.281233,0.695301
724,Sonny Boy,anime_48849,-0.592099,0.331772,-0.195938,-0.189065,-0.462494,0.674614,0.398449,0.741005,-1.007576,0.738441,-0.859847,-0.683685,-0.618841,0.134771,-0.849659,-1.02822,-0.74926,0.18879,0.132136,-0.763533,0.858315,-0.565687,0.254634,-0.008348,0.804244,-0.55108,-0.136389,1.356657,-0.689631,1.082193,-0.78538,-0.408786,-0.244954,0.735888,0.593644,0.939401,0.357749,1.578505,-0.970533,-0.374135,1.324406,-0.500182,0.423902,0.564484,0.084126,-0.308223,0.307415,-0.442214,-0.176075,0.554551,0.334523,-1.1322,0.934,-1.747662,0.37596,0.708507,0.161651,-0.649439,1.817291,0.037524,-0.240307,-0.136301,-1.068656,0.984863
725,Araburu Kisetsu no Otome-domo yo.,anime_38753,-1.05273,0.62504,-0.317392,-0.665768,0.236786,0.80001,0.683035,0.786276,-0.586936,0.114357,-0.153289,-0.992831,-0.681193,1.027966,-0.042791,-1.228317,-0.372652,0.238989,-0.444988,-1.138692,1.090783,-0.001013,0.760638,-0.145339,0.87014,-1.455109,-0.034786,1.74203,-1.918919,0.997705,-0.726261,-0.12999,0.266267,-0.722321,0.581376,0.378067,0.495106,0.593334,-0.214039,-0.776998,1.480315,0.210753,0.789716,1.170687,0.668646,0.303015,0.471309,-0.266682,-0.666133,1.200344,0.778596,-0.20544,1.1238,-1.516843,0.848612,0.012193,-0.613263,-0.930241,1.413698,0.375264,0.424495,0.384208,-1.156103,0.595677
726,Haiyore! Nyaruko-san,anime_11785,-0.235328,0.692523,0.041112,-0.439243,0.143728,0.655777,0.474658,0.121329,-0.771256,0.749602,-0.873481,-0.73217,-0.956543,0.151673,-0.263743,-0.759143,-0.794043,0.030598,0.884484,-0.847037,0.493643,0.068871,0.533085,-0.140655,0.189166,-0.832258,0.053078,1.555563,-1.134143,0.759512,-0.563302,-0.516574,-0.014044,0.37718,1.103158,0.706797,0.842638,1.600581,-0.405308,-0.147744,1.290223,-0.222313,0.536022,1.188717,0.484357,-0.135609,0.627844,0.198039,-0.643548,0.346342,0.154303,-0.59176,0.901442,-1.346619,0.347592,0.371698,-0.551469,-0.801888,1.611969,0.031828,0.208307,0.388243,-1.166394,1.122878
727,Beck,anime_57,-1.117987,0.732221,-0.316699,-0.630643,0.236289,1.173761,0.567638,0.689121,-0.574179,0.167123,-0.10604,-0.873281,-0.600921,1.260604,-0.345987,-1.501491,-0.527616,0.40483,-0.521341,-1.08618,1.122841,0.194746,0.530111,-0.080891,0.900055,-1.426711,0.002213,1.674368,-1.942712,0.998057,-1.015251,-0.031023,0.27921,-0.388261,0.689889,0.434164,0.527829,0.657265,-0.085649,-0.825172,1.47624,0.168825,0.887212,1.260641,0.313094,0.259841,0.380168,-0.532246,-0.453941,1.200349,0.592133,-0.458458,1.119079,-1.213223,0.881529,-0.062018,-0.45351,-0.844885,1.616506,0.320994,0.356202,0.384587,-1.11582,0.599415
728,Diabolik Lovers,anime_17513,-1.251438,0.207585,-0.220155,-0.437487,0.714433,1.096395,-0.199714,0.733735,-0.783856,0.479968,-0.0396,-0.902155,-1.693844,0.694741,-0.420978,-0.825356,-0.697041,0.935223,0.886106,-1.197366,1.257293,-0.087041,0.294575,-0.919847,1.442986,-0.887423,-0.008169,1.703126,-1.363737,1.803282,-0.262961,0.890494,0.694669,-0.344983,1.248875,0.439466,1.518782,0.593685,-0.715281,-0.657873,1.777683,-0.266422,1.683805,1.898606,-0.818781,-0.196664,1.176276,0.239852,-0.724574,1.803322,0.260689,-1.588382,1.128558,-1.185024,1.066663,-0.056407,-0.36315,-0.146658,1.579556,-0.455671,0.586615,-0.618944,-1.291206,1.57383
729,Arakawa Under the Bridge,anime_7647,-0.987803,0.585527,-0.203078,-0.249235,-0.139285,0.521512,1.028055,0.522662,-0.406114,0.757304,-0.175667,-0.797692,-0.455029,0.766285,0.052099,-1.936648,-0.075282,0.621084,-0.045106,-1.018137,0.653711,-0.053908,1.229601,-0.352929,0.885823,-1.442864,-0.08307,1.263555,-1.476452,1.053062,-0.771351,-0.164111,-0.378868,-0.655954,0.466207,0.858003,0.864134,0.982276,0.35732,-0.438642,1.654534,-0.39828,1.155915,1.087305,0.300916,0.65216,-0.265612,-0.287629,-1.054592,0.863811,1.041286,-0.752524,1.663033,-1.514942,0.396947,-0.108498,-0.192326,-1.298586,1.735865,0.49929,-0.440246,0.413743,-0.715903,1.220487
730,Mirai Nikki: Redial,anime_16762,-0.858494,0.733781,-0.219383,-0.787351,0.442997,1.04281,0.665179,0.793012,-0.641782,0.164843,-0.263234,-0.945825,-0.599078,1.268339,0.03977,-1.137204,-0.496444,0.357324,-0.364935,-0.944972,1.160187,0.177572,0.785699,0.001131,1.130608,-1.625579,0.107472,1.778797,-2.123319,1.131651,-0.78612,-0.104042,0.207646,-0.340283,0.656318,0.258019,0.420594,0.639516,-0.013707,-0.621818,1.495736,0.165157,0.914973,1.375321,0.681766,0.236154,0.252145,-0.45872,-0.662672,1.342743,1.338576,-0.314496,1.276058,-1.587789,0.71216,0.020009,-0.50178,-1.028597,1.566916,0.047058,0.296264,0.463971,-1.163702,0.718834
731,Kaguya-sama wa Kokurasetai: First Kiss wa Owaranai,anime_52198,-1.111738,0.569512,-0.179103,-0.253851,-0.068765,0.632608,0.886151,0.796594,-0.365924,0.679277,-0.253197,-0.683351,-0.61221,0.913988,-0.080855,-1.907071,-0.046485,0.687101,-0.274101,-0.91469,0.815888,-0.158699,1.111483,-0.182105,0.983253,-1.332849,0.2501,1.248931,-1.654738,1.242468,-0.774708,-0.06281,-0.451769,-0.847497,0.394613,0.736816,0.949645,1.199996,0.293682,-0.635979,1.448494,-0.44517,1.162903,0.901062,0.013324,0.733526,-0.022261,-0.445959,-1.051101,0.937022,0.624747,-0.904963,1.571421,-1.364527,0.435147,-0.260745,-0.00302,-1.312553,1.766123,0.807001,-0.687762,0.515048,-0.808703,1.236303
732,Danna ga Nani wo Itteiru ka Wakaranai Ken,anime_26349,-0.38154,0.584757,-0.650141,0.006223,-0.3347,1.133934,0.882977,0.728247,-0.486745,1.129048,-0.719755,-1.046594,-0.454852,0.148037,-0.688325,-1.530317,0.057311,0.110222,-0.123619,-1.335386,0.039853,-0.247313,0.541275,0.20077,0.524351,-0.550296,-0.192436,1.254941,-0.677618,0.970151,-0.240641,-0.621553,-0.675988,-0.180819,0.710616,0.725822,0.491802,1.619555,-0.259559,-0.086889,0.678531,-0.288419,0.476342,0.026507,0.244598,-0.354668,0.012924,0.424417,-0.886874,0.556764,0.748925,-0.002049,1.056272,-1.267508,-0.085331,0.107975,0.493794,-1.306499,1.996844,0.010489,-0.435918,0.223917,-0.710576,1.361504
733,3D Kanojo: Real Girl,anime_36793,-0.290358,0.330781,-0.261043,-0.135515,0.062182,0.622751,1.099854,0.851903,0.180156,0.885194,-0.201089,-1.357657,-0.572644,1.022662,-0.127945,-2.072978,-0.071044,0.271041,-0.206115,-1.058175,0.914111,0.298869,0.948867,-0.271671,0.440209,-1.443893,-0.49623,1.684679,-1.865063,1.663597,-0.337047,-0.933212,-0.288708,-0.030679,0.186733,0.647433,1.372389,1.358008,0.673802,-0.439314,1.548969,-0.208192,0.799738,0.853716,0.212305,-0.008861,-0.42123,-0.033103,-0.824048,1.246058,0.243321,-0.460685,2.098009,-1.183196,-0.246823,-0.607187,0.120944,-0.798071,1.219027,0.51278,-0.789703,0.322895,-1.151221,1.117089
734,Air Gear,anime_857,-1.070373,0.694605,-0.398485,-0.670389,0.36583,0.915098,0.76837,0.658446,-0.566678,-0.049253,-0.136861,-0.960171,-0.529216,0.93563,0.023347,-1.257636,-0.589464,0.296844,-0.374212,-1.189619,1.086332,0.056945,0.773999,-0.080169,0.683035,-1.46027,-0.184114,1.746189,-1.911248,0.847164,-0.854281,-0.183943,0.238655,-0.585195,0.674134,0.31426,0.342743,0.536738,-0.080464,-0.62227,1.591944,0.075958,0.93956,1.072825,0.711402,0.30068,0.170244,-0.407967,-0.560252,1.153548,0.970989,-0.198418,1.318747,-1.523266,0.783798,-0.003986,-0.540421,-0.944665,1.706816,0.225729,0.347331,0.601961,-1.247046,0.55218
735,Bakuman. 2nd Season,anime_10030,-1.024547,0.80299,-0.307482,-0.570634,0.273251,0.958845,0.56456,0.69387,-0.460072,0.011252,-0.078629,-0.704325,-0.579377,1.081063,-0.121204,-1.415297,-0.32808,0.341392,-0.385832,-1.162393,1.091163,-0.108109,0.493565,-0.001618,0.982201,-1.349319,-0.056675,1.465011,-1.840435,1.042758,-0.84616,-0.062895,0.24398,-0.403219,0.672027,0.548408,0.509895,0.630145,-0.053029,-0.916405,1.541263,0.231706,0.90344,1.180385,0.534845,0.292604,0.23667,-0.385292,-0.373733,1.040425,0.75577,-0.397391,1.327418,-1.48981,0.974464,-0.201555,-0.509025,-0.92267,1.688553,0.326206,0.33963,0.596241,-1.062669,0.620305
736,Assassins Pride,anime_38572,-0.64462,0.504433,0.424725,-0.34778,-0.023854,0.477591,0.247101,0.465741,-1.141531,1.132378,-0.476029,-0.927964,-0.839914,0.210234,-0.118724,-0.688537,-0.366569,0.257228,1.315467,-1.056954,0.531798,-0.463166,0.376916,-0.092126,0.573256,-0.350662,0.020524,1.33133,-1.310597,1.372295,0.208763,-0.310304,0.137835,0.283971,1.369849,0.498924,1.015169,1.977699,-0.683261,-0.569738,1.188773,0.00226,0.995152,1.446976,0.469577,-0.628631,0.640747,-0.197983,-1.013902,0.614673,-0.265073,-0.965346,0.737062,-1.188328,0.224809,0.413095,-0.408884,-0.745639,1.230717,-0.408435,0.394783,-0.248124,-0.906868,1.219983
737,"Gaikotsu Kishi-sama, Tadaima Isekai e Odekakechuu",anime_48760,-0.488273,0.660857,0.124821,-0.510562,0.027541,0.492771,0.324119,0.286373,-1.258918,1.020606,-0.528552,-0.909218,-0.860513,0.277631,-0.233396,-0.846995,-0.663481,0.297245,1.120696,-0.85878,0.412564,-0.145573,0.649374,-0.080266,0.212292,-0.663465,0.032231,1.652641,-1.157297,1.172774,-0.382021,-0.432519,-0.134893,0.590131,1.100731,0.438974,0.740023,1.617442,-0.58962,0.114517,1.285564,-0.124329,0.71006,1.262666,0.397045,-0.30572,0.464778,0.021134,-1.008972,0.3878,0.129282,-0.730361,0.743775,-1.146052,0.308446,0.505298,-0.471164,-0.708106,1.6066,-0.205104,0.289703,0.216016,-1.286855,0.914283
738,B: The Beginning,anime_32827,-0.607342,0.337411,-0.137951,-0.204742,-0.402374,0.586559,0.340429,0.757697,-0.791438,0.479099,-1.003978,-0.967443,-0.618567,0.157765,-0.710554,-0.563467,-0.689193,0.084591,0.24233,-0.735893,0.935438,-0.457815,0.341289,-0.023623,0.631363,-0.738622,0.09393,1.303728,-0.93561,1.233864,-0.709061,-0.452765,-0.169151,0.476494,0.601363,0.669994,0.54673,1.554516,-0.676268,-0.329487,1.178671,-0.464022,0.433971,0.346067,0.168312,-0.252951,0.396548,-0.180227,-0.229912,0.728027,0.229727,-0.950798,0.888243,-1.796781,0.196138,0.603912,0.056683,-0.400897,1.79588,0.036213,-0.368428,0.164581,-1.042789,0.94975
739,"Violet Evergarden: Kitto ""Ai"" wo Shiru Hi ga Kuru no Darou",anime_37095,-0.5585,0.417067,0.283474,-0.515694,-0.083464,0.6153,0.412127,0.181283,-1.033186,1.133091,-0.623127,-0.529668,-1.263254,0.515801,-0.527341,-0.937421,-0.78498,0.248746,1.063709,-0.839046,0.298818,-0.159996,0.255086,-0.229053,0.454599,-0.484311,0.494681,1.759694,-0.93076,1.390231,-0.535506,-0.127991,0.143662,0.266886,0.9286,0.696624,0.898382,1.629021,-0.820022,-0.296082,1.209471,-0.188705,0.566627,1.254847,0.228675,-0.179959,0.731916,-0.094261,-0.652144,0.395374,-0.817364,-0.993513,0.504753,-1.27821,0.431886,0.585696,-0.442634,-0.812056,1.260877,0.031911,0.414877,-0.37989,-0.788427,1.243925
740,Black★Rock Shooter (TV),anime_11285,-0.276232,0.522671,-0.589544,-0.309546,-0.076444,1.034044,0.646738,0.657268,-0.437715,1.43867,-0.623377,-1.475925,-1.032344,0.676789,-0.948919,-1.799339,-0.360817,-0.107918,-0.020293,-1.008538,0.481496,0.709164,0.449299,0.524023,0.160084,-0.466934,-0.297681,1.429033,-0.649434,1.335448,-0.09129,-0.75652,-0.418837,-0.59504,0.283696,0.442627,0.371617,1.353941,-0.673535,0.033085,-0.106459,-0.34752,0.292857,0.535054,0.255655,-0.349612,0.438881,0.466825,-1.067966,0.868272,0.767082,-0.429292,0.740112,-0.683197,-0.146369,0.141104,0.11855,-1.431571,2.211431,0.359398,-0.115004,0.104092,-1.287386,1.44763
741,Mairimashita! Iruma-kun 2nd Season,anime_41402,-1.026946,0.874798,-0.190521,-0.641253,0.476432,0.963193,0.560254,0.714915,-0.447381,0.137028,-0.012934,-0.878572,-0.557468,0.932556,0.114973,-1.152879,-0.334804,0.310266,-0.373654,-1.177141,1.085373,0.039173,0.82321,-0.207824,0.910935,-1.472396,-0.163884,1.568845,-1.930046,0.989209,-0.602822,-0.037626,0.285509,-0.499262,0.861893,0.273893,0.466596,0.676795,-0.038573,-0.880341,1.445959,0.159918,0.932315,1.223311,0.851805,0.297912,0.226462,-0.353212,-0.678046,1.111978,1.051714,-0.191095,1.314141,-1.441366,0.951589,-0.128085,-0.661996,-0.936069,1.657434,0.19671,0.407095,0.441262,-1.215957,0.556448
742,Eizouken ni wa Te wo Dasu na!,anime_39792,-0.935025,0.633438,-0.267928,-0.365887,0.04365,0.691546,0.87526,0.673538,-0.689374,0.839231,-0.305083,-0.789926,-0.430379,0.908967,0.114628,-1.790819,-0.099606,0.652992,-0.29539,-1.00061,0.830046,0.016428,1.18563,-0.244225,0.876743,-1.566625,0.00956,1.37032,-1.630189,1.069063,-0.663341,-0.1757,-0.318543,-0.712196,0.639246,0.669994,0.943278,1.110661,0.378222,-0.324384,1.477648,-0.383609,1.199237,0.907445,0.457023,0.610885,-0.161966,-0.31461,-1.151654,0.895338,1.071124,-0.775713,1.594064,-1.286225,0.389902,-0.087528,-0.283028,-1.1392,1.75774,0.586909,-0.708804,0.449333,-1.046321,1.106447
743,Witch Craft Works,anime_21085,-0.773138,0.975226,0.29303,-0.157537,0.966697,0.069939,0.768987,0.807623,0.029108,0.163862,-0.065259,-0.780934,-0.443354,0.748312,-0.304084,-1.74711,0.196594,0.691725,-0.060859,-0.131482,0.829581,-0.163894,1.16895,-0.282392,0.772221,-1.547126,0.834874,1.119438,-1.379307,1.238683,-0.52909,0.241296,-0.60448,-0.86548,0.141297,0.362474,0.981574,1.019432,0.202449,-0.563896,1.845056,-0.525326,1.329352,0.773939,-0.106246,0.745514,0.078599,-0.51007,-0.344302,0.770762,0.987602,-1.096708,1.532457,-1.024057,0.400098,-0.451511,0.244958,-1.165636,1.364996,0.735586,-0.744269,0.369689,-0.690636,1.569244
744,Imouto sae Ireba Ii.,anime_35413,-0.427216,0.593658,0.054187,-0.270875,-0.137479,0.520847,0.323941,0.173273,-0.908709,0.769593,-0.713808,-0.591526,-0.892487,0.156089,-0.290769,-0.771358,-0.652786,0.036002,0.98663,-0.948821,0.229166,-0.308885,0.359343,-0.204933,0.287485,-0.611476,0.076341,1.399579,-0.934871,1.099459,-0.42568,-0.433489,-0.02306,0.603445,0.948688,0.778094,0.661046,1.567615,-0.570415,-0.13002,1.324494,-0.004022,0.651671,0.956029,0.548418,-0.333754,0.287874,0.139205,-0.609506,0.237949,-0.099337,-0.602316,0.696114,-1.326089,0.46241,0.318511,-0.474623,-0.572017,1.555647,-0.107718,0.339313,0.256909,-0.969021,0.931194
745,Kami nomi zo Shiru Sekai: Megami-hen,anime_16706,-0.990407,0.793841,-0.32782,-0.604703,0.332708,0.978729,0.566102,0.658375,-0.534106,0.087665,-0.14713,-0.901741,-0.376781,0.95412,-0.008319,-1.217703,-0.395295,0.234887,-0.244107,-1.226236,1.056132,-0.088037,0.673216,-0.146876,0.911092,-1.517376,-0.110708,1.586047,-1.853179,1.073195,-0.700619,-0.207776,0.293056,-0.443269,0.729275,0.406537,0.482907,0.575801,-0.042025,-0.729174,1.572163,0.281243,0.855342,1.275205,0.799967,0.232773,0.220469,-0.287047,-0.436458,1.160163,1.050179,-0.236968,1.308587,-1.561846,0.893528,-0.146318,-0.726891,-0.889641,1.552421,0.243645,0.508591,0.540755,-1.134738,0.561581
746,Mononoke,anime_2246,-0.58003,0.317919,-0.149302,-0.214008,-0.414533,0.551133,0.34072,0.736416,-0.783208,0.689086,-0.876114,-0.872023,-0.629925,0.079053,-0.618262,-0.701696,-0.784393,0.007147,0.231993,-0.865882,0.906138,-0.472459,0.351739,-0.230167,0.770822,-0.719444,-0.100033,1.348064,-0.780482,1.212316,-0.665101,-0.406671,-0.114011,0.43045,0.594476,0.826588,0.452655,1.545501,-0.822369,-0.274161,1.228612,-0.385594,0.529583,0.41294,0.312784,-0.309853,0.343845,-0.236922,-0.217653,0.786536,0.36092,-0.879088,0.871001,-1.92599,0.233567,0.763704,-0.139352,-0.549594,1.644892,-0.086933,-0.188823,-0.074156,-0.862734,0.920267
747,Sayonara Zetsubou Sensei,anime_2605,-0.986192,0.783741,-0.275141,-0.710855,0.492515,1.010012,0.637823,0.640348,-0.476386,-0.048035,-0.237209,-0.915517,-0.471746,0.978564,-0.055803,-1.252413,-0.505172,0.327126,-0.450929,-1.15255,1.100937,0.008544,0.752868,-0.092498,0.840254,-1.606729,-0.007368,1.657144,-1.995364,0.907633,-0.827113,-0.00926,0.167046,-0.36309,0.808286,0.500942,0.469329,0.609375,0.063961,-0.627015,1.553793,0.141425,0.922385,1.203829,0.779691,0.385413,0.262961,-0.349833,-0.639781,1.10481,0.958196,-0.13631,1.302281,-1.531735,0.783013,-0.159678,-0.562037,-0.929043,1.739559,0.340565,0.258393,0.656781,-1.16125,0.633532
748,Kotoura-san,anime_15379,-0.50017,0.598158,-0.746165,-0.000747,-0.273981,1.164814,1.129027,0.841102,-0.513087,1.246325,-0.71414,-1.242367,-0.409491,0.229435,-0.603962,-1.557533,0.133308,0.081395,-0.304075,-1.311938,0.088485,-0.322186,0.738688,0.207804,0.457207,-0.646361,-0.177746,1.288977,-0.707735,1.112431,-0.177679,-0.677274,-0.755527,-0.214377,0.773841,0.811787,0.474551,1.646488,-0.193626,-0.114347,0.482802,-0.553289,0.340087,-0.03095,0.121723,-0.238702,0.153772,0.416377,-1.060035,0.699316,0.632261,-0.041593,1.023524,-1.240351,-0.144078,0.077152,0.706023,-1.336863,1.960662,0.198475,-0.642771,0.212628,-0.854318,1.498177
749,Isekai Cheat Magician,anime_37744,-0.48643,0.664591,0.121274,-0.508939,0.026945,0.491993,0.322705,0.290661,-1.26016,1.020154,-0.534181,-0.910544,-0.854122,0.277415,-0.234302,-0.845343,-0.662343,0.291227,1.112281,-0.855426,0.414844,-0.136172,0.650635,-0.084542,0.212874,-0.666564,0.036183,1.653568,-1.162282,1.172318,-0.383818,-0.433113,-0.138942,0.580335,1.104889,0.434134,0.739549,1.613531,-0.588383,0.123262,1.282843,-0.11655,0.709642,1.256264,0.396549,-0.299954,0.466774,0.02553,-1.007296,0.394135,0.132571,-0.722571,0.742735,-1.144802,0.309944,0.506216,-0.471769,-0.697173,1.611152,-0.199863,0.294966,0.222624,-1.289573,0.908408
750,Honzuki no Gekokujou: Shisho ni Naru Tame ni wa Shudan wo Erandeiraremasen,anime_39468,-0.471443,0.467136,0.255911,-0.588311,0.069456,0.515055,0.37382,0.145385,-1.148033,1.144782,-0.527558,-0.856184,-0.9432,0.257409,-0.159918,-0.777234,-0.678691,0.110531,1.25325,-0.947517,0.319406,-0.327839,0.646746,-0.119715,0.4246,-0.511327,-0.03524,1.489358,-1.204775,1.176148,-0.238544,-0.512884,-0.010872,0.538134,1.172167,0.676266,0.784041,1.849375,-0.601312,-0.220546,1.347473,-0.286521,0.714854,1.377371,0.474871,-0.574614,0.500188,-0.21286,-0.92636,0.468769,-0.111668,-0.82627,0.644185,-1.341732,0.221425,0.380386,-0.517973,-0.817386,1.195177,-0.269596,0.339841,-0.116908,-1.108435,1.232049
751,Irozuku Sekai no Ashita kara,anime_37497,-0.592609,0.309809,-0.188461,-0.130321,-0.474493,0.609699,0.308377,0.825306,-0.892108,0.688216,-0.82627,-0.768462,-0.761672,0.09254,-0.540625,-0.660005,-0.691284,0.044875,0.204706,-0.939249,0.863796,-0.564582,0.416258,-0.254746,0.584048,-0.645016,0.042798,1.34091,-0.914258,1.234277,-0.5124,-0.416915,-0.09299,0.372026,0.5251,0.495961,0.548641,1.560199,-0.856708,-0.375422,1.299222,-0.277226,0.533538,0.313119,0.307731,-0.3605,0.445013,-0.266761,-0.248103,0.756393,0.116108,-0.748445,0.667969,-1.724452,0.186109,0.661109,-0.19854,-0.487985,1.591279,0.077443,-0.20982,0.014489,-0.990663,0.763958
752,Ballroom e Youkoso,anime_34636,-1.083069,0.680911,-0.265136,-0.742325,0.574486,0.863779,0.813044,0.695092,-0.484114,-0.248613,-0.186955,-0.837648,-0.578362,0.978676,0.033884,-1.32739,-0.648887,0.339164,-0.446389,-1.180876,1.067238,0.174654,0.830047,0.177744,0.919148,-1.397477,-0.119276,1.665474,-2.069337,0.82518,-0.858348,-0.211301,0.096035,-0.689009,0.700474,0.464522,0.241416,0.780632,0.067519,-0.728549,1.563879,0.100494,1.014829,1.022648,0.483475,0.380896,0.279429,-0.533568,-0.516424,1.183988,1.019803,-0.096739,1.396497,-1.581741,0.665627,0.082353,-0.333606,-1.009048,1.837768,0.300643,0.100565,0.686248,-1.271551,0.754591
753,Suisei no Gargantia,anime_16524,-0.520048,0.463168,-0.27822,-0.303869,-0.249098,0.462135,0.292787,0.856052,-0.935922,0.649397,-0.786212,-0.934695,-0.778187,0.159197,-0.627396,-0.769214,-0.701529,0.320622,0.329944,-0.739108,1.012543,-0.453743,0.39737,-0.092864,0.294213,-0.598296,-0.106796,1.497203,-0.83034,1.060686,-0.719382,-0.500675,-0.069253,0.589082,0.532797,0.42068,0.637074,1.502174,-0.715227,-0.304724,1.415284,-0.578435,0.539017,0.439455,0.143554,-0.27137,0.484675,-0.316345,-0.258152,0.555725,0.503421,-0.978763,0.946634,-1.533883,0.235716,0.544052,-0.202968,-0.368141,1.697406,0.106009,-0.427538,0.416408,-1.178653,0.798881
754,Nanbaka,anime_30016,-0.342291,0.97142,-0.233393,-0.348403,-0.122285,0.775749,0.225184,0.449437,-0.555771,1.068464,-0.764537,-0.673112,-1.19617,0.322711,-0.483526,-1.160574,-0.511111,-0.272143,0.550785,-1.000995,0.56943,-0.112741,0.819461,0.066187,0.274186,-0.887228,0.190514,1.747648,-0.92401,1.188131,-0.529106,-0.56343,-0.610212,0.518726,0.383058,0.705841,0.56673,1.128473,-0.211285,0.243849,0.809668,-0.40397,0.482806,0.750186,0.298686,-0.088139,-0.147832,0.014364,-0.910273,0.630419,0.564014,-0.415344,0.831959,-1.183053,0.438202,0.152616,-0.113417,-1.623847,1.799512,-0.013507,-0.190678,-0.012844,-1.092878,0.818058
755,Karakai Jouzu no Takagi-san 2,anime_38993,-0.94931,0.733373,-0.275524,-0.645766,0.344926,0.884105,0.714922,0.61903,-0.405959,0.004115,-0.049978,-0.899345,-0.603981,0.96985,0.097487,-1.162601,-0.376018,0.254687,-0.451493,-1.150665,1.173279,0.13385,0.879809,-0.16679,0.844187,-1.560855,-0.187284,1.635883,-1.890375,0.906573,-0.800379,-0.115023,0.146741,-0.575755,0.685888,0.432203,0.338406,0.529182,-0.071431,-0.664631,1.537974,0.071578,0.814423,1.066344,0.790397,0.301673,0.255245,-0.275275,-0.652294,1.130049,1.025471,-0.167316,1.121588,-1.536219,0.879419,-0.028756,-0.549008,-0.95747,1.643333,0.242384,0.397914,0.591704,-1.22779,0.521381
756,Ginga Eiyuu Densetsu,anime_820,0.062148,0.555364,-0.283315,-0.07022,-0.364542,0.852423,0.426184,0.638068,-0.892279,1.213874,-0.623687,-1.143137,-1.096821,-0.003842,-0.471834,-1.672868,-0.93483,-0.10128,1.055108,-0.483048,0.335704,0.321454,0.705227,0.170227,0.346565,-0.995354,-0.577102,1.655871,-1.080209,0.746703,-0.633153,-0.230625,-0.013295,0.365039,0.52498,0.401984,0.303007,1.188126,-0.733513,-0.197645,1.440209,-0.690551,0.093235,1.064263,-0.284143,-0.149412,0.390286,0.088719,-0.61172,0.744828,1.221107,-0.983347,0.87218,-1.012471,0.28469,0.695365,-0.077834,-1.218709,2.005686,0.201833,0.081955,-0.217353,-1.393557,1.058538
757,Kawaikereba Hentai demo Suki ni Natte Kuremasu ka?,anime_39326,-0.456766,0.531872,0.102657,-0.268428,-0.122542,0.587935,0.315068,0.202955,-0.860597,0.692887,-0.789411,-0.696031,-0.817005,0.085315,-0.228825,-0.57549,-0.643811,-0.040052,0.9138,-0.972072,0.316809,-0.276411,0.47531,-0.299788,0.22738,-0.677463,0.167236,1.41922,-0.958678,1.172773,-0.36563,-0.465037,-0.04663,0.371902,0.995301,0.586485,0.595366,1.5364,-0.586347,-0.111971,1.228922,-0.033575,0.578624,0.827496,0.546123,-0.305738,0.459145,0.203388,-0.735761,0.421682,-0.128364,-0.471337,0.627076,-1.323964,0.489904,0.334074,-0.529269,-0.574938,1.441977,0.005592,0.357045,0.257753,-1.050874,0.857298
758,Gokukoku no Brynhildr,anime_21431,-1.055304,0.490834,-0.378592,-0.424098,-0.1301,0.649716,1.166708,0.636897,-0.849879,1.148017,-0.334181,-0.979899,-0.276692,0.945977,0.039431,-2.014277,-0.290756,0.666619,-0.157805,-0.99804,0.785224,-0.030761,1.234293,-0.095704,0.991528,-1.587507,-0.062295,1.477903,-1.676975,1.132524,-0.793864,-0.419255,-0.423342,-0.726138,0.457191,0.952081,1.208534,1.094935,0.18642,-0.18167,1.400719,-0.578357,1.053842,1.470145,0.276698,0.591574,-0.065505,-0.337624,-1.068122,1.094451,0.895262,-0.94443,1.741607,-1.186194,0.421277,-0.034022,-0.151064,-1.290655,1.577966,0.590496,-0.62914,0.14482,-0.991726,1.283623
759,Gintama': Enchousen,anime_15417,-0.966938,0.781258,-0.302705,-0.68636,0.441493,1.026173,0.655811,0.585803,-0.548289,-0.090198,-0.131602,-0.945549,-0.428931,1.023771,0.049005,-1.294439,-0.586812,0.363209,-0.473692,-1.070159,1.167778,0.1162,0.742176,-0.011597,0.759373,-1.631425,-0.126257,1.65346,-1.9404,0.86036,-0.903997,-0.135385,0.193496,-0.416722,0.829713,0.463703,0.520928,0.533088,0.058524,-0.445985,1.536804,0.051372,0.917491,1.204658,0.757509,0.419774,0.236362,-0.300624,-0.525094,1.216869,1.058596,-0.220168,1.413889,-1.431786,0.796344,-0.110521,-0.540265,-1.068405,1.759955,0.272394,0.271427,0.652412,-1.253674,0.559663
760,Phantom: Requiem for the Phantom,anime_5682,-0.03275,0.744093,-0.117435,-0.113404,0.113254,1.104295,-0.425569,0.780355,-1.008096,0.438043,-0.583532,-0.758444,-1.278116,-0.298399,-0.679508,-1.20562,-0.631092,0.093369,1.031456,-0.529852,0.40764,0.25303,0.392166,-0.154185,0.694429,-0.586673,0.188854,1.757677,-1.15232,1.209692,-0.553685,-0.26155,-0.157106,0.2858,0.764038,0.404598,0.656289,1.187047,-0.571583,0.21603,0.937106,-0.38239,0.50614,1.014132,-0.497138,0.009139,0.478738,0.443354,-0.969423,0.79018,0.489598,-0.66843,0.679603,-0.902179,0.400702,0.700023,0.148091,-0.862447,1.712456,-0.312103,-0.199125,-0.138995,-1.213433,0.785081
761,Bungou Stray Dogs 4th Season,anime_50330,-1.092309,0.516517,-0.216664,-0.364006,-0.004445,0.518908,1.029914,0.637862,-0.584761,0.766262,-0.334988,-0.888302,-0.376733,0.992137,-0.122894,-1.987554,-0.269289,0.766906,-0.146129,-0.807,0.679567,-0.089315,1.162568,-0.038315,1.005572,-1.50048,0.174183,1.422771,-1.713247,1.174261,-0.804941,-0.203677,-0.526299,-0.587903,0.444363,0.928728,1.102327,1.230029,0.304067,-0.354955,1.464079,-0.522741,1.155834,1.26611,0.139811,0.758626,-0.231518,-0.444797,-1.035107,0.936461,0.890532,-1.07162,1.821944,-1.230008,0.211824,-0.07338,0.068319,-1.301565,1.874207,0.586541,-0.675269,0.379028,-0.94752,1.299159
762,Kokoro ga Sakebitagatterunda.,anime_28725,-0.708281,0.248348,-0.027354,-0.196888,-0.469674,0.374947,0.260512,0.832807,-0.83248,0.523423,-0.914099,-0.720371,-0.90555,0.094322,-0.625952,-0.697513,-0.64247,0.052108,0.179425,-0.761916,0.848012,-0.688891,0.418519,-0.147207,0.677848,-0.493833,0.131104,1.296685,-0.908583,1.298788,-0.676283,-0.295005,-0.198229,0.364956,0.341068,0.715383,0.486491,1.688153,-0.916151,-0.539454,1.287591,-0.326113,0.530332,0.274607,0.088194,-0.271076,0.569778,-0.312233,-0.11253,0.601428,-0.03715,-0.896388,0.764444,-1.760397,0.348309,0.475108,0.023593,-0.5899,1.653862,0.307194,-0.346256,0.072339,-0.928366,0.937136
763,K-On! Movie,anime_9617,0.047097,1.108887,-0.391299,0.353377,0.707712,1.076991,0.748186,0.517211,-0.084416,0.627452,-0.518011,-0.622985,-0.30585,0.169482,-1.160945,-1.556993,0.505259,0.236316,-0.414851,-0.676488,0.27899,-0.311892,0.142025,0.027922,0.331861,-0.496253,0.428075,0.823772,-0.24644,0.75308,0.032432,-0.028153,-0.835636,0.148398,0.710083,0.525066,0.40013,1.369641,-0.400309,-0.405627,1.238049,-0.443431,0.699053,-0.133717,-0.003089,-0.292695,0.172807,0.111084,0.002958,0.206229,0.82922,-0.23048,0.860296,-0.708864,0.017464,0.243492,0.966105,-1.183193,1.82925,0.259415,-0.598847,-0.099028,-0.468402,1.52349
764,Code:Breaker,anime_11703,-1.114597,0.742086,-0.319908,-0.773214,0.486556,0.773526,0.741159,0.821663,-0.696446,-0.030639,-0.061857,-1.205341,-0.472492,1.096784,-0.006173,-1.181827,-0.556994,0.409767,-0.439344,-0.998901,1.046262,0.042124,0.89173,-0.031423,0.728585,-1.688526,-0.116329,1.813412,-1.885134,1.082465,-0.82772,-0.148511,0.120765,-0.50712,0.755953,0.375562,0.526906,0.564825,0.015763,-0.522701,1.30326,-0.002449,0.707166,1.190698,0.651629,0.388983,0.2889,-0.296652,-0.743846,1.163766,0.942504,-0.349086,1.399251,-1.35133,0.830047,-0.128052,-0.395625,-0.897289,1.745519,0.207096,0.253287,0.543692,-1.396686,0.686828
765,Nazo no Kanojo X,anime_12467,-1.095317,0.42861,-0.37111,-0.256005,-0.253609,0.47083,1.171926,1.044249,-0.533586,0.834552,-0.310714,-1.225137,-0.622466,0.718757,0.125744,-1.96357,0.0513,0.407726,-0.331656,-0.888013,0.681702,-0.056724,1.60212,-0.159272,0.760619,-1.496177,0.08082,1.38746,-1.748994,1.010518,-0.464258,-0.375192,-0.439019,-1.071083,0.333733,0.755362,0.85802,1.325911,0.277295,-0.469042,1.527372,-0.463069,1.063386,0.762084,0.137805,0.711313,0.107616,-0.371348,-1.439686,1.07303,0.933321,-0.707226,1.606807,-1.528366,0.105349,-0.201518,0.04595,-1.420645,1.401499,0.783118,-0.774772,0.558044,-0.924567,1.223724
766,Kino no Tabi: The Beautiful World,anime_486,-0.5397,0.642755,0.195742,-0.444926,-0.050874,0.493337,0.370531,0.263507,-1.195389,1.167284,-0.522674,-0.71251,-0.969724,0.304912,-0.244586,-0.994379,-0.628268,0.309607,1.131708,-0.913376,0.388539,-0.123536,0.489717,-0.207811,0.272333,-0.515825,0.113044,1.729906,-1.06309,1.188023,-0.303673,-0.292897,0.050196,0.473857,1.090957,0.451803,0.825946,1.561445,-0.713259,-0.122782,1.286162,-0.099329,0.732464,1.342154,0.396196,-0.404201,0.549121,-0.097081,-0.940637,0.367559,-0.080747,-0.840294,0.640067,-1.143642,0.38677,0.555399,-0.620212,-0.66592,1.416829,-0.184025,0.353656,0.017381,-1.088381,0.938442
767,Stranger: Mukou Hadan,anime_2418,-0.550987,0.508746,-0.215809,-0.176432,-0.317034,0.615327,0.317642,0.683236,-0.91254,0.588601,-0.751915,-0.79994,-0.721246,0.039243,-0.508477,-1.011296,-0.73491,0.273695,0.129002,-0.631658,0.905085,-0.367251,0.454297,-0.162366,0.320544,-0.786041,-0.116381,1.484231,-0.783839,1.028652,-0.801899,-0.377977,-0.224639,0.710506,0.502469,0.626634,0.42331,1.403399,-0.865856,-0.064732,1.364078,-0.495199,0.454184,0.399689,0.32975,-0.236814,0.268984,-0.227791,-0.126322,0.492739,0.407837,-0.98087,1.077981,-1.57232,0.322682,0.536129,-0.020338,-0.804132,1.92563,0.022327,-0.423515,0.371669,-1.241016,0.691971
768,Yuru Yuri,anime_10495,-0.486613,0.418399,-0.216124,0.146206,-0.417682,0.895758,0.92874,0.688824,-0.365995,0.227865,-0.984997,-1.03251,-0.313025,0.082477,-0.620712,-1.599303,-0.716279,0.13988,-0.45583,-0.73153,0.239558,0.405189,0.660237,0.371228,0.061539,-1.244375,0.176915,1.757598,-1.15031,0.902773,-0.921431,-1.042843,-0.392951,0.147162,0.351036,0.529851,0.26709,1.403921,0.387988,0.149663,0.907627,-0.572784,0.481723,-0.066374,0.123076,0.119573,-0.296526,0.08704,-1.020252,0.379634,0.305296,-0.334234,1.166671,-1.154315,0.001064,0.146953,-0.188644,-1.358499,1.453111,0.55997,-0.647672,0.999121,-0.943367,1.206983
769,Motto To LOVE-Ru,anime_9181,-0.963018,0.724211,-0.341831,-0.626602,0.310589,0.957852,0.684181,0.698107,-0.529413,0.038559,-0.105337,-0.870427,-0.456172,0.983262,0.034897,-1.124619,-0.481326,0.303285,-0.321859,-1.197571,1.123754,-0.029737,0.740584,-0.127689,0.783202,-1.440619,-0.186512,1.587055,-1.815529,0.996318,-0.76018,-0.224272,0.270662,-0.521408,0.730903,0.334337,0.504288,0.493528,-0.028643,-0.6963,1.551761,0.080643,0.881273,1.169887,0.721924,0.301232,0.283452,-0.306797,-0.522561,1.165997,1.028576,-0.187812,1.290335,-1.439237,0.928412,-0.12163,-0.659691,-0.896363,1.599971,0.280677,0.436203,0.553328,-1.218248,0.549665
770,Kakushigoto,anime_40716,-0.89949,0.798043,-0.307518,-0.675518,0.385845,1.059555,0.617017,0.526931,-0.615236,0.077874,-0.132062,-0.895375,-0.415877,0.797948,0.115318,-1.28404,-0.453782,0.237758,-0.350965,-1.323271,1.047753,0.100229,0.695856,-0.141476,0.886148,-1.590881,-0.150372,1.563989,-1.969305,0.891656,-0.789581,-0.180589,0.292464,-0.393192,0.856927,0.493242,0.410798,0.554567,0.058444,-0.549277,1.544552,0.198803,0.941909,1.128868,0.952465,0.319376,0.048351,-0.259184,-0.539106,1.112889,1.166143,-0.107875,1.358756,-1.626351,0.842445,-0.186871,-0.636922,-0.92767,1.753125,0.307951,0.398938,0.616733,-1.234344,0.557333
771,"Yuusha, Yamemasu",anime_50175,-0.446249,0.765354,0.070617,-0.348712,0.031666,0.551727,0.318653,0.218571,-0.980767,0.874166,-0.548644,-0.805585,-0.822354,0.151646,-0.214346,-0.889019,-0.576239,0.201288,1.002374,-0.852402,0.369505,-0.008239,0.585409,-0.17384,0.188403,-0.698898,0.005759,1.63021,-1.055475,1.030666,-0.462901,-0.394612,-0.116264,0.534329,1.093404,0.466494,0.685565,1.501512,-0.545438,0.044914,1.189449,-0.056912,0.617067,1.145254,0.501304,-0.165401,0.402896,0.205235,-0.85882,0.31874,0.213328,-0.63035,0.797459,-1.160326,0.448625,0.477621,-0.496756,-0.677711,1.75523,-0.125588,0.316882,0.361208,-1.254558,0.845002
772,Wolf's Rain,anime_202,-0.664447,0.435626,-0.098743,-0.182614,-0.381325,0.588958,0.313936,0.846369,-0.96079,0.746089,-0.683929,-0.871014,-0.722463,0.200093,-0.680535,-0.929078,-0.597953,0.259565,0.378675,-0.852814,0.934947,-0.540315,0.351788,-0.055331,0.649838,-0.544396,-0.038834,1.399655,-0.765007,1.329898,-0.639453,-0.323202,-0.183322,0.537663,0.594055,0.612179,0.572717,1.536072,-0.927074,-0.353527,1.273591,-0.323846,0.588289,0.584472,0.080445,-0.235952,0.382541,-0.265314,-0.27108,0.615387,0.217405,-1.078561,0.962294,-1.645617,0.251768,0.606393,0.045619,-0.658459,1.805407,-0.036623,-0.261062,0.002069,-1.006769,0.917422
773,Saihate no Paladin,anime_48761,-0.458701,0.587616,0.144034,-0.540092,0.080503,0.493361,0.362273,0.203361,-1.18935,0.979126,-0.529333,-0.895973,-0.897707,0.269713,-0.201646,-0.814126,-0.677484,0.233007,1.175747,-0.868448,0.371181,-0.166326,0.664801,-0.101129,0.215156,-0.613701,0.004439,1.637135,-1.138354,1.140018,-0.39135,-0.476233,-0.078108,0.55209,1.104032,0.503674,0.755219,1.631723,-0.557379,0.053766,1.306118,-0.200932,0.675714,1.246604,0.45135,-0.358623,0.480112,-0.008586,-0.950075,0.395215,0.064474,-0.761705,0.677801,-1.217434,0.245106,0.438749,-0.49258,-0.729056,1.478739,-0.208922,0.305299,0.167695,-1.252366,1.04689
774,Carole & Tuesday,anime_37435,-0.599492,0.349267,-0.218675,-0.316453,-0.526707,0.614784,0.256219,0.801246,-0.958391,0.831914,-0.761571,-0.75012,-0.959571,0.154561,-0.709621,-0.903158,-0.979898,0.10765,0.174281,-0.806715,0.850869,-0.395197,0.359573,-0.055974,0.626929,-0.549011,-0.030417,1.497542,-0.836015,1.17371,-0.815965,-0.446052,-0.097264,0.691362,0.472418,0.612299,0.738374,1.52944,-0.923411,-0.335617,1.508787,-0.492837,0.51173,0.627247,0.060035,-0.345204,0.450091,-0.523186,-0.067466,0.577502,0.088906,-1.011489,0.794433,-1.528206,0.366356,0.589839,-0.031574,-0.608119,1.514375,0.035538,-0.248973,0.02048,-0.992852,0.721192
775,Seikon no Qwaser,anime_6500,-1.099247,0.465067,-0.303367,-0.308142,-0.099628,0.772999,0.988549,0.890549,-0.697164,0.861695,-0.292205,-1.012219,-0.296085,0.829406,0.065073,-1.733282,-0.131183,0.641037,-0.085452,-0.966421,0.751746,-0.065539,1.369553,-0.144476,0.764828,-1.557022,0.177103,1.40521,-1.827602,1.189648,-0.545692,-0.253908,-0.391109,-0.958468,0.584914,0.521345,1.068177,1.172659,0.38929,-0.303966,1.41356,-0.439035,1.177385,0.982334,0.254429,0.699731,0.009932,-0.382668,-1.280214,1.101282,0.882073,-0.746431,1.671169,-1.237351,0.242085,-0.171643,-0.087531,-1.294073,1.701209,0.665181,-0.638863,0.396465,-1.039591,1.198083
776,Buddy Daddies,anime_53411,-0.40456,0.424965,-0.070782,-0.267936,-0.303048,0.513919,0.374593,0.429098,-0.727852,0.604875,-0.850443,-0.999237,-0.68174,-0.137735,-0.391297,-0.615385,-0.65154,-0.065837,0.332286,-0.945307,0.82956,-0.312644,0.491468,-0.364058,0.587373,-0.947344,-0.053951,1.228563,-0.874324,1.181803,-0.762723,-0.40051,-0.152342,0.44979,0.649373,0.713144,0.412595,1.500609,-0.670027,-0.350362,1.294496,-0.367361,0.436529,0.328482,0.516219,-0.079387,0.200134,0.083213,-0.113906,0.644229,0.500463,-0.750511,1.127446,-1.994082,0.288925,0.620197,-0.131302,-0.736833,1.8513,0.049181,-0.215919,0.158552,-1.10143,0.952766
777,Kiss x Sis,anime_5042,-1.047266,0.551668,-0.310582,-0.233028,-0.165233,0.774441,1.007063,0.751486,-0.510855,0.746662,-0.322888,-0.915737,-0.344277,0.76764,0.033826,-1.736678,-0.039599,0.559012,-0.150356,-1.005444,0.747642,-0.076258,1.307443,-0.256109,0.760604,-1.464791,0.118491,1.262314,-1.620286,1.161227,-0.643284,-0.241068,-0.367788,-0.891821,0.537319,0.613036,0.918732,1.068406,0.404285,-0.429303,1.526752,-0.460383,1.153355,0.842111,0.249455,0.69425,-0.07329,-0.337258,-1.141831,1.041683,0.914526,-0.691489,1.635677,-1.416274,0.354416,-0.239736,-0.141232,-1.232708,1.659134,0.724312,-0.589,0.506184,-0.910339,1.158514
778,K: Return of Kings,anime_27991,-0.738274,0.273707,-0.234774,-0.412694,-0.409005,0.467477,0.395128,0.67197,-1.161745,0.501471,-0.848308,-1.225469,-0.519648,-0.022733,-0.581868,-0.682138,-0.797787,0.199979,0.390256,-0.665591,0.777785,-0.314117,0.63834,-0.071673,0.351652,-0.980026,-0.057644,1.63944,-0.863852,1.237195,-0.889154,-0.475867,-0.19258,0.597662,0.607418,0.546263,0.656072,1.211501,-0.639015,-0.068759,1.19836,-0.592306,0.261533,0.547164,0.272315,-0.164935,0.379842,-0.034586,-0.287073,0.567505,0.331335,-0.978021,1.040996,-1.697226,0.326368,0.6518,0.097402,-0.569083,1.677061,-0.063533,-0.17385,0.058356,-1.24506,1.00209
779,Tsue to Tsurugi no Wistoria,anime_58059,-1.080334,0.726611,-0.210408,-0.738129,0.493471,0.794547,0.544818,0.867066,-0.683698,0.068538,0.014002,-1.151682,-0.573494,1.028182,0.059354,-1.116023,-0.415395,0.394319,-0.302306,-1.043159,1.115347,0.011757,0.918332,-0.044451,0.793812,-1.526134,-0.100387,1.752831,-2.075734,1.051135,-0.574205,-0.039793,0.194303,-0.594322,0.803728,0.169155,0.589841,0.737484,-0.093044,-0.696869,1.423309,0.176945,0.898268,1.308359,0.740375,0.357763,0.388172,-0.360221,-0.79037,1.180761,1.007464,-0.320787,1.42289,-1.302091,0.771309,-0.065603,-0.490043,-1.059602,1.699219,0.159463,0.378818,0.442145,-1.339401,0.598254
780,Danganronpa 3: The End of Kibougamine Gakuen - Zetsubou-hen,anime_33028,-0.082491,0.581593,-0.087142,-0.108708,0.064889,1.043405,-0.435737,0.776987,-1.116501,0.294071,-0.558898,-0.625721,-1.263001,-0.321036,-0.678608,-1.067314,-0.762225,0.15933,1.00673,-0.525397,0.349829,0.0109,0.518048,-0.083079,0.73311,-0.479666,0.107174,1.669038,-1.205629,1.084711,-0.477503,-0.080277,-0.316044,0.367237,0.717981,0.524478,0.511952,1.318454,-0.403502,0.205943,1.006854,-0.391875,0.60644,0.926624,-0.624447,-0.200732,0.549857,0.171187,-1.057366,0.766339,0.574669,-0.734568,0.635169,-0.921089,0.451667,0.632329,0.164473,-0.880482,1.754431,-0.383383,-0.089766,-0.044427,-1.113442,0.731662
781,"Kimi to Boku no Saigo no Senjou, Aruiwa Sekai ga Hajimaru Seisen",anime_40595,-0.339775,0.514832,0.205939,-0.471609,-0.028902,0.340206,0.126584,0.31358,-1.061271,0.627479,-0.652247,-0.77322,-0.934662,0.306999,-0.2494,-0.55524,-0.636652,0.090754,1.180772,-0.794854,0.390483,-0.273497,0.437512,-0.021547,0.191477,-0.588312,0.20286,1.453638,-1.27634,1.235001,-0.227248,-0.42288,-0.051231,0.337421,1.029827,0.582103,0.913885,1.701887,-0.516181,-0.190828,1.380107,0.038001,0.605549,1.121714,0.409735,-0.271021,0.605874,0.113639,-0.680918,0.309349,-0.282046,-0.643012,0.736805,-1.343939,0.227052,0.255997,-0.403366,-0.905211,1.45619,-0.153649,0.263772,0.25015,-1.075387,1.140642
782,Kono Oto Tomare!,anime_38080,-1.069105,0.674898,-0.271338,-0.749409,0.38003,0.966874,0.622389,0.714981,-0.63241,0.094006,-0.194285,-1.007703,-0.620799,1.077902,-0.071921,-1.174236,-0.544498,0.276692,-0.531933,-1.139252,1.100098,0.214361,0.816279,-0.146283,0.875883,-1.511791,-0.106411,1.748113,-1.979259,0.924877,-0.818207,-0.1049,0.316443,-0.590854,0.734586,0.341679,0.467104,0.666407,-0.054878,-0.702213,1.462641,0.132129,0.89585,1.14631,0.682964,0.307212,0.393268,-0.394415,-0.593892,1.19856,0.936931,-0.193436,1.171045,-1.371123,0.819284,0.037226,-0.59232,-0.827692,1.581301,0.351861,0.359456,0.362718,-1.252971,0.589174
783,Kaijuu 8-gou 2nd Season,anime_59177,-0.972034,0.674363,-0.315659,-0.681159,0.363734,0.824498,0.56733,0.854902,-0.602313,0.019332,-0.011499,-0.871009,-0.4242,1.157206,-0.032977,-1.260055,-0.612325,0.469815,-0.23492,-1.065042,1.059867,-0.060559,0.665343,0.073896,0.843821,-1.440002,-0.107583,1.618359,-2.018587,1.020767,-0.762418,-0.122438,0.162082,-0.437981,0.742966,0.383858,0.647864,0.639388,0.053777,-0.654875,1.518995,0.146954,0.938384,1.342652,0.488766,0.411358,0.272481,-0.39795,-0.532024,1.124735,0.953747,-0.303237,1.414029,-1.323574,0.800838,-0.113232,-0.53425,-1.057578,1.779056,0.170083,0.322959,0.576901,-1.20075,0.678729
784,Kimetsu no Yaiba Movie 1: Mugenjou-hen - Akaza Sairai,anime_59192,-1.061536,0.780856,-0.279473,-0.785644,0.554337,0.841583,0.498446,0.723171,-0.532234,0.002704,-0.094188,-1.002,-0.434889,1.087169,-0.007236,-1.24355,-0.73404,0.340288,-0.403711,-0.97717,1.101884,0.005974,0.775349,-0.052845,0.861906,-1.758629,-0.020598,1.786097,-2.001885,1.101408,-0.807192,-0.097963,0.186185,-0.439439,0.648244,0.434183,0.446742,0.741366,-0.064232,-0.458599,1.461269,0.113713,0.785639,1.236364,0.754861,0.492716,0.237483,-0.337809,-0.405708,1.236229,1.094511,-0.337177,1.426571,-1.440143,0.732287,-0.05808,-0.581971,-1.199124,1.76428,0.251452,0.399585,0.609108,-1.274347,0.563182
785,Bakuman. 3rd Season,anime_12365,-1.024547,0.80299,-0.307482,-0.570634,0.273251,0.958845,0.56456,0.69387,-0.460072,0.011252,-0.078629,-0.704325,-0.579377,1.081063,-0.121204,-1.415297,-0.32808,0.341392,-0.385832,-1.162393,1.091163,-0.108109,0.493565,-0.001618,0.982201,-1.349319,-0.056675,1.465011,-1.840435,1.042758,-0.84616,-0.062895,0.24398,-0.403219,0.672027,0.548408,0.509895,0.630145,-0.053029,-0.916405,1.541263,0.231706,0.90344,1.180385,0.534845,0.292604,0.23667,-0.385292,-0.373733,1.040425,0.75577,-0.397391,1.327418,-1.48981,0.974464,-0.201555,-0.509025,-0.92267,1.688553,0.326206,0.33963,0.596241,-1.062669,0.620305
786,Hanasaku Iroha,anime_9289,-0.676929,0.529066,-0.405537,-0.204984,-0.288319,0.551548,0.271214,0.635207,-1.082992,0.999288,-0.780211,-0.896686,-0.717677,0.146682,-0.775145,-0.902843,-0.699376,0.005709,0.521891,-0.939946,1.047057,-0.635649,0.384698,-0.167178,1.037775,-0.52848,0.016661,1.399318,-0.462585,1.344962,-0.743884,-0.267349,0.028824,0.55122,0.771677,0.826275,0.605557,1.35086,-1.047734,-0.403803,1.473177,-0.191749,0.571882,0.888383,0.284447,-0.153858,0.576793,-0.100069,-0.097618,0.598409,0.101061,-1.107755,0.643987,-1.864644,0.35515,1.006983,-0.177949,-0.747053,1.752823,0.11576,0.093901,-0.318208,-0.789813,1.147668
787,Fate/stay night: Unlimited Blade Works Prologue,anime_27821,-0.244012,0.595747,-0.069029,-0.06399,0.04453,0.809129,-0.347988,0.797458,-1.096637,0.55734,-0.353049,-0.736796,-1.183559,-0.363246,-0.605691,-1.267463,-0.52899,0.262146,1.311303,-0.737497,0.481361,-0.180201,0.546936,0.013733,0.676311,-0.539782,0.11368,1.669883,-1.201493,1.237413,-0.418013,-0.141878,-0.312843,0.442199,0.886897,0.308766,0.425599,1.266805,-0.448378,0.141297,0.901762,-0.484405,0.632162,0.995604,-0.600845,-0.1789,0.659236,0.270311,-1.208961,0.741958,0.356758,-0.692891,0.564109,-0.865475,0.545031,0.611058,0.178412,-0.97674,1.70058,-0.374383,-0.200289,-0.096156,-1.177971,0.934743
788,Fullmetal Alchemist: The Conqueror of Shamballa,anime_430,-0.988444,0.746624,-0.314497,-0.69439,0.332821,0.886568,0.503512,0.731761,-0.645946,-0.012435,-0.093042,-0.808872,-0.40956,1.214146,-0.067,-1.396035,-0.547121,0.481908,-0.433721,-0.986252,1.130795,-0.002721,0.573522,0.06561,0.824259,-1.453829,-0.091192,1.647172,-1.978121,1.012119,-0.833622,-0.004751,0.210141,-0.354322,0.758917,0.430129,0.546683,0.652904,-0.027943,-0.671473,1.537006,0.115049,0.925494,1.234792,0.511628,0.439824,0.285104,-0.432422,-0.457757,1.145032,0.939405,-0.428342,1.441261,-1.311525,0.84226,-0.089949,-0.562299,-1.06741,1.794709,0.239231,0.273496,0.612132,-1.262124,0.594593
789,One Punch Man Specials,anime_31772,-1.011032,0.923604,-0.33397,-0.906664,0.244816,0.329997,0.369511,0.480674,-0.700937,1.4832,-0.394351,-0.296916,-1.224413,1.049554,0.044203,-1.728773,-0.228001,0.655785,0.693701,-1.127296,1.191552,-0.767507,1.118842,-0.280796,1.202462,-1.005887,0.009148,1.471152,-1.455966,1.258735,-0.410854,0.353643,-0.67013,0.135642,0.56305,1.184816,1.311894,0.944316,-0.196103,-0.360086,1.61964,-0.659491,1.401023,2.046126,0.398586,0.446301,-0.088561,-0.847236,-0.927118,1.030614,1.281848,-1.25967,1.497416,-1.28825,0.603675,0.024719,0.089106,-1.342568,2.168351,-0.026516,-0.204002,-0.34748,-1.021048,0.878307
790,Gintama.,anime_34096,-0.9632,0.7784,-0.299233,-0.700263,0.43451,1.035558,0.661935,0.568093,-0.56976,-0.080941,-0.142818,-0.963322,-0.424419,1.001512,0.076192,-1.279781,-0.591823,0.339505,-0.466877,-1.077831,1.169659,0.148447,0.771757,-0.02517,0.75243,-1.655634,-0.132705,1.661314,-1.939163,0.850034,-0.897582,-0.152082,0.216705,-0.444889,0.844908,0.447218,0.520082,0.510412,0.057221,-0.420982,1.535947,0.064959,0.91339,1.204513,0.786016,0.422136,0.240834,-0.270254,-0.549767,1.228337,1.089449,-0.192416,1.404039,-1.432299,0.796592,-0.098598,-0.564202,-1.062129,1.733789,0.269151,0.290791,0.622271,-1.26339,0.5527
791,Nejimaki Seirei Senki: Tenkyou no Alderamin,anime_31764,-0.370979,0.65781,0.226346,-0.548722,0.153647,0.380637,0.186356,0.331224,-1.071354,0.761998,-0.601558,-0.682065,-0.954637,0.436692,-0.216503,-0.752532,-0.717473,0.346867,1.229603,-0.719704,0.458061,-0.201403,0.43909,-0.050731,0.067527,-0.591346,0.148544,1.521666,-1.231142,1.286464,-0.284358,-0.35158,-0.003808,0.564806,1.068562,0.525,0.925219,1.707106,-0.441954,-0.224266,1.355793,-0.1566,0.657511,1.219105,0.284568,-0.230093,0.526034,0.002745,-0.713085,0.181883,-0.174423,-0.89775,0.91313,-1.157012,0.201049,0.199283,-0.456618,-0.892129,1.657297,-0.194923,0.11792,0.389585,-1.199277,1.200149
792,xxxHOLiC,anime_861,-1.031094,0.625355,-0.164081,-0.356512,0.073877,0.718773,0.81064,0.555504,-0.500012,0.954006,-0.298966,-0.630656,-0.462002,1.019407,-0.071092,-1.819932,-0.187722,0.645647,-0.144015,-1.055912,0.806623,-0.174274,0.985908,-0.232158,1.215012,-1.531261,0.221829,1.391617,-1.702668,1.345271,-0.792353,-0.110504,-0.436415,-0.687126,0.441973,0.875013,1.060722,1.157024,0.162058,-0.475812,1.356372,-0.377023,1.140157,1.30287,0.327084,0.702039,-0.199278,-0.338126,-0.834006,0.963034,0.755046,-0.88654,1.536879,-1.326523,0.495363,-0.070816,-0.272,-1.290004,1.77702,0.687116,-0.534474,0.186538,-0.842375,1.265137
793,Seto no Hanayome,anime_2104,-0.95722,0.805358,-0.274287,-0.692009,0.434308,0.897564,0.633861,0.635853,-0.495697,0.004236,-0.200811,-0.922383,-0.500046,1.024193,-0.016376,-1.208145,-0.447431,0.222855,-0.365882,-1.153178,1.073999,-0.024962,0.780551,-0.119038,0.935075,-1.61365,0.016243,1.623687,-1.994828,1.026143,-0.7711,-0.110299,0.199514,-0.485527,0.704638,0.475343,0.50991,0.635408,-0.023612,-0.708846,1.563969,0.253335,0.917087,1.250515,0.778414,0.388508,0.241962,-0.275814,-0.539765,1.1735,1.035357,-0.164231,1.259739,-1.606049,0.784408,-0.105008,-0.653444,-0.969672,1.602898,0.302411,0.361624,0.550757,-1.156035,0.650244
794,Kuroko no Basket Movie 4: Last Game,anime_31658,-1.043245,0.693079,-0.248445,-0.716066,0.572267,0.89401,0.801027,0.771281,-0.473616,-0.11519,-0.112677,-0.903968,-0.624073,1.076939,-0.027634,-1.394443,-0.550983,0.551553,-0.513317,-0.99958,1.062366,0.072456,0.829334,-0.029748,0.804325,-1.399006,-0.112428,1.659233,-1.965373,0.871946,-0.820793,-0.081021,0.122952,-0.555485,0.763155,0.255571,0.263092,0.752251,0.032109,-0.829419,1.569392,0.049407,0.92195,1.041082,0.487716,0.445127,0.286407,-0.492779,-0.719693,1.185257,0.944585,-0.302216,1.382484,-1.477433,0.682271,-0.015417,-0.396026,-1.016592,1.73044,0.222919,0.203529,0.612776,-1.235055,0.663214
795,Ben-To,anime_10396,-0.435225,0.699337,0.024989,-0.255746,0.046395,0.627388,0.429443,0.117781,-0.81232,0.673409,-0.717677,-0.802982,-0.910751,0.163082,-0.184879,-0.833614,-0.702071,0.020953,0.873396,-0.75178,0.231631,-0.120055,0.564077,-0.16395,0.200066,-0.781121,0.06756,1.512966,-1.028779,1.028224,-0.574611,-0.562569,-0.074759,0.581515,0.874377,0.741673,0.595743,1.523011,-0.462872,0.179716,1.122656,-0.091541,0.474847,0.883707,0.544367,-0.187267,0.324133,0.408952,-0.683747,0.333333,-0.023215,-0.581888,0.672312,-1.277935,0.391974,0.263216,-0.333772,-0.775706,1.599887,0.011091,0.257443,0.304042,-1.221238,1.001053
796,Grancrest Senki,anime_34279,-0.425555,0.572832,0.314748,-0.52332,0.087194,0.367935,0.211266,0.29703,-1.043704,0.717186,-0.592714,-0.580015,-1.081494,0.475789,-0.237273,-0.756488,-0.71347,0.27665,1.21601,-0.768427,0.440967,-0.330073,0.374307,-0.072368,0.135519,-0.533983,0.261427,1.454979,-1.171636,1.39853,-0.27666,-0.33378,0.030633,0.505835,0.974504,0.626481,0.916708,1.734646,-0.532359,-0.310775,1.394037,-0.145644,0.663592,1.13698,0.236215,-0.289693,0.560362,-0.057445,-0.683524,0.217798,-0.439428,-0.940099,0.778297,-1.229722,0.210823,0.151732,-0.401592,-0.913324,1.499229,-0.141996,0.141504,0.264028,-1.033087,1.242788
797,School Rumble,anime_24,-0.976483,0.749129,-0.293843,-0.649511,0.340271,0.917503,0.603093,0.660508,-0.441527,0.053649,-0.118268,-0.880419,-0.522192,0.965107,0.064966,-1.197272,-0.523414,0.244808,-0.341864,-1.147765,1.096918,0.070289,0.758347,-0.194747,0.835573,-1.516316,-0.164233,1.68182,-1.904962,0.897888,-0.712576,-0.178574,0.281093,-0.550501,0.683501,0.398626,0.387998,0.495673,-0.048145,-0.704415,1.502756,0.15047,0.871039,1.185701,0.773943,0.330247,0.220645,-0.294379,-0.625579,1.073608,0.998531,-0.076356,1.110697,-1.528354,0.765511,-0.042195,-0.698658,-0.915765,1.595131,0.300898,0.420868,0.525653,-1.149822,0.577698
798,Tales of Zestiria the Cross,anime_30911,-0.573828,0.495476,-0.172751,-0.366571,0.268626,1.002763,-0.085586,0.765599,-0.719497,0.830484,-0.248161,-1.433394,-0.669533,0.124614,-0.692649,-1.148951,-0.392701,0.53732,0.636004,-1.211349,1.291408,0.207656,0.33897,0.39483,0.607373,-0.759189,-0.342614,1.880382,-1.279657,1.391651,-0.655076,0.008523,-0.084895,0.116401,0.349218,0.151428,0.150143,0.928954,-0.015412,-0.623836,0.626905,-0.671821,0.789405,1.090387,-0.175181,-0.419236,0.046918,0.216462,-0.766757,0.820964,1.214479,-0.702232,0.849379,-0.636932,-0.275278,0.908492,0.116057,-0.822769,1.980717,-0.814956,0.417855,0.228577,-0.977241,1.680101
799,One Punch Man: Road to Hero,anime_31704,-0.986573,0.963613,-0.373324,-0.919954,0.281442,0.428567,0.364641,0.508083,-0.716201,1.437243,-0.428482,-0.351902,-1.180804,1.077828,0.047685,-1.667325,-0.156509,0.599772,0.632036,-1.145961,1.280544,-0.750535,1.118523,-0.188553,1.200082,-1.083124,0.055734,1.429582,-1.541179,1.276289,-0.414342,0.29901,-0.706499,0.039127,0.62109,1.18592,1.353648,0.957046,-0.133763,-0.358494,1.538102,-0.664511,1.364306,1.986488,0.394386,0.474725,-0.011338,-0.78586,-0.924575,1.08533,1.211815,-1.204155,1.478696,-1.303918,0.608522,-0.032575,0.141471,-1.357367,2.183545,0.057736,-0.323793,-0.267044,-1.110518,0.915793
800,Haikyuu!! Riku vs. Kuu,anime_40262,-1.044052,0.692693,-0.24972,-0.716674,0.573513,0.892052,0.796344,0.771209,-0.474363,-0.114481,-0.113025,-0.901143,-0.624441,1.078197,-0.027503,-1.390952,-0.552141,0.550585,-0.513021,-1.001535,1.063217,0.070911,0.827078,-0.028697,0.804323,-1.398433,-0.114055,1.658335,-1.966119,0.873059,-0.820754,-0.079755,0.122991,-0.555849,0.762035,0.254845,0.264707,0.750754,0.028777,-0.828511,1.567049,0.051746,0.919367,1.043309,0.491442,0.444857,0.285155,-0.490376,-0.717287,1.185482,0.943116,-0.299242,1.379781,-1.475124,0.684473,-0.015092,-0.396611,-1.014924,1.73057,0.224517,0.203668,0.612388,-1.236234,0.661012
801,Devil May Cry,anime_1726,-0.603045,0.544735,-0.16107,-0.273344,0.276191,0.993309,-0.035786,0.806277,-0.442034,0.750625,-0.329403,-1.15815,-0.693491,0.235693,-0.825565,-1.161901,-0.494174,0.460817,0.565333,-1.096048,1.325083,0.124663,0.048455,0.570018,0.845538,-0.539778,-0.248778,1.681835,-1.185751,1.552078,-0.755751,-0.101484,-0.047463,-0.095498,0.250895,0.50811,0.240323,1.157081,-0.069697,-0.701322,0.553758,-0.58292,0.760779,1.078428,-0.305231,-0.291343,0.141111,0.229275,-0.518053,0.924318,0.839774,-0.679994,0.782012,-0.725947,-0.266647,0.752793,0.300719,-0.808689,2.080334,-0.677748,0.500603,-0.005176,-0.802911,1.922862
802,Machine-Doll wa Kizutsukanai,anime_17247,-0.525356,0.561201,0.185128,-0.393931,0.057981,0.546826,0.18421,0.420894,-1.06078,0.655294,-0.643556,-0.787204,-0.953759,0.269656,-0.256494,-0.444896,-0.678209,0.117659,1.004157,-0.823503,0.349332,-0.304618,0.534055,-0.117705,0.116589,-0.653633,0.331608,1.50593,-1.208965,1.307258,-0.214239,-0.322873,-0.054937,0.339719,1.033698,0.387429,0.823475,1.73338,-0.558164,-0.097674,1.177573,-0.054717,0.687354,0.853715,0.491359,-0.218532,0.501624,0.054156,-0.854348,0.394498,-0.270432,-0.6134,0.672548,-1.150117,0.308452,0.237867,-0.35466,-0.69043,1.585388,-0.048628,0.225043,0.209887,-1.156724,0.967007
803,JoJo no Kimyou na Bouken Part 6: Stone Ocean Part 2,anime_51367,-1.099592,0.894703,-0.32777,-0.771134,0.483646,0.818996,0.757415,0.733675,-0.819345,-0.017268,0.08516,-1.170259,-0.322059,1.229157,0.008708,-1.320195,-0.517954,0.57496,-0.262888,-1.068705,1.118532,0.105618,0.790786,-0.0171,0.530532,-1.682365,-0.16561,1.769601,-1.81248,1.138794,-0.884311,-0.10093,0.140833,-0.357529,0.852543,0.257314,0.532604,0.352877,0.154778,-0.419034,1.412952,0.006216,0.788795,1.228719,0.516205,0.336875,0.16884,-0.316127,-0.767234,1.138731,1.101889,-0.386088,1.433443,-1.301833,0.819211,-0.114054,-0.549943,-0.825855,1.868999,0.117423,0.207394,0.725524,-1.401225,0.624602
804,Kanata no Astra,anime_39198,-0.917508,0.699209,-0.351802,-0.640094,0.416899,0.995896,0.640956,0.675311,-0.635772,-0.022072,-0.097903,-0.813161,-0.429657,1.241911,-0.038432,-1.374665,-0.588558,0.438592,-0.438176,-1.116152,1.185686,0.049375,0.598891,0.024749,0.776061,-1.503806,-0.126214,1.706392,-1.901431,0.894101,-0.788262,-0.200607,0.260187,-0.327075,0.715174,0.376126,0.518397,0.634532,-0.024742,-0.539734,1.541317,0.022482,0.937718,1.116856,0.691599,0.318668,0.22047,-0.451542,-0.586,1.24276,1.145285,-0.392596,1.355181,-1.315294,0.696244,0.070269,-0.627508,-0.909834,1.736695,0.202566,0.324078,0.596221,-1.268049,0.504687
805,Code Geass: Fukkatsu no Lelouch,anime_34437,-0.554265,0.344897,-0.267714,-0.404553,-0.500333,0.45479,0.289006,0.737409,-1.014219,0.707929,-0.921011,-0.90992,-0.704974,0.083679,-0.675733,-0.718445,-0.857368,0.111482,0.328932,-0.761296,0.850864,-0.415657,0.410044,-0.057442,0.582012,-0.614149,-0.063176,1.513679,-0.804697,1.158131,-0.799813,-0.511712,-0.03863,0.477128,0.600207,0.61672,0.728267,1.40225,-0.772039,-0.28222,1.433419,-0.517225,0.436481,0.623929,0.236046,-0.25208,0.493161,-0.258015,-0.134185,0.626172,0.248953,-0.846254,0.88998,-1.761193,0.368503,0.617605,-0.175705,-0.45564,1.494036,0.043679,-0.214048,0.022666,-1.047903,0.900154
806,Undead Unluck,anime_52741,-1.033911,0.897585,-0.267888,-0.718115,0.478992,0.955083,0.725024,0.567415,-0.551582,-0.10105,0.057014,-1.028997,-0.350692,1.086431,0.013587,-1.225245,-0.503787,0.370186,-0.320295,-1.091717,1.024927,0.13237,0.797239,-0.068121,0.740903,-1.707017,-0.17015,1.610642,-1.739969,1.089633,-0.958838,-0.118674,0.162421,-0.397348,0.891739,0.453347,0.464763,0.396619,0.178024,-0.533671,1.379254,0.012444,0.726137,1.175524,0.676367,0.464247,0.097364,-0.205753,-0.575518,1.119565,1.008296,-0.259969,1.442107,-1.471007,0.967556,-0.170191,-0.459866,-0.934185,1.879821,0.148491,0.332907,0.567141,-1.274696,0.705194
807,Vanitas no Karte Part 2,anime_49114,-1.026478,0.69292,-0.286127,-0.648542,0.398287,0.957972,0.555309,0.741766,-0.50713,0.013809,-0.086566,-0.863682,-0.45374,1.128852,-0.019967,-1.389008,-0.548486,0.444995,-0.39168,-1.020474,1.13506,-0.0212,0.61444,0.154222,0.931168,-1.464823,-0.065175,1.644962,-2.104267,0.938904,-0.775917,-0.105314,0.143607,-0.354455,0.7419,0.479497,0.547786,0.772714,0.00096,-0.660332,1.503668,0.065679,0.958029,1.216602,0.553766,0.381008,0.206971,-0.543981,-0.507866,1.166694,0.945563,-0.471853,1.427273,-1.362932,0.722355,-0.080216,-0.4152,-1.067294,1.779674,0.196125,0.243525,0.638248,-1.289918,0.595064
808,Amaama to Inazuma,anime_32828,-0.839349,0.523532,-0.270747,-0.238752,-0.033289,0.77235,0.987693,0.574693,-0.529234,0.69033,-0.422256,-0.831027,-0.466689,0.840002,0.038133,-1.824182,-0.265777,0.700325,-0.229129,-0.918403,0.921636,0.003005,1.190666,-0.239357,0.82079,-1.534858,0.153725,1.440772,-1.855406,0.941031,-0.718323,-0.273185,-0.437994,-0.789977,0.462937,0.666651,0.959252,1.121283,0.448567,-0.216623,1.397263,-0.424918,1.227149,0.933347,0.33943,0.656243,-0.192589,-0.362716,-1.095973,1.05929,0.919887,-0.736459,1.559652,-1.202584,0.239845,-0.146826,-0.158753,-1.251244,1.826837,0.678581,-0.616111,0.599685,-1.122844,1.052579
809,Freezing,anime_9367,-1.008106,0.469548,-0.3533,-0.409463,-0.194444,0.644115,1.022585,0.715447,-0.813714,0.882264,-0.311079,-0.99867,-0.269412,0.917212,0.037644,-1.783901,-0.226072,0.596778,-0.076204,-0.957651,0.788892,-0.034818,1.275974,-0.107029,0.856871,-1.542292,0.037204,1.420548,-1.700945,1.177295,-0.747764,-0.349433,-0.39798,-0.922636,0.54788,0.717046,1.166992,0.978624,0.336659,-0.248106,1.456961,-0.460417,1.098266,1.221418,0.192254,0.660637,0.015467,-0.263435,-1.079131,1.076914,0.882049,-0.750787,1.684228,-1.275798,0.391703,-0.127766,-0.186481,-1.306814,1.603415,0.641482,-0.607567,0.302689,-0.996411,1.269015
810,Soredemo Sekai wa Utsukushii,anime_22101,-0.340115,0.456936,-0.066831,-0.088696,0.113129,0.58883,0.997511,0.742857,0.111575,0.831614,0.056639,-1.198421,-0.376338,1.22333,-0.177026,-2.024614,0.072313,0.652767,0.127508,-1.129152,1.146838,0.211204,0.684407,-0.283768,0.353644,-1.212217,-0.512255,1.599872,-1.893241,1.852555,-0.377077,-0.716471,-0.336612,0.021438,0.29853,0.378877,1.441292,1.132707,0.714327,-0.467663,1.550527,-0.170167,1.00222,1.055781,0.015977,-0.114975,-0.42611,-0.111192,-0.850893,1.319074,0.23451,-0.554775,1.904564,-1.043808,-0.167924,-0.549221,-0.041702,-0.700011,1.448948,0.398242,-0.702442,0.388509,-1.110129,1.12868
811,Acchi Kocchi,anime_12291,-0.457342,0.52073,-0.632172,-0.01196,-0.20567,1.174581,0.973065,0.804515,-0.413498,1.217056,-0.69864,-1.112891,-0.507895,0.148245,-0.649815,-1.518556,0.118791,0.144064,-0.24221,-1.32876,0.139204,-0.320739,0.667734,0.142616,0.471327,-0.506874,-0.069508,1.348998,-0.819932,1.085602,-0.114199,-0.523111,-0.726031,-0.166996,0.783259,0.734968,0.440623,1.692874,-0.212567,-0.126142,0.674148,-0.479791,0.433562,-0.040284,0.182574,-0.229655,0.208628,0.310182,-1.04276,0.618746,0.627611,-0.001523,0.945578,-1.296143,-0.28746,0.174702,0.698417,-1.415911,1.989054,0.274086,-0.530474,0.21564,-0.758369,1.418738
812,Noragami OVA,anime_20767,-1.055137,0.880925,-0.30243,-0.632883,0.581047,0.92952,0.562618,0.803032,-0.28966,0.074463,-0.050439,-0.717335,-0.584797,1.107478,-0.052778,-1.272082,-0.533166,0.368566,-0.359935,-1.07046,1.028008,-0.120719,0.633324,-0.13251,0.951101,-1.439828,0.044558,1.619728,-1.857212,1.217069,-0.78598,-0.050211,0.20893,-0.389318,0.628709,0.48751,0.457819,0.72827,-0.024933,-0.887505,1.415395,0.073427,0.894421,1.188706,0.615144,0.52221,0.174182,-0.406782,-0.423386,1.090262,0.888052,-0.27851,1.269627,-1.487432,0.901718,-0.10655,-0.662985,-0.990645,1.76515,0.338654,0.370184,0.52921,-1.138571,0.742008
813,Skip to Loafer,anime_50416,-1.03052,0.510677,-0.291728,-0.259256,0.136299,0.804197,1.004609,0.841779,-0.588557,1.023084,-0.293393,-0.978885,-0.578554,1.05965,-0.015842,-1.789161,0.018461,0.605519,-0.527716,-1.058693,0.759279,-0.134666,1.271162,-0.457692,0.87627,-1.654141,0.333592,1.581938,-1.856354,1.332532,-0.554708,-0.057923,-0.429391,-0.967313,0.437051,0.738458,1.209898,1.295019,0.205201,-0.492734,1.221715,-0.403266,1.07947,0.978213,0.185661,0.729552,0.104708,-0.242291,-1.134891,1.136796,0.520483,-0.719513,1.642019,-1.191524,0.195129,-0.102855,-0.086997,-1.253977,1.632555,0.91577,-0.794556,0.051056,-0.99763,1.273415
814,C: The Money of Soul and Possibility Control,anime_10163,-0.595913,0.256001,-0.281635,-0.288086,-0.443992,0.657204,0.262093,0.886222,-1.011455,0.450275,-0.967448,-0.985456,-0.629956,0.079185,-0.586711,-0.618885,-0.843104,0.114148,0.243777,-0.922699,1.011598,-0.400828,0.401261,0.068644,0.679108,-0.672405,-0.087059,1.464588,-0.820323,1.33243,-0.621294,-0.644013,-0.116097,0.647501,0.652875,0.512483,0.745066,1.400298,-0.76108,-0.154993,1.393979,-0.539598,0.594893,0.468105,0.228747,-0.224409,0.276919,-0.242215,-0.282773,0.700376,0.420993,-0.948449,1.014195,-1.743585,0.091795,0.699548,0.079988,-0.4188,1.557555,-0.164435,-0.294462,0.100942,-1.07938,0.717361
815,Yubisaki to Renren,anime_55866,-0.355976,0.132268,-0.144412,-0.013869,-0.065309,0.541981,1.090145,0.47131,0.284242,0.626023,-0.123224,-1.20728,-0.361229,0.984696,-0.162419,-2.191047,-0.146992,0.383509,0.027105,-0.958138,0.691852,0.371399,0.999051,-0.558181,0.16773,-1.496021,-0.465404,1.770319,-1.843897,1.583045,-0.561591,-0.749054,-0.32701,0.211474,0.031256,0.609207,1.304503,1.018805,0.744162,-0.392136,1.67655,-0.202666,0.814574,0.986107,-0.013801,0.139875,-0.598944,0.119653,-0.706681,1.204925,0.4305,-0.402818,2.197124,-1.192577,-0.24095,-0.457355,-0.008419,-0.94068,1.217289,0.451239,-0.386559,0.148098,-0.881034,1.154
816,Just Because!,anime_35639,-0.557746,0.376014,-0.247803,-0.128891,-0.478223,0.632816,0.151617,0.813959,-0.839948,0.563817,-0.908359,-0.884229,-0.813993,0.104438,-0.554962,-0.491225,-0.672853,-0.082237,0.134392,-0.971318,0.87473,-0.581945,0.389307,-0.330011,0.462541,-0.732233,0.135815,1.444191,-0.927952,1.333845,-0.476159,-0.404882,-0.06031,0.325629,0.42322,0.440508,0.673059,1.403425,-0.890824,-0.396528,1.338983,-0.231358,0.51656,0.269215,0.277473,-0.247918,0.413985,-0.094477,-0.194878,0.696437,0.015727,-0.560539,0.653681,-1.770294,0.111773,0.589265,-0.218023,-0.442587,1.494452,0.183869,-0.203429,-0.0197,-0.979041,0.721208
817,"Shijou Saikyou no Daimaou, Murabito A ni Tensei suru",anime_48415,-0.465074,0.461921,0.230463,-0.468121,0.160476,0.503192,0.298294,0.280276,-1.074424,0.764262,-0.633233,-0.893869,-0.937136,0.265015,-0.137017,-0.573801,-0.692736,0.096745,1.129619,-0.85441,0.282719,-0.372313,0.627109,-0.171796,0.153289,-0.665591,0.185619,1.550728,-1.14796,1.294994,-0.177589,-0.454505,-0.025349,0.455618,1.035111,0.558463,0.867756,1.808602,-0.593358,-0.108061,1.223028,-0.175748,0.593382,1.079866,0.551993,-0.3504,0.543864,-0.005439,-0.8328,0.422757,-0.293195,-0.821099,0.753226,-1.191248,0.174404,0.167941,-0.384889,-0.823832,1.333622,-0.174207,0.217266,0.121071,-1.14589,1.154586
818,Shingeki no Kyojin: Lost Girls,anime_36106,0.47645,0.903316,0.132445,0.211301,0.68615,0.896098,0.0798,0.755546,-0.510704,0.26175,-0.285527,-1.20369,-1.167613,-0.324045,-1.282429,-1.295468,-0.299163,0.00308,1.013255,-0.046773,0.497005,0.290365,0.177214,0.0409,0.17784,-0.978141,0.217508,1.271562,-0.640531,0.676297,-0.433398,0.622946,-0.163679,0.216006,0.265755,-0.151912,0.398558,0.698279,-0.856439,-0.592804,2.080027,-0.74151,0.146615,0.764514,-0.507804,-0.265306,0.452017,-0.047772,0.083133,0.469267,1.015745,-1.242382,0.745073,-0.855526,0.421254,0.854045,0.592721,-1.177617,1.909547,0.066784,-0.00974,-0.351134,-1.097338,1.303542
819,Koi wa Ameagari no You ni,anime_34984,-1.072985,0.403294,-0.301771,-0.274623,-0.330749,0.567462,0.980996,0.740463,-0.661443,0.870706,-0.268963,-0.899445,-0.544927,0.947345,-0.119194,-1.905273,0.034732,0.528943,-0.168178,-1.014632,0.787698,-0.137687,1.070493,-0.151002,0.975537,-1.379595,0.217628,1.400731,-1.728145,1.183728,-0.71787,-0.186472,-0.406319,-1.070973,0.331145,0.789254,1.102421,1.064813,0.116415,-0.505637,1.497343,-0.277942,1.064992,1.116461,0.094519,0.597375,0.147642,-0.308277,-1.063084,1.09088,0.524223,-0.776239,1.420036,-1.451365,0.374959,-0.027079,-0.133379,-1.328916,1.441341,0.796369,-0.550339,0.245408,-0.752771,1.239142
820,Mamahaha no Tsurego ga Motokano datta,anime_49470,-0.390576,0.591111,0.169734,-0.171728,-0.210334,0.424763,0.329934,0.030155,-0.550514,0.646978,-0.626999,-0.678047,-0.846454,-0.010217,-0.191034,-0.798027,-0.505374,-0.227252,0.830554,-1.064751,0.322937,-0.170204,0.394606,-0.350013,0.444376,-0.715586,-0.0058,1.229298,-0.849755,0.996317,-0.470184,-0.446981,-0.170587,0.309351,1.04228,0.847304,0.346901,1.475645,-0.544074,-0.271274,1.250777,0.097462,0.493597,0.836501,0.453757,-0.335004,0.388735,0.332098,-0.699868,0.406103,0.02666,-0.315464,0.651421,-1.58173,0.668607,0.530121,-0.554774,-0.698535,1.473899,-0.051096,0.411154,0.32993,-0.846192,0.819867
821,Slam Dunk,anime_170,-1.026327,0.70761,-0.241342,-0.750578,0.566179,0.896602,0.817816,0.727918,-0.519674,-0.092269,-0.123526,-0.961803,-0.600013,1.039049,0.018731,-1.336702,-0.55618,0.494184,-0.492531,-1.028164,1.066336,0.148733,0.9147,-0.088656,0.774325,-1.447221,-0.141722,1.68732,-1.956845,0.837254,-0.795977,-0.124123,0.166332,-0.622447,0.794218,0.211146,0.267497,0.715465,0.04127,-0.773481,1.578161,0.070005,0.909115,1.036504,0.579242,0.427932,0.294704,-0.431699,-0.773913,1.219724,1.016835,-0.218866,1.359231,-1.523814,0.67204,0.030754,-0.472712,-0.996172,1.669809,0.196123,0.251411,0.552938,-1.25371,0.643406
822,Kakkou no Iinazuke,anime_48675,-0.939822,0.751974,-0.314788,-0.538069,0.215773,1.003353,0.696692,0.508344,-0.452862,-0.015391,-0.116334,-0.902722,-0.320847,0.871823,0.056718,-1.252084,-0.315266,0.229674,-0.239719,-1.261266,1.054885,-0.023232,0.737891,-0.201375,0.792687,-1.478456,-0.238186,1.510661,-1.729576,0.986111,-0.778805,-0.238282,0.266619,-0.442958,0.75732,0.428121,0.399476,0.411934,-0.016677,-0.702281,1.641257,0.191266,0.814289,1.213495,0.773509,0.28084,0.235786,-0.20847,-0.482498,1.182989,1.056129,-0.177259,1.34231,-1.593312,0.936723,-0.142292,-0.6729,-0.940241,1.539109,0.222189,0.554179,0.578081,-1.122778,0.538079
823,Fumetsu no Anata e Season 2,anime_49709,-1.119619,0.883669,-0.273997,-0.740494,0.465811,0.972679,0.609966,0.767084,-0.668745,0.27499,-0.031751,-0.945377,-0.480639,1.237089,-0.053854,-1.312622,-0.525023,0.421285,-0.217249,-1.150212,1.11081,0.080012,0.715236,-0.236526,0.748492,-1.600758,0.111821,1.820561,-1.887556,1.265553,-0.760598,-0.020742,0.345047,-0.542127,0.695198,0.165497,0.521131,0.493285,-0.049924,-0.639708,1.457788,0.187164,0.87883,1.295305,0.568711,0.385982,0.275654,-0.32427,-0.646298,1.238556,1.018118,-0.272935,1.18585,-1.42385,0.828638,0.001479,-0.923661,-0.86642,1.61364,0.330462,0.417704,0.46472,-1.169232,0.607606
824,NieR:Automata Ver1.1a,anime_51105,-0.492981,0.49537,-0.104863,-0.333598,0.350976,1.005148,-0.157115,0.935419,-0.454001,0.63106,-0.309752,-1.194219,-0.905092,0.140887,-0.781499,-1.022219,-0.583062,0.453597,0.508041,-1.002623,1.36873,0.212472,0.169656,0.555912,0.691121,-0.585557,-0.238305,1.829748,-1.382015,1.313397,-0.66734,-0.085662,-0.046597,-0.131298,0.213594,0.200305,0.39295,1.18936,-0.097046,-0.884939,0.593827,-0.737832,0.644329,1.107453,-0.359251,-0.337762,0.254036,0.054019,-0.484147,0.808763,1.015372,-0.870691,0.977488,-0.5726,-0.308788,0.603046,0.313366,-1.001645,2.069858,-0.586808,0.382172,0.234224,-0.999973,1.821475
825,Sword Art Online: Extra Edition,anime_20021,-0.432516,0.545914,0.479866,-0.463892,0.308181,0.431072,0.32738,0.249767,-0.978981,0.605258,-0.525073,-0.620136,-1.175632,0.370842,-0.15002,-0.724311,-0.732173,0.319353,1.258094,-0.673265,0.446711,-0.422737,0.51457,-0.092687,0.072698,-0.664166,0.332549,1.54062,-1.160181,1.358935,-0.062443,-0.336463,0.109796,0.537262,1.088177,0.569434,1.022319,1.894003,-0.541536,-0.485744,1.268073,-0.244613,0.641782,1.220854,0.385638,-0.394777,0.571852,-0.147551,-0.737635,0.238925,-0.549646,-1.185393,0.937136,-0.992088,0.061908,0.04793,-0.10121,-0.923779,1.506807,-0.315116,0.159369,0.178174,-1.084838,1.321373
826,Kinsou no Vermeil: Gakeppuchi Majutsushi wa Saikyou no Yakusai to Mahou Sekai wo Tsukisusumu,anime_51213,-1.066427,0.7032,-0.268922,-0.693193,0.298993,0.95791,0.620694,0.822853,-0.714602,0.208673,-0.167146,-0.955437,-0.545194,0.999626,0.075687,-1.077906,-0.384095,0.388107,-0.320065,-1.124403,1.121707,-0.004627,0.783319,-0.083647,0.855863,-1.405833,-0.069944,1.660205,-2.022093,1.057581,-0.573188,-0.047765,0.301949,-0.536499,0.78016,0.134047,0.527034,0.626762,-0.11356,-0.850717,1.533102,0.167743,1.019022,1.256402,0.813287,0.217076,0.328137,-0.414557,-0.718414,1.193038,1.056086,-0.189755,1.315986,-1.310316,0.880402,-0.037403,-0.599492,-0.908637,1.56838,0.198771,0.448496,0.348759,-1.284171,0.552863
827,Happy Sugar Life,anime_37517,-0.93302,0.663121,-0.346717,-0.758934,0.312118,1.055159,0.733332,0.692726,-0.714536,0.073351,-0.188512,-0.886372,-0.481987,1.190537,-0.059931,-1.217604,-0.529891,0.376965,-0.448079,-1.061221,1.188034,0.247288,0.687393,0.017406,0.835239,-1.563781,-0.026229,1.69184,-2.026973,0.937817,-0.849268,-0.116063,0.277408,-0.580805,0.732953,0.404811,0.558936,0.529959,0.041764,-0.467785,1.483598,0.061141,0.885577,1.195011,0.7391,0.315227,0.34033,-0.386122,-0.706687,1.320217,1.012676,-0.245717,1.295626,-1.451282,0.815356,0.081705,-0.538274,-0.886156,1.658027,0.171635,0.326315,0.400093,-1.1723,0.616725
828,Seiken Tsukai no World Break,anime_22663,-0.435051,0.410231,0.236715,-0.450176,0.085009,0.474328,0.332932,0.291338,-1.063687,0.761517,-0.629074,-0.790331,-0.959311,0.267104,-0.103565,-0.580914,-0.69519,0.046666,1.138973,-0.930434,0.291881,-0.397142,0.592003,-0.158812,0.174401,-0.693706,0.205207,1.509504,-1.171523,1.288987,-0.148552,-0.530081,-0.015581,0.395552,1.000981,0.639056,0.833247,1.775374,-0.571959,-0.078083,1.271199,-0.118579,0.598211,0.995521,0.564037,-0.398198,0.543323,0.018943,-0.852412,0.404083,-0.363674,-0.699103,0.60169,-1.285954,0.153872,0.212433,-0.401901,-0.818602,1.272282,-0.169995,0.208847,0.128035,-1.091944,1.145385
829,Kaze ga Tsuyoku Fuiteiru,anime_37965,-0.036778,0.579556,0.004167,0.067856,-0.108333,0.959505,0.333305,0.581891,-0.66576,0.862024,-0.583569,-0.867034,-1.280187,-0.067116,-0.794339,-1.518279,-0.854119,0.166801,1.060151,-0.61323,0.401977,0.227889,0.31666,0.054066,0.443688,-0.712098,-0.296935,1.659731,-1.014814,0.867604,-0.681147,0.298755,-0.073912,0.256194,0.590377,0.141341,0.11519,1.14909,-0.676916,-0.505627,1.605119,-0.490041,0.179979,0.91434,-0.501959,-0.362544,0.329416,-0.22288,-0.593731,0.738122,0.903083,-1.075968,0.677719,-1.197009,0.158384,0.879506,0.194677,-0.998855,2.326849,0.064835,0.21671,-0.257827,-1.171715,1.004898
830,Tensei shitara Ken deshita,anime_49891,-0.459276,0.586617,0.153409,-0.542639,0.096303,0.48675,0.356678,0.207391,-1.180591,0.978524,-0.519388,-0.884989,-0.912591,0.286529,-0.203717,-0.811251,-0.677835,0.241416,1.185702,-0.868895,0.371766,-0.182289,0.654823,-0.099327,0.212598,-0.603727,0.004407,1.631327,-1.138672,1.15329,-0.38468,-0.468142,-0.074802,0.565404,1.102942,0.514521,0.758536,1.648041,-0.551903,0.031881,1.310846,-0.216169,0.675013,1.248567,0.445912,-0.366501,0.47649,-0.028076,-0.940619,0.383987,0.041053,-0.784401,0.684574,-1.223497,0.235405,0.426247,-0.483207,-0.745253,1.485388,-0.216037,0.291975,0.171948,-1.242827,1.062435
831,Isshuukan Friends.,anime_21327,-1.165959,0.970489,-0.986691,-0.906901,0.753254,1.30118,0.409885,0.980587,-0.868145,1.092312,-0.029107,-0.562495,-0.98262,1.324415,-0.242214,-1.133875,0.00526,0.336293,-0.595462,-1.299554,0.806875,-0.665173,0.655253,-0.312219,0.973314,-0.786864,0.201762,1.600268,-1.64904,1.036456,0.205072,0.829092,-0.07294,-0.609371,1.077983,0.167599,0.783641,1.025595,-0.952712,-1.149953,1.229563,0.217615,0.538962,1.351438,0.793624,0.280272,0.901371,-0.49447,-0.559899,1.039237,1.165918,-0.061047,1.264117,-1.114779,0.756511,0.090321,0.176304,-1.112261,2.286243,0.411506,0.486371,-0.395125,-1.153357,0.390732
832,Yesterday wo Utatte,anime_39710,-1.047872,0.500893,-0.327148,-0.26912,-0.218623,0.571901,0.969651,0.696867,-0.585462,0.885506,-0.28009,-0.885621,-0.464069,0.983832,-0.045902,-1.899434,-0.235361,0.62357,-0.066085,-0.92045,0.709144,-0.065319,1.161705,-0.277782,0.850952,-1.471185,0.084414,1.449423,-1.652566,1.070672,-0.696285,-0.181036,-0.361578,-0.901817,0.338767,0.709882,1.035427,1.020643,0.213644,-0.446129,1.456227,-0.375278,1.163036,1.201276,0.109008,0.689498,-0.106081,-0.355181,-1.079491,0.98261,0.79222,-0.776616,1.525737,-1.307503,0.247453,-0.026005,-0.276261,-1.26932,1.630423,0.641447,-0.511763,0.272235,-0.754044,1.250175
833,Omoide no Marnie,anime_21557,-0.089169,0.465315,-0.247623,0.002267,-0.429909,1.226369,0.363715,0.923869,-0.883617,0.838849,-0.850736,-1.213153,-1.207397,0.001155,-0.791899,-1.20413,-0.802922,-0.054609,0.944131,-0.536597,0.564026,0.317643,0.398376,0.46049,0.718019,-0.767168,-0.433063,1.376556,-1.046108,0.780413,-0.602242,0.072371,0.097121,0.08095,0.623873,0.265729,0.192986,1.231024,-0.611945,-0.398784,1.335781,-0.686713,0.167148,0.823015,-0.488308,-0.284846,0.442023,-0.11905,-0.847863,0.965251,1.099366,-1.32559,0.493477,-1.313263,0.257021,0.762371,0.214967,-0.915336,2.121385,0.034004,0.019467,-0.072015,-1.250043,1.111259
834,Girls & Panzer,anime_14131,-0.542858,0.33625,-0.171895,-0.332765,-0.334435,0.490424,0.119912,0.74411,-0.998558,0.495909,-0.977127,-0.971895,-0.627383,0.095208,-0.472378,-0.47451,-0.732205,0.093854,0.215269,-0.778957,0.892992,-0.486039,0.590826,-0.224171,0.471589,-0.876192,0.169461,1.362694,-0.98147,1.327982,-0.56367,-0.383858,-0.232169,0.424035,0.597897,0.50877,0.625582,1.558725,-0.675011,-0.216852,1.337566,-0.238103,0.591042,0.330519,0.324656,-0.036062,0.424615,0.046084,-0.199747,0.598351,0.220008,-0.529779,0.962411,-1.717654,0.144848,0.684044,-0.166486,-0.605474,1.675772,0.14099,-0.303241,0.037118,-1.050854,0.813606
835,Haibane Renmei,anime_387,-0.219217,0.583345,-0.638705,-0.241831,-0.242845,1.185736,0.866739,0.565499,-0.427853,1.639482,-0.640934,-1.381243,-0.912128,0.740169,-0.990692,-1.972871,-0.315438,-0.167415,-0.042398,-1.181162,0.525624,0.688697,0.328371,0.633652,0.462506,-0.39473,-0.496773,1.283898,-0.601431,1.253181,-0.178143,-0.913728,-0.383754,-0.524498,0.322613,0.790783,0.326934,1.330594,-0.733163,0.027275,-0.2084,-0.374892,0.379119,0.680929,0.215815,-0.442394,0.285205,0.477603,-1.003143,0.96292,0.888733,-0.522632,0.666112,-0.876094,-0.134146,0.149568,0.118167,-1.367969,2.135761,0.282094,-0.134464,-0.041676,-1.163194,1.635587
836,Nodame Cantabile,anime_1698,-1.295874,0.318959,0.128523,-0.266979,0.020542,0.919307,0.840996,0.84234,0.048259,0.355862,-0.28178,-1.020055,-0.626187,1.105175,-0.64278,-1.451252,-0.54276,0.676425,-0.260207,-0.761624,1.011828,0.674602,0.449946,-0.535816,0.707032,-1.267193,-0.131891,1.528502,-1.75124,0.990624,-1.154114,-0.251288,0.253815,-0.763616,0.571626,0.26836,1.344439,0.876975,0.267197,-0.861115,1.521062,-0.20363,1.279965,0.980685,0.073857,-0.086794,-0.103145,-0.115715,-0.473934,1.128786,0.327704,-1.040919,1.726978,-1.521693,0.393358,-0.427035,-0.189226,-0.792292,1.88322,0.533132,-0.083323,0.908636,-1.142992,1.788675
837,100-man no Inochi no Ue ni Ore wa Tatteiru,anime_41380,-1.065475,0.831152,-0.267634,-0.777719,0.400025,0.986358,0.594157,0.72639,-0.835212,0.195133,0.024799,-1.100201,-0.438754,1.171777,-0.009911,-1.218944,-0.413592,0.466828,-0.216489,-1.131769,1.165005,0.106935,0.804942,-0.063313,0.713505,-1.552284,-0.068999,1.691011,-2.003798,1.115118,-0.745177,-0.059548,0.243983,-0.510237,0.846888,0.129936,0.57928,0.545027,-0.002668,-0.588001,1.492443,0.161364,0.933995,1.32854,0.574497,0.336351,0.315992,-0.32617,-0.786765,1.243514,1.039456,-0.27703,1.339358,-1.338599,0.804421,-0.007085,-0.69335,-0.926636,1.690054,0.203795,0.380676,0.435951,-1.326137,0.583716
838,"Ijiranaide, Nagatoro-san 2nd Attack",anime_50197,-0.376217,0.819653,-0.309148,-0.228019,-0.290998,0.625652,0.467686,0.611625,-0.37081,1.098577,-0.872228,-0.823393,-1.227823,0.190282,-0.353446,-1.207844,-0.343957,-0.279406,0.39924,-1.061423,0.705536,-0.212208,0.960347,0.076719,0.310844,-0.792478,0.023901,1.638523,-1.000064,1.072215,-0.380016,-0.664008,-0.696408,0.499933,0.30115,0.863121,0.376982,1.293813,-0.176118,0.120024,0.911397,-0.610423,0.58346,0.487178,0.239116,-0.264864,-0.105925,-0.141315,-1.08899,0.747284,0.670353,-0.483216,0.643779,-1.329316,0.210808,0.175845,0.040378,-1.493485,1.610131,-0.001591,-0.313712,0.235597,-1.071141,0.805004
839,Tensai Ouji no Akaji Kokka Saisei Jutsu,anime_47159,-0.477787,0.741929,0.207222,-0.226553,-0.074698,0.623878,0.274094,0.121076,-0.711019,0.986831,-0.547969,-0.657098,-0.790124,-0.024224,-0.174315,-0.901849,-0.50541,-0.005102,0.948617,-0.976896,0.299099,-0.077851,0.479056,-0.288457,0.525874,-0.608995,-0.034789,1.391191,-1.027458,0.978146,-0.325877,-0.319894,-0.071364,0.446844,1.237831,0.633081,0.594294,1.64426,-0.596401,-0.337513,1.155738,0.006996,0.661872,1.218791,0.559919,-0.313923,0.368323,0.091175,-0.781179,0.397128,0.155326,-0.547398,0.826746,-1.305322,0.665073,0.506875,-0.560522,-0.719388,1.590697,-0.161373,0.454882,0.09244,-0.998495,0.853008
840,Handa-kun,anime_32648,-0.98761,0.8543,-0.296609,-0.651451,0.559833,0.971402,0.812381,0.639239,-0.37074,0.087138,-0.07356,-0.882666,-0.611883,1.071379,0.179702,-1.357752,-0.46003,0.347885,-0.619858,-1.083459,1.004644,0.168879,0.954635,-0.321817,0.858798,-1.507654,-0.183092,1.508306,-1.802015,0.937089,-0.80516,-0.074008,0.237826,-0.367003,0.837331,0.325864,0.310888,0.714783,0.001887,-0.76117,1.525169,-0.028018,0.835063,1.031082,0.749697,0.434749,0.156295,-0.391133,-0.700271,1.245392,1.182721,-0.277637,1.335989,-1.484988,0.817148,-0.050517,-0.716277,-0.986105,1.727997,0.296828,0.319119,0.520646,-1.235336,0.526031
841,Tondemo Skill de Isekai Hourou Meshi,anime_53446,-0.465529,0.755799,0.157689,-0.402471,0.058341,0.584581,0.365771,0.22085,-0.959974,0.985946,-0.574439,-0.651692,-0.938128,0.252707,-0.228889,-0.870558,-0.665203,0.274114,1.020417,-0.895077,0.349493,-0.244679,0.458376,-0.165135,0.298866,-0.576063,0.048598,1.482808,-1.087259,1.144219,-0.405213,-0.392553,-0.091974,0.706282,1.032877,0.605879,0.68218,1.629942,-0.529873,-0.075538,1.280892,-0.161327,0.712176,1.123645,0.433544,-0.365908,0.294772,-0.033165,-0.815717,0.291094,0.003962,-0.72534,0.622905,-1.247925,0.38748,0.378025,-0.474442,-0.651578,1.594365,-0.143613,0.260182,0.267385,-1.153926,0.919639
842,Black Lagoon: Roberta's Blood Trail,anime_4901,-1.035237,0.540068,-0.156822,-0.372528,0.076314,0.458003,0.963143,0.657744,-0.49665,0.646594,-0.241655,-0.907995,-0.472212,0.942183,-0.109016,-1.943251,-0.242575,0.886827,-0.05284,-0.726253,0.681186,0.005931,1.167699,-0.174924,0.907377,-1.477135,0.178294,1.440772,-1.702836,1.181651,-0.882825,-0.019056,-0.479629,-0.602449,0.409927,0.768163,1.106026,1.206968,0.361113,-0.396833,1.528029,-0.44125,1.194612,1.197205,0.105821,0.898686,-0.233484,-0.388662,-1.004724,0.85886,0.999972,-1.18429,1.93667,-1.274301,0.126975,-0.095324,0.098534,-1.401101,1.994427,0.548279,-0.599682,0.450758,-0.922096,1.368024
843,Tokyo Godfathers,anime_759,-0.518136,0.423585,-0.204542,-0.153109,-0.472149,0.574851,0.346613,0.46159,-0.914602,0.73238,-0.882494,-0.524824,-0.761845,0.000247,-0.540774,-0.954762,-0.739949,0.036758,0.220923,-0.740791,0.661407,-0.537707,0.409149,-0.293417,0.5378,-0.653314,-0.037116,1.361367,-0.757104,1.083695,-0.808115,-0.263683,-0.096894,0.824594,0.474847,0.824383,0.416311,1.493998,-0.930263,-0.348672,1.400411,-0.398843,0.429266,0.497257,0.371816,-0.06336,0.240424,-0.217043,0.001505,0.451898,0.346725,-0.958254,1.013572,-1.722404,0.47472,0.491009,-0.103973,-0.735744,1.908975,0.193473,-0.126605,0.009543,-1.017566,0.862036
844,Paripi Koumei,anime_50380,-0.51852,0.775502,-0.316514,-0.29074,-0.277842,0.712059,0.502864,0.384754,-0.446664,1.224399,-0.961846,-0.894483,-1.082107,0.203689,-0.464719,-1.481759,-0.611992,-0.235757,0.52706,-1.042264,0.459921,-0.23338,0.882633,0.007861,0.314479,-0.670934,-0.15591,1.654763,-0.731924,0.9701,-0.542207,-0.718637,-0.529883,0.791447,0.396756,0.875125,0.429966,1.322351,-0.165291,0.1362,0.9399,-0.760986,0.5986,0.818291,0.321,-0.325894,-0.283294,-0.229509,-0.950284,0.786678,0.874055,-0.709545,0.85735,-1.190452,0.314267,0.176378,-0.161851,-1.419763,1.641247,-0.12584,-0.141107,0.061994,-1.005238,0.910453
845,Shelter (Music),anime_34240,-0.538075,0.391113,-0.184048,-0.316726,-0.447232,0.562408,0.258726,0.827463,-0.952584,0.772415,-0.710871,-0.722892,-0.946653,0.161112,-0.623878,-0.930264,-1.075666,0.114883,0.167798,-0.741678,0.9159,-0.405006,0.461422,0.000336,0.563829,-0.552488,-0.174932,1.391661,-0.904956,1.060503,-0.808359,-0.595224,-0.177248,0.818341,0.47443,0.672947,0.714348,1.651551,-0.823781,-0.308555,1.548763,-0.542998,0.563155,0.6115,-0.021271,-0.450945,0.415248,-0.636173,-0.042705,0.524515,0.256383,-1.056744,0.828301,-1.389999,0.319266,0.423868,0.049595,-0.649885,1.58331,-0.009032,-0.383141,0.202636,-1.07677,0.71712
846,Taimadou Gakuen 35 Shiken Shoutai,anime_24133,-0.388715,0.447765,0.209413,-0.437597,-0.044168,0.50128,0.242291,0.295928,-1.069477,0.707722,-0.666538,-0.625046,-0.858755,0.315476,-0.22981,-0.558335,-0.742021,0.133996,1.219499,-0.909825,0.342689,-0.390072,0.419467,-0.076301,0.178868,-0.60184,0.262594,1.43753,-1.171228,1.336599,-0.222325,-0.452828,-0.013525,0.42323,1.046576,0.603231,0.857544,1.658764,-0.496997,-0.098999,1.376235,-0.059398,0.672377,1.014144,0.450249,-0.32747,0.520474,0.005905,-0.701329,0.337093,-0.382886,-0.652737,0.636054,-1.295934,0.248302,0.237821,-0.41468,-0.794425,1.424346,-0.159352,0.268865,0.194891,-1.037246,1.108406
847,Re:Zero kara Hajimeru Isekai Seikatsu - Memory Snow,anime_36286,-0.504038,0.596413,0.279089,-0.560755,0.023826,0.551149,0.237815,0.307841,-1.249216,1.212034,-0.535659,-0.739534,-0.961633,0.29392,-0.295622,-0.739592,-0.619591,0.31618,1.236999,-0.907298,0.42713,-0.361099,0.516603,-0.045627,0.464715,-0.439914,0.069345,1.496091,-1.315394,1.268196,-0.17752,-0.391166,-0.053774,0.639918,1.1608,0.51958,0.848377,1.910266,-0.670717,-0.25275,1.399583,-0.191638,0.821829,1.444663,0.399235,-0.546968,0.51017,-0.321725,-0.940353,0.403571,-0.140417,-0.868943,0.662671,-1.270698,0.268448,0.417952,-0.435906,-0.761827,1.377102,-0.249791,0.372561,-0.076534,-1.143787,1.080955
848,Blue Lock vs. U-20 Japan,anime_54865,-0.982183,0.723825,-0.241473,-0.75969,0.578175,1.001102,0.849845,0.53504,-0.605741,-0.206673,-0.110971,-0.892022,-0.452866,1.101768,0.029262,-1.37556,-0.583453,0.514649,-0.438442,-1.070375,1.073718,0.188082,0.807839,-0.021077,0.752567,-1.483407,-0.182179,1.5871,-2.001863,0.800146,-0.90189,-0.178929,0.133223,-0.633105,0.872922,0.206923,0.270204,0.613702,0.101466,-0.71731,1.632067,0.167038,0.931511,1.100764,0.547733,0.438586,0.207791,-0.335346,-0.676319,1.300723,1.004797,-0.117669,1.392396,-1.531147,0.668774,0.066601,-0.511072,-1.018192,1.719494,0.141695,0.240658,0.521548,-1.226105,0.662613
849,Yuragi-sou no Yuuna-san,anime_36726,-1.00616,0.766422,-0.339755,-0.595993,0.274197,1.024458,0.643774,0.610071,-0.500288,0.086874,-0.137732,-0.838,-0.332928,0.975755,-0.010777,-1.172086,-0.441273,0.236583,-0.19785,-1.222339,1.054791,-0.082793,0.702847,-0.189238,0.818929,-1.509818,-0.105131,1.588513,-1.831796,1.126034,-0.754953,-0.20635,0.303399,-0.467033,0.702187,0.385315,0.456718,0.460564,-0.041368,-0.707265,1.580797,0.170311,0.863204,1.244696,0.777731,0.321496,0.200728,-0.255566,-0.424976,1.186064,1.022947,-0.150499,1.267923,-1.539459,0.937732,-0.141208,-0.758744,-0.903633,1.601953,0.295464,0.557398,0.508491,-1.141029,0.591138
850,Tsuki ga Michibiku Isekai Douchuu 2nd Season,anime_49889,-0.451684,0.718556,0.218785,-0.47283,0.184459,0.569457,0.268475,0.270973,-0.990613,0.848152,-0.514322,-0.647106,-0.995038,0.340277,-0.272079,-0.855472,-0.651253,0.371031,1.116299,-0.826246,0.430899,-0.247742,0.465073,-0.109918,0.183545,-0.603326,0.112445,1.455376,-1.116352,1.268192,-0.399752,-0.342479,-0.085653,0.738764,1.027042,0.585245,0.743567,1.719648,-0.506766,-0.195861,1.315753,-0.267931,0.688352,1.146904,0.303122,-0.249508,0.374794,-0.068579,-0.791971,0.210349,-0.115977,-0.919681,0.846727,-1.172569,0.322164,0.269713,-0.359419,-0.821741,1.743469,-0.164323,0.151519,0.369509,-1.189543,1.102684
851,Noblesse,anime_41345,-0.498994,0.811597,-0.2572,-0.300271,-0.041313,0.633339,0.176396,0.881072,-0.354058,0.974817,-0.932178,-1.01879,-1.204846,0.371908,-0.544577,-1.092438,-0.521834,-0.157393,0.542405,-0.797558,0.675473,-0.29025,0.787228,0.216329,0.294525,-0.74333,0.382234,1.731474,-1.145908,1.307533,-0.343135,-0.548032,-0.645555,0.488925,0.319181,0.586699,0.509318,1.494255,-0.019575,0.026895,0.809795,-0.564202,0.644082,0.462442,-0.0521,-0.075058,-0.05602,-0.299007,-1.050477,0.795435,0.618506,-0.677761,0.873944,-1.268736,0.098414,0.091088,0.026221,-1.496606,1.735053,0.045528,-0.39973,0.371312,-1.09809,0.966006
852,Deca-Dence,anime_40056,-0.539605,0.418302,-0.27879,-0.429061,-0.28045,0.499069,0.223326,0.829408,-1.155554,0.60053,-0.691027,-1.040385,-0.780063,0.070202,-0.40987,-0.653143,-0.899588,0.198837,0.373483,-0.786724,0.909409,-0.287315,0.652813,-0.102946,0.158291,-0.858685,-0.084936,1.587033,-0.910013,1.182094,-0.690677,-0.493999,-0.121712,0.67545,0.522213,0.243093,0.745547,1.276449,-0.698744,-0.058068,1.484482,-0.551442,0.459979,0.494783,0.257061,-0.15481,0.344744,-0.146913,-0.331144,0.49402,0.603227,-0.845462,1.086112,-1.543015,0.240251,0.650684,-0.228,-0.715194,1.681402,-0.052117,-0.329528,0.367722,-1.283272,0.677617
853,Kono Bijutsu-bu ni wa Mondai ga Aru!,anime_31952,-1.039414,0.592389,-0.325699,-0.252308,-0.05605,0.664986,1.169368,0.779,-0.449075,0.821999,-0.240942,-1.000806,-0.520116,0.859333,0.189232,-2.011993,-0.020078,0.520714,-0.392949,-0.914443,0.666078,0.046705,1.502382,-0.295722,0.839885,-1.50443,0.042493,1.210655,-1.660675,1.052258,-0.642367,-0.255752,-0.43525,-0.830062,0.52842,0.71933,0.84291,1.28113,0.36917,-0.457338,1.532752,-0.533889,1.093645,0.813675,0.188371,0.762706,-0.108501,-0.398652,-1.294986,1.136599,1.043754,-0.762053,1.668475,-1.466753,0.210662,-0.172464,-0.136942,-1.411945,1.644988,0.74054,-0.746656,0.496929,-0.907487,1.171523
854,Mushishi Zoku Shou,anime_21939,-0.966381,0.569294,-0.270225,-0.367496,0.001801,0.624953,0.951803,0.547637,-0.678472,0.962227,-0.380703,-0.849398,-0.361652,0.956666,0.096024,-1.943338,-0.328908,0.6823,-0.185192,-0.933127,0.863056,-0.019569,1.258621,-0.290011,0.927863,-1.665408,-0.010764,1.552537,-1.693245,1.060856,-0.688934,-0.287216,-0.39118,-0.607429,0.453774,0.81307,0.987841,1.13145,0.250342,-0.175106,1.434696,-0.427498,1.172728,1.261311,0.425149,0.594883,-0.206112,-0.332572,-1.088703,0.99999,1.076686,-0.848135,1.653086,-1.138708,0.271965,0.000137,-0.371043,-1.247033,1.689514,0.512609,-0.615083,0.364892,-1.03945,1.075834
855,Youjo Senki Movie,anime_37055,-0.387309,0.483561,0.110565,-0.587617,0.013634,0.49493,0.260249,0.185642,-1.158908,0.913359,-0.664006,-0.869458,-0.847826,0.259,-0.224359,-0.71052,-0.730123,0.109037,1.190916,-0.803236,0.324515,-0.159046,0.667093,-0.036885,0.301948,-0.625748,0.035225,1.577013,-1.250875,1.112246,-0.404641,-0.538811,-0.063068,0.480345,1.101378,0.608776,0.833607,1.689456,-0.50317,-0.028001,1.304338,-0.169947,0.631603,1.298812,0.450768,-0.269577,0.536364,0.093506,-0.792845,0.383402,-0.034821,-0.670141,0.733027,-1.306155,0.251215,0.392966,-0.476574,-0.863006,1.38914,-0.17166,0.328904,0.084822,-1.21314,1.180101
856,Oniichan dakedo Ai sae Areba Kankeinai yo ne!,anime_14199,-0.442528,0.534891,0.15706,-0.283293,-0.050671,0.576652,0.285555,0.232401,-0.836052,0.645616,-0.741757,-0.62009,-0.879195,0.177311,-0.253108,-0.549079,-0.647533,0.034389,0.965279,-0.957639,0.322244,-0.378263,0.399437,-0.269198,0.199862,-0.623455,0.228043,1.373958,-0.967217,1.269044,-0.323873,-0.407881,-0.049033,0.453127,0.975372,0.613884,0.63983,1.605057,-0.561446,-0.19094,1.270443,-0.082248,0.607168,0.802179,0.498562,-0.320758,0.435883,0.095436,-0.679944,0.358082,-0.27655,-0.578567,0.629834,-1.322108,0.438042,0.234882,-0.461115,-0.617008,1.465434,-0.020486,0.289195,0.298986,-1.00846,0.937274
857,Yuusha ni Narenakatta Ore wa Shibushibu Shuushoku wo Ketsui Shimashita.,anime_18677,-0.482557,0.586853,0.139774,-0.228091,-0.223116,0.565151,0.278073,0.184001,-0.838774,0.774443,-0.644925,-0.647856,-0.803129,0.073302,-0.235014,-0.690484,-0.5529,-0.076515,0.975743,-1.001872,0.330884,-0.239915,0.402645,-0.223414,0.33297,-0.590026,0.103861,1.330339,-1.047543,1.104827,-0.318388,-0.401427,-0.051407,0.322653,1.088288,0.61415,0.612185,1.54498,-0.582225,-0.256673,1.257199,0.038366,0.663389,0.951126,0.483239,-0.360287,0.422722,0.138284,-0.739745,0.430476,-0.064138,-0.434482,0.641113,-1.359705,0.567857,0.420055,-0.544338,-0.634491,1.485286,-0.051315,0.41314,0.180154,-0.96678,0.853963
858,Little Witch Academia,anime_14349,-0.183516,1.146116,-0.073701,0.131991,1.125991,0.349293,0.29375,0.433768,-0.53844,0.373236,-0.028682,-0.721689,-0.18217,-0.246948,-0.953173,-0.67942,-0.378717,-0.180052,0.555404,-0.755801,0.626746,-0.670258,0.340685,-0.457661,0.48304,-0.639167,0.139071,0.603585,-0.20878,1.089059,0.174652,0.226623,-0.25203,1.116611,0.793411,0.293145,0.322534,0.909176,-1.210213,-1.158805,1.703495,-0.466244,0.786067,0.708601,0.0497,-0.306302,0.623676,-0.410329,0.633118,0.416283,0.601103,-1.357754,0.673585,-1.344015,0.69638,0.877175,0.384208,-0.507304,1.543111,-0.006046,-0.176543,-0.161205,-0.582283,0.871728
859,Tada-kun wa Koi wo Shinai,anime_36470,-0.573627,0.373457,-0.049073,-0.12759,-0.359523,0.443982,0.366711,0.672981,-0.634432,0.575968,-0.795897,-0.854215,-0.791977,0.003794,-0.420949,-0.693255,-0.60696,-0.092466,0.075766,-0.888539,0.801977,-0.487101,0.518316,-0.457922,0.641171,-0.698771,-0.049971,1.111259,-0.709416,1.179847,-0.585954,-0.324319,-0.201746,0.380946,0.629577,0.609842,0.249138,1.595672,-0.824152,-0.531794,1.349862,-0.28202,0.394406,0.173265,0.287589,-0.382691,0.37793,-0.190345,-0.317873,0.739473,0.335201,-0.681941,0.830682,-1.917891,0.379159,0.638051,-0.257676,-0.6261,1.597983,0.087129,-0.239071,0.061504,-0.875187,0.734676
860,Aldnoah.Zero Part 2,anime_27655,-0.586115,0.325521,-0.391463,-0.274409,-0.329988,0.488799,0.336752,0.775549,-0.837648,0.50777,-0.888815,-0.943925,-0.781123,0.132103,-0.592982,-0.786388,-0.750178,0.153459,0.177673,-0.697657,0.94824,-0.539567,0.454413,0.007812,0.43979,-0.715603,-0.056617,1.42821,-0.896379,0.970923,-0.755565,-0.719507,-0.117581,0.500556,0.360638,0.711356,0.693367,1.733716,-0.800841,-0.205717,1.300398,-0.593486,0.510639,0.308907,0.308116,-0.138995,0.571734,-0.145252,-0.139637,0.67518,0.387822,-0.917403,0.99556,-1.472579,0.254729,0.497449,-0.085464,-0.497728,1.588737,0.3081,-0.375899,0.305708,-1.230945,0.905475
861,Bokutachi wa Benkyou ga Dekinai!,anime_40004,-0.981912,0.729331,-0.296081,-0.597262,0.298167,0.927388,0.713369,0.647245,-0.43871,0.026399,-0.132664,-0.958522,-0.465508,0.874848,0.055899,-1.23766,-0.366795,0.271014,-0.326784,-1.185576,1.05823,0.012664,0.841156,-0.214131,0.794672,-1.468914,-0.197339,1.605005,-1.765223,0.964808,-0.728446,-0.190692,0.268332,-0.501012,0.738175,0.364962,0.36336,0.523417,-0.032622,-0.730736,1.593801,0.124322,0.823487,1.140995,0.761784,0.314841,0.297167,-0.287952,-0.610248,1.158161,1.063075,-0.218291,1.317857,-1.569752,0.871341,-0.108534,-0.620208,-0.938815,1.533892,0.243851,0.49466,0.57198,-1.175186,0.549848
862,Hajime no Ippo: New Challenger,anime_5258,-1.133901,0.785122,-0.327851,-0.581361,0.702452,0.95516,0.972353,0.711948,-0.214576,-0.265452,-0.216094,-0.894852,-0.511341,1.10454,-0.019267,-1.714778,-0.652861,0.562904,-0.490119,-1.013306,1.201399,0.080281,0.708012,0.179572,0.829854,-1.322413,-0.048592,1.692816,-1.791341,0.774439,-1.051675,-0.350824,0.064409,-0.491754,0.675986,0.436014,0.281647,0.84382,-0.065377,-0.721987,1.571512,0.069429,1.035192,1.192516,0.356603,0.254126,0.205781,-0.584927,-0.514533,1.259941,1.047291,-0.443654,1.530326,-1.383394,0.67882,-0.005037,-0.317549,-0.937186,1.765552,0.165896,0.144695,0.906893,-1.238988,0.662127
863,SSSS.Gridman,anime_35847,-0.493523,0.225543,-0.314483,-0.296087,-0.4381,0.557316,0.098115,0.846532,-0.893333,0.329929,-0.991881,-0.876808,-0.750213,0.08543,-0.661424,-0.560385,-0.892954,0.009683,-0.007042,-0.797986,0.943737,-0.472239,0.206737,0.025937,0.495828,-0.634823,-0.060081,1.446999,-0.786858,1.092804,-0.676172,-0.534519,0.068135,0.569075,0.617854,0.536069,0.68916,1.56644,-0.818573,-0.271549,1.555319,-0.567951,0.541664,0.196361,0.351436,-0.128375,0.414301,-0.297066,-0.15622,0.746079,0.395082,-0.847095,0.969337,-1.686752,0.233166,0.668206,-0.115296,-0.386088,1.515181,0.045876,-0.263176,0.20776,-1.077243,0.688117
864,Shijou Saikyou no Deshi Kenichi,anime_1559,-0.989766,0.81082,-0.312795,-0.617546,0.507044,0.905519,0.695103,0.638772,-0.445356,-0.015432,-0.019888,-0.989699,-0.556013,1.048255,0.051868,-1.320568,-0.454601,0.341265,-0.364502,-1.036204,1.0393,0.053774,0.880926,-0.11167,0.80203,-1.554758,-0.200162,1.644448,-1.790079,1.000803,-0.868343,-0.151214,0.206053,-0.343363,0.715541,0.447119,0.308097,0.560001,0.054661,-0.554669,1.458544,0.050812,0.804152,1.107914,0.712272,0.398785,0.21678,-0.18578,-0.604529,1.069621,1.029889,-0.287603,1.377513,-1.449184,0.88687,-0.161896,-0.474802,-1.062784,1.741695,0.236676,0.330317,0.593228,-1.285561,0.688674
865,Goblin Slayer: Goblin's Crown,anime_39576,-0.474948,0.661502,0.160983,-0.507897,0.144707,0.405511,0.318649,0.281366,-1.148283,0.920525,-0.521798,-0.808389,-0.913951,0.342978,-0.245669,-0.822647,-0.693413,0.362292,1.189595,-0.804094,0.441054,-0.111568,0.494755,-0.089391,0.043678,-0.672036,0.107733,1.582161,-1.178516,1.217379,-0.32876,-0.374826,-0.029041,0.574318,1.005754,0.520222,0.846263,1.662926,-0.522906,0.034955,1.354917,-0.146861,0.631733,1.237985,0.466257,-0.299299,0.478818,0.037217,-0.874056,0.277261,-0.069205,-0.80269,0.801537,-1.139648,0.280093,0.418453,-0.425666,-0.77812,1.657235,-0.230037,0.249974,0.272342,-1.157131,1.040502
866,Maji de Watashi ni Koi Shinasai!,anime_10213,-0.183061,0.681235,-0.172979,-0.089421,-0.103148,0.906161,-0.338827,0.5582,-1.165743,0.42453,-0.58618,-0.622315,-1.245334,-0.47637,-0.465985,-1.154581,-0.764368,0.023549,1.068979,-0.471777,0.079975,-0.133766,0.635467,-0.179444,0.54444,-0.56398,0.01913,1.65733,-1.089138,1.095177,-0.541907,-0.111117,-0.280099,0.564067,0.610242,0.619877,0.522188,1.171572,-0.417249,0.210122,1.182379,-0.44291,0.410658,1.0616,-0.49741,-0.267887,0.490518,0.297329,-0.864229,0.624614,0.515869,-0.620255,0.650142,-0.838506,0.760045,0.408005,-0.016615,-0.938165,1.607085,-0.252115,-0.023664,-0.020213,-1.258946,0.707035
867,Highschool of the Dead: Drifters of the Dead,anime_9515,-1.069501,0.905273,-0.301298,-0.609189,0.420179,1.12213,0.599291,0.672259,-0.322693,0.120297,-0.063871,-0.595103,-0.426177,1.107197,-0.064142,-1.280858,-0.543353,0.303093,-0.233496,-1.140564,1.026706,-0.114875,0.643949,-0.148318,0.896096,-1.497146,0.003102,1.504473,-1.833356,1.266488,-0.848519,-0.088687,0.299277,-0.318576,0.678757,0.484619,0.412924,0.567447,0.038303,-0.843295,1.500928,0.038502,0.940726,1.187026,0.638245,0.500478,0.032639,-0.360138,-0.30738,1.077096,0.961991,-0.237565,1.322577,-1.484375,1.016825,-0.268479,-0.693874,-0.959656,1.870612,0.37288,0.434553,0.582778,-1.105838,0.705668
868,Make Heroine ga Oosugiru!,anime_57524,-0.45119,0.586441,0.383155,-0.342065,0.137675,0.391821,0.206546,0.264021,-0.629971,0.482391,-0.637593,-0.489275,-1.173018,0.265242,-0.148724,-0.581797,-0.63543,0.022132,0.89462,-0.902766,0.383353,-0.448575,0.389336,-0.282922,0.260922,-0.623829,0.292419,1.201297,-0.989043,1.361546,-0.254032,-0.329354,-0.060481,0.462873,0.911479,0.74916,0.582596,1.806739,-0.52389,-0.450982,1.273642,-0.106841,0.602626,0.671492,0.366287,-0.322537,0.419808,0.033685,-0.707912,0.235096,-0.456914,-0.69019,0.640081,-1.401086,0.388713,0.06936,-0.355787,-0.784751,1.46884,-0.0307,0.099122,0.384833,-0.894792,1.083036
869,Kimi no Koto ga Daidaidaidaidaisuki na 100-nin no Kanojo,anime_54714,-1.004099,0.558333,-0.357176,-0.291595,-0.132588,0.756293,1.11567,0.70002,-0.600431,0.79706,-0.422844,-1.091087,-0.323116,0.766404,0.088613,-1.916903,-0.045145,0.476414,-0.214842,-0.995227,0.726959,-0.065797,1.471398,-0.182201,0.781728,-1.655684,0.089005,1.321095,-1.719328,1.032136,-0.65138,-0.298676,-0.446878,-0.829859,0.544644,0.78429,0.988174,1.151999,0.390328,-0.322547,1.536025,-0.418714,1.143336,1.042545,0.266753,0.726204,-0.004375,-0.276933,-1.233743,1.099081,0.984141,-0.68976,1.769895,-1.42187,0.259354,-0.263077,-0.121192,-1.363063,1.590197,0.69743,-0.721293,0.521346,-0.929216,1.232352
870,Denpa Onna to Seishun Otoko,anime_9379,-0.243171,0.749049,0.038903,-0.337817,0.15189,0.6422,0.390427,0.227617,-0.598719,0.809916,-0.611079,-0.511139,-1.038257,0.124263,-0.245928,-0.727961,-0.79317,0.130203,0.857987,-0.844456,0.465809,0.101016,0.417854,-0.187515,0.317024,-0.578065,-0.074151,1.532106,-0.915408,0.833708,-0.631557,-0.57335,-0.013707,0.419495,1.011068,0.617884,0.766754,1.544823,-0.466485,-0.17083,1.188148,-0.320853,0.48863,1.053328,0.458786,-0.086516,0.472752,0.165635,-0.507531,0.253212,0.199965,-0.643281,0.760933,-1.286479,0.52837,0.418485,-0.495281,-0.740605,1.712059,0.051428,0.306732,0.411992,-1.184472,0.983081
871,Densetsu no Yuusha no Densetsu,anime_8086,-0.371574,0.655107,0.090576,-0.506492,-0.004974,0.401127,0.234732,0.290384,-1.169719,0.87156,-0.628559,-0.847052,-0.805369,0.284232,-0.211972,-0.789734,-0.694557,0.222297,1.14403,-0.789025,0.402428,-0.060173,0.582718,-0.077031,0.154124,-0.655336,0.048499,1.6381,-1.186508,1.11484,-0.363005,-0.432237,-0.071031,0.461306,1.117308,0.465508,0.837099,1.552041,-0.49618,0.031829,1.30331,-0.030122,0.647907,1.260018,0.4187,-0.211544,0.523869,0.161076,-0.832586,0.30996,0.102591,-0.640751,0.821072,-1.184574,0.31598,0.438089,-0.556745,-0.776689,1.614107,-0.192996,0.260744,0.307565,-1.252306,0.98886
872,Spy x Family Season 3,anime_59027,-0.942918,0.852039,-0.29634,-0.697342,0.443112,0.951322,0.746819,0.526276,-0.593895,-0.087273,0.022002,-1.00997,-0.374545,0.97289,0.07412,-1.268309,-0.501359,0.34777,-0.320887,-1.20026,1.026717,0.098133,0.794855,-0.080896,0.734282,-1.686808,-0.155394,1.586855,-1.864948,1.029352,-0.945979,-0.145395,0.137709,-0.406916,0.845214,0.451178,0.418489,0.451203,0.13239,-0.496721,1.42072,0.008,0.817953,1.130661,0.722811,0.494598,0.036171,-0.230452,-0.548655,1.181368,1.106069,-0.220431,1.483008,-1.552829,0.930664,-0.224831,-0.470117,-1.016735,1.944796,0.225229,0.355467,0.673283,-1.320479,0.679103
873,Sakasama no Patema,anime_12477,-0.433302,0.406631,-0.28227,-0.353267,-0.463546,0.523935,0.240524,0.75645,-1.146905,0.649224,-0.793255,-0.700016,-0.778497,0.131891,-0.388617,-0.781973,-0.985267,0.089443,0.098527,-0.860319,0.864141,-0.387769,0.405291,-0.070275,0.341183,-0.698274,-0.170378,1.584434,-0.765165,1.161597,-0.636186,-0.502231,0.01067,0.83255,0.586519,0.473852,0.731195,1.3348,-0.852088,-0.051557,1.688954,-0.552638,0.551553,0.395757,0.404908,-0.23848,0.251822,-0.361036,-0.222259,0.556819,0.589545,-0.840246,0.948731,-1.593419,0.264947,0.66951,-0.32017,-0.55366,1.588291,-0.074882,-0.298804,0.211141,-1.225586,0.544575
874,Shakugan no Shana II (Second),anime_2787,-0.490523,0.437855,0.455626,-0.50666,0.178462,0.415535,0.214223,0.392981,-0.988611,0.635185,-0.551182,-0.528852,-1.214195,0.450148,-0.184698,-0.560749,-0.745431,0.221202,1.169035,-0.852161,0.390972,-0.481301,0.403577,-0.105523,0.185133,-0.586939,0.45156,1.416973,-1.207721,1.51375,-0.110925,-0.310959,0.039169,0.392827,0.961634,0.618815,0.890072,1.887668,-0.55667,-0.308846,1.323413,-0.13635,0.687668,0.893224,0.336074,-0.348669,0.578021,-0.16682,-0.805231,0.275359,-0.7087,-0.897907,0.575967,-1.264216,0.133118,0.108908,-0.265248,-0.904911,1.380321,-0.145674,0.122002,0.123488,-0.950658,1.25527
875,"Clannad: Mou Hitotsu no Sekai, Tomoyo-hen",anime_4059,0.216536,1.043766,0.302152,0.168073,0.660397,0.479358,-0.443866,0.727542,-0.562896,-0.012247,-0.369021,-0.401646,-1.396383,-0.619751,-0.885525,-1.205303,-0.207089,-0.16479,0.948193,0.08764,0.225995,-0.143664,0.292067,-0.288644,0.610713,-0.422165,0.605917,1.355296,-0.602712,0.939136,-0.252588,0.169037,-0.365079,0.272209,0.180832,0.383636,0.588669,0.967521,-0.86614,-0.237656,1.603006,-0.420099,0.604592,0.819208,-0.70987,-0.375942,0.611034,0.201583,-0.183466,0.399542,0.412132,-0.687983,0.402056,-0.712267,0.811351,0.28053,0.318465,-0.780895,0.910636,-0.192171,-0.193561,-0.287851,-0.812975,0.983616
876,Okusama ga Seitokaichou!,anime_28819,-0.959822,0.763438,-0.323238,-0.643883,0.27821,0.93685,0.706453,0.619419,-0.483603,0.062506,-0.1125,-0.834606,-0.536056,0.931827,0.076964,-1.136271,-0.389415,0.207218,-0.338928,-1.218194,1.088469,0.031537,0.807606,-0.191613,0.791209,-1.494232,-0.205157,1.559656,-1.817288,0.970108,-0.756254,-0.200487,0.315512,-0.550168,0.732155,0.403851,0.37732,0.446832,-0.020165,-0.738583,1.576131,0.122296,0.877063,1.074607,0.852781,0.321672,0.221005,-0.204025,-0.573616,1.077921,1.034023,-0.050296,1.191234,-1.55316,0.955546,-0.087405,-0.685894,-0.877102,1.611144,0.282142,0.463982,0.506863,-1.203065,0.568999
877,Tatoeba Last Dungeon Mae no Mura no Shounen ga Joban no Machi de Kurasu Youna Monogatari,anime_40594,-0.456801,0.825759,0.108591,-0.309793,0.005658,0.557121,0.351344,0.190701,-0.926438,1.031815,-0.502189,-0.639917,-0.829911,0.15389,-0.186754,-1.01225,-0.539214,0.243901,1.018719,-0.946294,0.370505,-0.089094,0.499232,-0.239372,0.286528,-0.575861,-0.06337,1.552705,-0.988422,1.034518,-0.397811,-0.353167,-0.080835,0.654849,1.143628,0.531139,0.638827,1.515414,-0.569819,-0.108301,1.252687,-0.090983,0.713533,1.212589,0.492616,-0.319214,0.324992,0.042406,-0.84523,0.276486,0.219368,-0.667341,0.737766,-1.193494,0.525489,0.476035,-0.606604,-0.611741,1.675073,-0.174867,0.310057,0.34001,-1.148311,0.815217
878,Naruto Movie 1: Dai Katsugeki!! Yuki Hime Ninpouchou Dattebayo!,anime_442,-1.063572,0.886549,-0.254337,-0.706413,0.495876,0.835976,0.571734,0.822673,-0.784419,0.09617,0.172298,-1.110705,-0.413163,1.205424,0.050301,-1.309718,-0.36714,0.568556,-0.159073,-1.096198,1.163106,0.009243,0.784981,-0.001832,0.605768,-1.515503,-0.148232,1.694833,-2.014894,1.125466,-0.632781,0.005424,0.160313,-0.375539,0.859592,0.129751,0.607411,0.581761,0.032069,-0.623784,1.507913,0.160368,0.975452,1.354747,0.556358,0.316108,0.244673,-0.412314,-0.775661,1.138928,1.109126,-0.407304,1.499837,-1.227033,0.760578,-0.096324,-0.594566,-1.013735,1.86183,0.080894,0.261282,0.682616,-1.341526,0.560721
879,Mawaru Penguindrum,anime_10721,-0.62195,0.361453,-0.120601,-0.193342,-0.420694,0.709036,0.280696,0.88611,-0.722162,0.632466,-0.899915,-0.875669,-0.658055,0.213488,-0.710633,-0.655124,-0.740181,0.039934,0.209565,-0.915559,0.949772,-0.460794,0.244268,-0.18058,0.787006,-0.669407,0.043217,1.294162,-0.792537,1.374853,-0.594282,-0.406679,-0.057106,0.418513,0.625098,0.626344,0.478455,1.549391,-0.82394,-0.379034,1.188498,-0.349582,0.519811,0.348515,0.200711,-0.273183,0.334588,-0.199047,-0.276153,0.815638,0.246658,-0.890075,0.767529,-1.909745,0.20731,0.697819,-0.134348,-0.443778,1.609281,-0.018549,-0.241116,-0.028052,-0.866929,0.913971
880,Ao no Hako,anime_57181,-0.981801,0.708815,-0.314844,-0.687654,0.375863,0.871252,0.747068,0.711783,-0.509657,-0.037345,-0.11523,-0.956687,-0.574791,1.053404,0.034888,-1.292935,-0.562906,0.355291,-0.357703,-1.057676,1.102137,0.123546,0.861149,-0.090436,0.74616,-1.455749,-0.175935,1.682325,-1.94997,0.807877,-0.725798,-0.204655,0.230239,-0.703867,0.708853,0.232273,0.323179,0.577469,-0.00937,-0.768722,1.575579,0.135172,0.912653,1.133833,0.573717,0.393469,0.291088,-0.379035,-0.707442,1.190485,1.023074,-0.142818,1.210106,-1.528805,0.643151,0.045416,-0.60618,-0.984734,1.579777,0.227937,0.364077,0.537226,-1.179031,0.621554
881,Maken-Ki!,anime_9936,-1.077026,0.706264,-0.401741,-0.64261,0.30579,0.962945,0.767879,0.666304,-0.713403,0.046316,-0.180871,-1.086238,-0.322553,1.006413,0.017842,-1.231556,-0.519592,0.335822,-0.311423,-1.078304,1.041055,0.025936,0.844314,-0.091155,0.706949,-1.5779,-0.177705,1.736819,-1.831454,1.04109,-0.832408,-0.252867,0.274477,-0.457216,0.743713,0.345331,0.472195,0.424631,-0.000717,-0.47549,1.438507,0.047722,0.782909,1.215391,0.719428,0.274314,0.291729,-0.218609,-0.628143,1.213949,1.021739,-0.28244,1.3594,-1.358377,0.884426,-0.154715,-0.5735,-0.857304,1.599417,0.260513,0.420466,0.463995,-1.360078,0.642146
882,Naruto: Shippuuden Movie 1,anime_2472,-1.061485,0.888652,-0.253569,-0.708006,0.493733,0.8361,0.574072,0.821967,-0.783177,0.092706,0.172555,-1.111196,-0.411083,1.203765,0.049113,-1.309367,-0.367307,0.570389,-0.15889,-1.094705,1.164261,0.008353,0.783585,-0.000991,0.604937,-1.514984,-0.144911,1.694455,-2.015127,1.122983,-0.632416,0.006098,0.158593,-0.373851,0.857714,0.128586,0.610418,0.582511,0.031126,-0.62266,1.508405,0.162045,0.976866,1.354483,0.554044,0.317717,0.242858,-0.410695,-0.774165,1.136095,1.10875,-0.408103,1.499263,-1.223998,0.762527,-0.097051,-0.59484,-1.010055,1.860079,0.082154,0.260449,0.681411,-1.340436,0.56078
883,Re:Zero kara Hajimeru Isekai Seikatsu - Hyouketsu no Kizuna,anime_38414,-0.373787,0.578755,0.295097,-0.453595,0.075603,0.683065,0.25295,0.324193,-1.016711,0.793362,-0.682906,-0.597012,-1.079442,0.424519,-0.297041,-0.493207,-0.648309,0.115761,1.054776,-0.790296,0.437194,-0.123412,0.39305,-0.145087,0.266729,-0.603659,0.371947,1.541342,-1.332135,1.222789,-0.203065,-0.306083,0.143415,0.312109,1.089807,0.462588,0.947374,1.749324,-0.544535,-0.244662,1.17702,-0.138383,0.634591,1.044827,0.439861,-0.413315,0.583415,-0.148923,-0.820081,0.434546,-0.343285,-0.847796,0.54602,-1.360413,0.203725,0.250339,-0.43949,-0.660032,1.380618,-0.147078,0.159769,0.037745,-0.997227,1.166862
884,Nanatsu no Taizai Movie 1: Tenkuu no Torawarebito,anime_35946,-1.130277,0.895907,-0.230258,-0.671385,0.492314,0.819977,0.54968,0.874957,-0.714549,0.02366,0.161001,-0.973716,-0.446378,1.254003,0.007424,-1.457651,-0.395191,0.654576,-0.197,-1.015278,1.188002,-0.099467,0.71429,0.083004,0.647932,-1.424709,-0.104013,1.630798,-2.031483,1.189599,-0.698488,0.033819,0.110257,-0.263848,0.774592,0.202815,0.622453,0.66374,0.010613,-0.724739,1.497763,0.10443,1.02205,1.366326,0.3614,0.359239,0.228959,-0.508445,-0.702421,1.091605,1.013294,-0.582562,1.585921,-1.128815,0.783309,-0.233102,-0.476225,-1.055329,1.967602,0.147764,0.179509,0.787988,-1.328895,0.600839
885,Chiyu Mahou no Machigatta Tsukaikata,anime_49613,-0.488727,0.660796,0.127278,-0.51064,0.036755,0.493189,0.322441,0.290209,-1.255224,1.017914,-0.520791,-0.904613,-0.867517,0.281002,-0.240036,-0.847401,-0.660595,0.306117,1.124197,-0.860026,0.412896,-0.155259,0.641668,-0.078951,0.209869,-0.657701,0.03515,1.647127,-1.157272,1.176053,-0.378003,-0.424437,-0.138117,0.601429,1.097177,0.441196,0.743372,1.624022,-0.589416,0.104437,1.290936,-0.131829,0.711744,1.262127,0.392441,-0.307847,0.460131,0.010357,-1.004184,0.380852,0.115495,-0.738727,0.746817,-1.145651,0.307403,0.502519,-0.463982,-0.714865,1.610054,-0.207904,0.281446,0.220227,-1.280309,0.920829
886,Somali to Mori no Kamisama,anime_39575,-0.323421,0.867225,-0.236454,-0.275616,-0.22884,0.647533,0.414835,0.559251,-0.668379,1.257047,-0.835078,-0.690303,-1.061326,0.300441,-0.446608,-1.3174,-0.421655,0.011704,0.702848,-1.297862,0.773334,-0.301537,0.616088,0.042086,0.40366,-0.626726,-0.023891,1.749584,-1.016732,1.200071,-0.367545,-0.591919,-0.4996,0.510452,0.489567,0.641578,0.576471,1.13056,-0.203285,0.113582,0.890871,-0.456262,0.782012,0.911892,0.233691,-0.374605,-0.079063,-0.171043,-0.969948,0.803829,0.719836,-0.651368,0.672409,-1.213427,0.223119,0.307651,-0.170883,-1.389812,1.760927,-0.078246,-0.059872,-0.011232,-1.115734,0.903355
887,Fuuka,anime_33743,-1.007549,0.712755,-0.383485,-0.645486,0.228814,0.97976,0.633336,0.713261,-0.575111,0.13692,-0.142108,-0.908215,-0.553797,1.114104,-0.093914,-1.20555,-0.534479,0.282594,-0.353248,-1.132376,1.127795,0.086308,0.705587,-0.139028,0.7783,-1.470456,-0.124869,1.696513,-1.926926,0.92633,-0.770565,-0.171283,0.310601,-0.603205,0.670145,0.315264,0.466585,0.507298,-0.083732,-0.755374,1.505103,0.148733,0.901947,1.198251,0.625341,0.284199,0.314161,-0.368669,-0.561315,1.141809,0.866921,-0.162496,1.079163,-1.381355,0.809907,-0.001228,-0.676027,-0.838513,1.564909,0.299765,0.442717,0.434644,-1.181038,0.57345
888,Masou Gakuen HxH,anime_31845,-0.449539,0.518069,0.153165,-0.350006,-0.039401,0.583233,0.293794,0.279037,-0.984383,0.728129,-0.692892,-0.687925,-0.869855,0.165936,-0.195931,-0.584008,-0.673184,0.048797,1.030255,-0.934711,0.321228,-0.274111,0.526007,-0.182416,0.204153,-0.687067,0.2196,1.494387,-1.10791,1.212104,-0.288931,-0.476948,-0.036947,0.375312,1.016814,0.547893,0.73464,1.616813,-0.560252,-0.025596,1.24118,-0.036328,0.622717,0.912279,0.562922,-0.27604,0.485682,0.134065,-0.800372,0.391098,-0.208105,-0.545004,0.588492,-1.273081,0.346146,0.31219,-0.43559,-0.676767,1.469984,-0.0704,0.31269,0.205735,-1.109976,0.948418
889,Hamatora The Animation,anime_20689,-0.539779,0.158213,-0.490097,-0.27183,0.243337,1.630219,-0.221609,1.043378,-1.102527,0.461787,-0.768325,-1.754458,-0.871443,-0.030001,-0.793001,-1.217081,-0.259142,0.101843,0.523966,-1.172186,0.21925,0.048729,0.235763,0.486181,-0.075492,-1.269744,-0.627802,1.229914,-1.310384,1.256215,-0.355728,-0.653579,-0.082979,-0.22265,0.189554,1.208113,0.910082,1.52634,-0.169386,0.032468,0.19255,-0.421269,0.745402,0.843808,-0.133748,0.319629,1.067071,1.074945,-1.000993,0.849517,0.380956,-0.81079,1.096517,-0.488525,-0.057346,0.097207,0.144335,-0.639654,1.599323,-0.279044,-0.219484,0.671984,-1.094807,2.040093
890,Princess Connect! Re:Dive,anime_39292,-0.499162,0.73778,-0.087299,-0.342759,0.164621,1.033244,0.025105,0.469627,-0.520163,0.962655,-0.355079,-1.121558,-0.775027,-0.001982,-0.445559,-1.158106,-0.521153,0.246806,0.49184,-1.230628,1.093868,0.243564,0.383956,0.231797,0.677663,-0.791507,-0.369009,1.778138,-1.209788,1.285126,-0.673618,-0.069378,0.018195,0.160598,0.313009,0.317203,0.086088,0.881201,-0.019122,-0.580935,0.706928,-0.590622,0.709085,1.009167,0.111775,-0.537753,-0.154682,0.19753,-0.640198,0.781586,1.268762,-0.435094,0.643493,-0.758273,-0.110689,0.702964,-0.135802,-0.681051,1.847538,-0.720044,0.485552,0.104645,-0.946489,1.467956
891,5-toubun no Hanayome Movie,anime_48548,-0.982074,0.729434,-0.297138,-0.595186,0.300081,0.927163,0.71244,0.649607,-0.435703,0.026063,-0.132688,-0.95476,-0.467591,0.87717,0.050801,-1.237634,-0.365501,0.275067,-0.327045,-1.186088,1.05908,0.007435,0.834322,-0.210442,0.796821,-1.467456,-0.195657,1.604717,-1.764722,0.966255,-0.731617,-0.189155,0.265034,-0.496493,0.737522,0.367816,0.364853,0.526521,-0.035197,-0.735158,1.592777,0.124089,0.822551,1.143366,0.760214,0.313783,0.29611,-0.28872,-0.605377,1.156119,1.0582,-0.220599,1.316467,-1.566515,0.872967,-0.110292,-0.617798,-0.936638,1.537552,0.247081,0.491645,0.575519,-1.173071,0.549739
892,One Piece Film: Z,anime_12859,-1.064888,0.886969,-0.250485,-0.716613,0.485794,0.842701,0.577734,0.801754,-0.806176,0.103845,0.163416,-1.128806,-0.40723,1.18494,0.077844,-1.290844,-0.367436,0.546802,-0.152918,-1.105673,1.165307,0.038037,0.820064,-0.018732,0.596748,-1.536286,-0.162482,1.702909,-2.013508,1.112251,-0.625694,-0.017073,0.184633,-0.404152,0.869504,0.111499,0.606706,0.563908,0.033918,-0.601297,1.509636,0.168557,0.972472,1.357661,0.587925,0.310843,0.249791,-0.379316,-0.799146,1.152544,1.140747,-0.372544,1.491568,-1.237877,0.761321,-0.086142,-0.627045,-1.00834,1.835972,0.076154,0.27917,0.649651,-1.352424,0.552062
893,Tokyo Magnitude 8.0,anime_6211,-0.522793,0.313027,-0.350968,-0.116426,-0.49299,0.840467,0.110649,0.662662,-1.050464,0.596601,-0.943441,-0.453919,-0.786873,0.273097,-0.766865,-0.81075,-0.74898,-0.032149,-0.187886,-0.832141,0.770362,-0.574763,0.059888,-0.176338,0.550362,-0.590882,0.180784,1.595636,-0.773281,1.318952,-0.606107,-0.133699,0.079048,0.819916,0.633364,0.67322,0.742791,1.427501,-1.057281,-0.367978,1.587826,-0.320253,0.409723,0.388154,0.346632,-0.036787,0.419261,-0.321425,0.046229,0.59226,0.038625,-0.937892,0.925918,-1.643512,0.271578,0.764372,-0.016753,-0.627989,1.692186,0.252007,-0.073738,-0.298881,-1.018379,0.665279
894,Shouwa Genroku Rakugo Shinjuu,anime_28735,-1.3127,0.247954,-0.167147,-0.328356,0.112102,1.117942,0.72216,0.948432,-0.096306,0.309547,-0.431016,-1.119983,-0.628986,1.230853,-0.521792,-1.196378,-0.898639,0.663942,-0.546283,-0.927191,1.015484,0.662639,0.340349,-0.455656,0.704195,-1.500434,-0.0522,1.762709,-1.883292,1.143007,-0.899663,-0.228345,0.416541,-0.950309,0.580368,0.269881,1.632144,0.824846,0.134137,-0.684307,1.458532,-0.226199,1.314368,1.039872,0.082797,0.023225,0.028635,-0.091956,-0.361805,1.313785,0.164042,-0.987118,1.742613,-1.376224,0.233951,-0.346408,-0.398615,-0.815741,1.707786,0.557355,-0.07315,0.769271,-1.292372,1.651173
895,Ano Hi Mita Hana no Namae wo Bokutachi wa Mada Shiranai. Movie,anime_15039,-0.746867,0.553014,-0.081751,-0.09024,0.025581,0.77729,0.240123,0.785089,-0.909705,1.020663,-0.685608,-0.529114,-0.794282,0.45132,-0.804029,-0.810322,-0.599799,0.113603,0.384816,-0.84449,0.89081,-0.930018,0.293104,-0.502955,0.710491,-0.597047,0.474583,1.453394,-0.829513,1.810488,-0.379327,-0.028526,-0.022763,0.585044,0.603124,0.685814,0.670373,1.662095,-0.964758,-0.703164,1.270505,-0.153608,0.42769,0.796512,-0.003556,-0.155905,0.624004,-0.355311,0.063832,0.620346,-0.110342,-1.129399,0.844128,-1.668908,0.18123,0.529498,-0.023959,-0.813963,1.810707,0.477003,-0.049461,-0.497744,-0.750088,1.155088
896,Bungou Stray Dogs: Dead Apple,anime_34944,-1.09361,0.517367,-0.216084,-0.362415,-0.004968,0.521092,1.028592,0.640223,-0.582937,0.761583,-0.335058,-0.889722,-0.376379,0.991807,-0.124271,-1.985661,-0.268552,0.766712,-0.14687,-0.805879,0.679331,-0.087552,1.162933,-0.03786,1.002262,-1.499879,0.178245,1.42067,-1.713552,1.174494,-0.80435,-0.201886,-0.525693,-0.591083,0.445417,0.924163,1.101186,1.230533,0.307616,-0.355747,1.464389,-0.521997,1.156219,1.259519,0.136373,0.761114,-0.230903,-0.445478,-1.036971,0.938534,0.890619,-1.070301,1.821755,-1.231574,0.209802,-0.075157,0.069618,-1.300925,1.874744,0.588594,-0.67574,0.381797,-0.946491,1.298288
897,Ajin Part 2,anime_33253,-1.054214,0.444987,-0.263784,-0.495125,0.028563,0.592786,0.953635,0.668431,-0.760924,0.94019,-0.261243,-1.026573,-0.328152,0.982887,-0.044229,-1.78904,-0.205029,0.699079,-0.049012,-1.004861,0.940095,0.006667,1.232372,-0.098034,1.042822,-1.607212,0.020116,1.43341,-1.791962,1.277005,-0.772891,-0.274114,-0.432455,-0.884163,0.502239,0.900419,1.102391,1.138741,0.307248,-0.079765,1.417139,-0.458478,1.194864,1.25784,0.389712,0.732781,-0.04664,-0.261622,-1.163024,1.150137,0.922046,-0.875272,1.618318,-1.371546,0.256047,0.101609,-0.076345,-1.339741,1.792999,0.531734,-0.500702,0.202639,-0.897981,1.339292
898,Gin no Saji,anime_16918,-1.014986,0.915259,-0.20439,-0.622087,0.596696,0.934993,0.61136,0.712872,-0.170582,-0.014438,-0.058488,-0.639254,-0.693062,1.022324,0.048495,-1.307958,-0.447376,0.398056,-0.540438,-1.085211,1.081528,-0.059566,0.763736,-0.2124,0.949714,-1.457123,-0.133779,1.487902,-1.751043,1.064003,-0.856469,-0.014581,0.172949,-0.263049,0.686954,0.51356,0.296234,0.715166,0.00865,-0.93189,1.409211,-0.03162,0.884131,1.026654,0.671174,0.476148,0.110683,-0.368786,-0.508286,0.932276,0.915246,-0.339631,1.376965,-1.428185,1.029759,-0.288041,-0.487079,-0.963198,1.894837,0.317114,0.226597,0.723079,-1.201658,0.630164
899,Air,anime_101,-0.201247,0.663439,0.08364,-0.073277,0.008538,0.869552,-0.470984,0.831593,-0.918615,0.563748,-0.420194,-0.472587,-1.427781,-0.293803,-0.811519,-1.251811,-0.63666,0.1081,1.252738,-0.554575,0.334282,-0.184182,0.290979,-0.240352,0.865838,-0.300056,0.307074,1.692205,-1.043576,1.352569,-0.469132,-0.037251,-0.197997,0.157395,0.563459,0.525108,0.468386,1.289146,-0.662037,-0.120326,1.097492,-0.251915,0.509554,1.104641,-0.722198,-0.226506,0.649457,0.17355,-0.814759,0.718138,0.235166,-0.679328,0.344569,-1.116485,0.601576,0.622483,0.000413,-1.025708,1.532671,-0.165679,0.127985,-0.253999,-0.859427,0.940971
900,Dimension W,anime_31163,-0.952191,0.411729,-0.323123,-0.5009,0.185282,0.614525,0.858909,0.866843,-0.752741,0.617459,-0.179179,-1.138398,-0.445407,0.97181,0.100537,-1.543349,-0.341962,0.718313,-0.117564,-0.777122,0.967113,0.18306,1.395426,-0.014976,0.661754,-1.698737,0.080023,1.552346,-1.906849,1.042151,-0.800846,-0.372148,-0.469837,-1.009057,0.501877,0.412424,1.324116,1.071402,0.465829,-0.173468,1.292135,-0.568806,1.051351,1.139283,0.092655,0.912929,0.129652,-0.12467,-1.091356,1.023972,1.107206,-0.852465,1.872796,-1.072082,0.246058,-0.055003,-0.04688,-1.553364,1.781419,0.694227,-0.680526,0.505734,-1.193994,1.294895
901,Oda Nobuna no Yabou,anime_11933,-0.354111,0.520671,0.164683,-0.404356,-0.05181,0.488046,0.277904,0.134665,-0.934457,0.643275,-0.707208,-0.595028,-0.858101,0.211286,-0.221205,-0.739916,-0.823325,0.076346,0.952222,-0.866115,0.362888,-0.258331,0.455827,-0.14514,0.244784,-0.714077,0.116312,1.42235,-1.016105,1.152251,-0.421489,-0.471809,-0.062806,0.523112,0.988245,0.760657,0.653593,1.663718,-0.513804,-0.008244,1.304384,-0.089115,0.5741,0.955186,0.48889,-0.263452,0.466717,0.098943,-0.557322,0.370865,-0.173569,-0.706388,0.793986,-1.281879,0.368093,0.312812,-0.428132,-0.818482,1.533656,-0.150769,0.265168,0.355963,-1.074153,0.968575
902,Fate/Grand Order: Zettai Majuu Sensen Babylonia,anime_38084,-0.590903,0.356361,-0.171861,-0.364097,0.24723,1.213429,-0.137613,0.853828,-0.701119,0.842005,-0.257854,-1.418426,-0.619302,0.101817,-0.908423,-1.106865,-0.405506,0.476173,0.588295,-1.215306,1.296327,0.145875,0.339103,0.505509,0.933071,-0.676478,-0.316598,1.800722,-1.290821,1.393338,-0.705593,-0.088296,-0.185774,0.038018,0.374597,0.259524,0.078961,1.067645,-0.103604,-0.649272,0.551892,-0.641006,0.833657,1.149876,-0.32299,-0.404114,0.07339,0.189523,-0.767705,0.908179,1.123361,-0.647918,0.809659,-0.765806,-0.25338,0.958115,0.361304,-0.94739,1.913484,-0.783487,0.560617,-0.048555,-0.901061,1.806893
903,Jigokuraku 2nd Season,anime_55825,-1.06288,0.844477,-0.347018,-0.681484,0.482207,0.916785,0.626923,0.680209,-0.588899,0.058982,-0.050863,-0.938945,-0.408574,1.147791,0.009969,-1.393276,-0.568306,0.510021,-0.391025,-1.010332,1.166245,0.073944,0.67963,-0.045547,0.689825,-1.63144,-0.093345,1.676529,-1.926138,1.06074,-0.878662,-0.107597,0.197973,-0.325935,0.682523,0.401594,0.45654,0.569281,0.006481,-0.422714,1.527736,0.045653,0.88425,1.226329,0.700853,0.40447,0.157296,-0.319962,-0.507584,1.187937,1.054398,-0.330418,1.401154,-1.357335,0.829112,-0.064592,-0.597353,-1.030661,1.831181,0.231713,0.297485,0.704302,-1.269112,0.53543
904,Full Metal Panic? Fumoffu,anime_72,-0.46258,0.56525,0.285798,-0.430626,0.227946,0.54435,0.192661,0.281035,-0.822213,0.570461,-0.631856,-0.723055,-1.008049,0.225395,-0.219838,-0.561086,-0.757492,0.113223,0.906145,-0.828897,0.310524,-0.238103,0.481673,-0.221434,0.205809,-0.766553,0.327526,1.50424,-1.080056,1.291236,-0.358669,-0.302547,-0.107835,0.522127,1.009087,0.657849,0.655822,1.720812,-0.483058,-0.031037,1.173567,-0.116684,0.564523,0.784531,0.525693,-0.143895,0.399446,0.118694,-0.812478,0.265016,-0.305691,-0.618213,0.661797,-1.295332,0.271135,0.220362,-0.286532,-0.768829,1.638577,-0.019433,0.131514,0.323295,-1.059807,1.039616
905,Amnesia,anime_15085,-1.300847,0.121485,-0.15811,-0.257824,0.467661,0.887759,-0.062162,0.730382,-0.771932,0.368274,0.067148,-0.902198,-1.557227,0.673853,-0.392537,-1.006179,-0.450406,0.982796,0.912724,-1.455813,1.400152,-0.354069,0.098924,-0.722599,1.662121,-0.715089,-0.371263,1.331269,-1.208758,1.746222,-0.09548,0.878442,0.595675,-0.319181,1.45142,0.701367,1.374054,0.698463,-0.786651,-0.827181,1.80692,-0.156253,1.782279,1.958995,-0.962586,-0.429821,1.200023,0.232131,-0.792269,1.887906,0.285739,-1.719491,1.206004,-1.269921,1.048557,0.07056,-0.140354,-0.276503,1.593614,-0.687389,0.620049,-0.702736,-1.056293,1.588272
906,Juuni Taisen,anime_35076,-0.027717,0.397324,-0.194008,-0.061645,-0.239499,1.029642,0.243311,0.960008,-0.867608,0.762347,-0.792084,-1.400778,-0.99405,-0.103487,-0.825396,-1.288878,-0.732574,0.255009,1.311823,-0.497407,0.846197,0.527854,0.470737,0.422139,0.414821,-0.778373,-0.405428,1.348683,-1.124384,0.90052,-0.626405,-0.19651,0.012404,0.141704,0.715368,-0.049213,0.011065,1.155458,-0.480768,-0.202642,1.381681,-0.746232,0.287032,0.695876,-0.42967,-0.13198,0.469446,0.003098,-0.965214,0.858199,1.194689,-1.173677,0.633311,-1.189617,0.110448,0.965345,0.322239,-0.853141,2.226615,-0.049557,-0.030801,0.104071,-1.236369,1.037748
907,Tsuujou Kougeki ga Zentai Kougeki de Ni-kai Kougeki no Okaasan wa Suki desu ka?,anime_38573,-0.490944,0.769289,0.16313,-0.322026,0.029143,0.644905,0.300147,0.247904,-0.899315,0.844388,-0.574984,-0.440256,-0.899078,0.29626,-0.232801,-0.859755,-0.614304,0.281684,1.07888,-0.883078,0.395537,-0.268025,0.36229,-0.166644,0.144452,-0.515055,0.126596,1.39463,-1.047701,1.252329,-0.366352,-0.324857,0.012713,0.678165,1.049319,0.56145,0.743901,1.59517,-0.502794,-0.280473,1.291218,-0.205544,0.76026,1.024086,0.360801,-0.280249,0.310775,-0.052697,-0.689053,0.208266,-0.11722,-0.795194,0.763016,-1.13296,0.451991,0.181969,-0.49535,-0.642812,1.731168,-0.07147,0.189337,0.390402,-1.114902,0.992186
908,Servamp,anime_31229,-1.303955,0.242855,-0.135771,-0.400298,0.309077,1.107433,0.754942,1.070145,-0.00278,0.367567,-0.387804,-1.619925,-0.575711,1.222708,-0.521866,-1.075036,-0.67508,0.609329,-0.174623,-0.723897,1.089392,0.796892,0.477331,-0.416223,0.647907,-1.624872,0.060436,1.81546,-1.944928,1.320009,-0.906431,-0.37569,0.413472,-1.034382,0.661156,0.115705,1.672952,0.869265,0.339776,-0.685023,1.409747,-0.205595,1.185761,1.071907,0.064684,0.146451,0.065223,0.177319,-0.592771,1.366263,0.370498,-1.107927,1.92568,-1.545542,0.19023,-0.393329,-0.384364,-0.844655,1.725778,0.423183,-0.064922,0.950846,-1.411274,1.969087
909,Taboo Tattoo,anime_29758,-1.137102,0.454288,-0.138318,-0.316606,0.017433,0.63188,0.81464,0.985249,-0.598007,0.716205,-0.102326,-0.767372,-0.407718,0.95848,-0.047859,-1.86751,-0.150071,0.887509,-0.005538,-0.896525,0.846509,-0.192734,1.140419,0.072589,0.934123,-1.390069,0.279861,1.360507,-1.989408,1.26465,-0.591191,-0.088688,-0.531544,-0.866611,0.575838,0.554325,1.146843,1.30621,0.409129,-0.420093,1.419459,-0.3945,1.270621,1.090548,-0.000575,0.696963,0.029019,-0.610617,-1.208139,0.990964,0.681879,-0.976248,1.650984,-1.16352,0.222296,-0.176048,0.144409,-1.426084,1.945494,0.601209,-0.685686,0.510208,-0.985339,1.26872
910,High School DxD OVA,anime_12729,-0.464313,0.608582,0.128705,-0.37033,0.049443,0.538529,0.239665,0.28313,-0.89614,0.659339,-0.676156,-0.699209,-0.941302,0.228166,-0.238841,-0.532424,-0.724263,-0.023727,0.990551,-0.87623,0.301927,-0.25589,0.500316,-0.21026,0.202868,-0.715495,0.31608,1.48806,-1.05876,1.306006,-0.355187,-0.438801,-0.04447,0.331192,0.945847,0.58397,0.698664,1.623526,-0.538456,-0.061472,1.202336,-0.023397,0.602056,0.834017,0.519333,-0.135295,0.436721,0.206536,-0.727373,0.403445,-0.188443,-0.459341,0.556998,-1.355005,0.364363,0.355556,-0.516342,-0.695207,1.513679,0.000766,0.318014,0.194646,-1.058314,1.009631
911,Little Busters!,anime_13655,-0.193015,0.82479,0.060431,-0.116382,0.084481,0.948364,-0.460765,0.65632,-0.817223,0.52256,-0.502447,-0.322825,-1.519317,-0.369516,-0.621706,-1.280147,-0.692333,0.163167,0.952242,-0.437293,0.217354,-0.082861,0.474961,-0.297351,0.739434,-0.403893,0.254201,1.580065,-1.033618,1.182845,-0.665072,0.116411,-0.291464,0.512727,0.602967,0.535609,0.427048,1.354061,-0.503314,-0.127065,1.001318,-0.513373,0.494239,0.911646,-0.617509,-0.038147,0.463046,0.167395,-0.830936,0.536257,0.254435,-0.70527,0.585646,-0.855949,0.834302,0.46075,0.051567,-0.942652,1.797348,-0.101418,-0.157998,-0.040586,-1.077121,0.760673
912,InuYasha: Kanketsu-hen,anime_6811,-0.982231,0.796944,-0.36072,-0.648624,0.347136,0.880798,0.613168,0.707448,-0.637404,0.045872,0.00334,-0.892555,-0.461424,1.112808,0.030603,-1.281952,-0.546973,0.388406,-0.315733,-1.113384,1.151626,0.019639,0.695362,-0.041696,0.706063,-1.51148,-0.172076,1.667414,-1.952505,0.942067,-0.699495,-0.14767,0.247408,-0.501331,0.704917,0.33236,0.501283,0.581472,-0.016215,-0.644169,1.493431,0.147716,0.924007,1.223269,0.669645,0.312976,0.262899,-0.400127,-0.540287,1.184448,1.024342,-0.274395,1.300371,-1.35068,0.747319,0.025438,-0.702255,-0.975673,1.705594,0.16518,0.368364,0.604356,-1.258528,0.545641
913,Sora no Otoshimono Forte,anime_8407,-0.982726,0.754006,-0.329426,-0.633862,0.307871,1.005802,0.649161,0.669848,-0.545313,0.079804,-0.100741,-0.864369,-0.382992,0.996664,0.032219,-1.132969,-0.521633,0.241258,-0.227295,-1.209196,1.101237,-0.025208,0.735694,-0.142689,0.812751,-1.496987,-0.126534,1.599665,-1.840573,1.082337,-0.755784,-0.251835,0.313578,-0.542697,0.724036,0.332645,0.523588,0.469085,-0.022859,-0.664024,1.566428,0.134206,0.877726,1.246228,0.723326,0.3288,0.255302,-0.27742,-0.464549,1.225346,1.078282,-0.155684,1.270839,-1.489307,0.919352,-0.124984,-0.754861,-0.92923,1.577074,0.292881,0.517791,0.499406,-1.170641,0.580633
914,Kämpfer,anime_6205,-0.454461,0.506341,0.13259,-0.315346,-0.075714,0.599539,0.320929,0.195721,-0.964793,0.640354,-0.755578,-0.80687,-0.787708,0.155427,-0.191328,-0.588279,-0.677507,-0.039117,0.928727,-0.898942,0.303438,-0.217691,0.584346,-0.220919,0.18935,-0.756786,0.200987,1.449431,-1.071891,1.202468,-0.35211,-0.521192,-0.008291,0.359122,1.021669,0.573284,0.680885,1.598176,-0.529654,0.01582,1.199779,-0.08081,0.562592,0.848148,0.56919,-0.248729,0.463318,0.23542,-0.809621,0.502633,-0.105516,-0.506239,0.689879,-1.290441,0.404058,0.280174,-0.460119,-0.65659,1.467589,-0.01336,0.303572,0.246582,-1.130174,0.931505
915,Neko no Ongaeshi,anime_597,-0.105965,0.54482,-0.586996,-0.271555,-0.180973,1.04893,0.630989,0.504174,-0.429571,1.400803,-0.59752,-1.022145,-0.952227,0.742211,-1.087344,-2.023564,-0.499225,0.061702,0.043855,-1.086513,0.47686,0.724821,0.113741,0.505824,0.199938,-0.272824,-0.429297,1.464048,-0.503309,1.156325,-0.206995,-0.640863,-0.3329,-0.350634,0.310581,0.474228,0.261219,1.13694,-0.683385,-0.019413,0.180559,-0.384851,0.337645,0.652784,0.274837,-0.507222,0.322055,0.221536,-0.85151,0.693042,0.901184,-0.577081,0.562968,-0.70529,-0.025202,0.354838,-0.05234,-1.367302,2.316461,0.254651,0.053465,0.132733,-1.229609,1.364748
916,Midara na Ao-chan wa Benkyou ga Dekinai,anime_38778,-0.968837,0.764792,-0.338369,-0.607734,0.2979,0.916619,0.687019,0.674468,-0.420628,0.039973,-0.081895,-0.778016,-0.554166,0.988927,0.001922,-1.184478,-0.381278,0.275366,-0.35501,-1.194588,1.082545,-0.062007,0.712286,-0.140769,0.816306,-1.425547,-0.177383,1.53367,-1.819504,1.002105,-0.774282,-0.141754,0.248751,-0.464109,0.692023,0.453295,0.379658,0.50502,-0.028486,-0.807654,1.568518,0.088973,0.886757,1.072759,0.761075,0.331179,0.201296,-0.295849,-0.506558,1.038254,0.942904,-0.139749,1.219597,-1.529388,0.961417,-0.124126,-0.600481,-0.894649,1.683951,0.297593,0.405423,0.59498,-1.174247,0.587809
917,Promare,anime_35848,-0.679852,0.24578,-0.3296,-0.349037,-0.37825,0.486136,0.355845,0.832021,-0.925877,0.561057,-0.953274,-1.099679,-0.627933,0.008439,-0.682338,-0.680667,-0.799984,0.20273,0.240894,-0.779889,0.967452,-0.410657,0.379717,-0.044967,0.51194,-0.687276,-0.16339,1.535784,-0.7882,1.08434,-0.807266,-0.628857,-0.008256,0.507305,0.623491,0.559049,0.707718,1.410397,-0.688593,-0.354216,1.279764,-0.723609,0.43747,0.498532,0.17583,-0.288677,0.487876,-0.238544,-0.226441,0.69805,0.404732,-0.992929,0.975193,-1.696742,0.295332,0.666426,-0.041522,-0.288285,1.43306,0.047363,-0.237038,0.158091,-1.100468,0.936529
918,Higurashi no Naku Koro ni Gou,anime_41006,-0.101509,0.549147,-0.225386,-0.052216,0.048639,1.144201,-0.191924,0.780153,-1.022807,0.440681,-0.566171,-0.713269,-1.175023,-0.302066,-0.767145,-1.199855,-0.604709,0.276699,1.030903,-0.695921,0.585063,0.203917,0.385111,-0.037164,0.899661,-0.431825,-0.188811,1.568501,-1.054485,1.056276,-0.585654,-0.269181,-0.133895,0.183828,0.845773,0.831711,0.447604,1.152603,-0.441221,0.311117,0.875597,-0.45181,0.667539,1.034903,-0.704927,-0.195478,0.683618,0.411942,-1.08975,0.888173,0.603938,-0.825378,0.491084,-1.047013,0.527111,0.734024,0.236074,-0.777112,1.722327,-0.461236,0.010558,-0.228504,-1.035231,1.06016
919,Boku no Kokoro no Yabai Yatsu 2nd Season,anime_55690,-0.951896,0.780822,-0.261212,-0.63031,0.350554,0.832795,0.695766,0.656219,-0.361195,0.011768,-0.056436,-0.888522,-0.642069,0.899661,0.092503,-1.223794,-0.33253,0.2149,-0.400999,-1.188504,1.076085,0.044373,0.857437,-0.205163,0.853258,-1.479085,-0.214458,1.561358,-1.790143,0.923468,-0.734532,-0.169676,0.253239,-0.538652,0.708332,0.44407,0.308331,0.550605,-0.025608,-0.793817,1.581224,0.137056,0.82773,1.052463,0.800025,0.337676,0.254039,-0.244968,-0.633562,1.064213,1.045385,-0.112119,1.206321,-1.644254,0.90086,-0.082348,-0.602552,-0.964541,1.5709,0.257258,0.425856,0.584658,-1.152219,0.574248
920,Choujin Koukousei-tachi wa Isekai demo Yoyuu de Ikinuku you desu!,anime_39523,-0.486729,0.662001,0.13075,-0.50996,0.047943,0.489607,0.316972,0.297458,-1.252344,1.011456,-0.516514,-0.899571,-0.872413,0.295235,-0.244934,-0.839131,-0.662293,0.309492,1.124001,-0.857596,0.416414,-0.164422,0.631218,-0.080123,0.206467,-0.655527,0.042788,1.639979,-1.161483,1.188238,-0.373718,-0.418807,-0.140431,0.604244,1.100527,0.445929,0.74495,1.63193,-0.584503,0.096734,1.293545,-0.134671,0.714364,1.255072,0.385063,-0.308969,0.459444,0.001181,-0.996457,0.377916,0.098836,-0.748078,0.746721,-1.147952,0.300727,0.493003,-0.457988,-0.716409,1.614404,-0.208729,0.275481,0.231348,-1.274915,0.927179
921,Bleach Movie 1: Memories of Nobody,anime_1686,-1.064997,0.89877,-0.280472,-0.770161,0.617546,0.825268,0.590874,0.828069,-0.667457,0.113243,0.096048,-1.08325,-0.437003,1.271297,-0.002178,-1.296117,-0.551665,0.491097,-0.148469,-1.06399,1.113967,-0.009351,0.828673,-0.103499,0.643321,-1.68289,-0.002832,1.803113,-1.932287,1.293337,-0.746411,-0.060359,0.165076,-0.359503,0.698548,0.223445,0.494192,0.569178,0.044458,-0.504672,1.48545,0.126792,0.872388,1.295715,0.562157,0.466776,0.184024,-0.319807,-0.652219,1.143084,1.144974,-0.351707,1.407264,-1.359499,0.727711,-0.088125,-0.700601,-1.033457,1.869505,0.191905,0.299514,0.729287,-1.293629,0.645294
922,Chuunibyou demo Koi ga Shitai! Movie: Take On Me,anime_35608,-0.443098,0.558032,0.224548,-0.347242,0.013891,0.504053,0.277907,0.249752,-0.809471,0.707674,-0.65329,-0.574414,-1.135592,0.264785,-0.273334,-0.669378,-0.613675,0.051504,0.892933,-0.905318,0.312101,-0.310026,0.407978,-0.242254,0.318727,-0.601577,0.292708,1.450236,-0.987298,1.260961,-0.369986,-0.339065,-0.040681,0.40788,0.899191,0.701501,0.669777,1.677795,-0.633111,-0.246017,1.236925,-0.070144,0.578635,0.845191,0.450509,-0.248936,0.49635,0.090071,-0.709867,0.297323,-0.432145,-0.639544,0.5092,-1.379598,0.415003,0.285553,-0.396822,-0.722026,1.417459,0.006495,0.236944,0.187318,-0.946762,1.026951
923,Enen no Shouboutai: San no Shou,anime_51818,-1.001658,0.659166,-0.261324,-0.698838,0.441125,0.89079,0.611455,0.927292,-0.63926,0.064625,0.09464,-0.925797,-0.49348,1.118365,0.020898,-1.176845,-0.574211,0.458389,-0.221785,-1.128364,1.161849,-0.003247,0.737183,0.111094,0.830383,-1.46307,-0.07763,1.684505,-2.086507,1.007311,-0.665221,-0.173701,0.176375,-0.621841,0.816741,0.235953,0.681321,0.677237,0.039064,-0.607764,1.466546,0.117216,0.934445,1.285342,0.564294,0.351794,0.382153,-0.467573,-0.670663,1.216441,0.95459,-0.293355,1.305871,-1.314492,0.748746,-0.028978,-0.477316,-1.074614,1.727802,0.186714,0.339052,0.532354,-1.276024,0.628476
924,Hataraku Saibou!!,anime_39586,-0.954147,0.832934,-0.176696,-0.535262,0.324233,0.974123,0.796017,0.43597,-0.390951,-0.153386,-0.197771,-0.796703,-0.341313,1.06637,0.087835,-1.336649,-0.526725,0.259985,-0.355864,-1.199215,0.937948,0.041117,0.656821,-0.147291,0.955689,-1.644117,-0.141388,1.479596,-1.75408,1.013131,-0.938183,-0.152215,0.184698,-0.430109,0.864939,0.533315,0.30887,0.389198,0.128476,-0.717365,1.449456,0.130436,0.778756,1.118002,0.801043,0.466932,0.07549,-0.139298,-0.434326,1.185262,0.904475,-0.148319,1.268087,-1.640009,0.854575,-0.049407,-0.585556,-0.924113,1.731725,0.324781,0.376556,0.481607,-1.158705,0.655344
925,Boku no Kanojo ga Majimesugiru Sho-bitch na Ken,anime_35712,-0.43541,0.840008,-0.317551,-0.206166,-0.411029,0.698091,0.350505,0.6207,-0.447002,1.040354,-0.982996,-0.781764,-1.069586,0.080168,-0.409347,-1.148127,-0.461462,-0.37316,0.530901,-1.039435,0.526197,-0.265933,0.891355,0.030745,0.131666,-0.751849,0.159245,1.567295,-0.934719,1.101975,-0.302336,-0.661819,-0.558941,0.482484,0.364024,0.638634,0.38349,1.225904,-0.120455,0.031113,0.987912,-0.504623,0.547385,0.458873,0.210196,-0.272739,-0.103961,-0.21556,-1.038212,0.744672,0.716048,-0.384385,0.847287,-1.311794,0.344714,0.0522,-0.174037,-1.450984,1.52873,0.062643,-0.201967,0.237901,-1.023228,0.700602
926,Mahoutsukai no Yome: Hoshi Matsu Hito,anime_32902,-1.104983,0.634652,-0.247507,-0.61441,0.284973,1.028936,0.592747,0.877095,-0.580557,0.232777,-0.020483,-0.742244,-0.492187,1.108629,-0.12525,-1.296621,-0.429612,0.463662,-0.242157,-1.203128,1.091666,-0.026982,0.543115,-0.001809,0.968418,-1.364076,0.099432,1.707004,-2.113717,1.047433,-0.653397,-0.004829,0.277018,-0.676431,0.787549,0.2545,0.644775,0.673858,-0.069713,-0.826364,1.430882,0.219953,0.938159,1.298936,0.576056,0.263959,0.426233,-0.54011,-0.648732,1.2321,0.664187,-0.29524,1.103005,-1.402529,0.825049,0.054114,-0.579956,-0.925228,1.600677,0.290483,0.445049,0.326042,-1.129498,0.63203
927,Itazura na Kiss,anime_3731,-0.22248,0.427539,-0.052369,-0.071134,0.180568,0.636205,1.170721,0.618579,0.566084,0.814586,0.0023,-1.14948,-0.588768,1.044545,-0.094528,-2.116379,-0.084341,0.265805,-0.177394,-1.022951,0.851676,0.37825,1.00444,-0.503349,0.38328,-1.476555,-0.471192,1.579251,-1.728388,1.673677,-0.460295,-0.745341,-0.400766,-0.016433,0.230611,0.725093,1.123304,1.286807,0.77476,-0.571079,1.536798,-0.338831,0.709687,0.778603,0.100288,0.14364,-0.50335,-0.051466,-0.76886,1.209628,0.246675,-0.356866,2.124732,-1.280095,-0.081366,-0.603384,0.089817,-0.993084,1.424134,0.545537,-0.749678,0.322806,-1.017611,1.182796
928,Tejina-senpai,anime_38610,-1.049773,0.545914,-0.223916,-0.323266,-0.093797,0.679711,0.961019,0.742127,-0.501447,0.650068,-0.301159,-0.852036,-0.478203,0.786607,0.052604,-1.639782,-0.086644,0.539867,-0.204003,-1.006154,0.786653,0.012106,1.329458,-0.212069,0.8234,-1.421885,0.119488,1.254334,-1.692379,1.113772,-0.66212,-0.181758,-0.34056,-0.986359,0.559349,0.610396,0.888707,1.094622,0.45797,-0.453018,1.548071,-0.464813,1.229954,0.757325,0.275529,0.729804,-0.070807,-0.370758,-1.125611,0.992169,0.974101,-0.596506,1.555762,-1.48443,0.343139,-0.152022,-0.136292,-1.217511,1.735541,0.774725,-0.613828,0.475437,-0.906971,1.191814
929,ChäoS;HEAd,anime_4975,-0.060282,0.721289,0.079868,-0.138972,0.27689,1.052029,-0.440884,0.877974,-0.849221,0.292664,-0.566321,-0.406466,-1.476688,-0.191183,-0.693612,-0.972059,-0.819908,0.284228,1.152872,-0.471637,0.53035,-0.000823,0.281843,-0.076117,0.781227,-0.340369,0.183199,1.573691,-1.212375,1.221476,-0.437049,-0.1071,-0.078252,0.270818,0.722004,0.514514,0.633016,1.408543,-0.39397,-0.113145,1.025071,-0.522831,0.582778,1.025011,-0.832785,-0.208609,0.631888,0.060325,-0.799951,0.706331,0.502345,-1.005937,0.538631,-0.986626,0.413505,0.394964,0.097137,-0.913857,1.745537,-0.301596,-0.109332,-0.037559,-1.089152,1.078738
930,"Ore ga Ojousama Gakkou ni ""Shomin Sample"" Toshite Gets♥Sareta Ken",anime_25099,-0.44368,0.535125,0.158031,-0.284444,-0.049291,0.575451,0.285462,0.232364,-0.834772,0.64639,-0.740036,-0.619457,-0.881061,0.178537,-0.252975,-0.54701,-0.648259,0.033278,0.967461,-0.958463,0.321955,-0.37949,0.398374,-0.269079,0.199076,-0.623198,0.227743,1.370898,-0.966249,1.269942,-0.322874,-0.405614,-0.049121,0.451474,0.975596,0.612096,0.637574,1.605172,-0.561371,-0.1935,1.269222,-0.08324,0.605386,0.801619,0.498212,-0.320273,0.434872,0.095754,-0.679221,0.358988,-0.277933,-0.57714,0.630349,-1.322415,0.438567,0.234748,-0.460021,-0.617931,1.463468,-0.020551,0.288107,0.298332,-1.006291,0.937154
931,Genjitsu Shugi Yuusha no Oukoku Saikenki Part 2,anime_49930,-0.398863,0.499194,0.317171,-0.53958,0.065468,0.427388,0.18326,0.267766,-1.091413,0.708161,-0.654825,-0.63935,-0.965075,0.401368,-0.237588,-0.625275,-0.731379,0.241835,1.265189,-0.804712,0.416353,-0.454915,0.420796,-0.044707,0.203933,-0.536279,0.223925,1.376918,-1.199957,1.435287,-0.231496,-0.427846,-0.019064,0.583431,1.011946,0.656635,0.907616,1.811343,-0.531151,-0.25674,1.444282,-0.159262,0.679136,1.180485,0.291369,-0.355246,0.544985,-0.100392,-0.664996,0.28785,-0.42906,-0.918918,0.811354,-1.276837,0.186743,0.098378,-0.348631,-0.924977,1.424823,-0.191752,0.2113,0.209461,-1.055004,1.245678
932,Hajime no Ippo: Rising,anime_19647,-1.109696,0.783375,-0.335616,-0.592978,0.705368,0.959576,0.981041,0.690984,-0.238904,-0.242004,-0.21345,-0.942077,-0.499698,1.090388,-0.00419,-1.663197,-0.645247,0.531572,-0.47697,-1.040018,1.195339,0.115388,0.729952,0.150025,0.815645,-1.356474,-0.061071,1.714574,-1.786234,0.752432,-1.031494,-0.361926,0.078529,-0.530473,0.70428,0.409973,0.276917,0.814537,-0.057758,-0.686552,1.574567,0.090829,1.019716,1.189146,0.426513,0.239727,0.211141,-0.547573,-0.538313,1.274308,1.080337,-0.383435,1.498696,-1.41331,0.671388,0.041562,-0.359737,-0.921548,1.729055,0.146077,0.172306,0.869235,-1.24211,0.647997
933,Isekai Meikyuu de Harem wo,anime_44524,-0.45238,0.632125,0.106677,-0.453676,0.016929,0.482077,0.332728,0.217425,-1.193441,0.971203,-0.635462,-0.868229,-0.846996,0.239138,-0.297693,-0.828934,-0.679289,0.257434,1.078127,-0.841071,0.439002,-0.243257,0.580523,-0.13432,0.238551,-0.668661,0.079172,1.67726,-1.08324,1.166653,-0.382173,-0.425047,-0.12154,0.679593,1.03408,0.522444,0.751975,1.6198,-0.655844,0.065487,1.333337,-0.101467,0.731458,1.302774,0.370685,-0.317399,0.456989,0.000118,-0.879604,0.38872,0.041679,-0.776728,0.734288,-1.131193,0.292324,0.452828,-0.461849,-0.652213,1.529533,-0.15973,0.334385,0.245332,-1.248759,0.888485
934,Psycho-Pass 3,anime_39491,-0.563079,0.340541,-0.187642,-0.20854,-0.377498,0.556282,0.328574,0.772058,-0.809695,0.571971,-0.947267,-0.892422,-0.686517,0.140055,-0.685865,-0.628244,-0.757044,0.131188,0.290445,-0.735252,0.922555,-0.440113,0.361543,-0.055477,0.581056,-0.680138,0.011006,1.304789,-0.907292,1.174924,-0.726911,-0.484798,-0.131921,0.539661,0.475711,0.677763,0.597128,1.572084,-0.743011,-0.257282,1.292401,-0.434256,0.479713,0.445423,0.209396,-0.201383,0.379802,-0.134752,-0.178735,0.657614,0.303845,-0.913224,0.923809,-1.729105,0.210338,0.612595,0.002176,-0.502383,1.81367,0.023631,-0.296256,0.141907,-1.002568,0.925709
935,Devils Line,anime_35928,-1.05396,0.492078,-0.255267,-0.377682,-0.060161,0.615234,0.93516,0.690738,-0.659422,0.863616,-0.261071,-1.075991,-0.422816,0.944448,0.029652,-1.816371,-0.178945,0.555941,-0.049688,-0.87164,0.719765,-0.005842,1.295601,-0.215699,0.884737,-1.589904,0.188093,1.494264,-1.750342,1.209073,-0.706989,-0.220693,-0.38142,-0.878309,0.443331,0.691563,1.09228,1.098522,0.305041,-0.277595,1.484524,-0.357166,1.140739,1.153497,0.209548,0.733796,-0.087008,-0.272247,-1.140988,1.064484,0.917563,-0.782721,1.661579,-1.366501,0.273725,-0.07702,-0.225982,-1.333131,1.628352,0.609648,-0.566028,0.296602,-0.89183,1.290968
936,Doukyuusei,anime_30346,-0.49601,0.522805,-0.13016,0.15053,-0.472997,0.60699,1.109323,1.013394,-0.330669,0.312375,-0.927628,-1.300219,-0.593652,0.005541,-0.770087,-1.970598,-0.731699,0.038558,-0.337529,-0.536119,0.193453,0.28057,1.055102,0.472021,0.284307,-1.066276,0.16996,1.836957,-1.095774,0.846727,-0.946264,-1.087976,-0.414654,0.009156,0.180935,0.651406,-0.013811,1.675017,0.381539,-0.09134,0.734449,-0.68742,0.396839,-0.109938,-0.237984,-0.087152,-0.008968,-0.287991,-1.189451,0.379702,0.293328,-0.68819,1.137087,-1.120229,0.092236,-0.347016,0.203172,-1.460952,1.305319,0.579781,-0.843973,1.246254,-1.038914,1.368533
937,Shikkakumon no Saikyou Kenja,anime_47161,-0.450795,0.605251,0.305513,-0.536045,0.307654,0.436276,0.280096,0.263276,-1.001,0.732119,-0.494832,-0.723866,-1.073606,0.418372,-0.170456,-0.74491,-0.656892,0.347932,1.279221,-0.761244,0.433599,-0.265664,0.475175,-0.105261,-0.001593,-0.546928,0.138164,1.541077,-1.205445,1.28634,-0.252555,-0.353939,0.053305,0.5715,1.039065,0.504219,0.916498,1.775869,-0.46951,-0.304456,1.322713,-0.309589,0.628395,1.148207,0.345435,-0.357857,0.519322,-0.130532,-0.774508,0.223783,-0.246435,-1.076199,0.827098,-1.15118,0.082485,0.115806,-0.398773,-0.874336,1.556158,-0.196546,0.128073,0.336834,-1.201257,1.30305
938,Takopii no Genzai,anime_60489,-0.915722,0.720196,-0.321828,-0.744635,0.271672,1.017218,0.825854,0.734944,-0.725255,0.171707,-0.005321,-0.862084,-0.634266,1.15972,-0.002931,-1.153731,-0.643521,0.313502,-0.440455,-1.160425,1.149998,0.149894,0.786075,-0.010678,0.844453,-1.557034,-0.075086,1.64995,-1.947492,0.934873,-0.872925,-0.189044,0.318476,-0.632934,0.689449,0.339393,0.552554,0.571007,0.0127,-0.561219,1.352823,0.078283,0.853798,1.164186,0.639809,0.315201,0.380269,-0.362577,-0.563383,1.33029,1.0021,-0.320453,1.246408,-1.404083,0.894259,-0.032313,-0.644584,-0.92005,1.582766,0.23473,0.314602,0.482848,-1.21571,0.69046
939,Jitsu wa Watashi wa,anime_29785,-0.993689,0.744438,-0.307257,-0.609964,0.406526,0.94954,0.612735,0.71834,-0.393578,0.072342,-0.110511,-0.941301,-0.47122,1.036951,-0.026512,-1.252793,-0.432726,0.30427,-0.293998,-1.08521,1.065752,-0.055839,0.713848,-0.128534,0.88757,-1.441439,-0.059756,1.656825,-1.883518,1.063469,-0.744537,-0.13822,0.217342,-0.412427,0.690422,0.396823,0.447572,0.629199,-0.012862,-0.770557,1.568061,0.104748,0.879381,1.197063,0.643637,0.340087,0.228755,-0.418732,-0.504061,1.154246,0.992622,-0.307026,1.326869,-1.553257,0.842993,-0.131385,-0.627131,-0.942454,1.602435,0.258776,0.397642,0.637732,-1.162572,0.628709
940,Fate/kaleid liner Prisma☆Illya,anime_14829,-0.471827,0.659459,-0.30807,0.046303,-0.350115,0.906837,0.910125,0.530379,-0.195981,0.136825,-0.827419,-1.382643,-0.433875,0.026387,-0.615101,-1.494817,-0.589371,0.119189,-0.187357,-0.543631,0.311634,0.753818,0.88868,0.463006,-0.159992,-1.363869,-0.000121,1.769258,-1.204762,0.71786,-1.253733,-1.082276,-0.425683,-0.020065,0.327818,0.343163,0.280878,1.256325,0.558897,0.281164,0.841588,-0.64341,0.243607,-0.06262,0.077371,0.274767,-0.226456,0.314597,-0.986129,0.35943,0.540464,-0.473534,1.284077,-1.277443,0.04679,0.019636,-0.176084,-1.59878,1.70176,0.482714,-0.626446,1.337883,-1.083479,1.381938
941,Shuffle!,anime_79,-0.162019,0.674551,-0.104254,-0.06269,-0.136454,0.93937,-0.388659,0.626383,-1.09482,0.550998,-0.584984,-0.522527,-1.221581,-0.526575,-0.466731,-1.095243,-0.625903,0.004244,1.133645,-0.6352,0.230324,-0.174359,0.579812,-0.216336,0.61165,-0.502211,0.081815,1.592054,-1.164335,1.094065,-0.416389,-0.124177,-0.234934,0.458193,0.696122,0.433761,0.502473,1.229274,-0.456276,0.059114,1.144684,-0.4126,0.524504,0.98627,-0.384512,-0.289285,0.517867,0.251959,-0.968029,0.671821,0.482938,-0.496706,0.526595,-0.90386,0.71408,0.496043,-0.099707,-0.863132,1.574151,-0.233255,-0.047141,-0.060625,-1.195001,0.667222
942,Dr. Stone: Science Future,anime_57592,-0.919567,1.139031,-0.284759,-0.648847,0.571827,1.048272,0.711167,0.520977,-0.465173,0.129758,0.155755,-0.784408,-0.402534,1.170489,0.175239,-1.399714,-0.349619,0.487669,-0.271416,-1.276167,1.130309,0.144272,0.747078,-0.279358,0.58832,-1.623226,-0.280752,1.483118,-1.641004,1.068664,-0.856272,-0.050306,0.248704,-0.147579,0.894361,0.322081,0.307146,0.329094,0.225368,-0.633981,1.539647,0.040884,0.938828,1.091144,0.699006,0.37598,-0.072521,-0.218077,-0.640464,0.963516,1.272292,-0.177637,1.379048,-1.419739,0.985145,-0.15592,-0.856501,-0.835334,1.935112,0.13088,0.183414,0.862791,-1.254628,0.51114
943,Kyoukai no Kanata Movie 2: I'll Be Here - Mirai-hen,anime_28675,-0.467231,0.501514,0.37592,-0.503746,0.264488,0.345644,0.138557,0.412388,-0.941121,0.54195,-0.605426,-0.769067,-1.169353,0.397778,-0.189179,-0.374713,-0.753367,0.054101,1.116686,-0.820222,0.350186,-0.459587,0.518115,-0.203224,0.128859,-0.768925,0.480444,1.490637,-1.178978,1.557598,-0.10853,-0.362067,-0.01588,0.34392,0.870377,0.556029,0.781394,1.857414,-0.557183,-0.183037,1.287247,-0.041726,0.573411,0.807938,0.462119,-0.255686,0.532995,0.036111,-0.77776,0.335165,-0.466479,-0.709375,0.566322,-1.380426,0.115848,0.120162,-0.376995,-0.886944,1.38281,-0.083202,0.178445,0.236554,-0.985574,1.188795
944,Osananajimi ga Zettai ni Makenai Love Comedy,anime_43007,-0.425308,0.525653,0.19502,-0.292904,-0.000551,0.48977,0.309051,0.211443,-0.79909,0.677547,-0.733039,-0.718848,-0.901765,0.140245,-0.180155,-0.603241,-0.620981,-0.017908,0.920078,-0.971377,0.31057,-0.367309,0.467724,-0.331236,0.258054,-0.698401,0.16347,1.389451,-0.941214,1.232856,-0.282488,-0.444914,-0.087206,0.449857,0.971495,0.684102,0.603377,1.669569,-0.600235,-0.197184,1.240777,-0.051907,0.535496,0.86483,0.53109,-0.35748,0.465861,0.141949,-0.732263,0.383803,-0.238524,-0.591311,0.681803,-1.365487,0.419081,0.264933,-0.474751,-0.686434,1.3727,-0.065798,0.269538,0.286703,-0.989713,0.940019
945,Rurouni Kenshin: Meiji Kenkaku Romantan - Tsuioku-hen,anime_44,-1.035688,0.706825,-0.327479,-0.601049,0.296811,0.869267,0.659334,0.599618,-0.555857,-0.044345,-0.102747,-0.944515,-0.49081,1.066852,-0.009573,-1.361408,-0.494383,0.397856,-0.448888,-1.02939,1.070302,0.037422,0.651742,-0.100956,0.759615,-1.548809,-0.147758,1.69725,-1.848347,0.93454,-0.904243,-0.084229,0.213374,-0.419128,0.649052,0.481347,0.480021,0.516946,-0.118599,-0.542322,1.515118,0.106759,0.841742,1.209258,0.710828,0.379589,0.218427,-0.267704,-0.462275,1.194081,0.920931,-0.338078,1.397611,-1.411917,0.838667,-0.036195,-0.539593,-1.038275,1.707834,0.227399,0.397832,0.542928,-1.191879,0.542668
946,Mangaka-san to Assistant-san to The Animation,anime_21863,-0.996573,0.609996,-0.281667,-0.264736,-0.134939,0.963534,0.974794,0.499505,-0.549545,0.812239,-0.340759,-0.744016,-0.160598,0.754228,0.047925,-1.65028,-0.120305,0.616754,0.00141,-1.099994,0.776395,-0.034764,1.206298,-0.342222,0.785794,-1.491486,0.051748,1.23501,-1.515291,1.216806,-0.754428,-0.224894,-0.27662,-0.775509,0.679937,0.571798,0.957477,0.864371,0.448392,-0.355085,1.537127,-0.481153,1.198379,1.003657,0.411225,0.666745,-0.19089,-0.266048,-0.982612,1.014403,0.985101,-0.672972,1.675461,-1.335556,0.526532,-0.20882,-0.310577,-1.141704,1.766015,0.642083,-0.430379,0.370466,-0.931485,1.137228
947,Mushishi Zoku Shou 2nd Season,anime_24701,-0.966654,0.569601,-0.271753,-0.365628,0.001599,0.627693,0.951765,0.548665,-0.679385,0.960733,-0.382137,-0.851438,-0.359318,0.958261,0.096895,-1.941242,-0.32779,0.679614,-0.188022,-0.933494,0.861809,-0.020712,1.257873,-0.289763,0.92521,-1.669373,-0.009287,1.550492,-1.694817,1.062169,-0.688216,-0.289295,-0.392666,-0.608192,0.45333,0.813977,0.9889,1.132991,0.251455,-0.174726,1.431826,-0.425536,1.171867,1.259391,0.42605,0.595252,-0.206284,-0.328048,-1.088524,1.002192,1.075897,-0.844457,1.652892,-1.135987,0.271876,-0.001868,-0.371001,-1.24614,1.689527,0.514637,-0.618343,0.366248,-1.040787,1.075479
948,Psycho-Pass Movie 1,anime_21339,-0.432802,0.322377,-0.251161,-0.356789,-0.431753,0.347776,0.182076,0.670268,-0.982616,0.617222,-0.884631,-0.809896,-0.714408,0.048829,-0.532149,-0.719927,-0.949063,0.083479,0.415241,-0.508489,0.662127,-0.347208,0.615722,-0.13819,0.323633,-0.785574,-0.038035,1.552506,-1.018299,0.982896,-0.814914,-0.430355,-0.216772,0.66401,0.377338,0.578812,0.721995,1.453652,-0.745392,-0.233162,1.429675,-0.390984,0.322316,0.690117,0.211489,-0.06999,0.41048,-0.107683,0.020538,0.362799,0.463796,-0.819499,1.170026,-1.59207,0.350788,0.500675,-0.215931,-0.853891,1.738977,0.079624,-0.218184,0.164475,-1.149036,0.886923
949,Tonikaku Kawaii 2nd Season,anime_50307,-0.873934,0.838782,-0.266641,-0.569939,0.245661,0.907359,0.668117,0.438184,-0.355508,-0.055366,0.001399,-0.788041,-0.507095,0.893071,0.134292,-1.230998,-0.243785,0.102941,-0.302416,-1.301784,1.077747,0.033176,0.738745,-0.198454,0.868391,-1.515346,-0.29231,1.404409,-1.749215,0.925783,-0.804489,-0.245458,0.263202,-0.495598,0.733175,0.563975,0.327932,0.382514,0.012781,-0.763798,1.648651,0.251586,0.820761,1.117445,0.85464,0.299548,0.145893,-0.083516,-0.477521,1.066059,1.054252,0.015642,1.178505,-1.728843,1.005326,-0.111225,-0.693474,-0.985427,1.578578,0.220645,0.496155,0.579594,-1.069364,0.566297
950,JoJo no Kimyou na Bouken Part 6: Stone Ocean Part 3,anime_53273,-1.099703,0.894998,-0.32806,-0.77126,0.483676,0.818414,0.75691,0.733544,-0.819531,-0.017157,0.085497,-1.169847,-0.322033,1.229166,0.008901,-1.319973,-0.518232,0.574675,-0.262789,-1.06865,1.11852,0.105442,0.791266,-0.017176,0.53102,-1.681787,-0.165987,1.769403,-1.812569,1.138631,-0.884218,-0.100623,0.140812,-0.357235,0.85211,0.256799,0.5325,0.352629,0.1542,-0.418993,1.412818,0.006188,0.788531,1.228416,0.516014,0.337404,0.168608,-0.31625,-0.766961,1.138781,1.101358,-0.386027,1.433446,-1.302097,0.819429,-0.11437,-0.54983,-0.826138,1.868851,0.117127,0.207334,0.725538,-1.401241,0.624145
951,Kuro no Shoukanshi,anime_51064,-0.45676,0.510818,0.196791,-0.559397,0.11178,0.520035,0.301214,0.201599,-1.14482,0.911208,-0.545488,-0.908807,-0.943224,0.268144,-0.231632,-0.681001,-0.679007,0.160755,1.204371,-0.839378,0.342165,-0.23218,0.654989,-0.057023,0.275543,-0.593536,0.062663,1.574934,-1.226888,1.172895,-0.346106,-0.481885,-0.06478,0.487563,1.101728,0.552995,0.82294,1.768226,-0.556987,-0.048292,1.294739,-0.21806,0.64454,1.247938,0.474283,-0.353047,0.526577,-0.039269,-0.880769,0.429344,-0.101619,-0.789942,0.687832,-1.276844,0.192712,0.357059,-0.393909,-0.829631,1.422534,-0.195839,0.328207,0.05492,-1.212206,1.170463
952,Knight's & Magic,anime_34104,-0.473564,0.479125,0.243006,-0.54728,0.197477,0.47425,0.273175,0.275377,-1.037926,0.87315,-0.623594,-0.888973,-1.018216,0.317331,-0.221475,-0.622791,-0.671792,0.080247,1.061193,-0.876458,0.326571,-0.372849,0.603527,-0.172382,0.263671,-0.633525,0.155497,1.481503,-1.179103,1.208749,-0.179707,-0.465834,-0.002842,0.457198,1.095228,0.634125,0.741058,1.944601,-0.568934,-0.242461,1.261452,-0.250838,0.671719,1.054797,0.481028,-0.454066,0.523439,-0.134271,-0.947176,0.445735,-0.23591,-0.747591,0.675837,-1.280587,0.194442,0.263053,-0.452229,-0.697868,1.235082,-0.158237,0.157481,0.066914,-1.082332,1.168469
953,Hello World,anime_38816,-0.584786,0.296532,-0.260779,-0.276211,-0.619183,0.508873,0.218533,0.893002,-0.971145,0.595177,-0.799,-0.830656,-0.932563,0.01296,-0.59316,-0.634295,-0.83806,-0.06156,0.208126,-0.979716,0.905879,-0.495932,0.311104,-0.045134,0.614599,-0.521904,-0.007576,1.458236,-0.758704,1.290105,-0.632006,-0.543514,-0.010053,0.372338,0.442635,0.474621,0.813338,1.320965,-1.008265,-0.300101,1.579766,-0.356835,0.478268,0.489398,0.227066,-0.310539,0.480322,-0.250239,-0.171704,0.68708,0.138568,-0.742585,0.765386,-1.832157,0.319052,0.645118,-0.154799,-0.598658,1.338636,0.051805,-0.103315,0.038986,-0.933799,0.651955
954,Kanon (2006),anime_1530,-0.20068,0.663214,0.085143,-0.074905,0.009447,0.868064,-0.469468,0.830186,-0.918868,0.565913,-0.419068,-0.472897,-1.429368,-0.293363,-0.81021,-1.253062,-0.636809,0.109351,1.255425,-0.555894,0.335446,-0.18448,0.291945,-0.241057,0.866014,-0.299982,0.305816,1.691784,-1.042563,1.35432,-0.468372,-0.038142,-0.196268,0.15796,0.564255,0.526805,0.467958,1.289046,-0.662439,-0.120115,1.098482,-0.253666,0.510346,1.105542,-0.721189,-0.227158,0.649175,0.17244,-0.815168,0.717396,0.233524,-0.681575,0.345394,-1.117247,0.600397,0.622328,-0.000217,-1.026593,1.531217,-0.167701,0.127322,-0.255927,-0.858118,0.94375
955,Dungeon ni Deai wo Motomeru no wa Machigatteiru Darou ka IV: Shin Shou - Yakusai-hen,anime_53111,-0.481836,0.679617,0.275779,-0.489694,0.259812,0.447218,0.223068,0.400563,-1.107782,0.749152,-0.454123,-0.766743,-1.0363,0.405001,-0.226396,-0.795872,-0.633693,0.452475,1.219253,-0.77575,0.47772,-0.256017,0.443676,-0.088332,-0.03152,-0.615058,0.189293,1.546791,-1.219574,1.324754,-0.207717,-0.263986,-0.02156,0.628015,1.028667,0.417593,0.902936,1.737358,-0.513343,-0.237278,1.323075,-0.219885,0.688044,1.16007,0.289294,-0.296006,0.478052,-0.109936,-0.866059,0.196602,-0.177447,-1.047961,0.927396,-1.044028,0.170496,0.228467,-0.354665,-0.887079,1.726573,-0.23282,0.081245,0.418317,-1.216005,1.141199
956,Yuukoku no Moriarty Part 2,anime_43325,-0.929981,0.765517,-0.314375,-0.638981,0.35786,0.934347,0.659089,0.620161,-0.498543,-0.007127,-0.214732,-0.796036,-0.454509,1.133453,-0.062322,-1.339911,-0.575737,0.381998,-0.5142,-1.018909,1.061156,0.038081,0.602413,0.001355,0.99593,-1.540683,-0.102331,1.631932,-2.018837,0.882079,-0.8747,-0.090692,0.186067,-0.23594,0.65652,0.598578,0.514593,0.699624,-0.066725,-0.612485,1.462117,0.082054,0.914256,1.250881,0.67279,0.355656,0.066664,-0.458687,-0.4377,1.163998,1.125131,-0.501249,1.392449,-1.4609,0.714448,-0.081435,-0.486876,-0.916603,1.74274,0.176719,0.235332,0.557813,-1.196188,0.585859
957,Yahari Ore no Seishun Love Comedy wa Machigatteiru. OVA,anime_18753,-0.366321,0.646985,0.156228,-0.315954,0.064573,0.533823,0.215895,0.271418,-0.754539,0.626693,-0.698995,-0.633855,-1.052511,0.293599,-0.149728,-0.496865,-0.709943,-0.056583,0.933687,-0.882876,0.345778,-0.263245,0.484678,-0.301213,0.148958,-0.739075,0.220767,1.400259,-1.055643,1.157211,-0.227848,-0.466816,-0.012605,0.323538,0.883212,0.590824,0.640565,1.659441,-0.53534,-0.251253,1.168221,-0.063866,0.586152,0.765211,0.500433,-0.228416,0.38994,0.154845,-0.732975,0.280766,-0.295681,-0.459104,0.478224,-1.354492,0.254106,0.222267,-0.54282,-0.694163,1.449804,-0.007768,0.168648,0.319862,-1.002341,1.01584
958,Zero kara Hajimeru Mahou no Sho,anime_34176,-0.409009,0.659136,0.225507,-0.473517,0.088751,0.397155,0.374859,0.301326,-1.096581,0.807461,-0.530846,-0.767503,-0.909818,0.42076,-0.141027,-0.773628,-0.755285,0.247057,1.225759,-0.866165,0.326332,-0.231484,0.527228,-0.139925,0.070822,-0.725384,0.105822,1.588897,-1.123023,1.253788,-0.249266,-0.353482,-0.01027,0.53495,1.062111,0.483426,0.820123,1.643975,-0.485357,-0.068988,1.297791,-0.125491,0.617484,1.179189,0.466894,-0.279136,0.47109,0.028208,-0.812518,0.294059,-0.138231,-0.883624,0.719923,-1.12964,0.20988,0.343679,-0.455556,-0.797018,1.6154,-0.224961,0.230144,0.259212,-1.172336,1.087389
959,Ookami-san to Shichinin no Nakama-tachi,anime_7769,-0.32589,0.605835,0.303526,-0.385387,0.099773,0.495497,0.334228,0.03837,-0.632772,0.46392,-0.852338,-0.603947,-1.020618,0.232652,-0.268477,-0.729005,-0.622114,-0.012856,0.991988,-0.905899,0.481908,-0.263421,0.333464,-0.202354,0.165391,-0.788335,0.247911,1.24181,-1.144027,1.071108,-0.387343,-0.312173,-0.026953,0.425089,1.06207,0.861985,0.683682,1.706869,-0.383689,-0.495635,1.429976,-0.081275,0.573015,0.976099,0.337005,-0.319024,0.58088,0.090761,-0.622237,0.279297,-0.281956,-0.685503,0.877601,-1.524453,0.297107,0.166081,-0.459584,-0.876552,1.531382,-0.03415,0.154226,0.44729,-0.887226,1.241823
960,Working'!!,anime_10521,-1.11916,0.519849,-0.62639,-0.495593,0.091658,0.915394,0.750858,0.870679,-0.298145,1.251955,-0.177099,-0.699974,-0.594485,1.084761,-0.198619,-1.641172,0.529364,1.004394,-0.027726,-1.482716,1.116757,-0.802666,0.779347,-0.060912,1.584566,-0.589813,-0.011462,0.722742,-1.287227,1.412347,-0.278352,0.454306,-0.819325,-1.116964,0.884066,0.936511,1.115209,1.461271,-0.146179,-0.740569,1.208267,-0.597559,1.472757,0.695679,0.066597,0.512517,0.261469,-0.185175,-0.90065,1.270054,0.992619,-0.736477,1.178066,-1.477816,0.069392,0.09266,0.801981,-1.129286,2.492479,0.255316,-0.526065,0.03154,-0.619841,1.501121
961,Nurarihyon no Mago,anime_7592,-1.053828,0.814477,-0.343166,-0.72663,0.585909,0.852488,0.553394,0.827003,-0.537617,0.035344,0.030814,-1.000314,-0.469478,1.205637,-0.090578,-1.198985,-0.612212,0.360364,-0.161438,-1.003898,1.022486,-0.076308,0.705206,-0.009567,0.812747,-1.559939,0.117124,1.773273,-1.962819,1.302447,-0.773045,-0.097134,0.165418,-0.513113,0.635553,0.40117,0.615674,0.687217,-0.00772,-0.639836,1.427643,0.151515,0.853099,1.318949,0.587154,0.621264,0.260379,-0.315502,-0.461305,1.214149,0.917356,-0.265808,1.352355,-1.457339,0.737807,0.03057,-0.646167,-1.127389,1.779461,0.258689,0.445174,0.4306,-1.198645,0.81963
962,Boku no Hero Academia the Movie 3: World Heroes' Mission,anime_44200,-1.175839,0.76889,-0.301895,-0.748908,0.437636,0.797553,0.732591,0.777378,-0.724833,-0.199897,0.040886,-1.160219,-0.328574,1.200587,-0.132066,-1.314814,-0.595625,0.549586,-0.33146,-0.930542,1.041883,-0.000957,0.720554,0.155509,0.699577,-1.647714,-0.070081,1.74794,-1.856301,1.186572,-0.994605,-0.087354,0.042995,-0.385485,0.798748,0.438935,0.599354,0.463789,0.121266,-0.486491,1.315104,-0.048633,0.696871,1.264134,0.388165,0.440249,0.220928,-0.383882,-0.614342,1.164084,0.846728,-0.537696,1.522692,-1.301919,0.864935,-0.223738,-0.214708,-0.933552,1.938683,0.170915,0.239581,0.63388,-1.357908,0.773997
963,Steins;Gate: Kyoukaimenjou no Missing Link - Divide By Zero,anime_32188,0.502203,1.065356,0.106455,0.175091,0.845138,0.775728,-0.455003,0.820018,-0.529812,-0.12389,-0.394076,-0.306193,-1.285777,-0.639875,-0.907219,-1.174234,-0.412455,0.037718,1.003498,0.028544,0.557921,0.306014,0.186235,-0.199869,0.314184,-0.539958,0.436099,1.36916,-0.749166,0.670082,-0.290542,-0.215407,-0.140946,0.397378,0.380637,0.07811,0.634462,0.857283,-0.663361,-0.00033,1.462402,-0.726156,0.617363,0.710458,-0.596619,-0.370133,0.596616,0.122651,-0.049028,0.464044,0.810763,-0.845017,0.570976,-0.459977,0.690047,0.477948,0.231513,-0.570272,1.140715,-0.411387,-0.371084,0.108828,-1.034815,0.875116
964,Romantic Killer,anime_52865,-0.995617,0.811067,-0.288503,-0.670983,0.391175,0.97096,0.676483,0.539805,-0.522176,0.009152,-0.195998,-0.864422,-0.428269,0.992889,0.076062,-1.244669,-0.446591,0.236396,-0.400595,-1.155301,1.110756,-0.014771,0.794415,-0.092441,0.857177,-1.711014,-0.043839,1.572049,-1.955939,0.994716,-0.753549,-0.084318,0.217742,-0.491939,0.776877,0.460437,0.433277,0.592177,0.031353,-0.596315,1.662072,0.255129,0.918845,1.207655,0.753059,0.432892,0.251243,-0.212665,-0.530609,1.289803,1.114852,-0.018916,1.295884,-1.630282,0.894795,-0.092342,-0.826482,-1.079252,1.684748,0.27401,0.478588,0.503299,-1.024584,0.621595
965,Kami no Tou: Ouji no Kikan,anime_52635,-0.397021,0.911729,-0.281784,-0.268504,-0.139748,0.739254,0.348034,0.651621,-0.750491,1.267518,-0.795694,-0.8661,-1.056686,0.413838,-0.488054,-1.316218,-0.35336,-0.096581,0.568463,-1.157585,0.76628,-0.248528,0.718334,0.158012,0.357845,-0.760097,0.016076,1.791194,-1.015804,1.220331,-0.292943,-0.67342,-0.602615,0.51682,0.449026,0.735196,0.674506,1.23349,-0.320602,0.205022,0.757888,-0.375463,0.674433,0.926536,0.17993,-0.297376,-0.092699,-0.05732,-1.072719,0.786965,0.704341,-0.607803,0.857829,-1.0702,0.16186,0.271154,-0.069443,-1.49131,1.716531,-0.110875,-0.254904,-0.10284,-1.162256,0.881931
966,Isekai Shokudou,anime_34012,-0.455029,0.600288,0.17324,-0.383978,-0.018582,0.55336,0.272232,0.273393,-1.006745,0.916333,-0.723895,-0.713939,-0.973355,0.268059,-0.274142,-0.806281,-0.769224,0.230927,0.963238,-0.76111,0.445051,-0.302713,0.451061,-0.130964,0.37066,-0.531288,0.156521,1.580777,-1.225855,1.078403,-0.337787,-0.371196,-0.061809,0.627167,0.955612,0.644885,0.832072,1.811839,-0.645509,-0.04838,1.293016,-0.104626,0.734478,1.172575,0.418569,-0.410291,0.45747,-0.137216,-0.790454,0.40114,-0.133341,-0.785201,0.532799,-1.164121,0.235116,0.358981,-0.390497,-0.722354,1.43084,-0.181452,0.316317,0.115461,-1.118369,0.911673
967,Naruto: Shippuuden Movie 2 - Kizuna,anime_4437,-1.061322,0.888113,-0.253689,-0.707887,0.493844,0.835894,0.57407,0.821833,-0.782884,0.092614,0.17282,-1.111516,-0.411083,1.203809,0.049102,-1.309187,-0.367423,0.570556,-0.158663,-1.094958,1.164412,0.008343,0.783575,-0.000811,0.60491,-1.515099,-0.144932,1.694721,-2.015125,1.12307,-0.632077,0.006037,0.158588,-0.373641,0.857679,0.128803,0.610623,0.582313,0.031107,-0.62282,1.508422,0.162086,0.977024,1.354511,0.554305,0.317336,0.242688,-0.41092,-0.77448,1.136366,1.10881,-0.408548,1.499204,-1.224019,0.762352,-0.096942,-0.594735,-1.009955,1.86032,0.08204,0.260302,0.68148,-1.34016,0.560923
968,Date A Live IV,anime_41461,-0.420026,0.439645,0.218044,-0.444026,0.051389,0.469612,0.335997,0.375016,-1.092787,0.7801,-0.633786,-0.775316,-0.973289,0.254556,-0.100249,-0.565151,-0.756866,0.070688,1.081012,-0.91798,0.351474,-0.338812,0.585006,-0.127308,0.181763,-0.708967,0.208669,1.537965,-1.16309,1.260641,-0.152392,-0.558182,-0.021889,0.34797,0.98802,0.580653,0.876037,1.750147,-0.599266,-0.023358,1.256252,-0.095749,0.611842,1.008881,0.521009,-0.346957,0.576759,0.041885,-0.863237,0.414849,-0.280476,-0.668507,0.632128,-1.21995,0.205108,0.268206,-0.399157,-0.813197,1.312252,-0.13894,0.206726,0.14333,-1.111851,1.054349
969,Texhnolyze,anime_26,-0.561674,0.387071,-0.125262,-0.174374,-0.440515,0.596732,0.32007,0.799298,-0.781433,0.620629,-0.858884,-0.671197,-0.745222,0.197346,-0.675471,-0.846382,-0.801504,0.123514,0.185679,-0.72688,0.817732,-0.490831,0.298565,-0.116717,0.70773,-0.585009,0.020563,1.319888,-0.846752,1.199472,-0.725425,-0.388813,-0.172282,0.61975,0.45994,0.74394,0.58659,1.60477,-0.888072,-0.373139,1.252428,-0.379717,0.514353,0.472668,0.112158,-0.233373,0.28714,-0.312129,-0.137552,0.614463,0.25471,-1.045443,0.914437,-1.70339,0.257261,0.528046,-0.018336,-0.572898,1.729508,0.050115,-0.351239,0.048224,-0.95742,0.88858
970,Flying Witch,anime_31376,-0.977771,0.635212,-0.275438,-0.507609,0.309849,1.042423,0.603226,0.826593,-0.447834,0.046002,-0.123423,-0.641977,-0.484532,1.169812,-0.1097,-1.47177,-0.54397,0.532298,-0.322423,-1.003727,1.238949,-0.074143,0.628453,0.048289,0.902924,-1.353034,0.001686,1.703305,-2.073481,0.925867,-0.660517,-0.143481,0.17902,-0.377658,0.721117,0.401081,0.534211,0.774954,0.03997,-0.768596,1.44468,0.126137,1.016894,1.249992,0.484372,0.290548,0.319472,-0.625315,-0.627449,1.146518,0.72985,-0.420049,1.255193,-1.127088,0.739073,-0.084145,-0.490657,-0.923541,1.736384,0.216397,0.283601,0.665049,-1.270265,0.533685
971,Skip Beat!,anime_4722,-0.33509,0.441717,-0.2428,-0.104701,0.073602,0.985646,1.05376,0.542983,0.304427,0.760157,-0.212815,-1.16657,-0.442227,1.198344,-0.14447,-2.036423,-0.310959,0.265008,-0.190762,-1.07343,0.863364,0.398648,0.845374,-0.406867,0.276759,-1.477031,-0.394589,1.718551,-1.687287,1.791406,-0.516123,-0.874097,-0.188138,-0.006799,0.170477,0.455705,1.513038,1.09346,0.652069,-0.327804,1.510631,-0.43419,0.786047,0.966116,0.251965,0.284574,-0.644592,0.087531,-0.6354,1.392316,0.197484,-0.376599,2.053585,-1.079886,-0.152783,-0.621303,-0.119434,-0.829981,1.457752,0.608961,-0.627867,0.195677,-1.112322,1.107241
972,Ao no Exorcist Movie,anime_11737,-1.125999,0.78651,-0.300715,-0.697321,0.594944,0.786255,0.543671,0.939427,-0.433142,-0.018291,-0.040179,-0.853636,-0.606092,1.201741,-0.113801,-1.315163,-0.616882,0.4699,-0.318437,-0.924972,1.071848,-0.190919,0.679121,0.023799,0.878643,-1.435535,0.117591,1.729327,-1.971785,1.292136,-0.79994,-0.045288,0.112519,-0.406119,0.54026,0.440933,0.565654,0.817598,-0.078593,-0.796355,1.396909,0.057511,0.892411,1.258345,0.440307,0.58564,0.284858,-0.457658,-0.471359,1.116091,0.81171,-0.463793,1.396579,-1.33493,0.780783,-0.132351,-0.48474,-1.097387,1.848794,0.345515,0.311089,0.583706,-1.225246,0.793241
973,Shingeki! Kyojin Chuugakkou,anime_31374,-0.944848,0.868146,-0.299634,-0.675962,0.530343,1.019834,0.664265,0.639537,-0.406366,-0.104997,-0.235945,-0.872435,-0.54221,1.054603,-0.058974,-1.27836,-0.453258,0.34184,-0.49178,-1.131695,1.110762,-0.047787,0.804203,-0.048327,0.829476,-1.624443,-0.010551,1.551498,-1.953163,0.90788,-0.863001,0.024038,0.126,-0.335471,0.813195,0.494545,0.448569,0.651935,0.107712,-0.740918,1.545267,0.115529,0.967967,1.17503,0.680519,0.458935,0.26674,-0.348984,-0.591228,1.08796,0.969165,-0.193894,1.405521,-1.493214,0.873798,-0.238575,-0.53582,-0.9743,1.825712,0.302111,0.193376,0.735376,-1.181507,0.662283
974,Kurenai no Buta,anime_416,-0.484408,0.43447,-0.302207,0.037348,-0.611586,0.781702,0.809335,0.65458,-0.551138,0.207993,-0.933213,-1.195138,-0.247699,0.120403,-0.58567,-1.587109,-0.714505,0.043059,-0.276739,-0.683438,0.228571,0.480592,0.764068,0.504146,0.047562,-1.278862,0.019832,1.692153,-1.139796,0.935975,-1.106504,-1.125496,-0.369392,0.163021,0.306535,0.438512,0.285034,1.192169,0.399388,0.265941,0.946419,-0.503745,0.413828,0.033147,-0.001393,0.114217,-0.272549,0.256219,-1.000849,0.415013,0.388284,-0.371322,1.175274,-1.226907,0.179859,0.060338,-0.266174,-1.521879,1.339186,0.389584,-0.613952,1.160835,-0.995133,1.192862
975,Edens Zero,anime_42192,-1.100218,0.801305,-0.310861,-0.682783,0.482637,0.815485,0.607098,0.863259,-0.608214,-0.058545,0.130773,-0.896082,-0.521149,1.261986,-0.002403,-1.412278,-0.525613,0.647492,-0.299398,-1.044425,1.231532,-0.108661,0.654165,0.139586,0.73929,-1.394467,-0.108076,1.608024,-1.959826,1.086475,-0.774334,-0.113192,0.11859,-0.336703,0.694486,0.310609,0.651033,0.708837,0.006339,-0.645057,1.495311,0.006879,1.03097,1.237994,0.397338,0.396355,0.304483,-0.49637,-0.596105,1.146024,1.017747,-0.546243,1.50651,-1.126149,0.806818,-0.170229,-0.474616,-1.049089,1.85985,0.265457,0.224216,0.786046,-1.332185,0.621893
976,Bleach: Sennen Kessen-hen - Soukoku-tan,anime_56784,-1.062622,0.895063,-0.269477,-0.802341,0.590833,0.852431,0.608719,0.772279,-0.723424,0.131345,0.066373,-1.133188,-0.422058,1.211962,0.072768,-1.253082,-0.558288,0.430517,-0.129476,-1.086193,1.114292,0.072405,0.912139,-0.140467,0.617339,-1.747132,-0.028047,1.824474,-1.926276,1.26432,-0.730228,-0.112495,0.229946,-0.434848,0.733358,0.175539,0.491954,0.512988,0.046615,-0.440794,1.483252,0.159326,0.861601,1.297249,0.643539,0.462606,0.199749,-0.233704,-0.719029,1.177252,1.232223,-0.263779,1.381523,-1.367615,0.728643,-0.057116,-0.777474,-1.016623,1.797404,0.183886,0.349898,0.642659,-1.323218,0.625425
977,Sword Art Online: Progressive Movie - Hoshi Naki Yoru no Aria,anime_42916,-0.436619,0.636038,0.390916,-0.482026,0.296219,0.415141,0.372957,0.26728,-1.033525,0.719545,-0.488256,-0.617003,-1.126548,0.417133,-0.144583,-0.85899,-0.72378,0.422621,1.246231,-0.730981,0.475872,-0.368662,0.498962,-0.127704,0.000785,-0.646151,0.234711,1.568354,-1.090062,1.341821,-0.145656,-0.331437,0.07097,0.666671,1.060698,0.538917,0.933481,1.77359,-0.520791,-0.368713,1.312405,-0.284531,0.680778,1.208137,0.327875,-0.403712,0.487024,-0.153455,-0.805885,0.181129,-0.362946,-1.164848,0.907997,-0.980203,0.111849,0.125207,-0.250456,-0.839329,1.579482,-0.308267,0.086082,0.329888,-1.13824,1.228458
978,Hachimitsu to Clover,anime_16,-1.237754,0.429561,0.029799,-0.141174,0.073643,1.074483,0.913309,0.937523,0.096998,0.507632,-0.220681,-0.952845,-0.571296,1.297055,-0.638972,-1.612577,-0.491538,0.649139,-0.346203,-0.666723,0.990463,0.642673,0.430562,-0.648864,0.649952,-1.309987,0.017413,1.573885,-1.753694,1.019198,-1.094292,-0.249838,0.196096,-0.878448,0.509977,0.137811,1.429648,0.88976,0.139693,-0.912426,1.33385,-0.210278,1.178522,1.004832,-0.019502,0.051827,-0.165387,-0.063095,-0.52867,1.249509,0.230644,-1.011608,1.777918,-1.469019,0.26355,-0.428541,-0.283461,-0.927941,1.933033,0.682799,-0.178527,0.794679,-1.130875,1.792038
979,Dead Mount Death Play,anime_53613,-1.070632,0.401328,-0.316582,-0.36796,-0.037469,0.690903,1.028772,0.812267,-0.709308,0.943047,-0.138276,-1.063913,-0.314647,0.862975,0.119595,-1.919236,-0.110883,0.601345,-0.013409,-0.973903,0.693615,-0.058992,1.435119,-0.022857,0.901534,-1.543545,0.037534,1.445948,-1.926086,1.069031,-0.609897,-0.337702,-0.472469,-0.921196,0.596043,0.695439,1.113735,1.227619,0.394667,-0.259662,1.374342,-0.473974,1.152689,1.178314,0.250822,0.657141,-0.003847,-0.398836,-1.289864,1.10898,0.90999,-0.786903,1.622283,-1.264946,0.177832,-0.111643,-0.040773,-1.439058,1.646881,0.580753,-0.672382,0.33892,-1.058414,1.343297
980,Pokemon Movie 01: Mewtwo no Gyakushuu,anime_528,-0.953254,0.261727,-0.269255,-0.684091,0.557465,1.446131,0.315277,1.011275,-0.29843,0.870085,0.438794,-0.752496,-0.658049,1.003776,-0.602259,-1.599416,-0.385727,0.545317,0.156195,-0.98988,1.43842,0.358597,0.434741,-0.225553,2.057825,-0.887316,-0.693451,2.177834,-1.542695,1.082572,-0.839259,0.803958,0.162346,-0.376937,0.525259,0.459304,0.685592,0.496517,-0.113034,-1.17729,1.22286,-0.515072,0.949116,2.064108,0.004274,-0.25483,-0.399879,-0.159873,-0.370358,1.448472,1.521897,-0.992074,1.377288,-1.146016,-0.174632,0.807538,0.284517,-0.454805,2.18874,-0.679193,1.164803,-0.676405,-1.016074,1.143486
981,Kamisama ni Natta Hi,anime_41930,-0.719317,0.355629,-0.208878,-0.303555,-0.527703,0.579134,0.574687,0.603861,-1.072182,0.966994,-0.811636,-0.898737,-0.675214,0.136166,-0.702456,-0.975601,-0.750901,0.201096,0.218489,-0.942527,0.754519,-0.495802,0.320991,-0.249505,0.676079,-0.707534,-0.029867,1.687249,-0.691691,1.420379,-0.826879,-0.348428,-0.055731,0.625117,0.638072,0.827806,0.789615,1.245091,-0.885132,-0.305207,1.315979,-0.592442,0.348994,0.75866,0.208407,-0.391763,0.410527,-0.323011,-0.127806,0.685779,-0.05023,-1.034304,0.860636,-1.770466,0.366005,0.726008,-0.026227,-0.372155,1.491189,0.024196,-0.117149,-0.379565,-0.999408,0.985701
982,Isekai Nonbiri Nouka,anime_51462,-0.440512,0.563685,0.102234,-0.39589,-0.13159,0.553339,0.235763,0.237036,-1.142354,1.077265,-0.723849,-0.777288,-0.866898,0.200724,-0.29402,-0.917997,-0.719816,0.204297,0.984188,-0.776502,0.522172,-0.177817,0.582955,-0.133507,0.47437,-0.514271,0.036962,1.709869,-1.204107,0.976468,-0.378383,-0.406662,-0.075195,0.60857,1.048706,0.600551,0.807804,1.80152,-0.757317,0.023433,1.32127,-0.083767,0.772055,1.380204,0.437105,-0.39329,0.573355,-0.135723,-0.888296,0.47244,0.067014,-0.747988,0.578,-1.124459,0.296265,0.517707,-0.483478,-0.708986,1.406151,-0.231083,0.423961,0.030395,-1.16445,0.836735
983,Ranma ½,anime_210,-0.997231,0.72308,-0.335891,-0.594961,0.315377,0.935845,0.726037,0.647061,-0.521639,-0.015636,-0.066065,-0.939216,-0.475131,1.032481,-0.000829,-1.318893,-0.425674,0.318876,-0.316796,-1.073624,1.055392,0.027064,0.834405,-0.047198,0.793684,-1.442251,-0.17666,1.616238,-1.892264,0.986958,-0.816498,-0.2158,0.300163,-0.429253,0.718427,0.427018,0.401551,0.542462,0.04311,-0.611584,1.563602,0.024582,0.860496,1.121964,0.714329,0.332062,0.247375,-0.290872,-0.595468,1.165957,1.026057,-0.261329,1.305566,-1.510675,0.858345,-0.157238,-0.507029,-0.991308,1.665422,0.27958,0.407791,0.586842,-1.255306,0.669075
984,Black Cat,anime_68,-1.040837,0.84899,-0.321176,-0.772699,0.485687,0.829769,0.736829,0.80837,-0.785414,-0.015118,0.095029,-1.11128,-0.399632,1.214278,0.039405,-1.235212,-0.61556,0.529214,-0.29647,-1.077791,1.176153,0.110435,0.787536,0.022367,0.598457,-1.597662,-0.171974,1.734742,-1.83178,1.073965,-0.856728,-0.182476,0.170307,-0.467266,0.837472,0.223478,0.621307,0.413111,0.129201,-0.445025,1.435431,-0.019306,0.834981,1.232681,0.470715,0.344254,0.25136,-0.362204,-0.715882,1.193169,1.134146,-0.358116,1.406322,-1.279086,0.826133,-0.110863,-0.576834,-0.881031,1.78387,0.164186,0.217626,0.68584,-1.371718,0.60581
985,Shaman King (2021),anime_42205,-1.058767,0.898292,-0.270585,-0.802445,0.599872,0.842613,0.605288,0.782632,-0.717881,0.13162,0.071154,-1.124584,-0.426177,1.223312,0.059821,-1.255424,-0.562022,0.435346,-0.134686,-1.080794,1.120288,0.064116,0.902688,-0.140395,0.622962,-1.736608,-0.024914,1.821468,-1.931396,1.265982,-0.733016,-0.10848,0.220418,-0.427976,0.734487,0.182902,0.491148,0.520112,0.045371,-0.447347,1.486908,0.154857,0.865428,1.299333,0.63235,0.465611,0.197433,-0.243684,-0.704084,1.173534,1.21958,-0.27969,1.380909,-1.371282,0.726849,-0.059188,-0.768197,-1.017167,1.806054,0.183056,0.346764,0.658584,-1.318339,0.626689
986,Angel Beats! Specials,anime_9062,-0.615151,0.451761,0.052325,-0.078569,-0.187767,0.608196,0.2481,0.700545,-0.639959,0.735675,-0.718103,-0.929327,-0.679044,0.001929,-0.420469,-0.484738,-0.382039,0.067652,0.22123,-1.114459,0.976695,-0.687315,0.413332,-0.511309,0.716729,-0.682879,-0.065828,1.101724,-0.811335,1.435545,-0.361886,-0.182509,-0.093367,0.452203,0.869381,0.596335,0.455514,1.632729,-0.666892,-0.692559,1.212984,-0.283161,0.635711,0.296199,0.362992,-0.389971,0.403908,-0.118255,-0.287162,0.7444,0.21236,-0.729916,0.914943,-1.820552,0.311746,0.633602,-0.11584,-0.467843,1.69252,-0.002567,-0.212114,-0.144048,-0.888786,0.901297
987,"Maou-sama, Retry!",anime_38297,-0.48833,0.663631,0.121501,-0.505164,0.021692,0.492465,0.325009,0.287506,-1.259499,1.017905,-0.534512,-0.911575,-0.851419,0.272348,-0.233628,-0.849096,-0.658779,0.29514,1.113725,-0.856135,0.411764,-0.139393,0.651611,-0.080175,0.213217,-0.665237,0.0352,1.656596,-1.158507,1.169902,-0.384504,-0.434207,-0.138986,0.586381,1.100731,0.43658,0.741047,1.614365,-0.592818,0.120565,1.279837,-0.117947,0.710334,1.257232,0.394325,-0.302986,0.467257,0.024475,-1.009836,0.390599,0.136845,-0.721943,0.743604,-1.140493,0.314178,0.505815,-0.472378,-0.696879,1.607981,-0.199427,0.294566,0.217529,-1.291563,0.907629
988,Burn the Witch,anime_41468,-1.079948,0.759857,-0.182709,-0.730608,0.430731,0.855401,0.499443,0.796116,-0.797452,0.033383,0.132514,-1.21517,-0.428087,1.0586,0.060863,-1.151653,-0.372535,0.398062,-0.128228,-1.044654,1.115588,0.040057,0.887693,0.064791,0.747458,-1.54071,-0.102723,1.697667,-2.144483,1.085498,-0.560182,-0.029557,0.190849,-0.594548,0.903498,0.129288,0.707621,0.684157,-0.044423,-0.639414,1.465529,0.258217,0.938725,1.448454,0.680694,0.386264,0.36165,-0.337931,-0.758026,1.24308,1.037199,-0.343091,1.541373,-1.262129,0.76003,-0.076655,-0.466804,-1.162014,1.761192,0.073986,0.440895,0.388002,-1.316448,0.627122
989,Akuma no Riddle,anime_19429,-0.57962,0.162314,-0.439775,0.068453,-0.493735,0.950555,0.915058,0.969602,-0.469053,0.082465,-1.169408,-1.354655,-0.280487,0.045483,-0.642552,-1.593602,-0.734358,0.158155,-0.283954,-0.540569,0.29735,0.660986,0.982419,0.606937,-0.077185,-1.305254,0.171504,1.938357,-1.376735,0.835789,-0.906039,-1.275931,-0.384277,0.173583,0.289116,0.168666,0.362085,1.36305,0.543934,0.133006,0.826424,-0.810064,0.462646,-0.02764,-0.149383,0.243587,-0.192236,0.106263,-1.224144,0.376807,0.578244,-0.578783,1.471318,-1.084244,-0.170459,0.199721,-0.008551,-1.429205,1.226301,0.402218,-0.724881,1.241285,-1.095639,1.187549
990,High Score Girl,anime_21877,-1.028786,0.607143,-0.221736,-0.184229,-0.028909,0.642704,0.916724,0.78433,-0.31416,0.596008,-0.26214,-0.671438,-0.547246,0.898862,-0.022134,-1.902218,-0.162945,0.707754,-0.220395,-0.853957,0.84637,-0.19234,1.175547,-0.178631,0.883631,-1.40027,0.200086,1.290658,-1.633993,1.096705,-0.657209,-0.155539,-0.439763,-0.821437,0.429875,0.654169,0.934819,1.155641,0.357028,-0.669681,1.39349,-0.476036,1.209457,0.946027,0.010861,0.679155,-0.108597,-0.492375,-1.054942,0.911708,0.719592,-0.887655,1.557817,-1.220937,0.290158,-0.270029,0.017215,-1.222798,1.799639,0.69752,-0.704882,0.644265,-0.850079,1.198883
991,Shinigami Bocchan to Kuro Maid,anime_47257,-0.529701,0.80237,-0.193439,-0.229365,-0.401428,0.547243,0.308676,0.68953,-0.36086,1.015686,-0.824998,-0.592446,-1.202847,0.217768,-0.539802,-1.296943,-0.344795,-0.001694,0.652826,-0.997285,0.874696,-0.35654,0.612767,0.354073,0.592458,-0.39177,-0.010891,1.472582,-0.946099,1.144874,-0.484232,-0.56128,-0.680618,0.555282,0.328679,0.803396,0.41537,1.298564,-0.26682,-0.085018,0.928263,-0.597916,0.777241,0.72209,0.026783,-0.3606,-0.082019,-0.387486,-0.996001,0.696486,0.54284,-0.839543,0.571439,-1.264926,0.38886,0.154696,0.142644,-1.461442,1.725309,-0.127352,-0.180397,0.328188,-0.929679,0.875059
992,Boku no Hero Academia: Final Season,anime_60098,-1.113722,0.739034,-0.328208,-0.78321,0.468839,0.791752,0.760251,0.803506,-0.728631,-0.007266,-0.08021,-1.238235,-0.458969,1.072956,0.035951,-1.178299,-0.557264,0.370002,-0.441128,-1.009528,1.035792,0.072153,0.93501,-0.040402,0.7171,-1.732713,-0.131299,1.820787,-1.886714,1.071498,-0.817996,-0.181984,0.143208,-0.530973,0.759295,0.375787,0.530082,0.546247,0.009248,-0.491108,1.291929,0.01029,0.694483,1.195651,0.686612,0.392798,0.29149,-0.247838,-0.773298,1.181587,0.976741,-0.309474,1.400267,-1.343937,0.829305,-0.126567,-0.423324,-0.899945,1.713619,0.20934,0.25546,0.507522,-1.414545,0.684025
993,Shadows House,anime_43439,-1.139681,0.510567,-0.248676,-0.247445,-0.143398,0.679885,1.060783,0.792294,-0.723999,1.142963,-0.30135,-1.118041,-0.277275,0.968442,0.053238,-2.013243,0.112991,0.704212,-0.097614,-1.160688,0.922193,-0.258799,1.115612,0.061486,1.274584,-1.370942,-0.12332,1.227811,-1.864909,1.190887,-0.452264,-0.298081,-0.447073,-0.72354,0.632812,0.980826,1.196878,1.456808,0.149332,-0.573762,1.293166,-0.459547,1.375965,1.422062,0.24975,0.602284,-0.140802,-0.415289,-1.167259,1.229195,0.917197,-1.140924,1.79199,-1.247726,0.143795,-0.008137,0.035651,-1.3078,1.62996,0.478051,-0.697006,0.10497,-0.910026,1.396397
994,Love Hina,anime_189,-0.95911,0.747552,-0.370791,-0.559747,0.183974,1.056326,0.697035,0.527699,-0.526792,0.032958,-0.141277,-0.822574,-0.302249,0.932456,0.023087,-1.173085,-0.371399,0.243801,-0.223287,-1.262889,1.06911,-0.056308,0.689208,-0.172775,0.755169,-1.461727,-0.219896,1.512349,-1.771077,1.026579,-0.794437,-0.229632,0.301828,-0.442351,0.752059,0.41033,0.445605,0.370315,-0.018269,-0.699968,1.617411,0.144018,0.870329,1.192832,0.798167,0.280937,0.196755,-0.217025,-0.437063,1.15237,1.007822,-0.130999,1.304107,-1.513958,0.985809,-0.148288,-0.710584,-0.869045,1.613869,0.259355,0.537069,0.537812,-1.170685,0.545238
995,Chi. Chikyuu no Undou ni Tsuite,anime_52215,-1.11271,0.497054,-0.254678,-0.42131,-0.069814,0.643312,0.838109,0.581583,-0.582159,0.926941,-0.413759,-0.58515,-0.483176,0.960944,-0.083274,-2.074769,-0.400186,0.790331,-0.499612,-0.850894,0.895058,-0.098642,0.906115,-0.144316,1.172561,-1.515324,0.126389,1.485398,-1.728741,1.077867,-0.934589,-0.048415,-0.399416,-0.715972,0.366663,0.966091,1.047224,1.244166,0.051535,-0.352454,1.368819,-0.527562,1.103254,1.211445,0.222045,0.623123,0.015662,-0.518295,-0.751901,1.027513,0.620171,-1.096335,1.648523,-1.161375,0.462779,-0.018864,-0.123596,-1.430413,1.696982,0.7469,-0.658488,0.295027,-0.939346,1.081814
996,Shuumatsu no Harem,anime_41946,-0.912186,0.751943,-0.360469,-0.670075,0.3928,0.908041,0.656324,0.695457,-0.687005,0.051844,-0.153286,-1.026996,-0.4165,1.02677,-0.055848,-1.140399,-0.599691,0.373088,-0.354037,-1.095939,1.287423,-0.05793,0.726942,-0.069401,0.7876,-1.51664,-0.107797,1.734012,-1.832094,0.954462,-0.755892,-0.220505,0.234261,-0.379436,0.703949,0.268958,0.67153,0.539505,-0.107583,-0.592181,1.598118,0.127841,1.002721,1.424557,0.476873,0.3149,0.323909,-0.398571,-0.514931,1.278503,1.107008,-0.332286,1.354096,-1.23645,0.789998,-0.10694,-0.661371,-0.843931,1.523199,0.294422,0.430704,0.594714,-1.313817,0.468902
997,Shinseiki Evangelion Movie: Shi to Shinsei,anime_31,-0.589308,0.443693,-0.202323,-0.274099,-0.25636,0.57535,0.214895,0.977994,-0.813233,0.419549,-0.929163,-0.990212,-0.838758,0.167491,-0.743232,-0.416667,-0.563829,0.068827,0.215283,-0.858103,1.166822,-0.431018,0.259762,-0.067807,0.600837,-0.542716,-0.037065,1.211155,-0.760081,1.256311,-0.654642,-0.4596,0.099233,0.38201,0.48391,0.448175,0.734065,1.324046,-0.740286,-0.400257,1.439783,-0.520494,0.554726,0.23308,0.15914,-0.280851,0.455196,-0.17468,-0.248958,0.808559,0.302429,-1.011189,0.694022,-1.840535,0.176232,0.631937,-0.052183,-0.153611,1.395716,0.104492,-0.284213,0.144936,-0.938986,1.057965
998,Hikaru ga Shinda Natsu,anime_58913,-0.47454,0.660341,-0.233671,-0.284277,-0.17899,0.678454,0.401892,0.835441,-0.400993,1.267116,-0.864106,-0.851107,-1.022123,0.332529,-0.740545,-1.336862,-0.527902,-0.27239,0.555227,-1.174487,0.898729,-0.167309,0.579271,0.158746,0.867552,-0.658049,-0.12157,1.714132,-0.74984,1.178484,-0.351324,-0.759817,-0.593742,0.104668,0.482602,1.0901,0.319189,1.331753,-0.390257,0.101567,0.599824,-0.443746,0.657932,0.829537,0.141489,-0.319564,-0.01334,-0.215982,-1.148085,0.98073,0.790574,-0.712042,0.767571,-1.501657,0.191014,0.544662,0.01532,-1.579037,1.644061,-0.183439,-0.014611,-0.18901,-0.79117,1.078154
999,Planetes,anime_329,-1.016863,0.448728,-0.392577,-0.348636,-0.171531,0.5198,1.076441,0.674702,-0.656728,0.929398,-0.235167,-0.921202,-0.481734,0.95356,0.038588,-2.060578,-0.237907,0.61345,-0.181521,-0.901383,0.758663,-0.074231,1.282044,-0.103634,0.957769,-1.479573,-0.033376,1.46535,-1.623361,0.995015,-0.767714,-0.307661,-0.378421,-0.742175,0.423163,0.956938,1.05181,1.176584,0.229774,-0.262898,1.557903,-0.515368,1.18706,1.144379,0.233045,0.743175,-0.034152,-0.341414,-1.070121,1.007853,0.988874,-0.90137,1.647417,-1.31047,0.276354,0.038322,-0.175263,-1.436252,1.613845,0.642017,-0.559539,0.2898,-0.915293,1.326029
1000,Nyan Koi!,anime_6512,-0.565454,0.455812,-0.227487,0.151904,-0.61376,0.836052,0.988217,0.663547,-0.479799,0.385486,-0.882547,-1.266895,-0.214019,-0.055296,-0.555223,-1.547607,-0.576115,-0.091783,-0.05027,-0.792253,0.125339,0.287909,0.919417,0.374697,0.120814,-1.217665,0.03057,1.660773,-1.093074,1.018709,-1.015495,-1.195546,-0.381921,0.070826,0.253699,0.394916,0.242582,1.253041,0.389511,0.181102,0.926777,-0.452187,0.383429,0.109057,0.022784,-0.086929,-0.257073,0.166532,-1.016461,0.543407,0.490079,-0.413744,1.115311,-1.289394,0.260067,-0.135936,-0.265119,-1.417907,1.20667,0.427244,-0.458503,1.09495,-0.945433,1.266372
