global_id,name,raw_key,embedding_000,embedding_001,embedding_002,embedding_003,embedding_004,embedding_005,embedding_006,embedding_007,embedding_008,embedding_009,embedding_010,embedding_011,embedding_012,embedding_013,embedding_014,embedding_015,embedding_016,embedding_017,embedding_018,embedding_019,embedding_020,embedding_021,embedding_022,embedding_023,embedding_024,embedding_025,embedding_026,embedding_027,embedding_028,embedding_029,embedding_030,embedding_031,embedding_032,embedding_033,embedding_034,embedding_035,embedding_036,embedding_037,embedding_038,embedding_039,embedding_040,embedding_041,embedding_042,embedding_043,embedding_044,embedding_045,embedding_046,embedding_047,embedding_048,embedding_049,embedding_050,embedding_051,embedding_052,embedding_053,embedding_054,embedding_055,embedding_056,embedding_057,embedding_058,embedding_059,embedding_060,embedding_061,embedding_062,embedding_063
1011,"Araki, Tetsurou",staff_5088,-0.114177,-0.420189,-0.330477,-0.00693,0.384836,-0.060076,0.539949,-0.333683,0.284511,-0.156657,0.620303,1.134083,0.627843,-0.103542,-0.968075,-0.564766,-0.012291,0.820821,-0.124252,0.098151,0.406409,0.31907,0.104355,0.352821,0.406597,-0.209408,0.086137,0.397932,0.266861,-0.381031,0.340007,-0.476663,0.287979,0.301067,-0.269994,0.506964,-0.263611,-0.267857,-0.030389,0.177629,-1.189715,-0.101449,-0.253115,-0.076548,-0.055613,-0.215025,-0.05955,-0.741482,0.677557,-0.749187,0.48138,-0.148488,-0.229778,-0.408611,-0.605704,-0.457173,-0.173605,-0.041914,-0.534601,0.233244,-0.078598,0.4584,-0.07589,-0.162057
1012,"Ishikawa, Yui",staff_5142,0.063655,-0.097452,0.03394,-0.276594,0.01028,0.224454,0.18575,-0.164659,0.225934,0.09824,-0.12188,0.075309,0.141319,-0.015494,0.009576,-0.304159,0.241081,0.028275,0.110347,0.006315,0.252934,0.004117,-0.191661,-0.15209,0.148163,0.283565,-0.466392,0.150205,-0.227567,0.265599,-0.412812,0.046958,0.265988,-0.321871,0.392515,-0.194593,0.08424,0.032233,-0.125047,0.077215,0.150306,0.049192,0.361741,-0.274542,-0.011081,-0.362453,0.01491,-0.276415,0.083993,0.26862,-0.110329,0.006421,0.171371,0.277471,-0.020106,-0.326778,0.252299,0.134639,-0.195642,0.231305,-0.217945,-0.034872,0.086297,-0.197754
1013,"Inoue, Marina",staff_158,0.069376,-0.096905,0.01388,-0.254704,0.044585,0.191706,0.197767,-0.174518,0.205501,0.09173,-0.092735,0.070431,0.147317,-0.032003,-0.000859,-0.310827,0.231789,0.004601,0.116501,0.003402,0.231841,-0.013139,-0.179933,-0.162035,0.135483,0.287551,-0.466067,0.157989,-0.219401,0.240267,-0.419291,0.061372,0.278338,-0.345449,0.394566,-0.214802,0.079084,0.036506,-0.151822,0.083968,0.156865,0.037805,0.353105,-0.291464,0.005038,-0.356681,0.019586,-0.280168,0.099583,0.233113,-0.107851,-0.006845,0.151432,0.300465,-0.024937,-0.310051,0.241289,0.118987,-0.183668,0.247734,-0.240272,-0.032629,0.09367,-0.204153
1014,"Kaji, Yuuki",staff_672,0.088493,-0.103781,0.029312,-0.263667,0.019589,0.17704,0.175948,-0.161282,0.210551,0.098165,-0.090751,0.077543,0.140407,-0.026589,0.003285,-0.341542,0.227453,0.020038,0.114983,-0.005155,0.227682,-0.00275,-0.181918,-0.169195,0.136673,0.279984,-0.479882,0.158774,-0.212621,0.232881,-0.398253,0.059327,0.257501,-0.350478,0.377511,-0.205009,0.076827,0.047875,-0.153643,0.095364,0.159272,0.04457,0.335913,-0.28216,0.006329,-0.338376,0.013734,-0.281051,0.089305,0.220946,-0.134629,-0.020658,0.146751,0.294554,-0.007324,-0.315734,0.22832,0.140762,-0.174324,0.24082,-0.227916,-0.017117,0.073472,-0.19364
1018,"Yamaguchi, Kappei",staff_67,0.104326,-0.106165,0.013517,-0.218621,0.046487,0.142502,0.165886,-0.180468,0.19955,0.087585,-0.051421,0.071494,0.134653,-0.037666,-0.03562,-0.338417,0.20441,-0.015883,0.101711,-0.006258,0.191864,-0.005808,-0.153676,-0.203456,0.114928,0.255642,-0.482327,0.175903,-0.225839,0.211284,-0.382054,0.068529,0.252205,-0.365376,0.367554,-0.203971,0.076597,0.079245,-0.182774,0.103179,0.166869,0.050655,0.298227,-0.279786,0.025051,-0.331052,0.00367,-0.289218,0.096198,0.176503,-0.151196,-0.034986,0.122308,0.314342,-0.009039,-0.291814,0.203984,0.136498,-0.167303,0.259374,-0.242286,0.012467,0.069937,-0.182945
1019,"Nakamura, Shidou",staff_292,0.090825,-0.141491,0.015241,-0.198124,0.055968,0.174972,0.183977,-0.207572,0.216221,0.070246,-0.061085,0.060515,0.113969,-0.0075,-0.060046,-0.362415,0.205045,-0.045726,0.117854,-0.007102,0.162849,-0.00902,-0.172267,-0.17268,0.132575,0.248049,-0.488739,0.16709,-0.228243,0.214519,-0.357383,0.048592,0.272775,-0.370256,0.357975,-0.206319,0.062899,0.071152,-0.178323,0.114384,0.178451,0.077078,0.271145,-0.27547,0.014047,-0.339919,-0.001211,-0.279279,0.111688,0.172049,-0.140064,-0.06858,0.132123,0.323424,0.016944,-0.267005,0.216575,0.120348,-0.156911,0.265779,-0.232895,0.049365,0.084229,-0.149546
1020,"Miyano, Mamoru",staff_65,0.026489,-0.067107,0.083605,-0.25506,-0.025017,0.177758,0.213098,-0.083269,0.273392,0.090491,-0.180867,0.077782,0.139846,0.042322,0.002143,-0.3792,0.316093,0.097604,0.138629,0.006858,0.23294,-0.000395,-0.222069,-0.113336,0.118035,0.268129,-0.461551,0.123501,-0.173053,0.183777,-0.436235,0.024726,0.267832,-0.371691,0.404842,-0.210288,0.032391,-0.01901,-0.184484,0.12375,0.106731,0.089675,0.415084,-0.250353,-0.081675,-0.303646,0.081465,-0.330745,0.087909,0.288585,-0.082165,-0.035932,0.21936,0.23924,0.030725,-0.375809,0.272402,0.119637,-0.124646,0.254053,-0.209809,-0.069497,0.102089,-0.158185
1024,"Irie, Yasuhiro",staff_6232,-0.110118,-0.425976,-0.309982,0.016476,0.384059,-0.050926,0.531333,-0.338436,0.279279,-0.156777,0.599008,1.14321,0.597637,-0.095008,-0.996722,-0.571704,-0.038152,0.822792,-0.116366,0.070564,0.40421,0.325508,0.10947,0.339585,0.418196,-0.190707,0.049195,0.41638,0.242696,-0.357037,0.334977,-0.455109,0.275108,0.300699,-0.26049,0.484221,-0.297659,-0.259163,-0.029544,0.169611,-1.157951,-0.096103,-0.248666,-0.083988,-0.036843,-0.206894,-0.072996,-0.723563,0.696635,-0.742045,0.467584,-0.176825,-0.21865,-0.398188,-0.606627,-0.461661,-0.152736,-0.034814,-0.538637,0.251488,-0.081547,0.452684,-0.077124,-0.170944
1025,"Kugimiya, Rie",staff_8,0.075736,-0.10872,0.001709,-0.256413,0.051119,0.191138,0.195593,-0.18815,0.189979,0.085678,-0.075922,0.067583,0.154543,-0.045448,0.00383,-0.302204,0.211017,-0.007783,0.115085,-0.004011,0.234503,-0.018008,-0.175729,-0.166631,0.137924,0.293725,-0.476055,0.159028,-0.223166,0.249216,-0.410083,0.07278,0.271898,-0.326249,0.391588,-0.219793,0.080537,0.051766,-0.148206,0.078375,0.158206,0.030743,0.345525,-0.299223,0.01709,-0.365419,0.005281,-0.269097,0.098223,0.228089,-0.118955,0.003271,0.140759,0.309662,-0.032561,-0.301707,0.240627,0.116523,-0.190098,0.249708,-0.249579,-0.02563,0.096204,-0.214814
1026,"Park, Romi",staff_82,0.072347,-0.076147,0.018701,-0.211862,0.045528,0.123239,0.182872,-0.133666,0.212749,0.090359,-0.084312,0.06619,0.138978,-0.023101,-0.042475,-0.336141,0.251049,0.011838,0.106482,-0.01359,0.207713,-0.005862,-0.157011,-0.18726,0.088032,0.260324,-0.472578,0.154307,-0.200218,0.174734,-0.406022,0.054553,0.264037,-0.387285,0.382225,-0.218087,0.045764,0.053274,-0.194859,0.109732,0.140679,0.06504,0.338795,-0.2667,-0.014989,-0.306709,0.030647,-0.305878,0.08444,0.201547,-0.12657,-0.043637,0.145906,0.30054,0.005677,-0.32381,0.224226,0.109956,-0.145451,0.273035,-0.253612,-0.005554,0.084656,-0.17033
1033,"Natsume, Shingo",staff_28579,-0.247291,-0.33963,-0.303056,-0.031531,0.321152,-0.122603,0.49792,-0.254932,0.343169,-0.175985,0.681198,1.090754,0.749416,-0.147114,-0.908355,-0.469074,0.056365,0.893751,-0.196442,0.083474,0.351116,0.3736,0.032229,0.284226,0.418122,-0.294389,0.188238,0.271934,0.293766,-0.352493,0.397386,-0.500735,0.284586,0.241737,-0.283402,0.597698,-0.220169,-0.34801,-0.125349,0.275138,-1.282668,-0.162899,-0.246522,-0.120671,-0.136286,-0.241353,0.034464,-0.664737,0.606029,-0.696677,0.593888,-0.068845,-0.367804,-0.507361,-0.579153,-0.381556,-0.1767,0.027852,-0.606901,0.255003,-0.068257,0.402622,0.005271,-0.085238
1034,"Ishikawa, Kaito",staff_20156,0.064618,-0.091623,0.037824,-0.257344,0.020349,0.201231,0.188256,-0.158056,0.233621,0.096375,-0.122355,0.083059,0.146915,-0.004391,-0.007943,-0.318145,0.255926,0.028107,0.120252,0.003871,0.23144,-0.004152,-0.193064,-0.160726,0.134426,0.273328,-0.462872,0.16103,-0.221985,0.244275,-0.42194,0.059876,0.266601,-0.335878,0.388129,-0.193988,0.081789,0.020503,-0.153183,0.098655,0.145888,0.049417,0.363571,-0.273935,-0.017326,-0.34775,0.029612,-0.299975,0.083701,0.265142,-0.098057,-0.000664,0.169825,0.277581,-0.014281,-0.328814,0.25078,0.131563,-0.181534,0.24151,-0.227023,-0.04448,0.08996,-0.194282
1035,"Furukawa, Makoto",staff_17635,0.037538,-0.0607,0.058031,-0.219666,0.005611,0.152837,0.202933,-0.111637,0.253625,0.074676,-0.139211,0.074638,0.160887,0.031338,-0.037548,-0.346202,0.293431,0.058483,0.126493,0.006685,0.216433,-0.023197,-0.185425,-0.137034,0.101667,0.254095,-0.451246,0.152996,-0.199119,0.185321,-0.423155,0.053568,0.259594,-0.368238,0.400198,-0.198968,0.053142,0.001455,-0.196882,0.111876,0.111368,0.07785,0.391257,-0.255096,-0.063559,-0.311032,0.068231,-0.337731,0.09414,0.274996,-0.091501,-0.013715,0.192763,0.251586,0.007945,-0.356948,0.279815,0.11238,-0.138344,0.263541,-0.230498,-0.061205,0.106068,-0.170238
1038,"Sotozaki, Haruo",staff_4006,-0.096387,-0.407853,-0.340676,-0.018639,0.39274,-0.058511,0.525391,-0.33091,0.278899,-0.156899,0.6194,1.133444,0.61885,-0.113884,-0.972955,-0.568033,-0.020095,0.81404,-0.123765,0.098434,0.406947,0.320266,0.118137,0.351572,0.40619,-0.199024,0.093081,0.402265,0.269478,-0.37205,0.340625,-0.477663,0.279262,0.305868,-0.280998,0.512444,-0.271299,-0.260916,-0.021619,0.17207,-1.182783,-0.086483,-0.253075,-0.073133,-0.054045,-0.207986,-0.073329,-0.740259,0.681364,-0.737721,0.474885,-0.162884,-0.225872,-0.422095,-0.617342,-0.456218,-0.16105,-0.038651,-0.530576,0.237678,-0.065923,0.460633,-0.080925,-0.159844
1039,"Shimono, Hiro",staff_356,0.066296,-0.083286,0.029132,-0.250812,0.035864,0.187316,0.18723,-0.144154,0.218153,0.086687,-0.128431,0.079233,0.140025,-0.008197,-0.00268,-0.319344,0.259146,0.030953,0.118715,-0.005329,0.213126,-0.007602,-0.189089,-0.155318,0.125434,0.277787,-0.467146,0.163281,-0.210216,0.228766,-0.431201,0.051419,0.287029,-0.337463,0.400563,-0.198715,0.061525,0.016715,-0.16499,0.094344,0.144241,0.052501,0.375319,-0.277351,-0.016831,-0.340768,0.025621,-0.293409,0.080875,0.260963,-0.098908,-0.029083,0.170638,0.281544,-0.001285,-0.329112,0.250005,0.11664,-0.171318,0.243505,-0.229173,-0.032642,0.078571,-0.186439
1040,"Matsuoka, Yoshitsugu",staff_11817,0.056576,-0.105782,0.005491,-0.277517,0.04239,0.229563,0.212681,-0.189787,0.199096,0.087345,-0.104253,0.063444,0.167304,-0.032494,0.021007,-0.283376,0.229601,0.002472,0.125015,7.9e-05,0.268744,-0.016553,-0.1961,-0.13762,0.156429,0.315,-0.468769,0.143508,-0.224747,0.270657,-0.42725,0.062351,0.282678,-0.308159,0.40462,-0.221413,0.086649,0.027032,-0.115178,0.061471,0.155765,0.025123,0.372123,-0.295843,0.00149,-0.381986,0.00646,-0.261337,0.095672,0.268678,-0.093723,0.029156,0.165117,0.299052,-0.041167,-0.312864,0.268815,0.109594,-0.207714,0.238952,-0.244292,-0.049331,0.112161,-0.229874
1041,"Kitou, Akari",staff_34951,0.075455,-0.10751,0.021874,-0.253372,0.043415,0.197026,0.188113,-0.170059,0.214325,0.079114,-0.107895,0.078899,0.136914,-0.031986,-0.003137,-0.314888,0.232431,0.01531,0.123295,-0.003818,0.205948,-0.015257,-0.19094,-0.161343,0.127149,0.266963,-0.475319,0.164275,-0.226264,0.249058,-0.415745,0.069163,0.274961,-0.326407,0.392863,-0.195241,0.073422,0.040454,-0.173205,0.097528,0.140876,0.043543,0.359698,-0.28255,0.009945,-0.357429,0.023008,-0.293982,0.090849,0.25527,-0.108462,-0.027234,0.157658,0.293547,-0.0162,-0.323757,0.241341,0.124577,-0.183769,0.248055,-0.230318,-0.031024,0.081504,-0.201267
1042,"Hanae, Natsuki",staff_16635,0.078541,-0.095679,0.050256,-0.245964,0.01388,0.18111,0.181833,-0.152015,0.230947,0.098002,-0.112456,0.081166,0.136098,-0.004555,-0.012159,-0.343886,0.243859,0.031018,0.116941,0.000687,0.216594,-0.001869,-0.190738,-0.163167,0.132623,0.263724,-0.470584,0.163593,-0.210749,0.225239,-0.402689,0.05772,0.256435,-0.354378,0.386582,-0.192753,0.075792,0.03479,-0.167403,0.113055,0.138942,0.05884,0.350254,-0.271511,-0.010121,-0.327546,0.031644,-0.305228,0.089437,0.241372,-0.120128,-0.018491,0.162008,0.278733,-0.002576,-0.328548,0.232862,0.140183,-0.166637,0.242365,-0.222989,-0.030869,0.077406,-0.182554
1043,"Satou, Satomi",staff_6560,0.070753,-0.109481,0.044296,-0.261822,0.031939,0.179707,0.16762,-0.087929,0.237761,0.103571,-0.167906,0.096125,0.073074,-0.024732,0.006504,-0.360604,0.283586,0.067518,0.121454,-0.025082,0.163374,0.017237,-0.220098,-0.174898,0.081778,0.23706,-0.49518,0.144396,-0.187224,0.215157,-0.427094,0.042889,0.294173,-0.346744,0.382578,-0.186315,0.016185,0.017364,-0.225387,0.157829,0.10188,0.073943,0.391201,-0.264582,-0.020561,-0.313442,0.056513,-0.313769,0.047439,0.274942,-0.104873,-0.117481,0.172556,0.280289,0.042226,-0.371582,0.199641,0.110971,-0.144471,0.255949,-0.213959,-0.016267,0.047652,-0.145167
1048,"Itou, Tomohiko",staff_10801,-0.213705,-0.346695,-0.355563,0.027849,0.339648,-0.062359,0.5253,-0.321388,0.301598,-0.120824,0.653529,1.087029,0.727478,-0.097569,-0.912733,-0.51509,-0.016069,0.892475,-0.202088,0.166634,0.43485,0.349434,0.070214,0.33187,0.405648,-0.263985,0.136011,0.277653,0.289047,-0.355115,0.374752,-0.465329,0.298669,0.269919,-0.305214,0.527894,-0.249372,-0.265157,-0.089948,0.177285,-1.268883,-0.098509,-0.262648,-0.074167,-0.102857,-0.254357,-0.035005,-0.759617,0.621664,-0.734415,0.488711,-0.042621,-0.281746,-0.44531,-0.545344,-0.402374,-0.227876,0.006546,-0.540593,0.229644,-0.035122,0.366305,-0.063765,-0.102778
1049,"Taketatsu, Ayana",staff_6996,0.051245,-0.095426,0.020173,-0.256608,0.045631,0.200734,0.207221,-0.148314,0.210642,0.083446,-0.130271,0.070502,0.144228,-0.020981,0.008413,-0.307181,0.255894,0.026719,0.12573,-0.007748,0.228031,-0.015789,-0.197827,-0.139898,0.122283,0.286325,-0.471019,0.146459,-0.20488,0.237687,-0.433255,0.057867,0.292404,-0.324069,0.407201,-0.213989,0.056392,0.016258,-0.164706,0.093252,0.127375,0.047384,0.392936,-0.284733,-0.017857,-0.352488,0.032256,-0.288527,0.084463,0.277214,-0.090258,-0.01845,0.174368,0.286825,-0.013168,-0.335085,0.258863,0.098168,-0.174894,0.25111,-0.240952,-0.04618,0.098991,-0.19659
1050,"Tomatsu, Haruka",staff_890,0.059657,-0.102608,0.026699,-0.287283,0.031163,0.235195,0.20542,-0.182659,0.226935,0.104511,-0.120542,0.07761,0.145851,-0.031943,0.025625,-0.296776,0.246565,0.013593,0.126182,0.002972,0.26755,0.002718,-0.202306,-0.15499,0.155341,0.296049,-0.463862,0.142523,-0.223282,0.270504,-0.434668,0.053946,0.278648,-0.319759,0.391993,-0.213226,0.086843,0.02963,-0.118777,0.085038,0.156265,0.040388,0.362551,-0.282966,-0.003111,-0.370963,0.014411,-0.274247,0.083936,0.265924,-0.087952,0.012228,0.176115,0.296676,-0.029322,-0.315918,0.244706,0.134746,-0.201355,0.239557,-0.23522,-0.051376,0.101536,-0.211662
1052,"Nagasaki, Kenji",staff_13677,-0.115098,-0.416303,-0.316952,0.014583,0.390112,-0.060798,0.535813,-0.343754,0.282045,-0.150712,0.598072,1.124866,0.610366,-0.100652,-0.985193,-0.567766,-0.030193,0.82951,-0.129018,0.090197,0.402313,0.337598,0.108909,0.341543,0.414772,-0.185782,0.068251,0.404436,0.257417,-0.363532,0.348108,-0.458209,0.284328,0.306164,-0.260025,0.483753,-0.282648,-0.263967,-0.037177,0.170426,-1.18203,-0.081469,-0.236401,-0.089584,-0.052513,-0.212335,-0.058694,-0.723049,0.684519,-0.74631,0.470126,-0.14891,-0.220537,-0.409442,-0.610645,-0.448703,-0.15405,-0.034475,-0.538939,0.246573,-0.073428,0.447206,-0.083838,-0.158044
1053,"Miyake, Kenta",staff_720,0.096466,-0.094215,0.036129,-0.243845,0.036385,0.169525,0.160011,-0.163923,0.219683,0.100314,-0.088804,0.089848,0.118045,-0.026795,-0.023052,-0.328555,0.22831,0.016009,0.104777,-0.000529,0.190986,-0.002249,-0.168632,-0.199225,0.126406,0.252924,-0.465855,0.187286,-0.224021,0.231608,-0.405795,0.057846,0.263915,-0.363196,0.384654,-0.182215,0.074829,0.056563,-0.175852,0.111812,0.163128,0.05682,0.322699,-0.279824,0.015757,-0.33256,0.014913,-0.299075,0.091409,0.215643,-0.131097,-0.040494,0.141172,0.29631,-0.002482,-0.310101,0.207756,0.149989,-0.172789,0.248767,-0.226608,-0.006698,0.050882,-0.171276
1054,"Okamoto, Nobuhiko",staff_270,0.065864,-0.085841,0.044633,-0.24306,0.027299,0.165518,0.18472,-0.12455,0.227494,0.091536,-0.126583,0.077118,0.121229,-0.013503,-0.011799,-0.339338,0.258704,0.044851,0.117057,-0.013123,0.207471,-0.001583,-0.189401,-0.162998,0.11263,0.263677,-0.47447,0.151766,-0.194234,0.202422,-0.415914,0.043276,0.272392,-0.360929,0.400344,-0.201708,0.038855,0.035991,-0.183981,0.1191,0.12663,0.074695,0.366668,-0.268961,-0.02137,-0.315848,0.035442,-0.304443,0.080421,0.24579,-0.114839,-0.051199,0.169534,0.281804,0.015715,-0.34109,0.230761,0.121128,-0.150219,0.257653,-0.231111,-0.020782,0.071576,-0.165815
1055,"Kokuryu, Sachi",staff_5997,0.099438,-0.100817,0.013119,-0.221025,0.04636,0.138419,0.165444,-0.171428,0.198176,0.089142,-0.055261,0.073851,0.135233,-0.044113,-0.038567,-0.333766,0.206549,-0.007349,0.103581,-0.008402,0.195212,-0.011607,-0.153596,-0.199388,0.112654,0.258414,-0.477868,0.175861,-0.223727,0.209493,-0.382526,0.073639,0.249306,-0.372061,0.373692,-0.201966,0.074732,0.075398,-0.186142,0.104594,0.158631,0.047237,0.308191,-0.282834,0.023392,-0.327808,0.012169,-0.29272,0.095411,0.183748,-0.149761,-0.034882,0.11773,0.308789,-0.010946,-0.302636,0.209227,0.133186,-0.165292,0.256674,-0.244781,0.007617,0.066429,-0.188615
1056,"Yamashita, Daiki",staff_21971,0.092201,-0.09187,0.024884,-0.232652,0.039428,0.153896,0.17405,-0.158218,0.207477,0.09773,-0.080883,0.077255,0.128047,-0.027867,-0.025233,-0.337713,0.227648,0.007363,0.104115,-0.001621,0.198039,-0.009465,-0.164665,-0.188565,0.115532,0.260689,-0.468846,0.17388,-0.215741,0.21345,-0.398711,0.062477,0.265059,-0.373053,0.382026,-0.19661,0.072259,0.051164,-0.180957,0.108102,0.149768,0.050508,0.327469,-0.284145,0.007162,-0.327183,0.022894,-0.294187,0.094734,0.204789,-0.136853,-0.036428,0.135801,0.301259,-0.003821,-0.313742,0.213022,0.130437,-0.166229,0.252116,-0.234088,-0.009234,0.067629,-0.177942
1057,"Watanabe, Akeno",staff_94,0.098449,-0.112224,0.033758,-0.256809,0.029013,0.179279,0.169724,-0.176022,0.214343,0.117546,-0.078492,0.0855,0.122688,-0.038382,-0.005664,-0.341887,0.216379,0.005501,0.108879,0.001318,0.217342,0.008219,-0.179554,-0.195037,0.140374,0.269081,-0.473893,0.170398,-0.219023,0.237531,-0.395907,0.06329,0.255061,-0.367153,0.368752,-0.201515,0.090145,0.057666,-0.159751,0.115691,0.166893,0.043202,0.314852,-0.287413,0.022325,-0.337004,0.0165,-0.288176,0.091938,0.197318,-0.135523,-0.023841,0.13049,0.303596,-0.014542,-0.301264,0.193796,0.152063,-0.176327,0.240518,-0.231475,-0.012278,0.065426,-0.187559
1058,"Sakura, Ayane",staff_11622,0.062267,-0.097115,0.03572,-0.252816,0.025345,0.190864,0.193795,-0.149854,0.22671,0.098462,-0.119664,0.07515,0.140362,-0.016052,-0.00525,-0.3271,0.252952,0.027859,0.121357,-0.002076,0.23285,-0.000817,-0.194448,-0.155223,0.125753,0.274692,-0.471253,0.147889,-0.209731,0.230552,-0.415184,0.056829,0.268416,-0.349047,0.388482,-0.207163,0.070884,0.02711,-0.16302,0.105103,0.138491,0.05223,0.36738,-0.273205,-0.014249,-0.338525,0.035342,-0.299699,0.084479,0.252991,-0.103399,-0.015553,0.164927,0.282062,-0.011078,-0.331855,0.242117,0.123242,-0.170343,0.245852,-0.232485,-0.0378,0.092507,-0.191413
1059,"Koujina, Hiroshi",staff_10223,-0.144489,-0.399571,-0.28268,0.063245,0.355978,-0.03756,0.502966,-0.341422,0.271477,-0.175139,0.570963,1.123668,0.625265,-0.122073,-1.016528,-0.561856,-0.033717,0.849998,-0.112627,0.054188,0.406183,0.346462,0.109638,0.323812,0.435046,-0.186196,0.069001,0.385907,0.252682,-0.338752,0.365672,-0.421601,0.275484,0.24337,-0.244169,0.464399,-0.34296,-0.277583,-0.066775,0.17005,-1.192017,-0.076118,-0.194311,-0.124575,-0.082063,-0.229195,-0.030807,-0.713871,0.63413,-0.746906,0.486495,-0.137772,-0.286092,-0.414475,-0.599206,-0.45819,-0.123123,0.012334,-0.567046,0.275232,-0.084223,0.389107,-0.060962,-0.155176
1060,"Han, Megumi",staff_12961,0.054707,-0.078659,0.050455,-0.237155,0.014434,0.178159,0.195394,-0.125414,0.240673,0.095848,-0.137647,0.078997,0.145179,0.016053,-0.018832,-0.342478,0.282278,0.045814,0.124636,0.003928,0.220093,-0.004552,-0.197662,-0.146,0.115234,0.266632,-0.459328,0.154497,-0.200691,0.207775,-0.426104,0.04972,0.273523,-0.364914,0.396011,-0.19918,0.064802,0.000522,-0.178255,0.112857,0.12958,0.059361,0.384919,-0.263508,-0.038983,-0.319853,0.055071,-0.321709,0.087038,0.267802,-0.09186,-0.019864,0.180047,0.265096,0.002571,-0.347585,0.256033,0.116095,-0.156364,0.24811,-0.227858,-0.051669,0.09151,-0.179035
1061,"Sawashiro, Miyuki",staff_99,0.052478,-0.083341,0.050262,-0.263984,0.015418,0.206143,0.199858,-0.123123,0.226634,0.074369,-0.158999,0.072349,0.143522,0.015245,0.014854,-0.327227,0.276147,0.064626,0.129509,-0.004415,0.220829,-0.01207,-0.216871,-0.118311,0.136243,0.286357,-0.471269,0.149567,-0.197034,0.228193,-0.439098,0.033442,0.292001,-0.324962,0.426181,-0.195947,0.046223,-0.001611,-0.159238,0.089666,0.125164,0.061886,0.408644,-0.269176,-0.032957,-0.338137,0.036209,-0.298682,0.088223,0.301641,-0.089536,-0.027688,0.201226,0.261912,0.009261,-0.354775,0.275517,0.109849,-0.170197,0.241878,-0.215334,-0.052598,0.081085,-0.187144
1062,"Fujiwara, Keiji",staff_63,0.083242,-0.109331,0.038492,-0.24213,0.018979,0.17869,0.175402,-0.162838,0.220783,0.107875,-0.092727,0.078704,0.14271,-0.019644,-0.013569,-0.337753,0.230571,0.013553,0.1156,-0.004633,0.228551,0.00942,-0.189356,-0.174894,0.133607,0.270577,-0.480704,0.15987,-0.214094,0.229414,-0.392745,0.066784,0.24642,-0.353084,0.372657,-0.20649,0.08831,0.044753,-0.1604,0.113859,0.153004,0.046795,0.339771,-0.27173,0.004446,-0.327078,0.025122,-0.301764,0.082013,0.22494,-0.123297,-0.005661,0.14235,0.28576,-0.01543,-0.316192,0.223006,0.140682,-0.169471,0.238509,-0.23722,-0.021749,0.082183,-0.197165
1063,"Ise, Mariya",staff_655,0.08715,-0.082919,0.034861,-0.25035,0.030916,0.183901,0.169835,-0.159439,0.220607,0.092223,-0.106762,0.08246,0.121602,-0.017458,-0.011008,-0.323162,0.237654,0.019264,0.102017,0.002577,0.203473,0.000683,-0.170144,-0.179639,0.13119,0.259944,-0.463719,0.17613,-0.22467,0.233925,-0.412517,0.045593,0.275491,-0.35338,0.392479,-0.183578,0.073348,0.04539,-0.159906,0.095437,0.157779,0.063639,0.336297,-0.275234,0.003504,-0.338776,0.012831,-0.28896,0.088285,0.229851,-0.123791,-0.038329,0.156616,0.28927,0.001518,-0.313407,0.226397,0.143783,-0.176184,0.241201,-0.214384,-0.009711,0.060981,-0.173256
1066,"Date, Hayato",staff_5843,-0.104561,-0.427452,-0.313104,0.011155,0.386256,-0.047383,0.533834,-0.34468,0.27428,-0.152906,0.596405,1.137509,0.59471,-0.103214,-0.992931,-0.577477,-0.043533,0.818087,-0.109181,0.073398,0.413296,0.32571,0.111272,0.346882,0.411786,-0.190166,0.052731,0.419483,0.248904,-0.357237,0.336592,-0.459384,0.280106,0.303955,-0.259924,0.490484,-0.289607,-0.257735,-0.028725,0.167173,-1.158501,-0.095921,-0.253147,-0.074126,-0.039153,-0.207917,-0.069891,-0.728696,0.701927,-0.747257,0.462088,-0.178722,-0.212069,-0.397714,-0.600257,-0.466718,-0.1596,-0.033372,-0.537436,0.244694,-0.07706,0.459961,-0.074969,-0.168115
1067,"Nakamura, Chie",staff_300,0.108202,-0.100406,0.013216,-0.224117,0.047942,0.138915,0.164428,-0.179012,0.19498,0.091342,-0.051349,0.074997,0.136631,-0.046246,-0.032521,-0.334383,0.201289,-0.010703,0.09927,-0.006391,0.195407,-0.00655,-0.148496,-0.207777,0.112197,0.256955,-0.47896,0.179084,-0.226429,0.211226,-0.386766,0.072285,0.251247,-0.367937,0.369542,-0.201075,0.079002,0.082041,-0.184193,0.101744,0.165342,0.04601,0.300651,-0.283204,0.029588,-0.332466,0.003319,-0.290968,0.095627,0.175784,-0.153741,-0.031984,0.117802,0.313886,-0.014796,-0.295026,0.200927,0.139671,-0.169162,0.257884,-0.242328,0.007474,0.065208,-0.186959
1068,"Inoue, Kazuhiko",staff_21,0.074323,-0.070849,0.034672,-0.232587,0.018124,0.143674,0.187938,-0.139715,0.226072,0.089946,-0.096122,0.066932,0.138648,-0.016101,-0.021536,-0.34397,0.245661,0.025891,0.101518,0.000526,0.224638,0.002739,-0.159438,-0.180289,0.102642,0.259152,-0.473104,0.143846,-0.207226,0.189115,-0.405394,0.04469,0.254772,-0.374994,0.382607,-0.211965,0.055483,0.056785,-0.177854,0.098942,0.141098,0.075115,0.336582,-0.26369,-0.019524,-0.319106,0.025669,-0.298363,0.088582,0.206287,-0.13263,-0.029638,0.160135,0.291069,0.004396,-0.325065,0.230613,0.134011,-0.149619,0.263657,-0.226818,-0.013454,0.091035,-0.169921
1069,"Sugiyama, Noriaki",staff_16,0.112063,-0.076615,0.040581,-0.259753,0.025987,0.17629,0.142504,-0.147994,0.205486,0.096534,-0.1083,0.092401,0.121964,-0.008749,0.005733,-0.34324,0.243974,0.008622,0.086339,-0.005377,0.200377,0.012264,-0.162544,-0.180009,0.135444,0.251885,-0.473851,0.196215,-0.22805,0.234267,-0.398289,0.053247,0.281869,-0.358813,0.377752,-0.167571,0.10415,0.031572,-0.156511,0.109849,0.163014,0.072441,0.329339,-0.271056,0.016723,-0.316185,0.007807,-0.297193,0.067664,0.23197,-0.134784,-0.047347,0.139121,0.274714,0.01455,-0.303103,0.227415,0.160911,-0.176176,0.216141,-0.193449,-0.005899,0.053351,-0.174245
1070,"Takeuchi, Junko",staff_15,0.103836,-0.102407,0.020801,-0.236421,0.036049,0.161147,0.156983,-0.176472,0.209436,0.100364,-0.074899,0.085227,0.128971,-0.038791,-0.02714,-0.333997,0.207485,0.002346,0.101991,-0.00434,0.197122,0.012431,-0.165652,-0.209284,0.127689,0.261475,-0.48438,0.178442,-0.23187,0.226146,-0.394219,0.067284,0.249871,-0.356983,0.366455,-0.194853,0.083611,0.067508,-0.172819,0.104965,0.178242,0.047876,0.308893,-0.280303,0.026656,-0.338176,0.002909,-0.289331,0.082507,0.187104,-0.136684,-0.031304,0.119971,0.298873,-0.012159,-0.296323,0.202396,0.152153,-0.17019,0.240982,-0.226723,0.010321,0.060801,-0.19024
1071,"Kogure, Ema",staff_727,0.112421,-0.101373,0.014744,-0.226826,0.048832,0.136974,0.167751,-0.179866,0.19238,0.090605,-0.047584,0.076051,0.143819,-0.044583,-0.030204,-0.335367,0.200141,-0.007852,0.101181,-0.005463,0.19761,-0.006337,-0.147786,-0.210829,0.108127,0.260149,-0.485154,0.176407,-0.226235,0.208404,-0.390731,0.069472,0.252526,-0.372611,0.373807,-0.204393,0.07865,0.082751,-0.188207,0.104836,0.170627,0.047368,0.300072,-0.283755,0.034217,-0.332384,0.001875,-0.298796,0.101732,0.175087,-0.152033,-0.027184,0.116724,0.318966,-0.015374,-0.297334,0.207532,0.143688,-0.166909,0.265833,-0.241604,0.005916,0.069852,-0.187339
1074,"Morita, Shuuhei",staff_6564,-0.216563,-0.349678,-0.235443,0.134289,0.32123,-0.019728,0.439846,-0.308197,0.271699,-0.211601,0.559038,1.134892,0.685358,-0.124244,-1.058814,-0.531067,0.009413,0.870047,-0.155539,0.023683,0.386785,0.341971,0.098172,0.279962,0.484945,-0.180631,0.11188,0.324662,0.242482,-0.329139,0.36814,-0.365718,0.236006,0.140476,-0.23526,0.44528,-0.418724,-0.302659,-0.114207,0.175144,-1.243863,-0.066411,-0.114494,-0.212621,-0.127506,-0.257872,0.020553,-0.68736,0.507824,-0.7394,0.549346,-0.097352,-0.399539,-0.44151,-0.622349,-0.452647,-0.059325,0.092285,-0.604648,0.323331,-0.123423,0.277344,-0.074522,-0.163957
1075,"Kobori, Yurie",staff_14321,-0.019426,-0.053918,0.10318,-0.175191,-0.036107,0.101115,0.232153,0.007753,0.273558,0.045426,-0.213416,0.063455,0.188492,0.123462,-0.062405,-0.41734,0.372102,0.14612,0.159299,-0.014766,0.184753,-0.050224,-0.245102,-0.054126,0.047946,0.248016,-0.485324,0.120664,-0.126633,0.100977,-0.416439,0.059151,0.251862,-0.375542,0.433346,-0.211301,-0.015299,-0.082677,-0.285242,0.168261,0.013553,0.108305,0.509005,-0.230736,-0.152471,-0.236954,0.15397,-0.412539,0.087298,0.370546,-0.059624,-0.027601,0.235954,0.181336,0.059344,-0.455924,0.359865,0.042264,-0.063553,0.287753,-0.234455,-0.110586,0.145623,-0.147349
1076,"Amamiya, Sora",staff_21517,0.081325,-0.08891,0.048114,-0.256273,0.016391,0.205895,0.184344,-0.159666,0.237581,0.103406,-0.127715,0.080284,0.143346,0.00574,-0.005244,-0.326184,0.260726,0.028077,0.119579,0.004717,0.232247,0.009099,-0.202354,-0.160555,0.141062,0.273082,-0.467321,0.160245,-0.220877,0.241137,-0.422875,0.049064,0.269655,-0.342655,0.390023,-0.186551,0.090354,0.019479,-0.143089,0.09733,0.149752,0.046816,0.357389,-0.26185,-0.008883,-0.338764,0.022621,-0.301104,0.07981,0.262249,-0.099728,-0.004791,0.177524,0.280144,-0.010511,-0.330989,0.241417,0.142647,-0.191207,0.231872,-0.215458,-0.043128,0.080461,-0.198007
1079,"Shinkai, Makoto",staff_1117,-0.217477,-0.440109,-0.371041,-0.041092,0.350918,-0.036679,0.569192,-0.287829,0.300412,-0.166579,0.713002,1.11416,0.721794,-0.114093,-0.945191,-0.549584,0.091588,0.77622,-0.110802,0.071398,0.366627,0.30021,0.024083,0.342174,0.405901,-0.289018,0.079263,0.295962,0.244399,-0.456946,0.428799,-0.50288,0.344199,0.284481,-0.255432,0.530986,-0.237287,-0.320499,-0.042713,0.269754,-1.275113,-0.169536,-0.268912,-0.056746,-0.150371,-0.273543,-0.017296,-0.798713,0.59938,-0.776759,0.516174,-0.098469,-0.280855,-0.3757,-0.581272,-0.539172,-0.24519,-0.054497,-0.532382,0.164034,-0.121924,0.444955,-0.058012,-0.160185
1080,"Kamishiraishi, Mone",staff_39943,0.012047,-0.144924,0.103178,-0.39453,-0.005949,0.346906,0.233401,-0.228893,0.404823,0.220131,-0.182554,0.137561,0.044533,-0.130833,0.086258,-0.347671,0.318682,0.034051,0.192646,0.060899,0.359602,0.137093,-0.270529,-0.211871,0.197487,0.240208,-0.42639,0.055716,-0.250281,0.325944,-0.503717,0.015858,0.258432,-0.446182,0.292211,-0.266099,0.146811,0.051985,-0.104771,0.189722,0.246812,0.073055,0.310864,-0.225677,0.038122,-0.393294,0.10305,-0.346859,0.075233,0.19191,0.027575,-0.058147,0.20274,0.303132,-0.054458,-0.278714,0.112657,0.285424,-0.176422,0.232669,-0.201721,-0.093205,0.125892,-0.203577
1081,"Kamiki, Ryunosuke",staff_947,0.059487,-0.149924,0.083951,-0.373073,-0.039995,0.308699,0.197702,-0.171456,0.325079,0.196169,-0.169818,0.100171,0.066415,-0.066782,0.080902,-0.368721,0.29277,0.046175,0.13852,0.034901,0.332263,0.106349,-0.265256,-0.181251,0.170482,0.258642,-0.467742,0.066731,-0.232496,0.307903,-0.434782,0.010944,0.251942,-0.388931,0.30546,-0.218829,0.129157,0.034129,-0.093022,0.147644,0.174107,0.049635,0.325413,-0.232671,0.00692,-0.371141,0.065646,-0.297008,0.055973,0.235371,-0.072025,-0.037146,0.196607,0.291903,-0.02433,-0.330929,0.139105,0.214977,-0.210324,0.212887,-0.177804,-0.07205,0.097972,-0.196404
1082,"Koizuka, Masashi",staff_35937,-0.10322,-0.424395,-0.313745,0.012249,0.38711,-0.049944,0.53439,-0.342884,0.278015,-0.15398,0.603378,1.13938,0.594966,-0.101459,-0.992365,-0.578805,-0.042184,0.824174,-0.109595,0.075233,0.411841,0.326266,0.111914,0.348707,0.417933,-0.19305,0.052287,0.424539,0.250106,-0.35597,0.341753,-0.463995,0.280098,0.307791,-0.258703,0.48681,-0.291297,-0.258664,-0.023986,0.166184,-1.159001,-0.095128,-0.257453,-0.076834,-0.040108,-0.205662,-0.07282,-0.731371,0.701469,-0.747946,0.468259,-0.175157,-0.212649,-0.397554,-0.604837,-0.466684,-0.163946,-0.039514,-0.536837,0.247721,-0.078748,0.457581,-0.078746,-0.169947
1084,"Park, Seong-Hu",staff_46629,-0.143858,-0.401322,-0.299567,0.029408,0.372079,-0.051226,0.506034,-0.318389,0.289336,-0.170786,0.609993,1.148938,0.627406,-0.098004,-1.003012,-0.556234,-0.011141,0.828623,-0.138459,0.061324,0.392713,0.320022,0.101454,0.322485,0.435036,-0.198753,0.081302,0.38609,0.247538,-0.358308,0.33648,-0.449914,0.259099,0.26751,-0.260082,0.493029,-0.311367,-0.273073,-0.049792,0.179801,-1.18472,-0.101162,-0.228335,-0.113464,-0.056054,-0.220595,-0.050138,-0.716783,0.649721,-0.738194,0.499568,-0.163656,-0.264963,-0.412591,-0.619061,-0.458803,-0.137277,-0.006026,-0.549116,0.267588,-0.098503,0.420614,-0.082487,-0.172623
1085,"Uchida, Yuuma",staff_33995,0.015106,-0.041797,0.046216,-0.212613,0.030673,0.126248,0.214905,-0.080264,0.253223,0.083899,-0.150196,0.069065,0.13429,0.007085,-0.040165,-0.342944,0.316873,0.062427,0.124075,-0.007617,0.218261,-0.01329,-0.171125,-0.147019,0.070949,0.254861,-0.443405,0.129488,-0.171799,0.14358,-0.444319,0.029607,0.284887,-0.406865,0.406454,-0.226971,0.006003,0.007565,-0.214791,0.1269,0.104474,0.101451,0.3995,-0.253616,-0.081238,-0.290829,0.07913,-0.335205,0.084468,0.250855,-0.080992,-0.061493,0.195776,0.267152,0.029567,-0.359693,0.258178,0.087597,-0.107444,0.288501,-0.251751,-0.043322,0.105316,-0.138491
1086,"Nakamura, Yuuichi",staff_513,0.061046,-0.090534,0.042531,-0.25896,0.017678,0.195498,0.181769,-0.145315,0.234572,0.091007,-0.132542,0.087396,0.137792,-0.005936,-0.004719,-0.325466,0.256347,0.043241,0.122137,-0.001869,0.219283,-0.000989,-0.194898,-0.159102,0.135178,0.272382,-0.467155,0.162718,-0.214933,0.236336,-0.42368,0.053043,0.26825,-0.335717,0.392604,-0.19403,0.065577,0.020551,-0.162145,0.103643,0.148616,0.060242,0.370316,-0.274434,-0.020957,-0.342136,0.03039,-0.300588,0.080777,0.262907,-0.098473,-0.020587,0.169816,0.269593,-0.001682,-0.33012,0.249266,0.133383,-0.166398,0.240864,-0.223404,-0.033983,0.077986,-0.184191
1087,"Enoki, Junya",staff_30853,0.092226,-0.097097,0.030371,-0.221592,0.034218,0.147778,0.164988,-0.152074,0.209886,0.088469,-0.085017,0.078491,0.135773,-0.019393,-0.037036,-0.339305,0.226458,0.015457,0.109142,-0.010453,0.189774,-0.010065,-0.170417,-0.183428,0.113714,0.256319,-0.477271,0.178503,-0.216454,0.209046,-0.389168,0.067904,0.253144,-0.362671,0.382088,-0.189709,0.068296,0.05338,-0.188873,0.112908,0.143944,0.053432,0.332732,-0.274843,0.005454,-0.319765,0.022647,-0.305514,0.088117,0.216256,-0.138441,-0.034837,0.135994,0.290028,-0.000877,-0.321177,0.22256,0.129172,-0.162081,0.251042,-0.236377,-0.004888,0.062872,-0.181686
1088,"Seto, Asami",staff_11787,0.061178,-0.093284,0.039158,-0.275249,0.021009,0.230812,0.200342,-0.156861,0.239687,0.107464,-0.145497,0.081205,0.145709,0.000509,0.015666,-0.312083,0.277795,0.028713,0.128417,0.002043,0.253987,0.007222,-0.216319,-0.147181,0.141214,0.286621,-0.464371,0.14408,-0.215491,0.257506,-0.440274,0.049773,0.284838,-0.323503,0.392448,-0.199009,0.084877,0.001187,-0.131141,0.09564,0.140139,0.040134,0.381439,-0.267007,-0.022993,-0.351829,0.029081,-0.292533,0.070683,0.291358,-0.078218,0.003834,0.191951,0.282629,-0.014337,-0.339766,0.252935,0.126062,-0.198975,0.234259,-0.225778,-0.061996,0.097065,-0.205167
1093,"Hamasaki, Hiroshi",staff_6369,-0.231496,-0.413912,-0.326355,0.008992,0.342184,-0.08047,0.543676,-0.288449,0.337296,-0.15441,0.664148,1.133662,0.692896,-0.097288,-0.981643,-0.494397,0.071124,0.850884,-0.155187,0.071622,0.354486,0.329518,0.055711,0.277508,0.437212,-0.254408,0.127163,0.291266,0.236359,-0.404646,0.375588,-0.452063,0.308508,0.263278,-0.263091,0.503352,-0.288121,-0.305209,-0.077709,0.235991,-1.274913,-0.143261,-0.210131,-0.131438,-0.123338,-0.283259,0.000157,-0.720682,0.602229,-0.728813,0.55336,-0.106293,-0.325788,-0.420824,-0.611303,-0.440013,-0.186108,-0.007979,-0.579358,0.262417,-0.12222,0.388129,-0.063376,-0.148559
1094,"Satou, Takuya",staff_9572,-0.255298,-0.41928,-0.318154,0.022083,0.338173,-0.088299,0.547846,-0.298671,0.352953,-0.152786,0.656824,1.124327,0.687903,-0.091513,-1.014414,-0.485762,0.08105,0.864755,-0.155088,0.064283,0.343992,0.341635,0.046442,0.256144,0.445658,-0.238326,0.125213,0.271807,0.215154,-0.397608,0.392834,-0.436969,0.31675,0.255718,-0.257891,0.478154,-0.314302,-0.302708,-0.089679,0.239615,-1.296261,-0.13077,-0.181767,-0.156234,-0.14414,-0.298152,0.017813,-0.715081,0.598938,-0.728166,0.554204,-0.098228,-0.344022,-0.417832,-0.617805,-0.430229,-0.176906,0.008013,-0.586235,0.287884,-0.130782,0.360248,-0.073728,-0.131974
1095,"Seki, Tomokazu",staff_1,0.084068,-0.082047,0.061007,-0.273489,-0.000631,0.212339,0.180737,-0.157448,0.238323,0.094461,-0.136653,0.083747,0.127179,-0.003619,0.020582,-0.329545,0.238591,0.04507,0.113751,-0.00057,0.233113,0.016798,-0.198052,-0.159421,0.157525,0.274858,-0.480362,0.154791,-0.212665,0.246207,-0.41721,0.039137,0.26074,-0.319667,0.406424,-0.188815,0.069213,0.042339,-0.133525,0.093616,0.149849,0.074477,0.357015,-0.26748,-0.006041,-0.336787,0.004619,-0.281407,0.075449,0.256525,-0.11601,-0.014067,0.182356,0.274477,0.006557,-0.327283,0.245637,0.167919,-0.17485,0.226882,-0.199004,-0.020803,0.071361,-0.186009
1096,"Imai, Asami",staff_8662,0.074939,-0.069819,0.1296,-0.315755,-0.050868,0.270435,0.154773,-0.150431,0.308937,0.096548,-0.204956,0.126796,0.118199,0.043084,0.038218,-0.341285,0.290119,0.107697,0.135975,0.026797,0.225728,0.029447,-0.229399,-0.141152,0.203241,0.248397,-0.439468,0.192383,-0.236138,0.290053,-0.455379,0.013644,0.261337,-0.312829,0.40937,-0.134327,0.097087,0.002844,-0.116447,0.104019,0.180219,0.09458,0.373368,-0.238494,-0.023911,-0.347686,0.02382,-0.325315,0.079088,0.320963,-0.076307,-0.021858,0.235109,0.218054,0.018026,-0.334202,0.259415,0.231409,-0.181416,0.198416,-0.152654,-0.062104,0.029007,-0.165346
1097,"Hanazawa, Kana",staff_185,0.056048,-0.08811,0.056881,-0.261435,0.007306,0.200099,0.197601,-0.129174,0.239937,0.086885,-0.149785,0.079061,0.134312,0.008426,0.007689,-0.342669,0.270884,0.060071,0.126956,0.004852,0.218001,-0.004795,-0.210545,-0.134644,0.13172,0.270391,-0.468254,0.149622,-0.20204,0.227477,-0.42899,0.041245,0.277338,-0.34237,0.40621,-0.195599,0.057833,0.00731,-0.170306,0.104931,0.127428,0.064489,0.390952,-0.268674,-0.030314,-0.335819,0.047279,-0.307657,0.091435,0.279015,-0.096003,-0.02989,0.190889,0.263299,0.005683,-0.349155,0.256015,0.125773,-0.162077,0.243149,-0.211527,-0.051149,0.084066,-0.179917
1098,"Kobayashi, Osamu",staff_5406,-0.105071,-0.427082,-0.313324,0.010118,0.387087,-0.04634,0.535705,-0.346919,0.273783,-0.154673,0.594658,1.136918,0.593662,-0.103449,-0.991954,-0.578102,-0.042841,0.818917,-0.107928,0.073434,0.413018,0.326786,0.111865,0.345616,0.410405,-0.189512,0.052158,0.420039,0.248944,-0.357981,0.334629,-0.458298,0.280366,0.301918,-0.260219,0.490262,-0.29017,-0.256407,-0.028567,0.168045,-1.157685,-0.095699,-0.252591,-0.074325,-0.035791,-0.207373,-0.069318,-0.727925,0.701605,-0.746465,0.461519,-0.179156,-0.212842,-0.397996,-0.599532,-0.467284,-0.156948,-0.033403,-0.536638,0.245568,-0.076417,0.461291,-0.073552,-0.167825
1099,"Kon, Chiaki",staff_6831,-0.172723,-0.332721,-0.37044,-0.046284,0.361203,-0.071627,0.482889,-0.29409,0.305668,-0.176539,0.6824,1.10267,0.70308,-0.123636,-0.889425,-0.542371,0.013355,0.846444,-0.182111,0.135902,0.426653,0.313775,0.104512,0.345036,0.402699,-0.261566,0.192556,0.310161,0.33815,-0.386416,0.334299,-0.523777,0.249443,0.28676,-0.302135,0.605148,-0.220951,-0.293591,-0.077298,0.198568,-1.220376,-0.108388,-0.295576,-0.06581,-0.071975,-0.230664,-0.037956,-0.782971,0.629793,-0.728107,0.493636,-0.120954,-0.286472,-0.43814,-0.606445,-0.445127,-0.221432,-0.007446,-0.514899,0.22634,-0.052242,0.449634,-0.077676,-0.141665
1100,"Murata, Masahiko",staff_7608,-0.103865,-0.426751,-0.312661,0.012553,0.387095,-0.047649,0.533334,-0.344479,0.274645,-0.15209,0.598672,1.140516,0.594473,-0.10355,-0.994946,-0.578136,-0.043096,0.82006,-0.109019,0.07538,0.413861,0.326524,0.112112,0.348742,0.414437,-0.191575,0.053292,0.42159,0.249817,-0.356313,0.339447,-0.461341,0.280491,0.30321,-0.259199,0.491361,-0.288819,-0.258217,-0.027994,0.165933,-1.159187,-0.095259,-0.255586,-0.075703,-0.039956,-0.2078,-0.069997,-0.72945,0.701835,-0.748323,0.463797,-0.178151,-0.21294,-0.39854,-0.602081,-0.467826,-0.162319,-0.034005,-0.537526,0.245396,-0.079175,0.4591,-0.076342,-0.167826
1101,"Watanabe, Toshinori",staff_40406,-0.17647,-0.377257,-0.260504,0.094138,0.343768,-0.02799,0.470685,-0.319313,0.270288,-0.190042,0.569454,1.135615,0.654849,-0.117303,-1.038749,-0.546093,-0.009335,0.849764,-0.140968,0.041062,0.396342,0.335485,0.10415,0.304467,0.459537,-0.180791,0.09194,0.356013,0.241774,-0.338846,0.356853,-0.397398,0.249669,0.194642,-0.244318,0.460545,-0.373928,-0.287988,-0.08533,0.170759,-1.213695,-0.075094,-0.160209,-0.164892,-0.099527,-0.240874,-0.009152,-0.702653,0.573125,-0.743008,0.516645,-0.127018,-0.335022,-0.425316,-0.614469,-0.458239,-0.093465,0.052246,-0.580848,0.294538,-0.108039,0.338382,-0.075243,-0.164602
1102,"Tamura, Mutsumi",staff_10013,0.083768,-0.095619,0.028549,-0.244686,0.036451,0.190082,0.180021,-0.164635,0.221265,0.102835,-0.107458,0.078613,0.134921,-0.020983,-0.013168,-0.32107,0.245067,0.009552,0.114159,-0.001293,0.220449,0.007217,-0.186137,-0.175405,0.124699,0.267245,-0.471136,0.161786,-0.222541,0.23611,-0.413936,0.058796,0.272128,-0.349392,0.381802,-0.19603,0.084959,0.035804,-0.15947,0.10126,0.151796,0.043479,0.346849,-0.269382,0.004397,-0.338725,0.020994,-0.296242,0.078088,0.238912,-0.10872,-0.020898,0.15486,0.293052,-0.013761,-0.32083,0.226911,0.133023,-0.183885,0.239221,-0.229319,-0.024528,0.077776,-0.195639
1103,"Suzumura, Kenichi",staff_5,0.061253,-0.089183,0.035416,-0.231248,0.036702,0.16087,0.189807,-0.123031,0.217718,0.09303,-0.123432,0.072854,0.132872,-0.009444,-0.019159,-0.338163,0.262469,0.036947,0.120645,-0.013999,0.207568,-0.003092,-0.192472,-0.156135,0.106366,0.271354,-0.476663,0.150746,-0.190866,0.196298,-0.417646,0.050079,0.278286,-0.365502,0.399479,-0.211715,0.043579,0.022563,-0.189572,0.118562,0.128762,0.062102,0.377275,-0.270863,-0.021606,-0.313173,0.042648,-0.310251,0.081048,0.246825,-0.104795,-0.044028,0.161688,0.280675,0.008123,-0.340665,0.238661,0.104269,-0.148145,0.256373,-0.240794,-0.024912,0.081327,-0.17544
1104,"Touyama, Nao",staff_11184,0.057304,-0.09734,0.013222,-0.268345,0.04207,0.21898,0.217493,-0.186722,0.202015,0.082984,-0.103954,0.065159,0.160513,-0.031277,0.020988,-0.293658,0.226969,0.004981,0.122003,0.007128,0.253577,-0.021251,-0.186423,-0.137799,0.148676,0.30078,-0.466123,0.148402,-0.219952,0.262532,-0.425658,0.066056,0.283271,-0.315575,0.409305,-0.221563,0.084199,0.030144,-0.13392,0.068105,0.147649,0.035986,0.375301,-0.298329,0.000919,-0.374678,0.01642,-0.269267,0.103888,0.260674,-0.097564,0.019143,0.165642,0.296241,-0.037052,-0.312605,0.269236,0.11631,-0.191868,0.242275,-0.238249,-0.048964,0.11448,-0.218511
1105,"Shindou, Kei",staff_594,0.105653,-0.103308,0.010649,-0.22685,0.050571,0.139413,0.164107,-0.177514,0.195034,0.091004,-0.046807,0.074256,0.134221,-0.048845,-0.037146,-0.330516,0.201139,-0.010595,0.10317,-0.008096,0.193925,-0.013026,-0.152623,-0.206385,0.113523,0.26142,-0.481955,0.177694,-0.227835,0.215218,-0.382643,0.073143,0.25083,-0.375063,0.375952,-0.201184,0.076862,0.080198,-0.185103,0.103148,0.168158,0.044308,0.301243,-0.287804,0.03472,-0.331234,0.0061,-0.290774,0.099354,0.179736,-0.151282,-0.033469,0.111723,0.316761,-0.012299,-0.299972,0.209062,0.139885,-0.17058,0.25944,-0.242812,0.01127,0.066221,-0.190062
1107,"Fukazawa, Toshinori",staff_61001,-0.1078,-0.42517,-0.315673,0.010687,0.384886,-0.046294,0.53588,-0.345677,0.276313,-0.155149,0.601096,1.138429,0.592761,-0.098874,-0.991921,-0.578818,-0.040577,0.82282,-0.10758,0.070925,0.41148,0.323326,0.110038,0.34676,0.416708,-0.193026,0.052558,0.422695,0.249721,-0.356816,0.338218,-0.459813,0.281157,0.305742,-0.256385,0.487789,-0.287931,-0.257062,-0.026048,0.167198,-1.1596,-0.096556,-0.255153,-0.075972,-0.03614,-0.208999,-0.072373,-0.728568,0.70006,-0.746876,0.466356,-0.1763,-0.211259,-0.398938,-0.601533,-0.467605,-0.163396,-0.036356,-0.536758,0.247704,-0.078998,0.459942,-0.080869,-0.171939
1108,"Itou, Satoshi",staff_69099,-0.1078,-0.42517,-0.315673,0.010687,0.384886,-0.046294,0.53588,-0.345677,0.276313,-0.155149,0.601096,1.138429,0.592761,-0.098874,-0.991921,-0.578818,-0.040577,0.82282,-0.10758,0.070925,0.41148,0.323326,0.110038,0.34676,0.416708,-0.193026,0.052558,0.422695,0.249721,-0.356816,0.338218,-0.459813,0.281157,0.305742,-0.256385,0.487789,-0.287931,-0.257062,-0.026048,0.167198,-1.1596,-0.096556,-0.255153,-0.075972,-0.03614,-0.208999,-0.072373,-0.728568,0.70006,-0.746876,0.466356,-0.1763,-0.211259,-0.398938,-0.601533,-0.467605,-0.163396,-0.036356,-0.536758,0.247704,-0.078998,0.459942,-0.080869,-0.171939
1109,"Komaki, Aya",staff_69096,-0.1078,-0.42517,-0.315673,0.010687,0.384886,-0.046294,0.53588,-0.345677,0.276313,-0.155149,0.601096,1.138429,0.592761,-0.098874,-0.991921,-0.578818,-0.040577,0.82282,-0.10758,0.070925,0.41148,0.323326,0.110038,0.34676,0.416708,-0.193026,0.052558,0.422695,0.249721,-0.356816,0.338218,-0.459813,0.281157,0.305742,-0.256385,0.487789,-0.287931,-0.257062,-0.026048,0.167198,-1.1596,-0.096556,-0.255153,-0.075972,-0.03614,-0.208999,-0.072373,-0.728568,0.70006,-0.746876,0.466356,-0.1763,-0.211259,-0.398938,-0.601533,-0.467605,-0.163396,-0.036356,-0.536758,0.247704,-0.078998,0.459942,-0.080869,-0.171939
1110,"Koyama, Yasunori",staff_69100,-0.1078,-0.42517,-0.315673,0.010687,0.384886,-0.046294,0.53588,-0.345677,0.276313,-0.155149,0.601096,1.138429,0.592761,-0.098874,-0.991921,-0.578818,-0.040577,0.82282,-0.10758,0.070925,0.41148,0.323326,0.110038,0.34676,0.416708,-0.193026,0.052558,0.422695,0.249721,-0.356816,0.338218,-0.459813,0.281157,0.305742,-0.256385,0.487789,-0.287931,-0.257062,-0.026048,0.167198,-1.1596,-0.096556,-0.255153,-0.075972,-0.03614,-0.208999,-0.072373,-0.728568,0.70006,-0.746876,0.466356,-0.1763,-0.211259,-0.398938,-0.601533,-0.467605,-0.163396,-0.036356,-0.536758,0.247704,-0.078998,0.459942,-0.080869,-0.171939
1111,"Kureta, Kouhei",staff_43154,-0.1078,-0.42517,-0.315673,0.010687,0.384886,-0.046294,0.53588,-0.345677,0.276313,-0.155149,0.601096,1.138429,0.592761,-0.098874,-0.991921,-0.578818,-0.040577,0.82282,-0.10758,0.070925,0.41148,0.323326,0.110038,0.34676,0.416708,-0.193026,0.052558,0.422695,0.249721,-0.356816,0.338218,-0.459813,0.281157,0.305742,-0.256385,0.487789,-0.287931,-0.257062,-0.026048,0.167198,-1.1596,-0.096556,-0.255153,-0.075972,-0.03614,-0.208999,-0.072373,-0.728568,0.70006,-0.746876,0.466356,-0.1763,-0.211259,-0.398938,-0.601533,-0.467605,-0.163396,-0.036356,-0.536758,0.247704,-0.078998,0.459942,-0.080869,-0.171939
1112,"Matsumi, Wataru",staff_86716,-0.1078,-0.42517,-0.315673,0.010687,0.384886,-0.046294,0.53588,-0.345677,0.276313,-0.155149,0.601096,1.138429,0.592761,-0.098874,-0.991921,-0.578818,-0.040577,0.82282,-0.10758,0.070925,0.41148,0.323326,0.110038,0.34676,0.416708,-0.193026,0.052558,0.422695,0.249721,-0.356816,0.338218,-0.459813,0.281157,0.305742,-0.256385,0.487789,-0.287931,-0.257062,-0.026048,0.167198,-1.1596,-0.096556,-0.255153,-0.075972,-0.03614,-0.208999,-0.072373,-0.728568,0.70006,-0.746876,0.466356,-0.1763,-0.211259,-0.398938,-0.601533,-0.467605,-0.163396,-0.036356,-0.536758,0.247704,-0.078998,0.459942,-0.080869,-0.171939
1113,"Miyamoto, Hiroaki",staff_39999,-0.1078,-0.42517,-0.315673,0.010687,0.384886,-0.046294,0.53588,-0.345677,0.276313,-0.155149,0.601096,1.138429,0.592761,-0.098874,-0.991921,-0.578818,-0.040577,0.82282,-0.10758,0.070925,0.41148,0.323326,0.110038,0.34676,0.416708,-0.193026,0.052558,0.422695,0.249721,-0.356816,0.338218,-0.459813,0.281157,0.305742,-0.256385,0.487789,-0.287931,-0.257062,-0.026048,0.167198,-1.1596,-0.096556,-0.255153,-0.075972,-0.03614,-0.208999,-0.072373,-0.728568,0.70006,-0.746876,0.466356,-0.1763,-0.211259,-0.398938,-0.601533,-0.467605,-0.163396,-0.036356,-0.536758,0.247704,-0.078998,0.459942,-0.080869,-0.171939
1114,"Nagamine, Tatsuya",staff_12867,-0.103701,-0.426184,-0.316063,0.011504,0.386551,-0.049068,0.533693,-0.34393,0.27639,-0.156716,0.598512,1.134036,0.595652,-0.101346,-0.98978,-0.575646,-0.042119,0.821467,-0.110218,0.074478,0.40927,0.32818,0.112778,0.346593,0.413559,-0.18953,0.049666,0.420787,0.24902,-0.357035,0.340147,-0.461077,0.27791,0.305705,-0.261694,0.48598,-0.292502,-0.258432,-0.026081,0.168418,-1.154827,-0.094655,-0.254214,-0.074832,-0.036129,-0.205387,-0.072552,-0.729351,0.702764,-0.745508,0.462641,-0.175713,-0.212509,-0.397094,-0.604077,-0.465634,-0.158021,-0.038882,-0.536034,0.246273,-0.073957,0.461326,-0.07337,-0.167155
1115,"Sakai, Munehisa",staff_28621,-0.153462,-0.422459,-0.319321,-0.020256,0.368971,-0.039495,0.544907,-0.313163,0.266611,-0.169793,0.650101,1.122008,0.664995,-0.103558,-0.954739,-0.564751,0.002749,0.82497,-0.125581,0.079417,0.409746,0.331733,0.072576,0.360818,0.418117,-0.234489,0.073827,0.371326,0.261841,-0.384005,0.362531,-0.484728,0.29125,0.289505,-0.264333,0.520578,-0.252275,-0.29741,-0.039614,0.215587,-1.210088,-0.138951,-0.267298,-0.062912,-0.072691,-0.206876,-0.044629,-0.73785,0.64298,-0.750399,0.509336,-0.119417,-0.255447,-0.415965,-0.587223,-0.485979,-0.185221,-0.039148,-0.555363,0.207917,-0.090051,0.451268,-0.048412,-0.160242
1116,"Shimizu, Junji",staff_20058,-0.1078,-0.42517,-0.315673,0.010687,0.384886,-0.046294,0.53588,-0.345677,0.276313,-0.155149,0.601096,1.138429,0.592761,-0.098874,-0.991921,-0.578818,-0.040577,0.82282,-0.10758,0.070925,0.41148,0.323326,0.110038,0.34676,0.416708,-0.193026,0.052558,0.422695,0.249721,-0.356816,0.338218,-0.459813,0.281157,0.305742,-0.256385,0.487789,-0.287931,-0.257062,-0.026048,0.167198,-1.1596,-0.096556,-0.255153,-0.075972,-0.03614,-0.208999,-0.072373,-0.728568,0.70006,-0.746876,0.466356,-0.1763,-0.211259,-0.398938,-0.601533,-0.467605,-0.163396,-0.036356,-0.536758,0.247704,-0.078998,0.459942,-0.080869,-0.171939
1117,"Uda, Kounosuke",staff_5162,-0.212083,-0.466615,-0.295315,0.059493,0.375837,-0.039709,0.54784,-0.376884,0.297239,-0.170957,0.593621,1.133972,0.601699,-0.059219,-1.096217,-0.550287,0.027951,0.858869,-0.104562,0.037461,0.383457,0.361255,0.091889,0.273211,0.458117,-0.138837,0.061234,0.325247,0.197631,-0.369291,0.369916,-0.411204,0.285066,0.259886,-0.221993,0.369831,-0.400711,-0.27063,-0.068317,0.205184,-1.256481,-0.072654,-0.11997,-0.163547,-0.098164,-0.262473,-0.00704,-0.749615,0.619588,-0.76881,0.503527,-0.129994,-0.31999,-0.351448,-0.657457,-0.485478,-0.118481,0.013808,-0.566903,0.321651,-0.145068,0.352576,-0.110388,-0.160587
1118,Cho,staff_898,0.096462,-0.121218,0.047608,-0.252572,-0.01916,0.169531,0.161772,-0.132257,0.209634,0.105293,-0.096827,0.059826,0.13568,-0.006536,-0.006125,-0.364414,0.218268,0.037232,0.097841,-0.015297,0.238512,0.019879,-0.19894,-0.161114,0.124556,0.271555,-0.514981,0.133212,-0.204086,0.22155,-0.352881,0.05291,0.223161,-0.341698,0.368875,-0.195876,0.07208,0.058495,-0.154119,0.104907,0.125159,0.055234,0.339014,-0.257967,-0.004248,-0.313281,0.015567,-0.283782,0.07092,0.232441,-0.169256,-0.010582,0.145312,0.274087,0.003621,-0.347217,0.224725,0.135465,-0.172539,0.23159,-0.209987,-0.002783,0.076607,-0.189953
1119,"Yao, Kazuki",staff_131,0.106197,-0.100217,0.011174,-0.224401,0.0476,0.138521,0.162121,-0.176707,0.196144,0.090246,-0.047095,0.07303,0.134046,-0.04408,-0.033753,-0.332338,0.203526,-0.012725,0.098828,-0.005133,0.193409,-0.008456,-0.151284,-0.209226,0.11443,0.257771,-0.480458,0.179449,-0.226496,0.214603,-0.385676,0.072321,0.250819,-0.367362,0.372616,-0.202469,0.078194,0.080686,-0.18231,0.099462,0.166789,0.044841,0.301374,-0.283701,0.031098,-0.33012,0.005241,-0.287712,0.097111,0.177887,-0.15297,-0.032938,0.119195,0.315137,-0.012816,-0.296221,0.202943,0.138866,-0.171829,0.257892,-0.242365,0.008735,0.065135,-0.188482
1120,"Noda, Junko",staff_277,0.098989,-0.061623,0.075224,-0.264849,0.008467,0.18844,0.146648,-0.113024,0.227095,0.070259,-0.160743,0.100167,0.107651,0.029356,0.017573,-0.356498,0.27049,0.064286,0.097934,-0.001177,0.161028,0.001595,-0.191167,-0.151155,0.141629,0.241251,-0.473997,0.206079,-0.214512,0.229227,-0.424764,0.031814,0.298316,-0.337972,0.419411,-0.144465,0.070952,0.003501,-0.180667,0.114736,0.140204,0.0978,0.376038,-0.264142,-0.005615,-0.309998,0.024968,-0.3157,0.076578,0.28457,-0.116196,-0.076327,0.182037,0.243271,0.043631,-0.335208,0.253175,0.1619,-0.16054,0.217848,-0.164662,-0.023633,0.035644,-0.153699
1121,"Kimura, Subaru",staff_12480,0.121048,-0.142449,0.096884,-0.302644,-0.02,0.247474,0.150668,-0.169609,0.245326,0.150845,-0.133317,0.107318,0.089634,-0.009172,0.043668,-0.3776,0.220208,0.050201,0.122271,0.004671,0.220732,0.053089,-0.250449,-0.174728,0.202336,0.275905,-0.494517,0.172765,-0.207497,0.279537,-0.394393,0.039656,0.248896,-0.345948,0.378753,-0.173755,0.109125,0.033819,-0.125079,0.14654,0.172778,0.047312,0.331921,-0.275607,0.037353,-0.325899,0.017673,-0.294234,0.079277,0.234459,-0.128465,-0.028598,0.155476,0.274288,0.00189,-0.317466,0.169643,0.203007,-0.18956,0.193185,-0.184244,-0.023906,0.028484,-0.189815
1122,"Houki, Katsuhisa",staff_5317,0.106705,-0.10085,0.01065,-0.227248,0.048774,0.137368,0.163627,-0.176507,0.195466,0.089462,-0.041811,0.071821,0.13551,-0.042035,-0.034022,-0.331929,0.205339,-0.012271,0.099564,-0.004815,0.192832,-0.009536,-0.15309,-0.212637,0.112645,0.2605,-0.486515,0.178254,-0.225502,0.214927,-0.38791,0.071816,0.25213,-0.370306,0.377811,-0.205381,0.075799,0.080799,-0.184884,0.099342,0.171609,0.044386,0.30243,-0.284808,0.036271,-0.329015,0.004604,-0.290175,0.10165,0.179013,-0.150714,-0.032025,0.118951,0.319126,-0.011127,-0.299284,0.208273,0.140717,-0.172904,0.263434,-0.24304,0.008986,0.068573,-0.189606
1123,"Gouri, Daisuke",staff_744,0.106705,-0.10085,0.01065,-0.227248,0.048774,0.137368,0.163627,-0.176507,0.195466,0.089462,-0.041811,0.071821,0.13551,-0.042035,-0.034022,-0.331929,0.205339,-0.012271,0.099564,-0.004815,0.192832,-0.009536,-0.15309,-0.212637,0.112645,0.2605,-0.486515,0.178254,-0.225502,0.214927,-0.38791,0.071816,0.25213,-0.370306,0.377811,-0.205381,0.075799,0.080799,-0.184884,0.099342,0.171609,0.044386,0.30243,-0.284808,0.036271,-0.329015,0.004604,-0.290175,0.10165,0.179013,-0.150714,-0.032025,0.118951,0.319126,-0.011127,-0.299284,0.208273,0.140717,-0.172904,0.263434,-0.24304,0.008986,0.068573,-0.189606
1124,"Sakamoto, Chika",staff_387,0.09895,-0.091156,0.091297,-0.339813,-0.054605,0.313688,0.126844,-0.159015,0.31172,0.14696,-0.239502,0.145538,0.061642,0.011463,0.05526,-0.340033,0.247139,0.084297,0.10425,0.006827,0.218363,0.131071,-0.262823,-0.214872,0.21329,0.263264,-0.531429,0.155878,-0.255778,0.330166,-0.440853,0.032974,0.24616,-0.250306,0.362978,-0.144301,0.103307,0.004533,-0.093833,0.125966,0.211397,0.094828,0.361633,-0.253682,0.006633,-0.36461,-0.016599,-0.264817,-0.014574,0.28353,-0.056449,-0.030984,0.174305,0.222085,0.0276,-0.323761,0.220526,0.263704,-0.185152,0.14368,-0.098603,0.019025,0.04959,-0.194027
1125,"Tanaka, Mayumi",staff_75,0.110737,-0.10465,0.028619,-0.24828,0.033633,0.16654,0.163532,-0.175294,0.211819,0.113006,-0.069078,0.084536,0.123243,-0.034528,-0.010412,-0.341703,0.219319,-0.001889,0.100032,0.003564,0.205347,0.010207,-0.168647,-0.212199,0.124898,0.256794,-0.477029,0.176753,-0.224247,0.231419,-0.400036,0.063129,0.257793,-0.363823,0.365039,-0.196485,0.090982,0.064792,-0.169344,0.112188,0.169048,0.043764,0.306363,-0.281248,0.026791,-0.333806,0.0096,-0.291044,0.089642,0.191922,-0.141599,-0.02755,0.132617,0.311457,-0.01194,-0.300139,0.188853,0.154702,-0.179925,0.24874,-0.229274,-0.009557,0.063598,-0.182241
1126,"Okamura, Akemi",staff_76,0.044461,-0.066727,0.039921,-0.200212,0.029831,0.113826,0.209688,-0.09886,0.228201,0.086572,-0.113949,0.05282,0.140804,-0.004409,-0.034918,-0.364879,0.279075,0.039019,0.12077,-0.010305,0.216985,0.000591,-0.178441,-0.149736,0.077211,0.261951,-0.481258,0.1206,-0.169735,0.141006,-0.411546,0.042782,0.267109,-0.407092,0.397657,-0.244342,0.026,0.030006,-0.216042,0.122902,0.116423,0.082819,0.381178,-0.253224,-0.040629,-0.280586,0.066761,-0.326825,0.088193,0.213731,-0.105943,-0.054253,0.167432,0.278665,0.017857,-0.346933,0.244949,0.097192,-0.110264,0.275571,-0.248041,-0.02276,0.110982,-0.166414
1127,"Yamazaki, Wakana",staff_496,0.106941,-0.099226,0.011526,-0.225031,0.046752,0.13751,0.162631,-0.176676,0.196566,0.08984,-0.04503,0.072086,0.135721,-0.042274,-0.030975,-0.332869,0.204951,-0.012461,0.097936,-0.004095,0.193641,-0.00806,-0.151497,-0.211599,0.113198,0.258267,-0.483214,0.178806,-0.226468,0.214264,-0.387719,0.070953,0.251495,-0.36671,0.373566,-0.204074,0.077953,0.080082,-0.182915,0.099034,0.169007,0.045022,0.301596,-0.282974,0.031737,-0.329876,0.00425,-0.288759,0.097581,0.177129,-0.152418,-0.031302,0.120651,0.316577,-0.011627,-0.296507,0.203624,0.141099,-0.172502,0.260477,-0.242547,0.007574,0.067261,-0.188844
1128,"Yamaguchi, Yuriko",staff_130,0.106197,-0.100217,0.011174,-0.224401,0.0476,0.138521,0.162121,-0.176707,0.196144,0.090246,-0.047095,0.07303,0.134046,-0.04408,-0.033753,-0.332338,0.203526,-0.012725,0.098828,-0.005133,0.193409,-0.008456,-0.151284,-0.209226,0.11443,0.257771,-0.480458,0.179449,-0.226496,0.214603,-0.385676,0.072321,0.250819,-0.367362,0.372616,-0.202469,0.078194,0.080686,-0.18231,0.099462,0.166789,0.044841,0.301374,-0.283701,0.031098,-0.33012,0.005241,-0.287712,0.097111,0.177887,-0.15297,-0.032938,0.119195,0.315137,-0.012816,-0.296221,0.202943,0.138866,-0.171829,0.257892,-0.242365,0.008735,0.065135,-0.188482
1129,"Kobayashi, Yuuko",staff_983,0.106705,-0.10085,0.01065,-0.227248,0.048774,0.137368,0.163627,-0.176507,0.195466,0.089462,-0.041811,0.071821,0.13551,-0.042035,-0.034022,-0.331929,0.205339,-0.012271,0.099564,-0.004815,0.192832,-0.009536,-0.15309,-0.212637,0.112645,0.2605,-0.486515,0.178254,-0.225502,0.214927,-0.38791,0.071816,0.25213,-0.370306,0.377811,-0.205381,0.075799,0.080799,-0.184884,0.099342,0.171609,0.044386,0.30243,-0.284808,0.036271,-0.329015,0.004604,-0.290175,0.10165,0.179013,-0.150714,-0.032025,0.118951,0.319126,-0.011127,-0.299284,0.208273,0.140717,-0.172904,0.263434,-0.24304,0.008986,0.068573,-0.189606
1130,"Nagai, Anzu",staff_16463,0.106705,-0.10085,0.01065,-0.227248,0.048774,0.137368,0.163627,-0.176507,0.195466,0.089462,-0.041811,0.071821,0.13551,-0.042035,-0.034022,-0.331929,0.205339,-0.012271,0.099564,-0.004815,0.192832,-0.009536,-0.15309,-0.212637,0.112645,0.2605,-0.486515,0.178254,-0.225502,0.214927,-0.38791,0.071816,0.25213,-0.370306,0.377811,-0.205381,0.075799,0.080799,-0.184884,0.099342,0.171609,0.044386,0.30243,-0.284808,0.036271,-0.329015,0.004604,-0.290175,0.10165,0.179013,-0.150714,-0.032025,0.118951,0.319126,-0.011127,-0.299284,0.208273,0.140717,-0.172904,0.263434,-0.24304,0.008986,0.068573,-0.189606
1131,"Yamane, Aya",staff_50037,0.106705,-0.10085,0.01065,-0.227248,0.048774,0.137368,0.163627,-0.176507,0.195466,0.089462,-0.041811,0.071821,0.13551,-0.042035,-0.034022,-0.331929,0.205339,-0.012271,0.099564,-0.004815,0.192832,-0.009536,-0.15309,-0.212637,0.112645,0.2605,-0.486515,0.178254,-0.225502,0.214927,-0.38791,0.071816,0.25213,-0.370306,0.377811,-0.205381,0.075799,0.080799,-0.184884,0.099342,0.171609,0.044386,0.30243,-0.284808,0.036271,-0.329015,0.004604,-0.290175,0.10165,0.179013,-0.150714,-0.032025,0.118951,0.319126,-0.011127,-0.299284,0.208273,0.140717,-0.172904,0.263434,-0.24304,0.008986,0.068573,-0.189606
1132,"Nakai, Kazuya",staff_123,0.10677,-0.087092,0.056322,-0.238654,0.015714,0.176608,0.16959,-0.167047,0.222999,0.096031,-0.098916,0.077605,0.126424,-0.009782,-0.011185,-0.340137,0.221267,0.020203,0.103952,0.001444,0.207034,0.00823,-0.176913,-0.177454,0.136066,0.253221,-0.481333,0.172676,-0.216757,0.228748,-0.391848,0.055258,0.25179,-0.350014,0.396216,-0.182819,0.082603,0.062761,-0.161746,0.10296,0.148335,0.06513,0.330592,-0.264534,0.017597,-0.318854,0.008196,-0.297523,0.087975,0.223286,-0.140219,-0.023059,0.156247,0.286505,-0.000435,-0.31929,0.225478,0.16657,-0.172183,0.233926,-0.207819,-0.006781,0.062393,-0.181587
1133,"Urawa, Megumi",staff_6663,0.106705,-0.10085,0.01065,-0.227248,0.048774,0.137368,0.163627,-0.176507,0.195466,0.089462,-0.041811,0.071821,0.13551,-0.042035,-0.034022,-0.331929,0.205339,-0.012271,0.099564,-0.004815,0.192832,-0.009536,-0.15309,-0.212637,0.112645,0.2605,-0.486515,0.178254,-0.225502,0.214927,-0.38791,0.071816,0.25213,-0.370306,0.377811,-0.205381,0.075799,0.080799,-0.184884,0.099342,0.171609,0.044386,0.30243,-0.284808,0.036271,-0.329015,0.004604,-0.290175,0.10165,0.179013,-0.150714,-0.032025,0.118951,0.319126,-0.011127,-0.299284,0.208273,0.140717,-0.172904,0.263434,-0.24304,0.008986,0.068573,-0.189606
1134,"Hirata, Hiroaki",staff_125,0.063627,-0.074179,0.104003,-0.220597,-0.036645,0.161856,0.19704,-0.094783,0.259429,0.074879,-0.16492,0.06461,0.161919,0.063896,-0.01446,-0.381589,0.282053,0.087638,0.133239,-0.015195,0.229276,0.003954,-0.229589,-0.107598,0.123764,0.26107,-0.504329,0.129929,-0.170537,0.176772,-0.388274,0.046604,0.22915,-0.336107,0.419858,-0.192423,0.044831,0.010902,-0.180576,0.128207,0.081123,0.096626,0.407966,-0.228084,-0.056862,-0.269683,0.051763,-0.340969,0.070138,0.302698,-0.11346,-0.001455,0.212886,0.23187,0.03189,-0.388502,0.293972,0.140216,-0.133063,0.239809,-0.204071,-0.051186,0.101906,-0.182842
1135,"Ootani, Ikue",staff_128,0.109204,-0.077619,0.101672,-0.308774,-0.05007,0.267417,0.108536,-0.141955,0.274907,0.103543,-0.219904,0.139122,0.083325,0.027161,0.043861,-0.33363,0.2277,0.094125,0.098316,-0.016772,0.188471,0.078779,-0.22707,-0.186142,0.201728,0.253488,-0.523087,0.194239,-0.235349,0.308786,-0.411718,0.044193,0.240348,-0.227847,0.397753,-0.12534,0.075951,0.026223,-0.115001,0.115851,0.179167,0.113832,0.372068,-0.256809,-0.001913,-0.335938,-0.033705,-0.270842,-0.002886,0.307197,-0.103889,-0.034061,0.178316,0.209845,0.045341,-0.328537,0.255793,0.247378,-0.165088,0.155348,-0.12081,0.030827,0.019149,-0.169559
1136,"Ikura, Kazue",staff_420,0.044526,-0.082052,0.05871,-0.201454,-0.006382,0.120723,0.195572,-0.102538,0.246323,0.063726,-0.117224,0.060961,0.184345,0.033588,-0.052217,-0.366317,0.278909,0.059647,0.137378,-0.020564,0.22704,-0.015851,-0.201709,-0.135554,0.095962,0.264687,-0.495365,0.131896,-0.185128,0.156605,-0.389208,0.065867,0.221801,-0.359844,0.392468,-0.217174,0.04003,0.024295,-0.204704,0.124051,0.103463,0.079507,0.384269,-0.238643,-0.055809,-0.283328,0.058089,-0.346876,0.079941,0.266259,-0.109048,-0.000553,0.180448,0.251808,0.013938,-0.367878,0.288091,0.109253,-0.127288,0.272083,-0.248323,-0.045215,0.117099,-0.192703
1137,"Mikami, Shiori",staff_11236,0.046262,-0.0741,0.045761,-0.230586,0.018977,0.171742,0.206322,-0.143919,0.241025,0.093738,-0.122124,0.069531,0.151278,-0.007276,-0.020006,-0.328675,0.264918,0.029244,0.121312,0.003987,0.24474,-0.001686,-0.177479,-0.148235,0.114124,0.263488,-0.460806,0.14071,-0.202635,0.206531,-0.413971,0.05804,0.258403,-0.364572,0.391113,-0.218275,0.067401,0.030803,-0.171358,0.105286,0.131167,0.070766,0.37367,-0.26041,-0.032469,-0.321946,0.047264,-0.314752,0.087158,0.246673,-0.096765,-0.005252,0.173737,0.270728,-0.011336,-0.332005,0.259142,0.127388,-0.147066,0.252818,-0.238725,-0.041443,0.111522,-0.182043
1138,"Kamiya, Hiroshi",staff_118,0.070768,-0.096344,0.027732,-0.258397,0.025139,0.204434,0.191428,-0.144253,0.206895,0.091658,-0.129028,0.06586,0.145625,-0.00288,0.009419,-0.321204,0.252071,0.029705,0.117426,-0.009268,0.234664,0.001938,-0.209076,-0.138048,0.138861,0.297224,-0.483665,0.14647,-0.205117,0.234709,-0.419281,0.044559,0.284131,-0.328466,0.407159,-0.204626,0.066728,0.012328,-0.140938,0.08426,0.140483,0.041835,0.382257,-0.274931,-0.011085,-0.339969,0.018275,-0.279471,0.078483,0.270232,-0.104881,-0.012448,0.170947,0.280723,-0.004813,-0.337926,0.256541,0.108454,-0.185962,0.231223,-0.224264,-0.0326,0.085008,-0.205513
1140,"Yamada, Naoko",staff_7498,-0.179956,-0.393483,-0.357572,-0.023693,0.397168,-0.024455,0.487454,-0.297296,0.300577,-0.220805,0.670984,1.162967,0.668617,-0.086841,-0.995113,-0.575966,0.080112,0.762017,-0.145724,0.049472,0.369082,0.268453,0.103401,0.311606,0.438504,-0.200866,0.137107,0.322033,0.272321,-0.445454,0.319786,-0.492434,0.228296,0.258063,-0.259069,0.51884,-0.311277,-0.286639,-0.04272,0.222869,-1.224319,-0.106313,-0.210804,-0.121187,-0.072846,-0.25316,-0.048914,-0.793574,0.57985,-0.763753,0.504871,-0.184513,-0.306446,-0.370796,-0.687296,-0.539703,-0.138488,-0.001599,-0.493002,0.252153,-0.143584,0.444753,-0.140031,-0.211294
1141,"Irino, Miyu",staff_88,0.074253,-0.10014,0.047062,-0.283952,0.02106,0.228823,0.18986,-0.163402,0.248079,0.114337,-0.137431,0.088383,0.121037,-0.019093,0.020741,-0.322644,0.265231,0.028096,0.125625,0.000807,0.243236,0.020674,-0.214094,-0.170047,0.146836,0.27444,-0.468544,0.146178,-0.218659,0.256721,-0.436802,0.041507,0.279264,-0.336065,0.384954,-0.196069,0.080452,0.026225,-0.135418,0.110282,0.151374,0.053002,0.355165,-0.266362,-0.004999,-0.3491,0.02249,-0.291361,0.071311,0.263116,-0.089982,-0.021348,0.184674,0.29382,-0.005733,-0.328294,0.220279,0.150187,-0.194689,0.238418,-0.219435,-0.044815,0.07967,-0.193396
1142,"Matsuoka, Mayu",staff_42072,0.098576,-0.111968,0.016564,-0.236903,0.042225,0.151882,0.17017,-0.180694,0.204038,0.099185,-0.048968,0.076791,0.127657,-0.054848,-0.02689,-0.339455,0.201331,-0.007404,0.109093,-0.002484,0.202322,-0.003365,-0.162576,-0.201777,0.125505,0.263165,-0.48293,0.171135,-0.224254,0.21932,-0.385274,0.070873,0.248307,-0.385358,0.37336,-0.211378,0.080779,0.078727,-0.181867,0.109212,0.176619,0.044462,0.304459,-0.288218,0.039207,-0.3326,0.016838,-0.294553,0.108067,0.171188,-0.144633,-0.036071,0.111634,0.313568,-0.015791,-0.297566,0.201634,0.14752,-0.165177,0.257106,-0.242932,0.007589,0.070316,-0.193748
1143,"Hayami, Saori",staff_869,0.069059,-0.094258,0.027944,-0.2618,0.032172,0.201664,0.195526,-0.15754,0.221044,0.099671,-0.11848,0.073659,0.136103,-0.020323,0.005588,-0.319075,0.252103,0.02012,0.117478,0.000304,0.235046,0.001155,-0.19425,-0.159237,0.13106,0.280689,-0.468237,0.14853,-0.214119,0.238754,-0.425151,0.049618,0.281225,-0.343453,0.39204,-0.205664,0.073711,0.026659,-0.149802,0.093933,0.144137,0.046108,0.362627,-0.276891,-0.008197,-0.34766,0.025345,-0.286016,0.08463,0.25144,-0.102947,-0.017769,0.169236,0.292923,-0.012138,-0.326944,0.236053,0.122435,-0.184499,0.243602,-0.228907,-0.037651,0.088485,-0.195418
1147,"Ishizuka, Atsuko",staff_10579,-0.233465,-0.302511,-0.382303,-0.00197,0.320008,-0.061304,0.495177,-0.311623,0.308804,-0.116547,0.700159,1.099792,0.753583,-0.09832,-0.860091,-0.520172,-0.05253,0.897699,-0.213665,0.169932,0.458789,0.338888,0.045784,0.340625,0.374534,-0.32163,0.138614,0.252059,0.312126,-0.305585,0.370916,-0.53189,0.266506,0.271668,-0.328005,0.584675,-0.213422,-0.24988,-0.100869,0.199744,-1.244123,-0.138124,-0.342426,-0.008797,-0.074732,-0.227868,-0.074462,-0.790985,0.674883,-0.733451,0.475791,-0.067984,-0.277394,-0.438625,-0.494085,-0.410708,-0.271692,0.025343,-0.499942,0.213398,0.003361,0.395468,-0.026249,-0.07804
1148,"Hikasa, Youko",staff_7263,0.061308,-0.097138,0.03135,-0.277404,0.031555,0.230165,0.194474,-0.156861,0.22447,0.097071,-0.144444,0.082897,0.133764,-0.014219,0.02075,-0.301235,0.259289,0.03116,0.121507,-0.000993,0.23363,-0.000956,-0.204807,-0.149227,0.137459,0.281791,-0.466318,0.154101,-0.21709,0.267514,-0.43841,0.053239,0.291474,-0.307356,0.400055,-0.195034,0.072852,0.012206,-0.143461,0.091417,0.137188,0.045139,0.386751,-0.280259,-0.015282,-0.36324,0.022528,-0.282481,0.073242,0.29193,-0.088116,-0.011696,0.182827,0.282159,-0.013414,-0.334229,0.251508,0.121055,-0.192747,0.235122,-0.223727,-0.048605,0.086071,-0.194457
1149,"Kayano, Ai",staff_10765,0.043894,-0.08796,0.034457,-0.303123,0.018835,0.265505,0.211392,-0.175243,0.240328,0.107937,-0.151156,0.083603,0.145948,-0.01199,0.039946,-0.28077,0.269269,0.027233,0.123206,0.013825,0.281233,0.003245,-0.206247,-0.141265,0.16202,0.298871,-0.446797,0.143037,-0.225602,0.291932,-0.454767,0.044566,0.292721,-0.300117,0.40257,-0.203342,0.090227,0.003574,-0.100419,0.073834,0.150923,0.043953,0.388081,-0.282383,-0.027517,-0.383351,0.019014,-0.27017,0.078666,0.304823,-0.070333,0.027795,0.200845,0.281761,-0.028875,-0.326023,0.265951,0.132694,-0.209903,0.230524,-0.224361,-0.071154,0.107155,-0.204299
1152,"Taniguchi, Gorou",staff_3066,-0.227334,-0.393422,-0.324475,0.029396,0.340996,-0.0431,0.531749,-0.290453,0.295825,-0.165037,0.666454,1.110886,0.729937,-0.137114,-0.936366,-0.506851,0.065826,0.847427,-0.152571,0.083983,0.376157,0.329211,0.049142,0.313424,0.42242,-0.284783,0.119265,0.308487,0.26545,-0.395318,0.388812,-0.444636,0.318729,0.224515,-0.274706,0.516803,-0.278361,-0.305046,-0.070303,0.23136,-1.277499,-0.170877,-0.23605,-0.104257,-0.116585,-0.270584,0.026836,-0.733038,0.567208,-0.743293,0.576599,-0.071537,-0.323009,-0.443514,-0.575306,-0.462848,-0.193745,-0.004446,-0.606587,0.223758,-0.10073,0.377231,-0.027722,-0.150827
1153,Yukana,staff_140,0.078924,-0.100754,0.060397,-0.297258,-0.008125,0.237238,0.183578,-0.178447,0.252663,0.120945,-0.127491,0.09933,0.130607,-0.003899,0.027628,-0.338586,0.243238,0.037393,0.118931,0.023852,0.245133,0.018429,-0.210204,-0.171833,0.179982,0.281582,-0.459824,0.165044,-0.229031,0.274493,-0.426637,0.048279,0.258003,-0.333806,0.377534,-0.188903,0.108339,0.01866,-0.120727,0.102833,0.172163,0.048531,0.342215,-0.284999,-0.005462,-0.363904,0.022697,-0.284884,0.090317,0.246548,-0.099736,0.010326,0.171988,0.275839,-0.017518,-0.310589,0.222094,0.176375,-0.192805,0.219492,-0.19957,-0.052925,0.079929,-0.19734
1154,"Sakurai, Takahiro",staff_79,0.079293,-0.094499,0.063115,-0.282536,0.004897,0.225079,0.172106,-0.150326,0.256386,0.12925,-0.148573,0.099683,0.102933,-0.011197,0.016616,-0.337168,0.262714,0.043876,0.116608,0.004553,0.230014,0.037851,-0.211787,-0.180177,0.151817,0.26639,-0.46835,0.156305,-0.214126,0.253821,-0.429764,0.035076,0.271654,-0.348339,0.381092,-0.18696,0.079467,0.023572,-0.139579,0.122205,0.161295,0.06402,0.35255,-0.265583,-0.007455,-0.335456,0.025878,-0.294767,0.064768,0.250543,-0.096158,-0.034397,0.175265,0.277289,0.005544,-0.326694,0.20715,0.167741,-0.177378,0.223563,-0.203312,-0.027755,0.060422,-0.174543
1155,"Fukuyama, Jun",staff_86,0.071945,-0.09887,0.034918,-0.262952,0.027193,0.209607,0.183864,-0.162086,0.219994,0.103223,-0.118087,0.082501,0.135689,-0.012919,0.003866,-0.315558,0.246262,0.023476,0.114777,0.005058,0.226452,-0.001145,-0.193873,-0.160862,0.14203,0.278593,-0.46197,0.16698,-0.218716,0.253127,-0.421917,0.053605,0.27825,-0.336722,0.393096,-0.194794,0.083771,0.021811,-0.147396,0.096374,0.151697,0.042874,0.362759,-0.282326,-0.005022,-0.351336,0.024259,-0.289808,0.088055,0.258521,-0.104597,-0.009331,0.163659,0.283359,-0.016026,-0.321218,0.235541,0.128716,-0.186567,0.235011,-0.22722,-0.03889,0.07637,-0.191201
1156,"Ohara, Sayaka",staff_92,0.077836,-0.092604,0.075602,-0.274955,-0.006017,0.229536,0.19208,-0.164125,0.246056,0.112176,-0.137757,0.087666,0.129624,0.006982,0.024902,-0.33746,0.247951,0.04215,0.118372,0.018335,0.240202,0.013091,-0.20815,-0.147715,0.161584,0.268943,-0.467143,0.159219,-0.210561,0.261722,-0.416074,0.048789,0.262884,-0.333603,0.402542,-0.189827,0.095775,0.022398,-0.13778,0.108186,0.142749,0.062384,0.368998,-0.271698,-0.005958,-0.338069,0.031145,-0.30076,0.09137,0.269491,-0.104355,0.005223,0.184239,0.267719,-0.009769,-0.329884,0.244184,0.16861,-0.177913,0.221899,-0.200086,-0.051077,0.084,-0.186372
1157,"Koshimizu, Ami",staff_70,0.074256,-0.11506,0.068204,-0.313933,-0.008474,0.27356,0.182117,-0.198191,0.262328,0.146228,-0.129027,0.107673,0.127677,-0.012277,0.039065,-0.320961,0.248464,0.026568,0.123204,0.03361,0.271729,0.03027,-0.217399,-0.172054,0.196015,0.283092,-0.443908,0.168474,-0.237157,0.309186,-0.431664,0.049707,0.261357,-0.335254,0.368878,-0.189259,0.136038,0.013839,-0.096763,0.108317,0.187434,0.035815,0.341322,-0.283053,0.004923,-0.374398,0.026947,-0.290545,0.090566,0.259596,-0.085549,0.031128,0.173016,0.276077,-0.037774,-0.300046,0.212351,0.188096,-0.209926,0.208413,-0.207763,-0.067987,0.079277,-0.201044
1158,"Watanabe, Masaharu",staff_8127,-0.23165,-0.29598,-0.374206,0.015148,0.307082,-0.070527,0.491583,-0.307825,0.310808,-0.102341,0.690376,1.104376,0.756076,-0.10088,-0.852025,-0.505158,-0.071335,0.915925,-0.220721,0.177358,0.461324,0.348063,0.045924,0.336371,0.372949,-0.334128,0.136249,0.25158,0.313865,-0.285785,0.372655,-0.525185,0.268835,0.268778,-0.329183,0.583517,-0.213766,-0.249944,-0.109963,0.191878,-1.237662,-0.137856,-0.345326,-0.008171,-0.074046,-0.227634,-0.07876,-0.779207,0.683281,-0.725218,0.477223,-0.059815,-0.278878,-0.446694,-0.477055,-0.387234,-0.275353,0.028111,-0.50952,0.218368,0.015027,0.384017,-0.009377,-0.07159
1159,"Takahashi, Rie",staff_34785,0.06236,-0.081264,0.040705,-0.270301,0.018086,0.246961,0.202813,-0.179336,0.232395,0.100849,-0.140303,0.07446,0.15653,0.003907,0.01694,-0.287471,0.258411,0.018167,0.116625,0.01527,0.266797,0.004066,-0.197203,-0.136563,0.156918,0.288414,-0.452635,0.154247,-0.228589,0.27737,-0.435009,0.050639,0.283061,-0.30862,0.40653,-0.192662,0.104765,0.009191,-0.108848,0.067772,0.149284,0.041472,0.382394,-0.269595,-0.016599,-0.366029,0.014777,-0.281771,0.081354,0.294798,-0.083547,0.033281,0.191971,0.273964,-0.032229,-0.325084,0.273535,0.13705,-0.207959,0.219121,-0.216586,-0.05996,0.102441,-0.210788
1160,"Kobayashi, Yuusuke",staff_26705,0.066844,-0.096996,0.016272,-0.253473,0.039769,0.19895,0.194769,-0.172356,0.209155,0.091464,-0.102994,0.072981,0.153891,-0.022303,-0.003082,-0.304384,0.237608,0.007014,0.117193,5.3e-05,0.236184,-0.01387,-0.183751,-0.157161,0.135515,0.286742,-0.463887,0.160024,-0.221808,0.247764,-0.417936,0.066367,0.275082,-0.329549,0.39162,-0.206424,0.083243,0.028747,-0.146455,0.084342,0.147253,0.036272,0.360626,-0.286673,-0.005451,-0.357732,0.018855,-0.282074,0.089312,0.253177,-0.105261,0.004839,0.158041,0.2927,-0.026126,-0.316611,0.249752,0.115601,-0.189263,0.242316,-0.240771,-0.03909,0.094946,-0.206413
1164,"Ishiguro, Kyouhei",staff_30359,-0.10437,-0.426422,-0.313473,0.011573,0.387531,-0.050387,0.533822,-0.343684,0.276654,-0.153836,0.602397,1.14017,0.592402,-0.100247,-0.993368,-0.580495,-0.042505,0.823985,-0.109011,0.074535,0.413678,0.326443,0.112019,0.346977,0.416563,-0.192394,0.051019,0.423821,0.251366,-0.356001,0.339345,-0.461376,0.282776,0.306237,-0.256829,0.488277,-0.28988,-0.257639,-0.02834,0.166111,-1.159416,-0.096833,-0.255883,-0.077784,-0.040662,-0.206254,-0.071036,-0.730531,0.701182,-0.747194,0.466235,-0.17503,-0.210549,-0.399565,-0.6045,-0.464915,-0.163268,-0.040024,-0.537093,0.247322,-0.080207,0.457494,-0.078599,-0.170214
1165,"Taneda, Risa",staff_16135,0.051178,-0.107994,0.014357,-0.294374,0.027679,0.246668,0.214899,-0.184347,0.208438,0.088033,-0.120004,0.069171,0.16129,-0.024242,0.035734,-0.289817,0.234844,0.017002,0.125173,0.008936,0.267944,-0.015434,-0.205909,-0.13085,0.163306,0.312542,-0.467285,0.141733,-0.22645,0.284765,-0.432943,0.059553,0.283972,-0.296306,0.404775,-0.215043,0.088932,0.015041,-0.113888,0.062025,0.1503,0.027644,0.382832,-0.299021,-0.007233,-0.391819,0.014486,-0.260242,0.097498,0.284491,-0.089517,0.03015,0.17538,0.288852,-0.038665,-0.319805,0.272652,0.114612,-0.209376,0.233856,-0.229144,-0.061428,0.114103,-0.226335
1166,"Oosaka, Ryouta",staff_15743,0.051197,-0.073688,0.057356,-0.258893,0.007805,0.190952,0.209051,-0.113223,0.231184,0.09107,-0.156206,0.067971,0.135166,0.013383,0.016786,-0.342579,0.281152,0.063682,0.122425,-2.8e-05,0.233083,-0.005792,-0.203011,-0.121046,0.120708,0.279153,-0.465962,0.135483,-0.18059,0.211737,-0.43156,0.03026,0.288329,-0.34899,0.41754,-0.208299,0.042154,0.004791,-0.164521,0.097618,0.113129,0.07024,0.405102,-0.266605,-0.045016,-0.321874,0.046694,-0.298144,0.088357,0.281902,-0.102138,-0.032021,0.202836,0.267049,0.013551,-0.358005,0.263277,0.112188,-0.153135,0.246211,-0.217336,-0.050335,0.089346,-0.168519
1168,"Nagai, Tatsuyuki",staff_8539,-0.191468,-0.379124,-0.35592,-0.008402,0.35126,-0.0328,0.524421,-0.305155,0.290614,-0.155181,0.657339,1.119572,0.708139,-0.091501,-0.975722,-0.542635,0.010185,0.831519,-0.158482,0.107925,0.417068,0.314179,0.069212,0.331457,0.419595,-0.238093,0.10303,0.292939,0.24197,-0.385941,0.375123,-0.464764,0.287992,0.261842,-0.301402,0.516351,-0.287564,-0.263588,-0.051747,0.197302,-1.258681,-0.09675,-0.239887,-0.075379,-0.115372,-0.248999,-0.068577,-0.76637,0.607632,-0.740548,0.48159,-0.097454,-0.297652,-0.42313,-0.57897,-0.465775,-0.184551,0.010101,-0.517194,0.229813,-0.070547,0.38295,-0.084469,-0.128416
1169,"Kitamura, Eri",staff_413,0.096782,-0.119609,0.053168,-0.286467,0.016085,0.231439,0.162733,-0.149631,0.215498,0.111947,-0.144778,0.099677,0.114156,-0.002664,0.033407,-0.336324,0.24223,0.044279,0.119127,-0.01038,0.201973,0.010861,-0.227101,-0.158903,0.161209,0.281678,-0.484138,0.181234,-0.207467,0.273056,-0.420176,0.053033,0.284645,-0.30451,0.397002,-0.172941,0.078095,0.008953,-0.145443,0.118388,0.144523,0.040455,0.373728,-0.288175,0.005163,-0.343858,0.013601,-0.28342,0.067503,0.283853,-0.112833,-0.029841,0.166925,0.276386,0.005516,-0.332697,0.220186,0.14112,-0.192483,0.214366,-0.20895,-0.03388,0.043558,-0.187434
1170,"Nojima, Hirofumi",staff_341,0.012623,-0.16545,-0.075229,-0.343563,0.112095,0.31184,0.278358,-0.238272,0.112767,0.073495,-0.086927,0.042002,0.177528,-0.115903,0.11355,-0.214528,0.175296,-0.041452,0.147262,-0.009131,0.309595,-0.056566,-0.224389,-0.084258,0.190669,0.40099,-0.490227,0.110138,-0.211963,0.352592,-0.461127,0.092315,0.349456,-0.228253,0.448732,-0.297769,0.072778,0.009729,-0.083304,0.021169,0.160681,-0.031584,0.440604,-0.386448,0.042367,-0.47024,-0.004242,-0.183815,0.125496,0.30357,-0.056914,0.06024,0.139713,0.342667,-0.094335,-0.286537,0.303573,0.033708,-0.237975,0.243329,-0.291019,-0.073858,0.168157,-0.291558
1171,"Horie, Yui",staff_28,0.057422,-0.09282,0.015746,-0.279194,0.037675,0.224875,0.210595,-0.167034,0.208305,0.097088,-0.124649,0.068118,0.146778,-0.023311,0.029096,-0.300003,0.248215,0.017692,0.120418,0.001325,0.256708,-0.002045,-0.200709,-0.142478,0.150425,0.310206,-0.467752,0.140436,-0.210282,0.254596,-0.441302,0.044365,0.296657,-0.322519,0.408551,-0.221513,0.071253,0.015399,-0.123361,0.07187,0.15459,0.037261,0.380381,-0.291914,-0.009721,-0.367276,0.013943,-0.262509,0.088469,0.262782,-0.089503,0.001308,0.175633,0.296149,-0.021196,-0.319494,0.254305,0.111539,-0.193512,0.237417,-0.233129,-0.044794,0.101002,-0.209883
1172,"Majima, Junji",staff_820,0.050661,-0.095206,0.014182,-0.290545,0.035127,0.247394,0.222434,-0.183525,0.205853,0.084786,-0.126109,0.066157,0.169663,-0.013444,0.039041,-0.280402,0.245026,0.014002,0.125396,0.004699,0.273886,-0.021173,-0.205677,-0.125561,0.165152,0.320887,-0.460876,0.144403,-0.219556,0.27933,-0.44518,0.055638,0.295297,-0.288515,0.417445,-0.21521,0.084015,0.007318,-0.103398,0.055975,0.143853,0.028374,0.390728,-0.298666,-0.016296,-0.387628,0.007587,-0.256308,0.094437,0.296351,-0.083734,0.039153,0.189923,0.293657,-0.035792,-0.32121,0.281365,0.106539,-0.215188,0.236171,-0.236157,-0.070068,0.116906,-0.226993
1174,"Tamura, Koutarou",staff_25893,-0.145496,-0.398879,-0.316661,0.023353,0.379997,-0.073224,0.536907,-0.367263,0.30128,-0.165129,0.595442,1.080171,0.639339,-0.117362,-0.967658,-0.572461,-0.011433,0.852263,-0.142053,0.111483,0.395187,0.359027,0.100552,0.341064,0.408641,-0.174129,0.109844,0.35646,0.294047,-0.375158,0.374371,-0.469058,0.298545,0.291782,-0.249408,0.490076,-0.278116,-0.277257,-0.073929,0.174209,-1.218557,-0.062109,-0.216474,-0.11997,-0.105154,-0.242368,-0.011571,-0.734089,0.660818,-0.745991,0.462766,-0.101939,-0.244545,-0.430181,-0.605887,-0.423572,-0.168167,-0.022271,-0.537198,0.258165,-0.064965,0.426267,-0.090112,-0.116706
1175,"Uchida, Maaya",staff_13639,0.075172,-0.098675,0.011122,-0.247863,0.053971,0.195305,0.192288,-0.176862,0.21046,0.094428,-0.100166,0.070813,0.141066,-0.03193,-0.011468,-0.305245,0.240069,-0.002081,0.118242,-0.002872,0.226611,-0.00141,-0.182744,-0.169666,0.127254,0.280483,-0.470665,0.156401,-0.22488,0.24017,-0.422871,0.057729,0.284527,-0.346773,0.388437,-0.208767,0.079544,0.038375,-0.153165,0.086913,0.162252,0.038093,0.348081,-0.278477,0.00998,-0.354632,0.013864,-0.284669,0.087256,0.235645,-0.100441,-0.019245,0.153148,0.304549,-0.022048,-0.310532,0.235569,0.119178,-0.188889,0.24671,-0.238819,-0.022368,0.088471,-0.202456
1176,"Tachikawa, Yuzuru",staff_18371,-0.142918,-0.409645,-0.362504,-0.032154,0.380458,-0.064555,0.538841,-0.308719,0.301029,-0.150619,0.652528,1.124302,0.664414,-0.122925,-0.946006,-0.541328,0.023376,0.819284,-0.12997,0.101925,0.392494,0.320933,0.097673,0.332179,0.405578,-0.241823,0.121586,0.352768,0.278064,-0.405653,0.362664,-0.485677,0.305485,0.302563,-0.281544,0.530098,-0.251148,-0.280778,-0.033867,0.202831,-1.229827,-0.118964,-0.253869,-0.074017,-0.092582,-0.249134,-0.041611,-0.752009,0.65057,-0.739675,0.507041,-0.131441,-0.257194,-0.426223,-0.611692,-0.455598,-0.197512,-0.03754,-0.547956,0.22234,-0.078506,0.449717,-0.070777,-0.15481
1177,"Ootsuka, Akio",staff_146,0.028218,-0.085748,0.074682,-0.237861,-0.037889,0.15603,0.195054,-0.082749,0.261053,0.069141,-0.158556,0.061069,0.15925,0.031591,-0.02476,-0.372719,0.284163,0.097715,0.134656,-0.013313,0.241608,0.005308,-0.220264,-0.114118,0.109281,0.267534,-0.501057,0.108119,-0.185048,0.176217,-0.392996,0.03855,0.223796,-0.35263,0.397317,-0.212398,0.026252,0.016445,-0.189609,0.114072,0.105403,0.094405,0.404614,-0.232441,-0.067031,-0.297201,0.063961,-0.332815,0.075621,0.28452,-0.105356,-0.019913,0.195045,0.22611,0.025298,-0.383546,0.292166,0.120282,-0.121888,0.255273,-0.212431,-0.038687,0.109746,-0.179648
1178,"Itou, Setsuo",staff_27243,0.100528,-0.085811,0.04849,-0.255459,0.024562,0.179002,0.153885,-0.166687,0.233291,0.08364,-0.101333,0.086084,0.12367,-0.024423,-0.020159,-0.311835,0.229081,0.030422,0.113153,-0.020075,0.210491,0.004422,-0.179452,-0.196484,0.146181,0.262945,-0.476017,0.177511,-0.228839,0.229566,-0.409425,0.038711,0.250453,-0.340763,0.403178,-0.172333,0.055499,0.078984,-0.145707,0.100362,0.167386,0.0763,0.313639,-0.260316,0.015705,-0.329045,-0.017065,-0.291249,0.076326,0.232365,-0.132538,-0.035437,0.162932,0.296772,0.013323,-0.317511,0.222106,0.171099,-0.184755,0.251792,-0.225017,0.005652,0.038901,-0.179661
1180,"Mitsushima, Shinnosuke",staff_39726,-0.023128,-0.037618,0.081623,-0.160328,-0.011073,0.066241,0.256391,-0.002365,0.256027,0.008858,-0.183801,0.044129,0.184967,0.091592,-0.064621,-0.425066,0.349123,0.136666,0.160241,-0.004012,0.161466,-0.07748,-0.219812,-0.046927,0.037977,0.246051,-0.481945,0.113073,-0.128769,0.068474,-0.422185,0.051574,0.265436,-0.410009,0.455228,-0.233684,-0.037938,-0.055683,-0.313181,0.143814,0.022228,0.117005,0.495734,-0.243695,-0.131939,-0.244369,0.15909,-0.40227,0.130157,0.318951,-0.070601,-0.067197,0.227973,0.20082,0.060835,-0.441417,0.362064,0.035157,-0.042526,0.31105,-0.230424,-0.093055,0.152803,-0.150262
1181,"Tsuchiya, Tao",staff_39725,-0.023128,-0.037618,0.081623,-0.160328,-0.011073,0.066241,0.256391,-0.002365,0.256027,0.008858,-0.183801,0.044129,0.184967,0.091592,-0.064621,-0.425066,0.349123,0.136666,0.160241,-0.004012,0.161466,-0.07748,-0.219812,-0.046927,0.037977,0.246051,-0.481945,0.113073,-0.128769,0.068474,-0.422185,0.051574,0.265436,-0.410009,0.455228,-0.233684,-0.037938,-0.055683,-0.313181,0.143814,0.022228,0.117005,0.495734,-0.243695,-0.131939,-0.244369,0.15909,-0.40227,0.130157,0.318951,-0.070601,-0.067197,0.227973,0.20082,0.060835,-0.441417,0.362064,0.035157,-0.042526,0.31105,-0.230424,-0.093055,0.152803,-0.150262
1182,"Yuuki, Aoi",staff_6686,0.075053,-0.098154,0.039051,-0.278824,0.02441,0.237774,0.192741,-0.182089,0.230942,0.103062,-0.127476,0.084152,0.138377,-0.01518,0.020208,-0.304313,0.246346,0.01846,0.119928,0.012865,0.241966,0.003282,-0.19974,-0.155364,0.153973,0.277909,-0.46016,0.16139,-0.230398,0.278476,-0.430924,0.055969,0.280469,-0.317836,0.394138,-0.190246,0.100074,0.023239,-0.129503,0.08537,0.154338,0.039128,0.363918,-0.277696,0.002453,-0.36779,0.017349,-0.2846,0.086147,0.273241,-0.094228,0.004329,0.177818,0.286139,-0.026252,-0.319769,0.244737,0.146301,-0.203944,0.226786,-0.215458,-0.050429,0.085917,-0.204718
1183,"Hayashi, Yuuichirou",staff_20016,-0.122962,-0.411629,-0.305217,0.023923,0.378079,-0.049568,0.519418,-0.332743,0.279476,-0.163828,0.600576,1.133392,0.61566,-0.106964,-0.995583,-0.566793,-0.030968,0.832933,-0.121855,0.071014,0.405668,0.331466,0.108019,0.33865,0.425324,-0.195166,0.066018,0.403058,0.252218,-0.353136,0.34708,-0.45359,0.274418,0.284127,-0.260018,0.486936,-0.303325,-0.268565,-0.040696,0.172409,-1.175403,-0.094708,-0.238692,-0.095319,-0.056358,-0.213215,-0.05478,-0.722859,0.672532,-0.742973,0.48285,-0.159101,-0.243496,-0.410669,-0.608102,-0.458124,-0.149577,-0.020519,-0.548572,0.256717,-0.081395,0.432482,-0.073401,-0.16224
1184,"Kobayashi, Tomoki",staff_14703,-0.179803,-0.362444,-0.334046,0.004645,0.340513,-0.075641,0.516119,-0.311709,0.305339,-0.134365,0.645534,1.113297,0.687883,-0.100889,-0.923945,-0.525823,-0.040626,0.878887,-0.174457,0.122164,0.422178,0.347386,0.074359,0.329779,0.400986,-0.260481,0.109743,0.322271,0.277567,-0.329513,0.357736,-0.488573,0.275802,0.285194,-0.296484,0.543184,-0.248885,-0.269881,-0.077734,0.191971,-1.212707,-0.12053,-0.285803,-0.060188,-0.073708,-0.221704,-0.058714,-0.731547,0.678775,-0.722154,0.488791,-0.105412,-0.267664,-0.440588,-0.548887,-0.406685,-0.207979,-0.001736,-0.539616,0.23957,-0.037336,0.414211,-0.036665,-0.11029
1185,"Asakawa, Yuu",staff_119,0.105041,-0.075211,0.081731,-0.273861,-0.002518,0.217732,0.141557,-0.109472,0.235905,0.108778,-0.184672,0.105442,0.077862,0.018545,0.032558,-0.345788,0.267666,0.065618,0.09007,-0.010071,0.178941,0.033779,-0.200285,-0.163576,0.131106,0.234853,-0.48213,0.184988,-0.200745,0.25494,-0.415884,0.031246,0.29264,-0.309575,0.404879,-0.1438,0.063311,0.014075,-0.162822,0.126314,0.119768,0.092664,0.384017,-0.256828,-0.014489,-0.307557,0.015625,-0.295255,0.038147,0.298398,-0.126326,-0.073715,0.18809,0.250453,0.044475,-0.351003,0.225775,0.166126,-0.166149,0.202958,-0.167707,-0.008669,0.024994,-0.138218
1186,"Tamura, Yukari",staff_27,0.068441,-0.103914,0.082821,-0.298934,-0.005985,0.249945,0.163862,-0.124173,0.246471,0.092811,-0.198232,0.115411,0.106883,0.017137,0.045749,-0.334687,0.266831,0.096478,0.135946,-0.009384,0.189255,0.006917,-0.242291,-0.132025,0.170409,0.274002,-0.475062,0.184478,-0.198813,0.279778,-0.444213,0.038945,0.288466,-0.279259,0.422458,-0.161476,0.048114,-0.009047,-0.155234,0.120157,0.137745,0.068884,0.416394,-0.279385,-0.023887,-0.345387,0.026224,-0.297456,0.063857,0.331789,-0.087819,-0.046851,0.203299,0.240013,0.025156,-0.352673,0.253023,0.153444,-0.167304,0.211521,-0.19351,-0.043135,0.030892,-0.166902
1187,"Saitou, Souma",staff_18227,0.097589,-0.109727,0.033993,-0.258181,0.028393,0.195564,0.173657,-0.177572,0.213014,0.112258,-0.092105,0.080879,0.131956,-0.024963,-0.001748,-0.333178,0.222579,0.008753,0.11319,0.002944,0.221327,0.008843,-0.192123,-0.177844,0.150872,0.280029,-0.474388,0.16965,-0.222541,0.246361,-0.402979,0.057428,0.264144,-0.355718,0.379638,-0.195986,0.096885,0.041303,-0.145531,0.101365,0.167462,0.034875,0.329498,-0.282622,0.020945,-0.343044,0.013835,-0.285138,0.091461,0.217324,-0.124197,-0.015449,0.141595,0.297275,-0.017457,-0.307305,0.210769,0.146857,-0.188926,0.228594,-0.22337,-0.019187,0.066343,-0.201095
1188,"Okamura, Tensai",staff_2762,-0.144988,-0.389658,-0.358326,-0.017182,0.385109,-0.064006,0.517464,-0.314658,0.288754,-0.162329,0.653076,1.122031,0.662773,-0.13267,-0.918679,-0.55246,0.022445,0.802985,-0.139428,0.096588,0.384206,0.318019,0.094311,0.338078,0.391286,-0.246086,0.119625,0.366973,0.302806,-0.397666,0.358363,-0.497052,0.28611,0.292833,-0.26604,0.540912,-0.236155,-0.29002,-0.047735,0.212553,-1.209073,-0.123886,-0.263429,-0.067757,-0.063932,-0.22979,-0.033328,-0.758796,0.650419,-0.754843,0.505272,-0.139756,-0.241746,-0.413234,-0.610396,-0.475851,-0.191139,-0.037045,-0.537732,0.2055,-0.073097,0.471772,-0.064474,-0.17134
1189,"Suzuki, Tatsuhisa",staff_735,0.078665,-0.113094,0.012419,-0.254131,0.053278,0.190127,0.191853,-0.158091,0.195263,0.095454,-0.105423,0.068599,0.131991,-0.036968,0.004558,-0.321383,0.232852,0.010805,0.120952,-0.015283,0.216408,-0.002491,-0.200751,-0.159135,0.126296,0.289412,-0.489138,0.149009,-0.205362,0.233257,-0.415581,0.059273,0.286917,-0.340683,0.395961,-0.215133,0.062906,0.034285,-0.165125,0.100076,0.143581,0.03509,0.364664,-0.287852,0.013473,-0.344396,0.019276,-0.280096,0.083544,0.240565,-0.110019,-0.034923,0.147937,0.304251,-0.012266,-0.324239,0.227628,0.106012,-0.181163,0.244874,-0.239381,-0.021104,0.081724,-0.204653
1190,"Takagi, Yuuhei",staff_36667,0.105531,-0.102548,0.011463,-0.224469,0.052474,0.138126,0.164486,-0.178258,0.195159,0.09257,-0.051704,0.07508,0.134868,-0.046624,-0.039223,-0.331044,0.200968,-0.010614,0.102313,-0.009395,0.192045,-0.01102,-0.150694,-0.205043,0.113362,0.25849,-0.48009,0.180274,-0.224497,0.214267,-0.382899,0.076369,0.25057,-0.371589,0.369932,-0.200566,0.078007,0.081317,-0.184931,0.102815,0.163448,0.044256,0.302151,-0.286116,0.031494,-0.332306,0.005691,-0.289977,0.09632,0.178406,-0.150915,-0.035569,0.11509,0.314721,-0.016092,-0.296995,0.203052,0.137253,-0.169578,0.256619,-0.243346,0.010214,0.064059,-0.187313
1191,"Kuno, Misaki",staff_11641,0.073202,-0.091927,0.039559,-0.237586,0.027859,0.170891,0.184357,-0.164864,0.230064,0.090511,-0.09725,0.081153,0.14028,-0.016132,-0.025448,-0.335198,0.23852,0.019926,0.117912,0.008159,0.208725,-0.009548,-0.173692,-0.171677,0.127141,0.257849,-0.46081,0.170332,-0.221625,0.223106,-0.408158,0.062434,0.258526,-0.36685,0.382192,-0.198343,0.080005,0.043188,-0.178349,0.105419,0.155273,0.057218,0.339622,-0.27527,-0.002961,-0.338128,0.03392,-0.309718,0.102718,0.222188,-0.114537,-0.022959,0.15305,0.284201,-0.013156,-0.312831,0.23238,0.140662,-0.16199,0.251126,-0.229224,-0.027017,0.081477,-0.182053
1193,"Kishi, Seiji",staff_6909,-0.171272,-0.378923,-0.350912,0.001827,0.380384,-0.041266,0.512255,-0.316084,0.283424,-0.165517,0.665117,1.131261,0.670922,-0.085252,-0.95578,-0.547613,0.026543,0.827044,-0.179088,0.123591,0.415573,0.299357,0.09474,0.342102,0.421657,-0.221429,0.126749,0.340131,0.271684,-0.389688,0.321918,-0.466123,0.25993,0.272655,-0.296858,0.520056,-0.276541,-0.261922,-0.046772,0.179553,-1.225171,-0.104722,-0.255776,-0.087389,-0.043548,-0.223203,-0.049326,-0.774097,0.610094,-0.743258,0.500587,-0.125654,-0.262922,-0.410096,-0.621654,-0.471703,-0.179094,-0.020975,-0.525576,0.239313,-0.087657,0.414024,-0.105512,-0.173742
1194,"Fuchigami, Mai",staff_9593,0.096469,-0.088573,0.04426,-0.272731,0.012928,0.214248,0.179529,-0.19043,0.231133,0.113489,-0.099601,0.083603,0.139103,-0.015058,0.010572,-0.314545,0.23095,0.00738,0.105199,0.01203,0.251202,0.011457,-0.178968,-0.183075,0.159341,0.275727,-0.459052,0.167499,-0.232496,0.262038,-0.414079,0.050729,0.258883,-0.335203,0.38207,-0.18731,0.106849,0.049393,-0.115229,0.085898,0.166694,0.047952,0.321934,-0.274675,0.006346,-0.352923,-0.001851,-0.276594,0.085431,0.233102,-0.12393,0.015819,0.166343,0.297828,-0.020829,-0.304428,0.223105,0.168579,-0.203602,0.229634,-0.216722,-0.032499,0.077455,-0.196327
1196,"Sakurai, Harumi",staff_1133,0.123741,-0.107743,0.070563,-0.342934,0.007678,0.273413,0.145674,-0.121161,0.244983,0.251487,-0.174123,0.12743,0.016381,-0.007374,0.081594,-0.358468,0.301294,0.025068,0.073476,0.004907,0.249126,0.097204,-0.232954,-0.235655,0.161477,0.28207,-0.443634,0.162765,-0.173746,0.284444,-0.451597,-0.004925,0.332058,-0.379471,0.346312,-0.172086,0.09646,-0.022379,-0.081073,0.176563,0.151125,0.038568,0.330322,-0.292698,-0.020956,-0.312938,0.021001,-0.24624,0.01554,0.237864,-0.11786,-0.063114,0.173782,0.323126,0.035463,-0.326087,0.081402,0.157759,-0.218983,0.192773,-0.201213,-0.034155,0.007792,-0.117918
1197,"Abe, Noriyuki",staff_10277,-0.102806,-0.426199,-0.315028,0.011742,0.385737,-0.049198,0.532031,-0.344926,0.274542,-0.156661,0.594742,1.133264,0.596098,-0.103434,-0.98997,-0.577011,-0.043912,0.818938,-0.109288,0.073826,0.409551,0.328745,0.113596,0.345909,0.410373,-0.188677,0.050162,0.418904,0.25001,-0.357659,0.339024,-0.459433,0.27755,0.304403,-0.260756,0.486952,-0.293419,-0.259519,-0.028668,0.168824,-1.154396,-0.093159,-0.251068,-0.07485,-0.039454,-0.206164,-0.071067,-0.730935,0.702421,-0.745852,0.459261,-0.176594,-0.213439,-0.39627,-0.6026,-0.464955,-0.156773,-0.036761,-0.535608,0.24504,-0.073091,0.460373,-0.072903,-0.166357
1198,"Itou, Kentarou",staff_221,0.045635,-0.046739,0.071713,-0.195346,0.002835,0.139706,0.21143,-0.109386,0.249762,0.070097,-0.141277,0.066091,0.163108,0.041134,-0.041391,-0.355399,0.287598,0.057271,0.118864,0.01458,0.209895,-0.015376,-0.171468,-0.128841,0.082009,0.23624,-0.462411,0.147437,-0.190979,0.170429,-0.414388,0.056136,0.258026,-0.375702,0.41143,-0.203754,0.055992,0.01013,-0.217777,0.112085,0.100709,0.091462,0.402537,-0.241527,-0.057035,-0.29223,0.07437,-0.354467,0.099136,0.269032,-0.096829,-0.014222,0.194891,0.243543,0.008298,-0.362462,0.295646,0.122142,-0.118025,0.262238,-0.216452,-0.05319,0.11846,-0.161832
1199,"Kiuchi, Reiko",staff_447,0.113394,-0.102094,0.015767,-0.227608,0.049197,0.136753,0.168417,-0.180434,0.191279,0.090742,-0.04806,0.075789,0.143486,-0.044565,-0.030715,-0.33535,0.199805,-0.007043,0.102661,-0.005821,0.198005,-0.006104,-0.147891,-0.210664,0.107825,0.259718,-0.484989,0.175329,-0.225236,0.207959,-0.391287,0.069973,0.251807,-0.37219,0.374086,-0.203828,0.078624,0.083607,-0.190274,0.105148,0.170001,0.047769,0.299794,-0.283332,0.034071,-0.333199,0.001309,-0.299146,0.101608,0.174561,-0.150898,-0.026661,0.115934,0.318108,-0.014554,-0.296954,0.207848,0.144899,-0.166603,0.265787,-0.241011,0.005254,0.069976,-0.187255
1200,"Matsuoka, Yuki",staff_73,0.054612,-0.071348,0.059194,-0.241588,0.020735,0.166792,0.199975,-0.081019,0.235563,0.074944,-0.17246,0.079251,0.12392,0.031126,0.000253,-0.35359,0.304055,0.078863,0.125302,-0.015577,0.183355,-0.015821,-0.215063,-0.136714,0.090335,0.257102,-0.478348,0.148861,-0.172528,0.186532,-0.443808,0.036183,0.297656,-0.338018,0.424897,-0.190085,0.012456,-0.009383,-0.212379,0.131375,0.082251,0.084062,0.420564,-0.262814,-0.058444,-0.30364,0.058542,-0.324223,0.073651,0.308025,-0.09271,-0.06238,0.210304,0.265727,0.042175,-0.383823,0.261554,0.093788,-0.142765,0.269353,-0.220709,-0.056318,0.080569,-0.152757
1201,"Honda, Takako",staff_41,0.095731,-0.110958,0.055346,-0.272171,0.004787,0.198549,0.187209,-0.140571,0.210241,0.086456,-0.130057,0.071109,0.144593,0.007168,0.031889,-0.356341,0.23787,0.05386,0.13171,-0.022946,0.225,0.003335,-0.23498,-0.134396,0.160341,0.304477,-0.507272,0.14633,-0.186301,0.224507,-0.411128,0.039231,0.267184,-0.314853,0.416497,-0.200132,0.052728,0.026408,-0.141885,0.101137,0.133493,0.049833,0.373911,-0.274356,-0.001528,-0.324376,0.005063,-0.280439,0.081004,0.266946,-0.125566,-0.018735,0.182329,0.284732,0.014686,-0.345967,0.244198,0.133137,-0.180491,0.233008,-0.216274,-0.033054,0.067027,-0.208311
1202,"Orikasa, Fumiko",staff_152,0.070116,-0.079884,0.056703,-0.227661,0.004437,0.152955,0.184912,-0.119746,0.241967,0.093361,-0.122074,0.077223,0.150772,0.024709,-0.028298,-0.357133,0.277203,0.046075,0.119448,-0.004281,0.216663,-0.001479,-0.193271,-0.162433,0.10477,0.257807,-0.475933,0.152711,-0.1967,0.190741,-0.409304,0.054393,0.252031,-0.362394,0.386822,-0.196121,0.060943,0.018171,-0.187915,0.122844,0.120639,0.06768,0.367088,-0.253066,-0.038977,-0.302953,0.045921,-0.327964,0.079052,0.257073,-0.111506,-0.01487,0.17772,0.269605,0.012263,-0.352814,0.249538,0.12554,-0.152881,0.258317,-0.229286,-0.044654,0.092222,-0.175999
1203,"Morita, Masakazu",staff_205,0.078381,-0.088477,0.013397,-0.236044,0.046473,0.159874,0.182639,-0.156162,0.204893,0.098268,-0.085043,0.073104,0.133896,-0.032591,-0.01877,-0.322011,0.236581,0.002782,0.105092,-0.005971,0.215954,-0.006694,-0.164231,-0.184354,0.111977,0.271602,-0.466098,0.160997,-0.210075,0.212742,-0.409852,0.057997,0.273193,-0.365009,0.384232,-0.211559,0.063915,0.048562,-0.170641,0.101335,0.14822,0.050121,0.338166,-0.283645,-0.002048,-0.332609,0.01981,-0.28652,0.087755,0.212256,-0.1249,-0.029373,0.14308,0.306284,-0.007001,-0.313244,0.219319,0.116066,-0.168187,0.257507,-0.247277,-0.013595,0.078956,-0.181512
1204,"Yasumoto, Hiroki",staff_25,0.113394,-0.102094,0.015767,-0.227608,0.049197,0.136753,0.168417,-0.180434,0.191279,0.090742,-0.04806,0.075789,0.143486,-0.044565,-0.030715,-0.33535,0.199805,-0.007043,0.102661,-0.005821,0.198005,-0.006104,-0.147891,-0.210664,0.107825,0.259718,-0.484989,0.175329,-0.225236,0.207959,-0.391287,0.069973,0.251807,-0.37219,0.374086,-0.203828,0.078624,0.083607,-0.190274,0.105148,0.170001,0.047769,0.299794,-0.283332,0.034071,-0.333199,0.001309,-0.299146,0.101608,0.174561,-0.150898,-0.026661,0.115934,0.318108,-0.014554,-0.296954,0.207848,0.144899,-0.166603,0.265787,-0.241011,0.005254,0.069976,-0.187255
1208,"Mitsunaka, Susumu",staff_18823,-0.102064,-0.41526,-0.307441,0.035837,0.379554,-0.035706,0.515822,-0.361158,0.260382,-0.163868,0.575195,1.113827,0.599564,-0.126971,-0.998019,-0.590838,-0.054968,0.829118,-0.092077,0.072208,0.425142,0.342878,0.123629,0.355586,0.414944,-0.180558,0.052861,0.419263,0.269107,-0.345427,0.366861,-0.449095,0.285268,0.283481,-0.246805,0.469746,-0.316149,-0.264973,-0.038707,0.156092,-1.165419,-0.073583,-0.22845,-0.084714,-0.066136,-0.214899,-0.049459,-0.745119,0.678898,-0.759655,0.457967,-0.152513,-0.230746,-0.399394,-0.598217,-0.474544,-0.152467,-0.020874,-0.545853,0.248475,-0.065711,0.432026,-0.071818,-0.158788
1209,"Murase, Ayumu",staff_15919,0.076289,-0.102153,0.034055,-0.234655,0.012368,0.154164,0.167723,-0.134137,0.219865,0.094686,-0.0976,0.074307,0.141117,-0.011311,-0.033643,-0.343579,0.239213,0.030677,0.109826,-0.015316,0.217248,-0.00047,-0.182304,-0.174819,0.111406,0.264665,-0.486651,0.154805,-0.210568,0.207557,-0.383481,0.062407,0.240174,-0.358075,0.374863,-0.196768,0.060881,0.045936,-0.177844,0.114023,0.136664,0.058903,0.343384,-0.266982,-0.015163,-0.317039,0.028043,-0.303879,0.076709,0.232667,-0.136199,-0.021126,0.14262,0.278326,0.002527,-0.337013,0.234814,0.122937,-0.159875,0.251665,-0.234912,-0.010423,0.078245,-0.182625
1211,"Kanbe, Mamoru",staff_6759,-0.145771,-0.408102,-0.273437,0.052675,0.353591,-0.056776,0.501652,-0.320427,0.288994,-0.173865,0.582214,1.145768,0.635414,-0.093875,-1.030878,-0.545635,-0.020621,0.844452,-0.124925,0.054745,0.402452,0.333176,0.096232,0.322401,0.442586,-0.198303,0.062687,0.381545,0.226379,-0.339866,0.343533,-0.430375,0.260622,0.247451,-0.255303,0.476254,-0.326542,-0.286598,-0.071653,0.177725,-1.193638,-0.09216,-0.199523,-0.137136,-0.071786,-0.221645,-0.041589,-0.697612,0.636348,-0.744063,0.504369,-0.146286,-0.291584,-0.405847,-0.603735,-0.447559,-0.123413,0.005131,-0.554288,0.276031,-0.104921,0.387906,-0.072424,-0.156873
1212,"Morohoshi, Sumire",staff_11404,0.031894,-0.067562,0.043235,-0.201972,0.035902,0.135138,0.209365,-0.088694,0.240872,0.116895,-0.143541,0.058416,0.122599,-4.7e-05,-0.0425,-0.348954,0.303053,0.033496,0.119053,-0.025721,0.238759,0.023938,-0.182415,-0.150296,0.071032,0.262737,-0.474814,0.109299,-0.156527,0.145435,-0.412058,0.032771,0.278831,-0.41198,0.387632,-0.243891,0.017029,0.019636,-0.195041,0.141581,0.109149,0.094619,0.388013,-0.24309,-0.062229,-0.268888,0.064337,-0.323159,0.056613,0.232252,-0.089924,-0.057897,0.17316,0.279018,0.027656,-0.353017,0.238628,0.087809,-0.109179,0.269369,-0.259808,-0.010719,0.110633,-0.143277
1214,"Kanasaki, Takaomi",staff_11299,-0.207181,-0.319116,-0.372447,-0.036309,0.325966,-0.087882,0.509259,-0.292501,0.313459,-0.116706,0.681295,1.090258,0.75542,-0.116489,-0.865611,-0.49619,-0.040902,0.915274,-0.205157,0.170764,0.446972,0.367001,0.066908,0.330556,0.385982,-0.309519,0.173071,0.258386,0.318966,-0.324968,0.373105,-0.520288,0.283914,0.28572,-0.331845,0.594792,-0.202081,-0.2766,-0.095253,0.205555,-1.266123,-0.127458,-0.305613,-0.032236,-0.106711,-0.233794,-0.058077,-0.743546,0.660688,-0.707163,0.50763,-0.048986,-0.305239,-0.48723,-0.520187,-0.370056,-0.24643,0.019797,-0.543895,0.222786,0.003238,0.396654,-0.013262,-0.066445
1215,"Fukushima, Jun",staff_10094,0.06305,-0.072709,0.060502,-0.303353,0.000906,0.289164,0.195565,-0.17104,0.264849,0.10517,-0.184541,0.094459,0.150158,0.036043,0.034689,-0.279004,0.299483,0.043908,0.123707,0.020873,0.2681,0.010006,-0.226289,-0.13888,0.174339,0.286094,-0.436998,0.165327,-0.240742,0.305346,-0.471492,0.033183,0.29838,-0.278825,0.411427,-0.157877,0.109181,-0.02368,-0.084984,0.070354,0.146832,0.042328,0.394659,-0.258636,-0.037958,-0.380066,0.011127,-0.286431,0.065393,0.351774,-0.057523,0.038577,0.233957,0.2643,-0.018369,-0.343881,0.277505,0.150395,-0.238703,0.212815,-0.196886,-0.0926,0.086532,-0.206104
1218,"Hosoda, Naoto",staff_10141,-0.143918,-0.385033,-0.328886,-0.009979,0.380133,-0.07222,0.530794,-0.334409,0.287073,-0.160607,0.616977,1.097309,0.685767,-0.099308,-0.950069,-0.543685,-0.005336,0.860747,-0.164493,0.143776,0.427841,0.349288,0.094742,0.357774,0.406811,-0.213665,0.126072,0.346219,0.288085,-0.372089,0.34083,-0.475557,0.280586,0.280055,-0.296342,0.522422,-0.241857,-0.278081,-0.067908,0.179369,-1.246066,-0.085955,-0.227647,-0.098226,-0.076121,-0.215543,-0.03311,-0.724967,0.631564,-0.744128,0.501211,-0.074075,-0.271477,-0.448176,-0.596721,-0.41573,-0.163478,-0.01654,-0.540021,0.236275,-0.059595,0.415581,-0.075507,-0.117014
1219,"Togashi, Misuzu",staff_8806,0.068068,-0.089025,0.023664,-0.299727,0.025185,0.22284,0.230308,-0.154084,0.185605,0.065913,-0.126757,0.063762,0.145628,-0.004568,0.068277,-0.331452,0.23761,0.042826,0.121202,0.016508,0.220761,-0.052638,-0.204959,-0.105415,0.154543,0.312284,-0.463796,0.153287,-0.194766,0.260091,-0.443821,0.044558,0.316894,-0.302206,0.440971,-0.208114,0.054424,-0.001252,-0.143682,0.056419,0.116856,0.032882,0.404369,-0.323463,-0.01642,-0.379309,0.024769,-0.246057,0.129119,0.286464,-0.118573,-0.013436,0.198627,0.298083,-0.004792,-0.340291,0.275171,0.098993,-0.192849,0.244794,-0.208013,-0.071683,0.093945,-0.198554
1220,"Murata, Tomosa",staff_10472,0.094427,-0.131098,0.014958,-0.202495,0.055826,0.165375,0.179849,-0.201265,0.210274,0.077421,-0.062982,0.065063,0.118462,-0.020916,-0.055633,-0.355021,0.203552,-0.03616,0.113457,-0.008173,0.172184,-0.007327,-0.165078,-0.181187,0.127357,0.248583,-0.482952,0.172269,-0.22795,0.212508,-0.363872,0.058256,0.266983,-0.369501,0.357285,-0.201565,0.067473,0.074469,-0.17957,0.112006,0.172993,0.068853,0.279865,-0.277876,0.016109,-0.338934,0.000852,-0.280444,0.106146,0.173072,-0.143795,-0.060991,0.128269,0.317669,0.005095,-0.273037,0.207815,0.122953,-0.158215,0.260285,-0.235227,0.038251,0.07746,-0.15816
1221,"Fujimura, Ayumi",staff_247,0.052683,-0.074838,0.023268,-0.212431,0.042058,0.127779,0.20316,-0.119136,0.212953,0.082574,-0.104442,0.059607,0.146178,-0.013129,-0.033421,-0.341938,0.263022,0.026911,0.117161,-0.014386,0.21424,-0.014547,-0.171534,-0.157352,0.085249,0.269293,-0.476376,0.138251,-0.183965,0.167476,-0.41193,0.055407,0.271177,-0.381593,0.396425,-0.229946,0.033134,0.034207,-0.203175,0.111366,0.1203,0.068465,0.372082,-0.269528,-0.031624,-0.30495,0.046608,-0.31039,0.087834,0.225425,-0.111646,-0.040702,0.159047,0.288514,0.007179,-0.339155,0.247254,0.092062,-0.133681,0.274323,-0.253425,-0.022894,0.103086,-0.173463
1223,"Watanabe, Shinichirou",staff_2009,-0.191325,-0.424047,-0.342321,-0.008054,0.358003,-0.050201,0.555174,-0.293082,0.287362,-0.149354,0.668643,1.119493,0.695924,-0.115476,-0.943528,-0.513834,0.0504,0.84479,-0.137784,0.099548,0.39725,0.331743,0.07307,0.327038,0.425373,-0.269653,0.113971,0.331839,0.260876,-0.412181,0.372269,-0.453873,0.323485,0.274682,-0.277182,0.514787,-0.260254,-0.304416,-0.047,0.220708,-1.263134,-0.154694,-0.243816,-0.083105,-0.0981,-0.256327,-0.005788,-0.744465,0.595704,-0.742194,0.555176,-0.085721,-0.293931,-0.425986,-0.595824,-0.466731,-0.208441,-0.037538,-0.594687,0.213143,-0.101963,0.408749,-0.045147,-0.167152
1224,"Ishizuka, Unshou",staff_357,0.07584,-0.085476,0.056249,-0.243199,0.004143,0.172854,0.181121,-0.163253,0.249171,0.09633,-0.0992,0.082203,0.14929,-0.002754,-0.021865,-0.343947,0.248248,0.029259,0.119523,0.012739,0.230305,0.002967,-0.181531,-0.175056,0.136059,0.257516,-0.463305,0.162173,-0.222868,0.219888,-0.406244,0.056285,0.239639,-0.367055,0.377441,-0.197358,0.088743,0.045077,-0.162554,0.106877,0.158393,0.062974,0.332238,-0.259014,-0.0085,-0.328042,0.03195,-0.316875,0.096263,0.225069,-0.113747,-0.002822,0.165249,0.276646,-0.010891,-0.318168,0.235299,0.161922,-0.165775,0.248385,-0.222811,-0.036514,0.086231,-0.188276
1225,"Yamadera, Kouichi",staff_11,0.050204,-0.068343,0.118898,-0.277735,-0.069398,0.206356,0.192385,-0.114715,0.304491,0.087007,-0.191258,0.09636,0.149684,0.050373,0.024234,-0.385817,0.287895,0.115058,0.149145,0.006962,0.249887,0.02761,-0.237093,-0.120216,0.165891,0.26728,-0.486668,0.129149,-0.188432,0.218265,-0.423481,0.033255,0.221844,-0.320862,0.401929,-0.195881,0.053431,0.009372,-0.149188,0.115616,0.137882,0.102931,0.397052,-0.233202,-0.059545,-0.30671,0.04486,-0.325104,0.068883,0.292504,-0.087142,-0.003235,0.22913,0.219232,0.030058,-0.363939,0.288381,0.198445,-0.128116,0.223132,-0.17903,-0.054666,0.091233,-0.179943
1226,"Hayashibara, Megumi",staff_14,0.09953,-0.150237,0.102166,-0.328957,-0.052986,0.262666,0.159186,-0.157035,0.26175,0.165229,-0.149177,0.113372,0.084036,-0.009204,0.065052,-0.400524,0.223674,0.069355,0.120685,0.018154,0.242213,0.066121,-0.261226,-0.169005,0.208414,0.28038,-0.498331,0.149511,-0.204282,0.289012,-0.390508,0.04007,0.234602,-0.34256,0.357344,-0.187477,0.111659,0.018615,-0.120705,0.153568,0.17006,0.052192,0.341571,-0.284479,0.014493,-0.337791,0.037576,-0.286215,0.075669,0.232868,-0.124304,-0.017934,0.15406,0.256351,0.001133,-0.321725,0.169134,0.207909,-0.175189,0.185346,-0.168413,-0.03533,0.050192,-0.186173
1227,"Tada, Aoi",staff_658,0.081193,-0.089213,0.098753,-0.302434,-0.039282,0.24715,0.182797,-0.205202,0.301826,0.130559,-0.117965,0.101096,0.143859,0.002235,0.022256,-0.343174,0.25396,0.039674,0.128498,0.045637,0.288316,0.041016,-0.207898,-0.180553,0.202666,0.265154,-0.445295,0.155958,-0.2476,0.277361,-0.425394,0.033379,0.223699,-0.362446,0.366043,-0.188721,0.139992,0.045828,-0.092724,0.101185,0.203563,0.065264,0.306238,-0.246223,0.005172,-0.354734,0.021977,-0.312647,0.102144,0.227969,-0.092117,0.039373,0.194095,0.269384,-0.029473,-0.296936,0.21967,0.238782,-0.197929,0.220292,-0.189477,-0.064786,0.086895,-0.202488
1228,"Shimizu, Kenichi",staff_35207,-0.214578,-0.368336,-0.24254,0.093126,0.316469,-0.051721,0.483917,-0.289205,0.295789,-0.180645,0.560629,1.128742,0.693043,-0.109898,-1.052946,-0.4961,0.001315,0.904719,-0.159525,0.041827,0.383345,0.369585,0.094086,0.264702,0.489536,-0.194983,0.117318,0.310989,0.223402,-0.338319,0.374116,-0.364555,0.266251,0.183247,-0.253162,0.455976,-0.385955,-0.309565,-0.107142,0.185741,-1.266358,-0.069632,-0.116916,-0.203995,-0.143279,-0.266698,0.002364,-0.643178,0.535475,-0.71125,0.557087,-0.073948,-0.404711,-0.470802,-0.611148,-0.400164,-0.073273,0.075409,-0.622285,0.325349,-0.109472,0.285741,-0.056861,-0.132819
1229,"Shimazaki, Nobunaga",staff_10989,0.035751,-0.082244,0.040494,-0.251223,0.029915,0.181139,0.211926,-0.120805,0.231962,0.101979,-0.140934,0.069342,0.130742,-0.016493,0.002067,-0.33013,0.276713,0.044259,0.126801,-0.009338,0.244056,0.002475,-0.198183,-0.140439,0.116138,0.283859,-0.465727,0.126332,-0.180907,0.201318,-0.432209,0.037907,0.284149,-0.368519,0.404888,-0.231114,0.036635,0.016721,-0.169326,0.115475,0.125409,0.072369,0.392548,-0.271933,-0.03895,-0.320293,0.051146,-0.301604,0.082074,0.255212,-0.08753,-0.034657,0.180169,0.279277,0.00499,-0.34188,0.245156,0.104374,-0.143504,0.258638,-0.244493,-0.040156,0.101507,-0.173111
1230,"Hirano, Aya",staff_4,0.058152,-0.084015,0.040446,-0.235539,0.027484,0.16208,0.198546,-0.119378,0.220182,0.073011,-0.129541,0.071641,0.144984,0.006265,-0.012194,-0.340857,0.265764,0.048653,0.124287,-0.010708,0.201112,-0.022884,-0.196734,-0.142646,0.107264,0.269546,-0.477617,0.153714,-0.191753,0.199355,-0.421239,0.054845,0.27618,-0.343896,0.411026,-0.203858,0.039042,0.015567,-0.195795,0.111585,0.111494,0.065978,0.390425,-0.274397,-0.032429,-0.320394,0.044644,-0.311916,0.089682,0.27089,-0.105403,-0.033272,0.178488,0.274847,0.011749,-0.352368,0.261533,0.102442,-0.150654,0.26329,-0.233772,-0.043169,0.090643,-0.177862
1232,"Miyazaki, Hayao",staff_1870,-0.232539,-0.402168,-0.340857,0.009748,0.373958,-0.030147,0.548982,-0.330006,0.290886,-0.182275,0.671801,1.088109,0.715746,-0.111852,-0.976618,-0.547237,0.091351,0.814304,-0.157785,0.095734,0.368811,0.323017,0.037305,0.326825,0.419087,-0.225031,0.110079,0.296342,0.249999,-0.424575,0.401677,-0.450099,0.318958,0.236227,-0.270815,0.490965,-0.284889,-0.287568,-0.061994,0.231413,-1.303882,-0.123488,-0.206572,-0.11873,-0.127228,-0.264363,0.020965,-0.761572,0.558621,-0.765866,0.532995,-0.065321,-0.299125,-0.425075,-0.607152,-0.49597,-0.171754,-0.005277,-0.558878,0.224794,-0.11122,0.383418,-0.091904,-0.139761
1233,"Hiiragi, Rumi",staff_772,0.113941,-0.143307,0.091739,-0.358442,-0.023045,0.314895,0.178711,-0.192556,0.313939,0.190461,-0.162335,0.136372,0.060971,-0.023836,0.084535,-0.378685,0.288313,0.026179,0.129167,0.049766,0.245109,0.076059,-0.265631,-0.21355,0.17196,0.228555,-0.463737,0.148764,-0.246019,0.340018,-0.449551,0.051798,0.27595,-0.343866,0.320135,-0.163008,0.162134,0.001374,-0.126628,0.170622,0.162443,0.027068,0.328182,-0.263089,0.029037,-0.373296,0.059231,-0.312865,0.061738,0.268546,-0.074683,-0.028529,0.194487,0.303428,-0.015263,-0.33202,0.138965,0.232912,-0.235812,0.205407,-0.163021,-0.097362,0.072597,-0.193124
1237,"Anno, Hideaki",staff_5111,-0.1399,-0.315096,-0.289628,-0.399685,0.092297,0.35489,0.768608,-0.332529,0.454319,0.45487,0.258006,0.352219,0.518285,-0.231413,-0.414026,-0.621314,0.540978,0.412748,0.496174,0.125153,0.307756,0.075159,0.02251,0.263982,0.464952,0.056904,-0.030235,0.039632,0.381279,-0.232605,0.098258,-0.103987,0.22386,-0.472009,0.098822,0.199791,0.068764,-0.13839,-0.465582,0.29837,-0.74064,-0.002275,0.044955,0.09746,0.14115,-0.417233,0.065106,-0.849534,0.185991,-0.325331,0.664647,0.035437,-0.379823,-0.114821,-0.173118,-1.030278,-0.035552,-0.007574,0.10464,0.127869,-0.632635,0.205866,-0.069019,-0.239602
1238,"Ogata, Megumi",staff_287,0.110757,-0.150748,0.094592,-0.322108,-0.031893,0.252267,0.154725,-0.161096,0.250055,0.168005,-0.139975,0.124514,0.076699,-0.014298,0.063487,-0.402387,0.222505,0.058829,0.124062,0.014894,0.214944,0.052694,-0.252336,-0.179273,0.201988,0.276661,-0.48934,0.172213,-0.197564,0.28822,-0.397915,0.050377,0.250859,-0.347331,0.358596,-0.18476,0.107703,0.015167,-0.136874,0.163774,0.173856,0.043089,0.338419,-0.299816,0.02277,-0.334286,0.036887,-0.286714,0.079353,0.225207,-0.126003,-0.035418,0.145153,0.27055,0.005241,-0.313237,0.158199,0.202254,-0.170414,0.18984,-0.181685,-0.031305,0.033793,-0.175719
1239,"Mitsuishi, Kotono",staff_9,0.100852,-0.165248,0.110983,-0.325869,-0.042094,0.264492,0.177288,-0.142175,0.253676,0.179484,-0.156802,0.110728,0.082676,0.004814,0.0776,-0.424991,0.246153,0.070263,0.136381,0.017426,0.235483,0.059383,-0.291442,-0.147375,0.204127,0.288654,-0.499727,0.145609,-0.177036,0.276299,-0.399804,0.042355,0.257111,-0.362981,0.366319,-0.19865,0.113275,-0.01453,-0.137618,0.180254,0.14818,0.034734,0.367995,-0.290804,0.013962,-0.31923,0.065841,-0.304613,0.085442,0.248552,-0.110046,-0.025621,0.160995,0.262895,0.003914,-0.337896,0.161259,0.182895,-0.173789,0.188415,-0.180717,-0.06623,0.056492,-0.190464
1240,"Miyamura, Yuko",staff_458,0.096535,-0.165785,0.138743,-0.346492,-0.063985,0.282264,0.173441,-0.129642,0.272335,0.194396,-0.177594,0.129132,0.060703,0.019489,0.096588,-0.447019,0.256884,0.095851,0.136007,0.035059,0.22263,0.061118,-0.303937,-0.144402,0.221828,0.280084,-0.482382,0.159127,-0.170466,0.288779,-0.408925,0.032315,0.261936,-0.371885,0.368088,-0.185782,0.117429,-0.036021,-0.140911,0.199939,0.145823,0.043672,0.375739,-0.300962,0.001659,-0.318447,0.087267,-0.312946,0.097129,0.257039,-0.106993,-0.035868,0.171741,0.246866,0.013987,-0.340406,0.145642,0.198703,-0.164601,0.179629,-0.161824,-0.084055,0.040637,-0.167097
1241,"Ishidate, Taichi",staff_8129,-0.23896,-0.284667,-0.390273,0.021436,0.302347,-0.059759,0.492753,-0.310399,0.306897,-0.089846,0.694855,1.108115,0.767821,-0.089269,-0.839502,-0.504071,-0.085188,0.923974,-0.231406,0.195967,0.481241,0.342793,0.048315,0.339255,0.370928,-0.344004,0.135222,0.236468,0.316049,-0.282448,0.363799,-0.524215,0.265654,0.268845,-0.341453,0.582821,-0.212569,-0.233854,-0.10876,0.181093,-1.24229,-0.135532,-0.356121,0.007988,-0.065173,-0.231735,-0.098241,-0.794345,0.681443,-0.727178,0.465,-0.049618,-0.275844,-0.440868,-0.460756,-0.385845,-0.289431,0.03156,-0.495892,0.212012,0.026472,0.372837,-0.012018,-0.069675
1242,"Masui, Souichi",staff_6389,-0.218819,-0.293778,-0.39526,0.030729,0.312327,-0.044103,0.495016,-0.317603,0.295321,-0.082253,0.681403,1.121586,0.751855,-0.072062,-0.856452,-0.51711,-0.102242,0.912498,-0.227237,0.199131,0.493118,0.330706,0.064031,0.346236,0.375117,-0.327548,0.117968,0.251585,0.305129,-0.287511,0.347596,-0.512256,0.2591,0.276208,-0.344093,0.563682,-0.226704,-0.216745,-0.091815,0.158574,-1.228077,-0.119979,-0.351233,0.011862,-0.050082,-0.230109,-0.12327,-0.803977,0.686564,-0.732424,0.444418,-0.06189,-0.257118,-0.425445,-0.467467,-0.395007,-0.283131,0.028032,-0.481277,0.211421,0.023831,0.371732,-0.034256,-0.087022
1244,"Iino, Shinya",staff_49292,-0.104135,-0.427463,-0.309529,0.0124,0.384565,-0.054836,0.532885,-0.338904,0.281762,-0.158062,0.598862,1.140366,0.599881,-0.094382,-0.997499,-0.572121,-0.039099,0.824067,-0.111796,0.074527,0.409598,0.326785,0.10968,0.346142,0.417606,-0.193554,0.047191,0.420032,0.24239,-0.354546,0.335954,-0.460501,0.274397,0.304288,-0.263624,0.485559,-0.293672,-0.261251,-0.028575,0.169352,-1.158659,-0.097183,-0.251513,-0.082639,-0.035739,-0.203003,-0.073166,-0.724008,0.698449,-0.746727,0.470438,-0.174412,-0.220521,-0.394176,-0.605356,-0.462726,-0.154566,-0.040991,-0.53366,0.249802,-0.081206,0.455136,-0.075482,-0.165633
1245,"Kawanishi, Kengo",staff_15877,0.084298,-0.082391,0.028468,-0.220686,0.033206,0.144603,0.17527,-0.156479,0.217275,0.082413,-0.080911,0.076231,0.140641,-0.01828,-0.039107,-0.337233,0.23284,0.012696,0.107505,0.002885,0.1945,-0.017561,-0.158402,-0.182399,0.11073,0.251755,-0.462426,0.176186,-0.221784,0.204714,-0.398215,0.064993,0.255716,-0.37273,0.383491,-0.193152,0.071776,0.052572,-0.189369,0.102343,0.14656,0.057186,0.329852,-0.275333,-0.001278,-0.326468,0.028479,-0.306518,0.100472,0.21008,-0.133051,-0.030672,0.14314,0.291222,-0.005272,-0.316699,0.230124,0.131916,-0.160659,0.257342,-0.23303,-0.01474,0.073405,-0.179496
1246,"Satou, Gen",staff_49398,0.080149,-0.088789,0.021138,-0.227181,0.039543,0.153628,0.180794,-0.161306,0.210251,0.082494,-0.080769,0.073958,0.142931,-0.02514,-0.030775,-0.329755,0.228213,0.008917,0.110009,0.000931,0.200824,-0.019982,-0.162646,-0.176243,0.115411,0.261093,-0.465125,0.172325,-0.220416,0.213683,-0.400122,0.067799,0.260933,-0.364068,0.386118,-0.199942,0.071984,0.050554,-0.183394,0.098112,0.14683,0.051183,0.336162,-0.282111,0.002143,-0.334695,0.026514,-0.29852,0.101028,0.214963,-0.128949,-0.025873,0.141529,0.294541,-0.011479,-0.314487,0.233526,0.125029,-0.165028,0.255786,-0.237218,-0.017044,0.078847,-0.186763
1247,"Tomari, Asuna",staff_41501,-0.018486,-0.026926,0.031498,-0.234428,0.043617,0.131332,0.247726,-0.068418,0.257614,0.088705,-0.160457,0.058268,0.127085,-0.015654,-0.015701,-0.32734,0.337451,0.063574,0.129881,-0.014026,0.25865,-0.01185,-0.169805,-0.138277,0.067288,0.278906,-0.434593,0.091123,-0.149262,0.128139,-0.472286,0.007581,0.306361,-0.419362,0.420029,-0.266084,-0.028912,0.008951,-0.196493,0.121069,0.099315,0.116589,0.414359,-0.261459,-0.102374,-0.29469,0.082301,-0.313709,0.083697,0.246679,-0.061122,-0.069289,0.215438,0.28699,0.036213,-0.361102,0.260073,0.067675,-0.097941,0.311081,-0.272661,-0.050409,0.130957,-0.131638
1248,"Komatsu, Mikako",staff_10071,0.080946,-0.113434,0.042931,-0.268069,0.020365,0.213574,0.18334,-0.174166,0.220036,0.115882,-0.108578,0.084228,0.126529,-0.027615,0.013321,-0.332271,0.226331,0.017809,0.115607,0.00904,0.23127,0.008705,-0.197147,-0.163087,0.153184,0.276487,-0.468423,0.162923,-0.217179,0.259513,-0.405692,0.060554,0.266122,-0.34603,0.382346,-0.200644,0.096342,0.034034,-0.147064,0.107552,0.156216,0.041006,0.349797,-0.286866,0.010984,-0.34899,0.027328,-0.287939,0.09273,0.235343,-0.115885,-0.010118,0.149405,0.284955,-0.02219,-0.311164,0.216945,0.145978,-0.180972,0.2253,-0.221192,-0.033061,0.076218,-0.194705
1249,"Numakura, Manami",staff_9973,0.09506,-0.087252,0.012601,-0.218312,0.050074,0.135951,0.169233,-0.158761,0.201137,0.092676,-0.068417,0.071047,0.132409,-0.035517,-0.039868,-0.332021,0.223475,-0.002949,0.100722,-0.008961,0.196415,-0.00844,-0.152993,-0.196284,0.105139,0.259789,-0.470806,0.171951,-0.217006,0.198835,-0.393424,0.062191,0.261934,-0.379114,0.377191,-0.201912,0.066189,0.065174,-0.183193,0.102172,0.15266,0.050921,0.315937,-0.278364,0.011274,-0.321898,0.014144,-0.291086,0.089271,0.189213,-0.142342,-0.041878,0.128608,0.30886,-0.004483,-0.308372,0.209787,0.123918,-0.165008,0.257566,-0.242961,0.005038,0.065892,-0.179963
1250,"Nakayama, Ryuu",staff_29525,-0.101598,-0.427256,-0.312664,0.011507,0.387393,-0.051491,0.532356,-0.341925,0.276713,-0.154392,0.603349,1.139313,0.595854,-0.100205,-0.992038,-0.579094,-0.044183,0.822429,-0.111609,0.07732,0.411644,0.327647,0.111028,0.349375,0.415808,-0.193112,0.049634,0.423491,0.251589,-0.354433,0.342489,-0.463294,0.2799,0.309371,-0.259126,0.486529,-0.292545,-0.259522,-0.025624,0.166116,-1.157964,-0.095278,-0.257759,-0.076467,-0.04185,-0.204672,-0.071086,-0.732717,0.70266,-0.747539,0.466972,-0.174743,-0.211474,-0.396848,-0.605856,-0.463816,-0.164097,-0.040707,-0.537398,0.246217,-0.076968,0.457473,-0.077975,-0.167826
1251,"Toya, Kikunosuke",staff_60239,0.103634,-0.102439,0.008756,-0.224234,0.04898,0.143775,0.162718,-0.178951,0.197345,0.091661,-0.049516,0.075313,0.130689,-0.051638,-0.038186,-0.330715,0.200449,-0.012944,0.101664,-0.007228,0.195788,-0.011192,-0.150572,-0.204372,0.117428,0.259626,-0.475859,0.179873,-0.228724,0.215465,-0.380876,0.07385,0.250909,-0.375188,0.37408,-0.19785,0.078006,0.078891,-0.181388,0.102889,0.164938,0.044556,0.30098,-0.286558,0.030699,-0.331877,0.007471,-0.287973,0.097627,0.177892,-0.153251,-0.03557,0.111959,0.313262,-0.01297,-0.298671,0.20529,0.13668,-0.171756,0.254711,-0.244454,0.011818,0.062358,-0.19094
1252,"Sakata, Shougo",staff_53502,0.079689,-0.086752,0.026496,-0.257224,0.029327,0.210136,0.171894,-0.19676,0.231983,0.105121,-0.093425,0.088487,0.149108,-0.022363,-0.018961,-0.289068,0.235995,-0.00309,0.106047,0.014906,0.244214,-0.001726,-0.161351,-0.188415,0.145631,0.266705,-0.440921,0.181542,-0.250295,0.269776,-0.416818,0.065601,0.26027,-0.336337,0.374345,-0.180695,0.112333,0.044838,-0.127782,0.080246,0.174865,0.039997,0.323912,-0.274332,0.001198,-0.3663,0.004889,-0.288063,0.085935,0.24169,-0.110255,0.019596,0.155199,0.290745,-0.035548,-0.298373,0.235712,0.153177,-0.205759,0.234343,-0.232192,-0.033422,0.077982,-0.197334
1253,"Kusunoki, Tomori",staff_46249,0.063385,-0.100019,0.048552,-0.296605,0.010694,0.258734,0.211584,-0.176784,0.230749,0.107801,-0.143699,0.081614,0.142369,-0.003673,0.046296,-0.31116,0.249982,0.03029,0.123834,0.018446,0.260957,-0.00191,-0.216501,-0.130209,0.170563,0.295885,-0.458779,0.149728,-0.217328,0.287799,-0.434502,0.052589,0.286067,-0.30694,0.406127,-0.197284,0.100324,0.002178,-0.11464,0.085274,0.137988,0.039017,0.386769,-0.290046,-0.01311,-0.372945,0.026815,-0.275065,0.093067,0.293671,-0.089171,0.022767,0.191864,0.279177,-0.02675,-0.328939,0.257952,0.139443,-0.204512,0.219852,-0.209002,-0.07261,0.101995,-0.208603
1254,Fairouz Ai,staff_49011,0.09152,-0.089251,0.010404,-0.2365,0.049196,0.172092,0.173735,-0.180711,0.203645,0.097345,-0.076279,0.074026,0.139162,-0.036033,-0.024824,-0.3086,0.222815,-0.009995,0.102567,-0.000119,0.217368,-0.00518,-0.157651,-0.190615,0.126088,0.271466,-0.460091,0.173705,-0.231438,0.232077,-0.406166,0.061783,0.269575,-0.358191,0.379658,-0.196974,0.086914,0.055321,-0.153901,0.085577,0.164935,0.039325,0.320336,-0.281554,0.013477,-0.346622,0.004925,-0.280247,0.089137,0.206946,-0.12844,-0.017921,0.136734,0.30775,-0.020256,-0.299674,0.218386,0.130392,-0.187714,0.244021,-0.239345,-0.008186,0.07058,-0.194474
1255,"Hatakeyama, Mamoru",staff_16583,-0.179653,-0.380799,-0.273811,0.108518,0.329001,-0.019299,0.483402,-0.319125,0.262088,-0.167995,0.559273,1.124454,0.655988,-0.106646,-1.050933,-0.529195,-0.02615,0.877986,-0.136256,0.065389,0.425283,0.346464,0.115941,0.302071,0.47477,-0.185163,0.078873,0.346291,0.224214,-0.337704,0.373402,-0.358811,0.271953,0.203027,-0.255733,0.433067,-0.397886,-0.281492,-0.081336,0.148254,-1.230444,-0.04682,-0.144634,-0.160374,-0.106561,-0.252943,-0.025709,-0.714221,0.554723,-0.741847,0.5015,-0.092654,-0.345208,-0.413056,-0.603553,-0.451287,-0.105926,0.044996,-0.587358,0.294403,-0.09571,0.299059,-0.079768,-0.163919
1256,"Kohara, Konomi",staff_43279,0.007253,-0.089834,0.059229,-0.186701,-0.000129,0.119517,0.214417,-0.05691,0.244008,0.069168,-0.157866,0.057229,0.181275,0.046488,-0.059162,-0.379025,0.312782,0.083095,0.153655,-0.030572,0.219868,-0.019643,-0.229116,-0.093621,0.07385,0.271465,-0.498524,0.114207,-0.154145,0.133969,-0.396418,0.068032,0.242328,-0.377857,0.402948,-0.234407,0.01586,-0.024501,-0.237232,0.148862,0.073886,0.077844,0.446731,-0.240736,-0.086415,-0.264743,0.104648,-0.37011,0.074886,0.30174,-0.076723,-0.019803,0.181594,0.225687,0.021275,-0.399478,0.309813,0.059687,-0.096004,0.271449,-0.260659,-0.061245,0.133583,-0.186116
1257,"Suzuki, Ryouta",staff_45025,0.032308,-0.077791,0.038401,-0.188854,0.023832,0.119119,0.203503,-0.090261,0.228075,0.065881,-0.12992,0.056438,0.169974,0.020245,-0.059173,-0.354852,0.287168,0.053537,0.135749,-0.022975,0.209135,-0.020738,-0.19649,-0.123792,0.07842,0.267217,-0.484345,0.132644,-0.177813,0.147822,-0.402263,0.061814,0.255327,-0.378465,0.40127,-0.223839,0.027297,0.005727,-0.221439,0.121795,0.099534,0.071452,0.406708,-0.249249,-0.057331,-0.285956,0.072059,-0.343279,0.081408,0.2654,-0.09401,-0.031195,0.169509,0.253301,0.012993,-0.368794,0.285638,0.074853,-0.118336,0.26994,-0.255019,-0.037805,0.112659,-0.184816
1258,"Koga, Aoi",staff_41328,0.005675,-0.084584,0.05026,-0.18523,0.006299,0.114551,0.218186,-0.071234,0.239803,0.054747,-0.14333,0.056221,0.186567,0.034998,-0.062073,-0.367651,0.30007,0.07445,0.15138,-0.025808,0.215601,-0.034216,-0.211054,-0.098084,0.071876,0.265672,-0.490851,0.121174,-0.16533,0.13855,-0.396998,0.075335,0.23967,-0.371431,0.404627,-0.233935,0.016677,-0.009629,-0.241606,0.13671,0.076748,0.079947,0.437648,-0.24763,-0.081391,-0.278398,0.098826,-0.365761,0.086102,0.293913,-0.082298,-0.015932,0.178241,0.231271,0.014392,-0.389475,0.316426,0.063193,-0.096965,0.280175,-0.264175,-0.059671,0.137721,-0.186892
1259,"Maeno, Tomoaki",staff_1489,0.065069,-0.109416,0.055515,-0.275136,0.022062,0.226261,0.179422,-0.146907,0.257609,0.094509,-0.161637,0.102189,0.10893,-0.017397,0.010987,-0.330853,0.26704,0.053963,0.135578,0.000494,0.195215,0.011434,-0.225144,-0.162897,0.133299,0.248703,-0.475558,0.160641,-0.224013,0.262494,-0.438013,0.056485,0.278113,-0.32129,0.387442,-0.178546,0.068576,0.015791,-0.183318,0.129507,0.137098,0.060959,0.382029,-0.26565,-0.00429,-0.352735,0.044909,-0.317602,0.070633,0.28858,-0.077441,-0.053016,0.182598,0.268261,0.001201,-0.343089,0.229672,0.149043,-0.17443,0.237278,-0.204899,-0.046026,0.068168,-0.18494
1260,"Ookubo, Rumi",staff_12041,0.044235,-0.102543,0.031722,-0.271921,0.038766,0.226677,0.209591,-0.149737,0.218622,0.093217,-0.148222,0.078765,0.134657,-0.017126,0.025482,-0.306079,0.25911,0.034791,0.129611,-0.004483,0.232622,-0.010045,-0.212024,-0.131034,0.137967,0.289707,-0.466811,0.147139,-0.200256,0.257056,-0.439151,0.056305,0.297777,-0.312251,0.41086,-0.211637,0.059677,0.003839,-0.155421,0.101381,0.125339,0.04936,0.40633,-0.289929,-0.022186,-0.358461,0.037153,-0.286703,0.082294,0.294352,-0.07962,-0.015454,0.182393,0.278707,-0.013153,-0.335592,0.257439,0.10374,-0.176316,0.240834,-0.235408,-0.055898,0.097746,-0.193304
1261,"Mukai, Masahiro",staff_23577,-0.101924,-0.426996,-0.31343,0.011584,0.386917,-0.051833,0.532104,-0.341079,0.2764,-0.152931,0.600187,1.137193,0.596899,-0.10055,-0.992659,-0.577954,-0.043371,0.820841,-0.11184,0.075917,0.411833,0.326621,0.112266,0.349886,0.414532,-0.190389,0.050688,0.421394,0.248737,-0.355344,0.34161,-0.463635,0.278961,0.308316,-0.260406,0.485959,-0.29042,-0.259963,-0.025674,0.1663,-1.157462,-0.095233,-0.255734,-0.074795,-0.042671,-0.204613,-0.070804,-0.732949,0.702432,-0.747491,0.464847,-0.174669,-0.211278,-0.396968,-0.604907,-0.463797,-0.162195,-0.039314,-0.53659,0.244805,-0.076316,0.456576,-0.077425,-0.167334
1262,"Tanemura, Ayataka",staff_55251,-0.105153,-0.427523,-0.31341,0.012603,0.385545,-0.049311,0.531187,-0.342578,0.274953,-0.152212,0.600548,1.13989,0.595717,-0.102613,-0.994276,-0.578064,-0.043746,0.818275,-0.110291,0.074352,0.414963,0.324977,0.112265,0.348438,0.415261,-0.190963,0.053604,0.421082,0.25014,-0.357121,0.340345,-0.461668,0.279624,0.304629,-0.259426,0.490246,-0.289437,-0.260885,-0.02945,0.165268,-1.159402,-0.096078,-0.255761,-0.076853,-0.042384,-0.207477,-0.070728,-0.728986,0.701569,-0.747878,0.46349,-0.17833,-0.212194,-0.398195,-0.60383,-0.466058,-0.163492,-0.035782,-0.538066,0.246035,-0.078451,0.457429,-0.075861,-0.167843
1263,"Yoshihara, Tatsuya",staff_17047,-0.130938,-0.411718,-0.291416,0.045521,0.366176,-0.046374,0.512025,-0.335565,0.276422,-0.166494,0.583421,1.133955,0.615965,-0.107319,-1.010373,-0.561782,-0.034688,0.83683,-0.119213,0.061071,0.403127,0.337348,0.108275,0.327907,0.43117,-0.186363,0.059085,0.39619,0.243839,-0.345626,0.353086,-0.434593,0.271218,0.26657,-0.252425,0.469896,-0.328231,-0.272676,-0.051432,0.170756,-1.17632,-0.085245,-0.215371,-0.110204,-0.063657,-0.218702,-0.048894,-0.715374,0.658057,-0.743062,0.481825,-0.154147,-0.260993,-0.405792,-0.604441,-0.456838,-0.132588,-0.008243,-0.554981,0.267285,-0.084434,0.411617,-0.068027,-0.161208
1264,"Kajiwara, Gakuto",staff_46066,0.106275,-0.102977,0.010349,-0.223396,0.050897,0.140793,0.163943,-0.178282,0.194049,0.092407,-0.051874,0.074094,0.133753,-0.048681,-0.03861,-0.331861,0.2009,-0.012142,0.101603,-0.009485,0.195096,-0.008835,-0.151313,-0.204198,0.114255,0.259561,-0.478895,0.179443,-0.226784,0.212703,-0.382716,0.07423,0.251641,-0.373359,0.371841,-0.199079,0.077763,0.08004,-0.182374,0.101949,0.165035,0.043197,0.30174,-0.284694,0.03162,-0.330778,0.005318,-0.28934,0.095867,0.177779,-0.15253,-0.035356,0.113024,0.313305,-0.01411,-0.298233,0.203901,0.135811,-0.171047,0.254915,-0.243529,0.012016,0.06299,-0.189914
1265,"Fujita, Nao",staff_39129,0.052757,-0.064488,0.056961,-0.205813,0.006547,0.115766,0.210113,-0.102323,0.234024,0.050611,-0.119462,0.061198,0.167326,0.030612,-0.042048,-0.376574,0.272568,0.064969,0.130455,-0.002866,0.192787,-0.037281,-0.187353,-0.129865,0.090992,0.256255,-0.478433,0.146406,-0.185291,0.149302,-0.408077,0.055359,0.251273,-0.380126,0.413914,-0.207102,0.02924,0.019252,-0.226235,0.113501,0.100554,0.083355,0.386558,-0.259271,-0.048772,-0.294612,0.066072,-0.341219,0.114342,0.251333,-0.114662,-0.032914,0.184934,0.260557,0.02139,-0.365608,0.28473,0.106236,-0.12139,0.280469,-0.225004,-0.048501,0.107663,-0.1738
1266,"Yuuki, Kana",staff_30613,0.108078,-0.10298,0.011522,-0.226086,0.050782,0.138457,0.167168,-0.178875,0.192232,0.091317,-0.048828,0.075082,0.138113,-0.047652,-0.037848,-0.332709,0.19932,-0.009977,0.103426,-0.008911,0.194976,-0.009907,-0.150623,-0.207467,0.110647,0.260026,-0.481795,0.178708,-0.226232,0.210946,-0.386643,0.074259,0.251038,-0.374656,0.373557,-0.201592,0.075847,0.082467,-0.186738,0.104073,0.168292,0.045029,0.301478,-0.286726,0.035122,-0.331238,0.004611,-0.294226,0.102095,0.178219,-0.150871,-0.031521,0.113284,0.316234,-0.015468,-0.298282,0.207382,0.138791,-0.168059,0.262105,-0.242139,0.009331,0.067156,-0.187351
1267,"Sekine, Arisa",staff_46869,0.10583,-0.102147,0.011416,-0.224003,0.049603,0.140051,0.164033,-0.178884,0.194848,0.0914,-0.051554,0.075538,0.134787,-0.048774,-0.036463,-0.331958,0.199619,-0.011172,0.101414,-0.007863,0.194898,-0.009796,-0.149663,-0.205375,0.114061,0.258055,-0.476668,0.179263,-0.226738,0.212808,-0.383463,0.074558,0.250459,-0.371025,0.369915,-0.199305,0.078115,0.080499,-0.182812,0.103125,0.163368,0.04498,0.300239,-0.285216,0.029636,-0.331547,0.00558,-0.29002,0.096484,0.177129,-0.152735,-0.033892,0.114613,0.313184,-0.014735,-0.295529,0.202237,0.137117,-0.169302,0.255587,-0.242308,0.009593,0.062945,-0.187585
1268,"Sakurai, Chikara",staff_31055,-0.287443,-0.318553,-0.27087,-0.011652,0.295111,-0.141548,0.479304,-0.24556,0.362741,-0.179545,0.687037,1.08741,0.767732,-0.15254,-0.919957,-0.447469,0.063024,0.922536,-0.215778,0.068382,0.337734,0.386516,0.006782,0.262573,0.427639,-0.307609,0.204206,0.249852,0.285612,-0.319198,0.410551,-0.493958,0.277998,0.211349,-0.280632,0.607896,-0.231675,-0.360534,-0.156332,0.285952,-1.298958,-0.177754,-0.241658,-0.149676,-0.157403,-0.242767,0.065933,-0.637031,0.596062,-0.682163,0.624548,-0.056858,-0.40491,-0.533145,-0.563647,-0.35281,-0.17064,0.059026,-0.63376,0.28357,-0.075009,0.366446,0.021651,-0.062221
1270,"Furuhashi, Kazuhiro",staff_5655,-0.103645,-0.426161,-0.315571,0.011436,0.386854,-0.049171,0.534012,-0.344093,0.276107,-0.156843,0.599543,1.135728,0.595344,-0.101324,-0.98979,-0.577183,-0.043008,0.821788,-0.110033,0.074556,0.409637,0.327735,0.112045,0.346262,0.413301,-0.191044,0.049462,0.421785,0.249863,-0.357052,0.339786,-0.461265,0.278729,0.305736,-0.26069,0.486436,-0.292743,-0.258232,-0.026383,0.168134,-1.155788,-0.095438,-0.254418,-0.075964,-0.036565,-0.205372,-0.072167,-0.729598,0.702422,-0.745364,0.463378,-0.17594,-0.211968,-0.397754,-0.603883,-0.465292,-0.158836,-0.039126,-0.536117,0.247368,-0.075116,0.46093,-0.074562,-0.168424
1271,"Eguchi, Takuya",staff_7695,0.062088,-0.104537,0.025581,-0.257239,0.0274,0.194446,0.199165,-0.154628,0.208601,0.090488,-0.109703,0.065796,0.146162,-0.021829,0.004048,-0.325037,0.236566,0.024578,0.12079,-0.002754,0.23653,-0.008065,-0.197349,-0.142618,0.135492,0.290803,-0.478841,0.143303,-0.207817,0.234097,-0.409155,0.056165,0.271128,-0.341931,0.398385,-0.215814,0.068812,0.028391,-0.154878,0.091065,0.140232,0.044341,0.370792,-0.284117,-0.006191,-0.346195,0.029584,-0.284758,0.094528,0.249412,-0.110882,-0.010075,0.158056,0.285077,-0.015817,-0.32852,0.250424,0.112511,-0.174531,0.242593,-0.232642,-0.033709,0.09575,-0.203571
1272,"Tanezaki, Atsumi",staff_17215,0.100433,-0.103839,0.028775,-0.234845,0.03318,0.159239,0.165226,-0.166101,0.209376,0.100023,-0.074984,0.08052,0.126263,-0.031453,-0.024325,-0.344114,0.216007,0.006492,0.106758,-0.002544,0.195741,-0.002029,-0.171569,-0.190823,0.127561,0.260527,-0.475077,0.177707,-0.219549,0.220038,-0.388524,0.065063,0.254727,-0.370782,0.37597,-0.193582,0.080661,0.058739,-0.17646,0.111328,0.157255,0.046599,0.31839,-0.282338,0.019587,-0.327506,0.01886,-0.294673,0.094767,0.197263,-0.14262,-0.036479,0.128879,0.299846,-0.006812,-0.30881,0.204189,0.141209,-0.169745,0.243949,-0.23138,-0.003373,0.058936,-0.186222
1274,"Imaishi, Hiroyuki",staff_2349,-0.148812,-0.410787,-0.400075,-0.076367,0.375922,-0.043755,0.555969,-0.284128,0.274663,-0.148912,0.704964,1.133712,0.730345,-0.132433,-0.903508,-0.521016,0.07785,0.81007,-0.144645,0.145851,0.408469,0.297509,0.091406,0.361861,0.397652,-0.28175,0.176976,0.313719,0.300365,-0.448382,0.346435,-0.496214,0.323076,0.280501,-0.322057,0.563038,-0.215216,-0.285795,-0.011449,0.214288,-1.29001,-0.151428,-0.264392,-0.049885,-0.112484,-0.253421,-0.038851,-0.781225,0.575391,-0.728364,0.559522,-0.08234,-0.289379,-0.468421,-0.606487,-0.465961,-0.219557,-0.054037,-0.570835,0.183526,-0.081176,0.431849,-0.052431,-0.162394
1275,"Yuzuki, Ryouka",staff_141,0.083327,-0.116783,0.032471,-0.278983,0.025496,0.221681,0.169964,-0.181328,0.219753,0.10957,-0.110597,0.096365,0.124124,-0.032494,0.014444,-0.319234,0.218251,0.020451,0.11533,0.003684,0.218399,0.009683,-0.199698,-0.180188,0.163381,0.281976,-0.474289,0.175999,-0.229593,0.274436,-0.414926,0.063725,0.266351,-0.321314,0.380768,-0.192112,0.091097,0.035782,-0.142162,0.103866,0.172964,0.039698,0.343443,-0.296101,0.016624,-0.36516,0.010506,-0.277243,0.083319,0.238965,-0.109632,-0.011533,0.143811,0.286011,-0.020714,-0.302557,0.215943,0.150973,-0.188702,0.224062,-0.218697,-0.02308,0.065657,-0.19876
1276,"Suzaki, Aya",staff_19834,0.078995,-0.098931,0.067788,-0.257033,0.001925,0.211679,0.177189,-0.156478,0.251289,0.117884,-0.133998,0.093641,0.12545,0.011952,-0.003496,-0.351709,0.261133,0.038128,0.119524,0.018336,0.217056,0.016821,-0.207404,-0.161786,0.150724,0.260052,-0.457238,0.171658,-0.217943,0.24452,-0.416483,0.046832,0.266397,-0.361886,0.379042,-0.18131,0.099357,0.009499,-0.155345,0.119817,0.155992,0.05307,0.353631,-0.265921,-0.012204,-0.33353,0.042799,-0.314594,0.089842,0.249929,-0.101165,-0.017843,0.171538,0.265925,-0.006435,-0.323671,0.221147,0.154938,-0.174459,0.223094,-0.20554,-0.044546,0.069168,-0.178993
1277,"Seki, Toshihiko",staff_129,0.108228,-0.141983,0.085317,-0.299549,-0.0095,0.248808,0.148565,-0.1713,0.248464,0.164259,-0.129355,0.115604,0.090622,-0.013098,0.030533,-0.366138,0.23355,0.040568,0.120642,0.014991,0.22048,0.051548,-0.23858,-0.186914,0.189124,0.270066,-0.475232,0.181303,-0.21689,0.287119,-0.404548,0.04699,0.257172,-0.360197,0.362244,-0.176076,0.121882,0.018784,-0.133208,0.151497,0.184,0.036025,0.33168,-0.280839,0.030385,-0.335395,0.032272,-0.304611,0.078917,0.233268,-0.111976,-0.023545,0.14344,0.272877,-0.010123,-0.309082,0.165162,0.192758,-0.189746,0.196394,-0.196287,-0.03246,0.033233,-0.183185
1279,"Ishihira, Shinji",staff_8743,-0.166213,-0.367435,-0.337412,-0.002003,0.349548,-0.074675,0.517169,-0.318338,0.300137,-0.135802,0.640232,1.105553,0.680023,-0.11271,-0.923265,-0.531511,-0.043186,0.872786,-0.161599,0.120457,0.42281,0.352483,0.078615,0.336122,0.394937,-0.257413,0.103659,0.33564,0.281428,-0.329313,0.366597,-0.492928,0.281633,0.290116,-0.294859,0.54175,-0.245601,-0.270782,-0.071414,0.193395,-1.208157,-0.117609,-0.286057,-0.053259,-0.072086,-0.21831,-0.054677,-0.733858,0.688308,-0.728326,0.485757,-0.109698,-0.259275,-0.43918,-0.550559,-0.414169,-0.206658,-0.006176,-0.54048,0.233607,-0.031621,0.425749,-0.033504,-0.107455
1280,"Kakihara, Tetsuya",staff_167,0.121968,-0.069215,0.056023,-0.287283,0.005462,0.195182,0.135965,-0.127148,0.21946,0.116352,-0.14914,0.108089,0.135649,0.027643,0.038072,-0.360237,0.292591,0.04221,0.114972,-0.012441,0.211439,0.01929,-0.191786,-0.155212,0.147362,0.27885,-0.464248,0.198717,-0.200384,0.245863,-0.433669,0.035977,0.304156,-0.341735,0.376114,-0.165439,0.097008,-0.012681,-0.127725,0.093849,0.183552,0.041137,0.359853,-0.258922,-0.006537,-0.308776,-0.001064,-0.287394,0.04585,0.271024,-0.117991,-0.053183,0.18019,0.271202,0.030927,-0.32169,0.240871,0.166115,-0.182745,0.194222,-0.196976,-0.023544,0.020374,-0.171309
1281,MAKO,staff_785,0.108567,-0.102763,0.011653,-0.22639,0.051276,0.137745,0.166174,-0.177924,0.193953,0.091064,-0.048388,0.074505,0.138639,-0.045898,-0.035744,-0.332394,0.201749,-0.009392,0.102396,-0.00814,0.193783,-0.010688,-0.150933,-0.207792,0.111052,0.25972,-0.483635,0.178934,-0.225802,0.212587,-0.385418,0.073153,0.251169,-0.373206,0.37314,-0.202724,0.077856,0.082054,-0.186572,0.103466,0.167616,0.045035,0.301696,-0.286345,0.03487,-0.332186,0.004299,-0.293405,0.099592,0.177897,-0.150416,-0.031622,0.114615,0.317752,-0.014818,-0.298328,0.206895,0.140542,-0.169065,0.26186,-0.243303,0.008455,0.067512,-0.188276
1284,"Suzuki, Kenichi",staff_31545,-0.120797,-0.417059,-0.304364,0.023142,0.375601,-0.053894,0.524053,-0.334124,0.281333,-0.16056,0.598188,1.13444,0.610062,-0.103722,-0.99537,-0.564036,-0.034643,0.832635,-0.11965,0.069274,0.402338,0.333229,0.105813,0.335476,0.421759,-0.194078,0.058586,0.404705,0.246538,-0.351306,0.346798,-0.452987,0.275776,0.289149,-0.25949,0.484648,-0.302879,-0.267696,-0.040194,0.174789,-1.168929,-0.09542,-0.24003,-0.091825,-0.051436,-0.211294,-0.059637,-0.71917,0.683152,-0.74104,0.477395,-0.163282,-0.237783,-0.405744,-0.603912,-0.455634,-0.149277,-0.025118,-0.547039,0.255921,-0.078929,0.438531,-0.06769,-0.161019
1285,"Tsuda, Naokatsu",staff_15107,-0.103123,-0.426456,-0.314734,0.011698,0.386963,-0.050132,0.532062,-0.343063,0.276284,-0.154747,0.600822,1.137858,0.59522,-0.100751,-0.991436,-0.578123,-0.043437,0.821372,-0.111029,0.074356,0.410779,0.326867,0.111371,0.347584,0.413966,-0.191092,0.050733,0.422432,0.249649,-0.356152,0.340892,-0.462186,0.279312,0.306826,-0.259907,0.487016,-0.291873,-0.258861,-0.025905,0.166925,-1.157115,-0.095352,-0.255096,-0.076229,-0.039628,-0.205412,-0.071226,-0.730804,0.702823,-0.746614,0.464673,-0.175438,-0.211227,-0.397404,-0.604002,-0.46424,-0.160669,-0.038699,-0.536748,0.245913,-0.076331,0.458513,-0.076903,-0.168769
1286,"Koyasu, Takehito",staff_160,0.084406,-0.078558,0.019422,-0.248863,0.039626,0.188267,0.181391,-0.171841,0.212477,0.096574,-0.094806,0.077717,0.139635,-0.015449,-0.011465,-0.306647,0.242136,0.002319,0.101252,0.010207,0.218263,-0.009675,-0.166232,-0.181175,0.129379,0.271149,-0.452066,0.176558,-0.229819,0.241593,-0.423903,0.053249,0.281685,-0.348689,0.39123,-0.191025,0.087341,0.034386,-0.147322,0.080991,0.159383,0.041927,0.338171,-0.282342,5.1e-05,-0.350888,0.012318,-0.282576,0.093378,0.234622,-0.115859,-0.009968,0.157612,0.300468,-0.015197,-0.310248,0.233068,0.130293,-0.193178,0.244278,-0.228856,-0.027952,0.074974,-0.187371
1287,"Okitsu, Kazuyuki",staff_7288,0.049245,-0.077527,0.031895,-0.23293,0.035492,0.163403,0.210502,-0.144986,0.22721,0.087236,-0.111286,0.066862,0.143645,-0.016414,-0.017254,-0.330906,0.25798,0.023097,0.120218,0.001351,0.22913,-0.012374,-0.172123,-0.153137,0.109856,0.269007,-0.461378,0.142276,-0.200012,0.199916,-0.419367,0.051841,0.273328,-0.371523,0.394741,-0.224207,0.053905,0.034522,-0.179411,0.102984,0.134523,0.070323,0.364625,-0.274022,-0.027471,-0.328995,0.043325,-0.303335,0.09751,0.23121,-0.10256,-0.024902,0.168215,0.287372,-0.005209,-0.324778,0.250179,0.114324,-0.145708,0.265264,-0.242027,-0.032366,0.107941,-0.17506
1288,"Sugita, Tomokazu",staff_2,0.073884,-0.091372,0.03601,-0.269156,0.020474,0.216223,0.186629,-0.176628,0.23378,0.096806,-0.117364,0.083527,0.144906,-0.014678,0.005881,-0.309032,0.245383,0.019231,0.117373,0.007791,0.240335,0.001894,-0.190398,-0.166126,0.148508,0.275788,-0.462022,0.162642,-0.231927,0.260519,-0.425012,0.056112,0.267499,-0.325347,0.387762,-0.192422,0.092366,0.032517,-0.134247,0.086527,0.159295,0.047339,0.351406,-0.274361,-0.003309,-0.359804,0.013724,-0.287033,0.0839,0.258441,-0.100936,0.004418,0.172061,0.285435,-0.020435,-0.31651,0.244619,0.148348,-0.194512,0.23507,-0.221106,-0.041153,0.086084,-0.201464
1289,"Tanaka, Atsuko",staff_100,0.02043,-0.065098,0.068636,-0.189049,-0.008463,0.107581,0.213552,-0.071407,0.2539,0.049797,-0.143132,0.058802,0.186101,0.056609,-0.057253,-0.380207,0.308054,0.084431,0.14359,-0.011117,0.2083,-0.032357,-0.205399,-0.110477,0.075581,0.254567,-0.485449,0.129468,-0.170632,0.133476,-0.406292,0.061268,0.237282,-0.373764,0.408861,-0.219791,0.020827,-0.007048,-0.238348,0.13008,0.080664,0.091002,0.421717,-0.23645,-0.084282,-0.272955,0.092381,-0.369846,0.093173,0.288529,-0.089415,-0.01607,0.198716,0.23109,0.026209,-0.38937,0.313158,0.087763,-0.102057,0.283638,-0.242274,-0.066184,0.130044,-0.175287
1290,"Ueda, Youji",staff_926,0.105753,-0.102561,0.011012,-0.22727,0.05123,0.137557,0.164759,-0.177393,0.193942,0.090819,-0.046815,0.073719,0.137249,-0.04608,-0.03577,-0.330691,0.201932,-0.010902,0.102134,-0.007411,0.193377,-0.013,-0.152737,-0.207589,0.113684,0.261478,-0.48419,0.179121,-0.227173,0.21549,-0.384758,0.073299,0.250852,-0.373601,0.373931,-0.203258,0.077332,0.078813,-0.183956,0.102616,0.166973,0.043724,0.300784,-0.285965,0.034633,-0.330007,0.006644,-0.292074,0.099739,0.17859,-0.150563,-0.032181,0.114242,0.317342,-0.012428,-0.298901,0.208916,0.139494,-0.170933,0.260836,-0.243506,0.01059,0.066526,-0.188239
1291,"Shioya, Yoku",staff_1506,0.095085,-0.109469,0.015693,-0.215691,0.040552,0.13024,0.164115,-0.163611,0.199878,0.090981,-0.054474,0.070509,0.150214,-0.038716,-0.041306,-0.336753,0.211384,-0.004565,0.108267,-0.01864,0.208195,-0.003192,-0.161808,-0.199781,0.105896,0.262225,-0.493562,0.165738,-0.217952,0.201221,-0.37744,0.07816,0.236005,-0.364464,0.364902,-0.213037,0.072948,0.075436,-0.188167,0.112611,0.15721,0.047647,0.313539,-0.272348,0.017995,-0.316711,0.012425,-0.303771,0.083111,0.189399,-0.146489,-0.019547,0.117042,0.303953,-0.012794,-0.306772,0.216114,0.129897,-0.159581,0.261389,-0.256449,0.005245,0.079146,-0.19429
1292,"Satou, Takuya",staff_9580,0.102979,-0.103071,0.010857,-0.222678,0.048693,0.138849,0.162429,-0.17656,0.196648,0.091315,-0.050238,0.074104,0.135683,-0.045688,-0.037327,-0.330061,0.202203,-0.011827,0.101379,-0.008936,0.19458,-0.009679,-0.152024,-0.204606,0.115596,0.259426,-0.479305,0.1788,-0.225812,0.214996,-0.380907,0.074537,0.24785,-0.37007,0.369734,-0.20171,0.078884,0.078285,-0.181912,0.102611,0.161653,0.04466,0.302991,-0.282715,0.027719,-0.329814,0.00808,-0.289732,0.094531,0.178469,-0.151835,-0.033853,0.115983,0.3129,-0.012415,-0.298733,0.205193,0.136822,-0.169851,0.255041,-0.245763,0.011131,0.064852,-0.190084
1293,"Nishigori, Atsushi",staff_9029,-0.177394,-0.42318,-0.375562,-0.005703,0.382322,-0.01738,0.550369,-0.29274,0.273331,-0.151285,0.699801,1.128343,0.715839,-0.129004,-0.90324,-0.540685,0.069726,0.789194,-0.14184,0.112726,0.396836,0.287609,0.068445,0.35629,0.400579,-0.294328,0.106318,0.346462,0.28107,-0.444111,0.362348,-0.475344,0.327201,0.267214,-0.288702,0.533885,-0.237588,-0.282611,-0.016563,0.211353,-1.251388,-0.190401,-0.29062,-0.050667,-0.084876,-0.265807,-0.004807,-0.791721,0.591254,-0.766494,0.553662,-0.101981,-0.247571,-0.413184,-0.59025,-0.508376,-0.240038,-0.054985,-0.573125,0.168031,-0.104336,0.436291,-0.060053,-0.194699
1294,"Gotou, Hiroki",staff_11158,0.09602,-0.151735,0.118766,-0.341923,-0.042423,0.281202,0.167057,-0.18059,0.280879,0.182074,-0.144731,0.128362,0.085477,-0.010944,0.061552,-0.389753,0.236059,0.063954,0.137304,0.033722,0.249858,0.056563,-0.261101,-0.173753,0.224054,0.27466,-0.465096,0.169155,-0.213265,0.307985,-0.410083,0.043056,0.241277,-0.368437,0.356033,-0.181199,0.135247,0.012641,-0.114891,0.167415,0.186669,0.045484,0.329891,-0.288797,0.024457,-0.346324,0.050934,-0.309601,0.097457,0.236859,-0.100434,-0.005255,0.159617,0.262944,-0.015489,-0.308049,0.161287,0.228203,-0.186224,0.192542,-0.178766,-0.063383,0.047586,-0.181511
1295,"Umehara, Yuuichirou",staff_34209,0.056116,-0.088586,0.054166,-0.271314,0.006814,0.206212,0.199405,-0.141105,0.240231,0.10478,-0.139834,0.0765,0.131443,-0.007633,0.014681,-0.332514,0.260978,0.046985,0.121077,0.000111,0.250037,0.008022,-0.203418,-0.145101,0.14312,0.282038,-0.465006,0.138453,-0.199318,0.231437,-0.422088,0.037252,0.269165,-0.347162,0.398078,-0.206579,0.062168,0.024065,-0.142209,0.104586,0.133465,0.067692,0.373095,-0.270768,-0.028806,-0.335884,0.033633,-0.290806,0.083295,0.260746,-0.10312,-0.015049,0.185459,0.275186,-0.000375,-0.33668,0.239819,0.134519,-0.168029,0.24058,-0.221339,-0.04393,0.088872,-0.181602
1296,"Fujiwara, Natsumi",staff_39938,0.060557,-0.092079,0.083224,-0.244695,-0.011699,0.178969,0.187848,-0.11755,0.254199,0.099611,-0.146301,0.086199,0.135986,0.027061,-0.013383,-0.371724,0.272824,0.070679,0.130688,0.006747,0.209535,-0.00156,-0.215168,-0.137908,0.130036,0.256057,-0.470902,0.157474,-0.194181,0.210563,-0.406643,0.051831,0.251146,-0.367376,0.39496,-0.189064,0.066829,0.004135,-0.189544,0.135969,0.119525,0.071977,0.383377,-0.260311,-0.035478,-0.306608,0.067008,-0.337216,0.09322,0.270257,-0.10316,-0.023715,0.180477,0.246879,0.011679,-0.356075,0.249864,0.141166,-0.142482,0.240967,-0.209499,-0.053218,0.081906,-0.170029
1297,"Hamano, Daiki",staff_36479,0.089838,-0.140485,0.075579,-0.292821,-0.00495,0.220777,0.172493,-0.180253,0.248675,0.147769,-0.104835,0.103991,0.106082,-0.038028,0.020918,-0.372981,0.218423,0.033907,0.131641,0.015332,0.23485,0.033649,-0.221514,-0.180463,0.181213,0.270921,-0.474419,0.162241,-0.214543,0.26344,-0.395052,0.059025,0.238373,-0.381198,0.356502,-0.20339,0.110023,0.043559,-0.148541,0.148522,0.180909,0.045572,0.320643,-0.287051,0.029418,-0.338323,0.042831,-0.306929,0.10084,0.201041,-0.115927,-0.020449,0.13437,0.281003,-0.01973,-0.300494,0.175127,0.191183,-0.167738,0.219822,-0.211721,-0.032401,0.062281,-0.189386
1298,"Uemura, Yuuto",staff_24875,0.001692,-0.039316,0.094473,-0.204532,-0.026218,0.142524,0.221284,-0.06371,0.290193,0.057143,-0.187584,0.074689,0.176841,0.084183,-0.048713,-0.373427,0.344978,0.10917,0.145004,0.014289,0.211641,-0.031711,-0.209112,-0.095676,0.087642,0.241676,-0.445702,0.14041,-0.179013,0.152161,-0.436987,0.043519,0.254881,-0.377612,0.41772,-0.196625,0.032483,-0.041093,-0.225971,0.127529,0.077767,0.102954,0.443149,-0.230293,-0.114029,-0.284731,0.113467,-0.38265,0.099156,0.324431,-0.060928,-0.013416,0.234,0.207411,0.028618,-0.398367,0.325352,0.101676,-0.105564,0.272267,-0.218497,-0.097188,0.126237,-0.156338
1299,"Ichinose, Kana",staff_47097,0.086316,-0.104547,0.028547,-0.257105,0.031578,0.195349,0.176577,-0.18494,0.218814,0.107356,-0.085973,0.084527,0.13248,-0.035722,-0.006545,-0.322909,0.220637,0.003489,0.112014,0.009474,0.223107,0.000439,-0.177296,-0.1819,0.147087,0.271358,-0.460016,0.173334,-0.230499,0.251013,-0.405138,0.063431,0.261517,-0.356371,0.375989,-0.197782,0.097963,0.048772,-0.14938,0.098871,0.169154,0.039894,0.325756,-0.287026,0.017554,-0.352871,0.018187,-0.286481,0.097492,0.21448,-0.12122,-0.011906,0.139742,0.297037,-0.024917,-0.299518,0.213864,0.148491,-0.185111,0.235641,-0.229504,-0.022446,0.072037,-0.196659
1300,"Ishigami, Shizuka",staff_28755,0.058729,-0.091383,0.030268,-0.247918,0.030119,0.188939,0.196969,-0.160622,0.221814,0.087874,-0.108747,0.076113,0.152903,-0.010842,-0.010127,-0.3184,0.247106,0.022008,0.121096,0.007093,0.226395,-0.0174,-0.184351,-0.152581,0.131211,0.276708,-0.459667,0.161887,-0.217423,0.236402,-0.418777,0.064477,0.270029,-0.344505,0.394278,-0.205268,0.078898,0.022275,-0.163675,0.093513,0.143446,0.046742,0.3671,-0.282135,-0.014595,-0.348427,0.036334,-0.299612,0.099213,0.253601,-0.100951,-0.002614,0.163592,0.280735,-0.019603,-0.323512,0.255604,0.120555,-0.173125,0.247499,-0.235072,-0.045131,0.096836,-0.196133
1301,"Yamashita, Nanami",staff_24263,0.067295,-0.103385,0.076744,-0.317165,-0.008679,0.277102,0.195723,-0.185575,0.261437,0.134209,-0.151148,0.105635,0.126871,0.003815,0.046022,-0.325863,0.2601,0.044215,0.12769,0.04024,0.257888,0.016681,-0.223977,-0.150846,0.19507,0.283263,-0.436618,0.170195,-0.2306,0.304794,-0.447669,0.042711,0.278664,-0.33286,0.388241,-0.182049,0.124976,-0.006221,-0.107524,0.103239,0.172559,0.040069,0.364632,-0.287587,-0.007783,-0.377132,0.03813,-0.294325,0.10263,0.2797,-0.075643,0.021362,0.190503,0.26657,-0.029594,-0.312162,0.228892,0.178773,-0.205411,0.209431,-0.193385,-0.083007,0.080006,-0.192811
1302,"Ichikawa, Aoi",staff_42747,0.068926,-0.117987,0.069833,-0.261775,0.001904,0.200446,0.17096,-0.144087,0.252902,0.127322,-0.132965,0.096222,0.116298,-0.014094,-0.005408,-0.356716,0.254986,0.048275,0.127787,0.002099,0.224639,0.025523,-0.213661,-0.166265,0.142726,0.257607,-0.469254,0.158044,-0.207448,0.237932,-0.403468,0.053635,0.248902,-0.371017,0.365982,-0.194644,0.08502,0.025891,-0.169605,0.142813,0.150627,0.058925,0.354661,-0.262768,-0.008308,-0.323654,0.052423,-0.323201,0.079024,0.241473,-0.103807,-0.031608,0.156304,0.262198,-0.005956,-0.328429,0.204544,0.155059,-0.156882,0.229755,-0.221021,-0.035383,0.06642,-0.176173
1303,"Yabuta, Shuuhei",staff_42800,-0.234283,-0.365861,-0.234406,0.098172,0.307688,-0.064504,0.479244,-0.281127,0.310141,-0.181047,0.583284,1.149135,0.688327,-0.100369,-1.050411,-0.488718,0.016165,0.897293,-0.170987,0.028427,0.365129,0.35528,0.07246,0.257185,0.487937,-0.211078,0.113861,0.31055,0.214837,-0.327975,0.367829,-0.380721,0.257542,0.180409,-0.244808,0.467363,-0.374011,-0.314552,-0.117638,0.2023,-1.258039,-0.09311,-0.137967,-0.204419,-0.127699,-0.258128,0.001554,-0.640216,0.548211,-0.710787,0.567931,-0.095373,-0.399025,-0.459823,-0.605853,-0.405251,-0.082212,0.07116,-0.615239,0.328019,-0.125752,0.297886,-0.050366,-0.142575
1304,"Uchida, Naoya",staff_338,-0.014223,-0.005199,0.10686,-0.197975,-0.037137,0.144799,0.234742,-0.04759,0.30957,0.039495,-0.211494,0.075819,0.185216,0.122415,-0.054095,-0.372004,0.379362,0.128575,0.142501,0.037235,0.199228,-0.049385,-0.203088,-0.078104,0.078091,0.227966,-0.421002,0.149514,-0.18246,0.146058,-0.461703,0.032485,0.271148,-0.379786,0.437785,-0.181361,0.031536,-0.071275,-0.235667,0.112342,0.064725,0.113964,0.468925,-0.223026,-0.143414,-0.287622,0.133439,-0.39831,0.115154,0.357498,-0.042031,-0.010361,0.268005,0.189245,0.035846,-0.415663,0.359716,0.096744,-0.103162,0.277712,-0.199769,-0.125371,0.135444,-0.143058
1305,"Kobayashi, Chiaki",staff_47439,0.094706,-0.105423,0.046099,-0.245112,0.022245,0.187385,0.155993,-0.158474,0.226518,0.108669,-0.106446,0.090577,0.117574,-0.016414,-0.020188,-0.336445,0.235212,0.023873,0.109312,0.000668,0.196573,0.010395,-0.187998,-0.183701,0.135198,0.253759,-0.467767,0.182947,-0.224714,0.240207,-0.399289,0.05626,0.260259,-0.359451,0.377771,-0.175735,0.087252,0.040558,-0.168383,0.116534,0.157482,0.0493,0.335036,-0.26995,0.01116,-0.330755,0.024716,-0.30513,0.083258,0.23119,-0.125866,-0.037474,0.144565,0.280429,-0.004554,-0.31932,0.207616,0.148637,-0.177338,0.230315,-0.218836,-0.012996,0.047282,-0.179956
1306,"Kawase, Maki",staff_46800,0.032603,-0.065574,0.077214,-0.242393,-0.011073,0.199806,0.214134,-0.116854,0.27927,0.086308,-0.174933,0.081753,0.162308,0.05252,-0.014979,-0.350511,0.318436,0.071321,0.138901,0.023584,0.231828,-0.007619,-0.21806,-0.117482,0.11997,0.255366,-0.446723,0.145371,-0.206826,0.215032,-0.443965,0.048027,0.269802,-0.354854,0.398357,-0.189677,0.079606,-0.031512,-0.179097,0.111048,0.111911,0.067104,0.414197,-0.243648,-0.068507,-0.326069,0.083357,-0.347698,0.091561,0.312119,-0.060742,0.000383,0.220031,0.236476,-0.001289,-0.368657,0.289251,0.125185,-0.157629,0.243895,-0.206853,-0.09509,0.11678,-0.185741
1307,"Ono, Kensho",staff_819,0.063104,-0.072239,0.052423,-0.227119,0.019236,0.151655,0.19148,-0.120526,0.244236,0.078745,-0.129172,0.07485,0.137267,0.006109,-0.027676,-0.34923,0.275122,0.048354,0.122902,-0.005581,0.203089,-0.008924,-0.187791,-0.157888,0.101442,0.249911,-0.470247,0.150944,-0.199863,0.187016,-0.418823,0.048209,0.263707,-0.367723,0.397763,-0.196933,0.045433,0.028838,-0.197627,0.117833,0.118676,0.078565,0.368703,-0.254011,-0.032714,-0.308304,0.048144,-0.325089,0.084811,0.252278,-0.107023,-0.043762,0.182233,0.273819,0.016384,-0.350082,0.248968,0.12506,-0.145966,0.264125,-0.225761,-0.035332,0.085743,-0.170311
1309,"Mizushima, Tsutomu",staff_9552,-0.201112,-0.362066,-0.334218,0.013459,0.375029,-0.045177,0.498097,-0.316434,0.285864,-0.196643,0.655038,1.09331,0.715223,-0.134609,-0.936722,-0.542647,0.066672,0.830437,-0.176955,0.107354,0.383529,0.327025,0.081511,0.331802,0.417785,-0.225643,0.163976,0.311221,0.310201,-0.403799,0.362353,-0.467897,0.273778,0.228306,-0.275474,0.528096,-0.275503,-0.29993,-0.079604,0.212299,-1.268979,-0.113351,-0.213858,-0.125165,-0.101245,-0.247413,0.024737,-0.754266,0.555545,-0.74877,0.543239,-0.079566,-0.314316,-0.449396,-0.626809,-0.466455,-0.157046,0.005609,-0.563912,0.237883,-0.091513,0.396278,-0.079415,-0.150354
1310,"Takamori, Natsumi",staff_11659,0.029769,-0.092466,0.030462,-0.269954,0.008062,0.184022,0.200603,-0.105178,0.228793,0.099967,-0.144539,0.074861,0.126572,-0.013222,0.007396,-0.342354,0.272551,0.061674,0.118296,-0.005118,0.235833,-1.9e-05,-0.200847,-0.142582,0.111301,0.28527,-0.47477,0.12423,-0.187181,0.21417,-0.422842,0.040659,0.275449,-0.354577,0.390071,-0.224668,0.03038,0.007378,-0.174669,0.109022,0.126231,0.067006,0.396854,-0.28307,-0.050108,-0.336184,0.055371,-0.28846,0.08048,0.262008,-0.099653,-0.038585,0.17151,0.267074,0.01039,-0.352116,0.249806,0.096677,-0.141801,0.255137,-0.228964,-0.035012,0.099033,-0.167244
1311,"Abe, Atsushi",staff_991,0.068285,-0.10096,0.056659,-0.283693,-0.008843,0.229782,0.182325,-0.135106,0.226512,0.092981,-0.158089,0.082586,0.135315,0.014313,0.028951,-0.327323,0.251407,0.062072,0.115446,-0.006449,0.232908,0.001501,-0.220355,-0.133097,0.153245,0.285779,-0.482367,0.154575,-0.205841,0.263177,-0.414718,0.045994,0.268698,-0.289991,0.407671,-0.179785,0.064195,0.008987,-0.135049,0.094708,0.121004,0.058253,0.394047,-0.277223,-0.030345,-0.347782,0.018456,-0.27881,0.06983,0.308175,-0.114245,-0.001012,0.190433,0.257895,0.004624,-0.352431,0.261801,0.129717,-0.185337,0.222209,-0.203735,-0.04468,0.074785,-0.18742
1312,"Hino, Satoshi",staff_245,0.071692,-0.099495,0.009282,-0.293424,0.035549,0.23834,0.193792,-0.186023,0.199723,0.100302,-0.112136,0.079652,0.157881,-0.025466,0.039524,-0.291038,0.243255,0.001596,0.117017,0.006639,0.260352,-0.011035,-0.186539,-0.144445,0.155903,0.304392,-0.455992,0.16343,-0.227331,0.289462,-0.434432,0.061933,0.296638,-0.304126,0.389576,-0.206439,0.103756,0.013412,-0.109551,0.061231,0.166821,0.018696,0.369467,-0.29607,0.001522,-0.381959,0.003664,-0.258317,0.084706,0.275303,-0.099425,0.017178,0.168031,0.296165,-0.034368,-0.306297,0.259625,0.123477,-0.212728,0.223208,-0.233375,-0.051508,0.091295,-0.214683
1313,"Igarashi, Takuya",staff_10087,-0.222553,-0.382804,-0.243676,0.104012,0.317267,-0.048512,0.481938,-0.315916,0.289256,-0.187747,0.566926,1.127374,0.67461,-0.111385,-1.055268,-0.513606,0.006105,0.892726,-0.142415,0.030451,0.381441,0.37018,0.086729,0.271732,0.475241,-0.188081,0.102275,0.312657,0.230333,-0.329174,0.384784,-0.383206,0.264877,0.183417,-0.230919,0.435488,-0.393826,-0.312537,-0.115477,0.198432,-1.256421,-0.074981,-0.119553,-0.194545,-0.135933,-0.258642,0.014617,-0.679749,0.550507,-0.733998,0.54504,-0.086158,-0.391441,-0.43341,-0.609924,-0.431774,-0.085816,0.065973,-0.611009,0.320175,-0.116834,0.297903,-0.051163,-0.13966
1314,"Omigawa, Chiaki",staff_1760,0.094225,-0.135139,0.103995,-0.313276,-0.003585,0.289023,0.161404,-0.195698,0.273633,0.149931,-0.145887,0.139896,0.096961,-0.03263,0.036167,-0.357754,0.259447,0.03213,0.143966,0.020392,0.229952,0.049805,-0.245784,-0.19905,0.161762,0.241263,-0.480505,0.175963,-0.260577,0.326703,-0.414493,0.047458,0.27559,-0.319024,0.3488,-0.157539,0.146767,0.014571,-0.152488,0.137948,0.168632,0.042168,0.316811,-0.247034,0.011539,-0.345944,0.047918,-0.321557,0.062871,0.270315,-0.069431,-0.038904,0.191204,0.275105,-0.022478,-0.328289,0.170502,0.221738,-0.217723,0.221218,-0.186694,-0.049599,0.036142,-0.195931
1315,"Kobayashi, Yumiko",staff_539,0.099224,-0.119373,0.056588,-0.306111,0.019169,0.242804,0.172709,-0.17416,0.264648,0.180782,-0.129837,0.105502,0.073379,-0.049586,0.038409,-0.350724,0.265707,0.009143,0.116308,0.014461,0.253775,0.074129,-0.217935,-0.215042,0.152983,0.261457,-0.460572,0.138461,-0.217632,0.267751,-0.437181,0.03101,0.281261,-0.38695,0.336948,-0.203993,0.113378,0.033861,-0.125801,0.146411,0.181248,0.041078,0.313166,-0.264662,0.020155,-0.341466,0.032262,-0.289929,0.0563,0.202081,-0.094012,-0.049459,0.158869,0.314248,-0.010395,-0.30245,0.133995,0.184411,-0.197669,0.218971,-0.210436,-0.034242,0.059837,-0.179315
1316,"Uchiyama, Kouki",staff_1764,0.076849,-0.10077,0.042709,-0.254486,0.019282,0.188501,0.187587,-0.150678,0.224572,0.106308,-0.114169,0.076188,0.134978,-0.010562,-0.00222,-0.341607,0.247586,0.026963,0.118987,-0.003457,0.229783,0.005592,-0.199944,-0.16088,0.136088,0.278429,-0.475208,0.151931,-0.205439,0.225312,-0.40923,0.051249,0.265556,-0.356372,0.386949,-0.203636,0.073724,0.028946,-0.155829,0.11056,0.143421,0.051154,0.354089,-0.274592,-0.008504,-0.329627,0.029082,-0.29529,0.085305,0.239758,-0.114519,-0.018152,0.161425,0.28659,-0.00439,-0.328122,0.227676,0.130869,-0.172715,0.240791,-0.227907,-0.032102,0.081967,-0.190033
1317,"Nazuka, Kaori",staff_78,0.057539,-0.054567,0.071881,-0.287375,-0.014688,0.165674,0.190657,-0.07936,0.252451,0.105836,-0.175325,0.09624,0.130356,0.024493,0.045779,-0.397218,0.320064,0.08464,0.134562,-0.011264,0.233247,0.009191,-0.204146,-0.12721,0.126545,0.282107,-0.463225,0.140612,-0.156264,0.185746,-0.447013,0.024342,0.29219,-0.373696,0.387818,-0.217133,0.035857,-0.019472,-0.166388,0.12354,0.137357,0.086052,0.398059,-0.264156,-0.065056,-0.289998,0.053469,-0.302875,0.063009,0.262588,-0.097324,-0.06847,0.207385,0.258482,0.051797,-0.348918,0.253607,0.141525,-0.118946,0.236146,-0.209931,-0.049854,0.074145,-0.148823
1318,"Takahira, Narumi",staff_5186,0.108391,-0.101775,0.013206,-0.227893,0.050216,0.137557,0.165619,-0.177404,0.192275,0.091007,-0.045882,0.073222,0.135834,-0.044982,-0.037583,-0.332002,0.200671,-0.010486,0.104007,-0.008152,0.193332,-0.009463,-0.151056,-0.209431,0.111372,0.261013,-0.483201,0.176881,-0.224845,0.212202,-0.388413,0.072767,0.25106,-0.372093,0.375836,-0.203193,0.076103,0.081617,-0.188025,0.101752,0.167906,0.044983,0.301197,-0.286184,0.03493,-0.330769,0.004048,-0.29283,0.100843,0.178208,-0.149859,-0.031544,0.114198,0.317076,-0.012462,-0.297436,0.207947,0.140461,-0.170039,0.262082,-0.241832,0.008434,0.067078,-0.187529
1319,"Konishi, Katsuyuki",staff_20,0.067958,-0.072774,0.072105,-0.260954,-0.01,0.161431,0.185194,-0.110136,0.24627,0.100259,-0.140616,0.090252,0.140692,0.01898,0.01657,-0.387608,0.290587,0.064566,0.130461,0.002627,0.224972,-0.000969,-0.192206,-0.137326,0.122605,0.262661,-0.461667,0.153923,-0.178949,0.196693,-0.419626,0.045374,0.268336,-0.377632,0.381795,-0.205858,0.064086,0.00074,-0.179533,0.122494,0.138008,0.071985,0.378813,-0.260392,-0.043253,-0.297127,0.058449,-0.32104,0.084557,0.249919,-0.111627,-0.042552,0.186618,0.258575,0.025857,-0.342763,0.251354,0.147497,-0.130896,0.23941,-0.215096,-0.050411,0.077962,-0.162675
1320,"Sugou, Takayuki",staff_37,0.124779,-0.14343,0.085534,-0.295871,-0.010068,0.249151,0.14019,-0.164249,0.237652,0.163346,-0.135356,0.111091,0.088415,-0.001441,0.032362,-0.370196,0.232694,0.042159,0.115943,0.004192,0.212872,0.05775,-0.250032,-0.18423,0.192821,0.277832,-0.487125,0.183336,-0.211858,0.282629,-0.400097,0.039689,0.262173,-0.350655,0.369489,-0.16536,0.118378,0.014055,-0.1244,0.14707,0.178244,0.031469,0.334261,-0.276629,0.033522,-0.327088,0.018928,-0.294648,0.069109,0.2409,-0.121713,-0.030019,0.14699,0.274723,-0.000471,-0.318063,0.161956,0.186386,-0.199995,0.186117,-0.188732,-0.024406,0.020056,-0.188624
1321,"Fukui, Yukari",staff_359,0.098408,-0.116813,0.050113,-0.265557,0.016032,0.190056,0.169005,-0.182594,0.231133,0.125593,-0.082907,0.091341,0.12118,-0.034362,-0.00139,-0.35252,0.21833,0.013503,0.114867,0.012387,0.221555,0.018008,-0.189442,-0.194686,0.154241,0.26442,-0.471921,0.171781,-0.223981,0.246103,-0.396122,0.061278,0.246082,-0.3748,0.361743,-0.199244,0.103639,0.056383,-0.155793,0.121415,0.178926,0.044224,0.310269,-0.282191,0.028333,-0.338731,0.023943,-0.297967,0.098518,0.193326,-0.127772,-0.0195,0.134206,0.295285,-0.019423,-0.297187,0.188456,0.174112,-0.175741,0.233809,-0.220273,-0.019944,0.065313,-0.189059
1323,"Abo, Takao",staff_38759,-0.2372,-0.30976,-0.348122,-0.016056,0.306097,-0.104677,0.495338,-0.296075,0.327879,-0.126245,0.691941,1.076349,0.753328,-0.136956,-0.857433,-0.493673,-0.031327,0.916697,-0.199982,0.145557,0.424042,0.372998,0.034197,0.322286,0.376271,-0.327622,0.163432,0.261305,0.321295,-0.297623,0.402192,-0.532525,0.287993,0.267659,-0.310278,0.60537,-0.196441,-0.294732,-0.124705,0.230296,-1.256504,-0.153774,-0.324642,-0.040055,-0.112043,-0.229265,-0.019023,-0.733946,0.677023,-0.712077,0.521077,-0.056337,-0.306657,-0.480977,-0.500379,-0.373496,-0.259313,0.025471,-0.554634,0.225913,-0.001,0.402776,0.015896,-0.054408
1324,"Hidaka, Rina",staff_5250,0.077872,-0.08559,0.023584,-0.268985,0.031807,0.238134,0.185094,-0.200318,0.22518,0.108027,-0.113454,0.078809,0.162672,-0.007228,-0.002519,-0.275061,0.248561,-0.002013,0.110727,0.015338,0.264369,0.006797,-0.181469,-0.167537,0.158164,0.290211,-0.445496,0.171185,-0.249947,0.283237,-0.43508,0.053508,0.279085,-0.319319,0.385451,-0.185003,0.121786,0.022151,-0.098943,0.058425,0.1799,0.024734,0.345668,-0.271026,5e-05,-0.378737,-0.003288,-0.276592,0.080729,0.267629,-0.089822,0.037707,0.172115,0.289292,-0.044383,-0.303313,0.252717,0.142174,-0.226799,0.220774,-0.225428,-0.04723,0.088413,-0.216366
1325,"Asai, Yoshiyuki",staff_37429,-0.240981,-0.390016,-0.394013,-0.03195,0.368609,-0.050473,0.552046,-0.304967,0.309873,-0.134241,0.72345,1.096863,0.749725,-0.09916,-0.891708,-0.50703,0.052751,0.859397,-0.187009,0.151953,0.412201,0.334908,0.044966,0.326238,0.391525,-0.301241,0.141082,0.25854,0.285427,-0.398579,0.372754,-0.508635,0.311204,0.281882,-0.319109,0.53875,-0.228562,-0.271783,-0.059534,0.234772,-1.296842,-0.179705,-0.289864,-0.041781,-0.093852,-0.263674,-0.008185,-0.794045,0.620587,-0.745914,0.546803,-0.059371,-0.289411,-0.429324,-0.57185,-0.45233,-0.258009,-0.017421,-0.556644,0.20606,-0.065604,0.407217,-0.048546,-0.119269
1326,"Asakura, Momo",staff_26543,0.071083,-0.069238,0.058189,-0.279722,0.016626,0.2014,0.183867,-0.149448,0.259561,0.145109,-0.128106,0.101202,0.095959,-0.01701,0.009531,-0.334693,0.277903,0.030178,0.101912,0.023349,0.238049,0.021955,-0.171156,-0.20128,0.134874,0.255397,-0.424727,0.165491,-0.210374,0.236496,-0.445369,0.027531,0.28536,-0.393831,0.373017,-0.193868,0.081686,0.025456,-0.145135,0.124296,0.162965,0.071065,0.331357,-0.2786,-0.027784,-0.334759,0.040388,-0.295272,0.086214,0.217954,-0.103601,-0.035263,0.176028,0.294935,0.002539,-0.310326,0.18388,0.161654,-0.168754,0.246796,-0.219493,-0.042001,0.066946,-0.141688
1327,"Mizushima, Daichuu",staff_279,0.089005,-0.104238,0.02427,-0.287001,0.039679,0.224095,0.181105,-0.169961,0.21169,0.143263,-0.110317,0.088971,0.105858,-0.035763,0.029731,-0.315675,0.243832,0.001076,0.101293,0.004985,0.241291,0.022107,-0.19016,-0.191424,0.146424,0.287722,-0.45634,0.16171,-0.211521,0.265036,-0.431785,0.043846,0.297205,-0.349403,0.376708,-0.203857,0.09042,0.025331,-0.124486,0.107523,0.162837,0.033372,0.339714,-0.297261,0.004772,-0.353542,0.013239,-0.262249,0.074408,0.22857,-0.112206,-0.019793,0.152812,0.313912,-0.013865,-0.304979,0.186521,0.13332,-0.200612,0.230265,-0.231414,-0.030719,0.067631,-0.181014
1328,"Itou, Naoyuki",staff_40519,-0.247737,-0.27558,-0.390979,0.010841,0.318191,-0.089594,0.499239,-0.310421,0.311602,-0.081383,0.695584,1.08901,0.772233,-0.102976,-0.835063,-0.488106,-0.05984,0.924659,-0.246589,0.204794,0.453827,0.36618,0.038889,0.326476,0.364813,-0.337154,0.1586,0.237692,0.323868,-0.289399,0.389105,-0.523548,0.280563,0.277775,-0.333195,0.584048,-0.182681,-0.252922,-0.120358,0.202336,-1.279374,-0.120452,-0.327083,-0.009293,-0.077915,-0.22609,-0.068887,-0.768245,0.671078,-0.73254,0.487901,-0.023156,-0.27599,-0.462133,-0.479987,-0.37019,-0.273594,0.033722,-0.514476,0.204604,0.02883,0.377626,-0.015141,-0.061293
1330,"Motohiro, Katsuyuki",staff_19910,-0.146695,-0.420645,-0.371021,-0.044402,0.372289,-0.052443,0.568012,-0.292085,0.287245,-0.133332,0.660308,1.114896,0.70253,-0.125028,-0.932409,-0.518185,0.034677,0.83722,-0.134106,0.129234,0.408412,0.328449,0.09243,0.34359,0.410509,-0.26382,0.130293,0.336137,0.269337,-0.423479,0.365377,-0.4655,0.336199,0.295824,-0.308726,0.533664,-0.236786,-0.2817,-0.018229,0.198492,-1.270086,-0.136453,-0.250484,-0.0638,-0.115602,-0.259216,-0.036892,-0.737417,0.613639,-0.723624,0.538161,-0.0816,-0.275515,-0.464602,-0.591863,-0.4381,-0.209278,-0.043373,-0.583885,0.202708,-0.073558,0.421539,-0.051428,-0.146014
1331,"Shiotani, Naoyoshi",staff_15235,-0.147682,-0.424625,-0.383226,-0.044126,0.386102,-0.030784,0.563761,-0.294181,0.271243,-0.145822,0.680577,1.124236,0.710491,-0.122433,-0.917748,-0.531335,0.054889,0.812782,-0.138681,0.133173,0.410541,0.307155,0.092519,0.358877,0.404622,-0.268792,0.130522,0.338772,0.280649,-0.441289,0.349204,-0.475419,0.325633,0.286219,-0.311064,0.533458,-0.235004,-0.277498,-0.006649,0.201677,-1.266152,-0.154459,-0.263669,-0.052383,-0.094053,-0.25372,-0.03356,-0.769696,0.594157,-0.738727,0.545596,-0.088372,-0.265794,-0.447846,-0.602574,-0.473015,-0.214411,-0.054231,-0.574754,0.185957,-0.085354,0.432488,-0.059457,-0.170973
1333,"Yonetani, Yoshitomo",staff_12262,-0.10101,-0.423418,-0.312109,0.019972,0.385267,-0.046981,0.525847,-0.346256,0.271264,-0.157743,0.591462,1.128652,0.598517,-0.109052,-0.992964,-0.581024,-0.047544,0.823104,-0.106601,0.07453,0.413387,0.332234,0.116414,0.350526,0.413357,-0.187033,0.049692,0.419571,0.255802,-0.352948,0.349393,-0.457985,0.280635,0.30034,-0.257158,0.479994,-0.300307,-0.261594,-0.030686,0.163998,-1.158447,-0.087335,-0.245697,-0.078467,-0.049655,-0.207381,-0.065257,-0.73626,0.695761,-0.750028,0.460657,-0.167829,-0.216917,-0.397342,-0.60347,-0.466229,-0.157448,-0.034371,-0.539286,0.245753,-0.070879,0.449013,-0.07355,-0.163912
1334,"Takahashi, Minami",staff_22003,0.073473,-0.098124,0.022987,-0.243579,0.032236,0.179415,0.182409,-0.173888,0.216206,0.091925,-0.087513,0.074655,0.156105,-0.024387,-0.023151,-0.311032,0.230839,0.00732,0.116377,-0.003016,0.234786,-0.010536,-0.173227,-0.172199,0.129461,0.275281,-0.467904,0.162515,-0.227142,0.236957,-0.40209,0.070079,0.253025,-0.344019,0.380882,-0.202329,0.085024,0.048141,-0.154791,0.092189,0.154839,0.044317,0.339152,-0.276489,-0.000166,-0.346508,0.016043,-0.294217,0.088982,0.236133,-0.117494,0.0052,0.146906,0.290931,-0.024443,-0.313895,0.244308,0.130986,-0.181325,0.248441,-0.24304,-0.026041,0.089875,-0.201536
1335,"Kondou, Takayuki",staff_829,0.097071,-0.105186,0.023796,-0.321128,0.058213,0.272839,0.180591,-0.186327,0.273031,0.151013,-0.155245,0.114781,0.068425,-0.070893,0.050311,-0.292409,0.296203,-0.012564,0.115446,0.00055,0.244845,0.05692,-0.208224,-0.238653,0.105785,0.230835,-0.459642,0.136107,-0.2503,0.308252,-0.475902,0.04637,0.316174,-0.310414,0.335959,-0.177007,0.099782,0.040615,-0.134525,0.132083,0.143614,0.042296,0.326012,-0.250594,0.012208,-0.376764,0.011922,-0.280932,0.016587,0.274197,-0.0692,-0.062664,0.200658,0.343668,-0.00855,-0.326749,0.153085,0.170427,-0.241739,0.248181,-0.21618,-0.051184,0.070568,-0.181382
1336,"Toyosaki, Aki",staff_599,0.051642,-0.086111,0.070693,-0.276291,0.016583,0.234805,0.211756,-0.119446,0.256515,0.101249,-0.191366,0.086301,0.105439,0.002481,0.036584,-0.338742,0.29969,0.063247,0.133452,0.002499,0.22194,0.0147,-0.233364,-0.130214,0.117665,0.25562,-0.474052,0.13036,-0.192948,0.244416,-0.450445,0.034455,0.30575,-0.324403,0.413007,-0.193841,0.053074,-0.007273,-0.176255,0.124472,0.098307,0.074125,0.418314,-0.255353,-0.035981,-0.329443,0.060483,-0.312736,0.066063,0.316147,-0.067978,-0.053851,0.220996,0.267403,0.014896,-0.370929,0.246795,0.12964,-0.168088,0.241471,-0.200468,-0.066406,0.089463,-0.172799
1337,"Ono, Yuuki",staff_1154,0.075835,-0.098297,0.029078,-0.229226,0.037842,0.164354,0.179527,-0.138659,0.211026,0.091119,-0.110126,0.070995,0.140541,-0.010799,-0.026183,-0.331627,0.248376,0.023996,0.119094,-0.019043,0.208379,-0.002124,-0.192661,-0.162922,0.114134,0.274312,-0.48411,0.157351,-0.203184,0.206993,-0.405693,0.057184,0.268932,-0.353899,0.392465,-0.203068,0.056762,0.031908,-0.177277,0.110564,0.137251,0.051752,0.361137,-0.269266,-0.007787,-0.318552,0.026116,-0.303191,0.07637,0.243941,-0.114145,-0.032089,0.15227,0.28612,0.001146,-0.333674,0.238134,0.109739,-0.164593,0.249123,-0.240747,-0.016135,0.076355,-0.189155
1338,"Yamakawa, Yoshiki",staff_11066,-0.18164,-0.362649,-0.329014,0.014889,0.363067,-0.045087,0.503161,-0.308087,0.288128,-0.17239,0.639622,1.110686,0.705209,-0.111427,-0.933866,-0.536703,0.004278,0.856677,-0.178411,0.112087,0.410168,0.333725,0.089869,0.332205,0.419748,-0.237476,0.13154,0.320816,0.29211,-0.370108,0.342936,-0.469633,0.263203,0.249386,-0.291825,0.530027,-0.276248,-0.27919,-0.070388,0.191909,-1.231321,-0.117024,-0.245707,-0.095738,-0.078192,-0.235596,-0.026925,-0.73728,0.607369,-0.731331,0.516884,-0.095065,-0.297235,-0.448604,-0.593107,-0.436615,-0.168805,0.007493,-0.553325,0.245315,-0.067076,0.399846,-0.061817,-0.13803
1339,"Minase, Inori",staff_11297,0.067982,-0.098019,0.027137,-0.270493,0.030363,0.231025,0.20273,-0.173096,0.217571,0.093562,-0.128456,0.070207,0.150354,-0.012923,0.018867,-0.302995,0.248603,0.017461,0.122349,0.003604,0.249532,-0.00089,-0.206975,-0.139195,0.150507,0.294816,-0.469032,0.148292,-0.221771,0.262665,-0.430011,0.051996,0.286394,-0.316018,0.4034,-0.201746,0.088474,0.015903,-0.126174,0.075706,0.146026,0.03443,0.377578,-0.278228,-0.003885,-0.364769,0.015923,-0.277068,0.084969,0.277821,-0.092301,0.006955,0.17922,0.287457,-0.025482,-0.326975,0.257661,0.121715,-0.20406,0.228568,-0.223273,-0.050607,0.09607,-0.2172
1342,"Kikuchi, Yasuhito",staff_11444,-0.155614,-0.371255,-0.343348,0.012153,0.353131,-0.058748,0.514517,-0.326575,0.288884,-0.129203,0.635401,1.118992,0.66653,-0.099434,-0.931058,-0.544591,-0.059262,0.862106,-0.159901,0.123535,0.436758,0.338953,0.088011,0.343334,0.396206,-0.24814,0.087921,0.344518,0.274834,-0.327479,0.353941,-0.488039,0.274826,0.291547,-0.294263,0.528515,-0.256543,-0.25518,-0.06223,0.175598,-1.192136,-0.110869,-0.29111,-0.043534,-0.05834,-0.216636,-0.076256,-0.752404,0.694818,-0.735994,0.465184,-0.122081,-0.239367,-0.420478,-0.548389,-0.427098,-0.211089,-0.007627,-0.524216,0.229945,-0.033338,0.424757,-0.04822,-0.123587
1343,"Okasaki, Miho",staff_47918,0.110047,-0.096758,0.006709,-0.219513,0.052779,0.157756,0.163696,-0.174299,0.191193,0.098803,-0.06863,0.064971,0.143309,-0.026743,-0.040208,-0.321094,0.219503,-0.014073,0.102395,-0.011068,0.206355,0.005286,-0.169982,-0.190519,0.120869,0.277803,-0.483404,0.172187,-0.226858,0.215515,-0.392633,0.059751,0.267111,-0.370071,0.380469,-0.196157,0.088253,0.054547,-0.158091,0.085546,0.171405,0.028272,0.317049,-0.271663,0.030283,-0.329064,-0.002165,-0.283814,0.083356,0.19882,-0.134619,-0.026019,0.12417,0.309957,-0.016046,-0.307208,0.216788,0.124264,-0.191131,0.23671,-0.235772,0.008345,0.062792,-0.207404
1344,"Tanaka, Minami",staff_24265,0.104362,-0.100623,0.036869,-0.258545,0.026413,0.209446,0.167527,-0.190669,0.235124,0.122984,-0.099511,0.087963,0.1351,-0.016704,-0.013133,-0.320485,0.241509,-0.000619,0.111839,0.012477,0.231416,0.02254,-0.187913,-0.194215,0.144175,0.264029,-0.46455,0.172685,-0.243737,0.261192,-0.413755,0.058686,0.262595,-0.355972,0.362638,-0.18053,0.121704,0.038729,-0.135402,0.097973,0.178829,0.02986,0.317522,-0.263071,0.021709,-0.350359,0.01061,-0.296706,0.078524,0.227392,-0.109294,-0.003064,0.151018,0.297463,-0.027171,-0.306917,0.209482,0.164694,-0.208121,0.224378,-0.214997,-0.027696,0.069887,-0.20449
1345,"Tokutake, Tatsuya",staff_39625,0.106527,-0.102952,0.010815,-0.225916,0.052563,0.137988,0.165579,-0.178413,0.193774,0.092618,-0.049461,0.074616,0.135982,-0.047378,-0.038591,-0.330373,0.20079,-0.010013,0.104214,-0.008858,0.19339,-0.012786,-0.15163,-0.205495,0.113226,0.260348,-0.482461,0.179582,-0.226168,0.214762,-0.383767,0.074827,0.250508,-0.375017,0.372966,-0.201532,0.077996,0.079847,-0.185624,0.103647,0.166257,0.044104,0.301537,-0.286235,0.033976,-0.331709,0.006575,-0.291709,0.099282,0.178802,-0.149622,-0.033007,0.112468,0.315374,-0.014431,-0.299591,0.207462,0.139605,-0.169103,0.259884,-0.243474,0.010962,0.066345,-0.188267
1346,"Ishihama, Masashi",staff_10936,-0.134577,-0.357184,-0.330422,0.044985,0.399703,-0.039949,0.509356,-0.367949,0.260163,-0.169398,0.566869,1.056938,0.674504,-0.143532,-0.957423,-0.577669,-0.014554,0.856054,-0.157922,0.142284,0.423369,0.371877,0.133903,0.351763,0.418571,-0.160705,0.144074,0.353359,0.331004,-0.386034,0.382254,-0.434118,0.295019,0.258772,-0.260348,0.48038,-0.289634,-0.275483,-0.072715,0.146858,-1.262385,-0.017745,-0.16525,-0.134608,-0.11894,-0.248614,0.003867,-0.735505,0.580406,-0.761424,0.476471,-0.04443,-0.273176,-0.4629,-0.623753,-0.428988,-0.131712,0.012537,-0.553856,0.242769,-0.04757,0.382279,-0.111621,-0.126702
1348,"Suzuki, Chihiro",staff_164,-0.037062,-0.014239,0.113786,-0.171108,-0.039311,0.097591,0.25543,0.008059,0.29689,0.020384,-0.227489,0.060129,0.197288,0.142844,-0.062561,-0.414182,0.397108,0.161791,0.160964,0.015951,0.178789,-0.0648,-0.228004,-0.041018,0.042804,0.233666,-0.45638,0.122483,-0.135682,0.088299,-0.450587,0.040572,0.268138,-0.39006,0.453248,-0.208943,-0.016717,-0.093253,-0.295692,0.141799,0.018417,0.125686,0.520653,-0.221533,-0.17066,-0.249509,0.169283,-0.425871,0.116691,0.374002,-0.037003,-0.032425,0.271726,0.171432,0.05886,-0.455077,0.386093,0.051196,-0.055079,0.300807,-0.213436,-0.135188,0.160953,-0.13665
1349,"Nabatame, Hitomi",staff_184,0.007819,-0.051204,0.075267,-0.216059,0.003729,0.132692,0.215048,-0.023482,0.263397,0.063219,-0.21565,0.074176,0.134812,0.056984,-0.019468,-0.380776,0.351161,0.122047,0.145876,-0.027668,0.184681,-0.013059,-0.230225,-0.102824,0.065902,0.257454,-0.480442,0.120625,-0.13959,0.130813,-0.45354,0.026466,0.292098,-0.360249,0.429126,-0.213301,-0.03,-0.040812,-0.245043,0.148027,0.060855,0.109602,0.469005,-0.240893,-0.112755,-0.268385,0.098484,-0.354189,0.060047,0.325577,-0.063824,-0.084334,0.232507,0.228999,0.065701,-0.41354,0.292548,0.067672,-0.089163,0.278318,-0.230146,-0.064076,0.099276,-0.138184
1350,"Kobayashi, Sanae",staff_149,0.023939,-0.04305,0.058881,-0.243993,0.003137,0.139583,0.236515,-0.075689,0.24879,0.08277,-0.159715,0.066187,0.149872,0.027845,0.012982,-0.376238,0.322335,0.081558,0.140658,-0.002006,0.235766,-0.022547,-0.194914,-0.110985,0.089951,0.281164,-0.457137,0.113132,-0.142811,0.151636,-0.452148,0.027414,0.290507,-0.384184,0.419287,-0.24521,0.002206,-0.010728,-0.197401,0.110979,0.09878,0.086607,0.424192,-0.263635,-0.0867,-0.290119,0.076751,-0.314967,0.095005,0.267521,-0.087574,-0.048737,0.224102,0.271071,0.03816,-0.373513,0.281787,0.096141,-0.105992,0.279502,-0.240476,-0.066404,0.114925,-0.150057
1351,"Hagiwara, Emiko",staff_552,-0.037062,-0.014239,0.113786,-0.171108,-0.039311,0.097591,0.25543,0.008059,0.29689,0.020384,-0.227489,0.060129,0.197288,0.142844,-0.062561,-0.414182,0.397108,0.161791,0.160964,0.015951,0.178789,-0.0648,-0.228004,-0.041018,0.042804,0.233666,-0.45638,0.122483,-0.135682,0.088299,-0.450587,0.040572,0.268138,-0.39006,0.453248,-0.208943,-0.016717,-0.093253,-0.295692,0.141799,0.018417,0.125686,0.520653,-0.221533,-0.17066,-0.249509,0.169283,-0.425871,0.116691,0.374002,-0.037003,-0.032425,0.271726,0.171432,0.05886,-0.455077,0.386093,0.051196,-0.055079,0.300807,-0.213436,-0.135188,0.160953,-0.13665
1352,"Noto, Mamiko",staff_40,0.013717,-0.03691,0.089697,-0.219874,-0.005891,0.148485,0.212939,-0.045623,0.277383,0.072151,-0.207139,0.077998,0.133266,0.066985,-0.025807,-0.373909,0.348566,0.117409,0.135955,0.000437,0.191938,-0.008573,-0.217466,-0.111618,0.087389,0.250896,-0.454555,0.137392,-0.160283,0.144011,-0.459515,0.012806,0.291093,-0.385068,0.432665,-0.199439,0.000425,-0.039468,-0.225002,0.135673,0.086252,0.112095,0.446361,-0.239068,-0.103375,-0.278618,0.09831,-0.359771,0.084103,0.309774,-0.060832,-0.067794,0.234769,0.224654,0.052907,-0.395611,0.286247,0.094813,-0.101983,0.270016,-0.211514,-0.070877,0.093891,-0.134301
1353,"Hiyama, Nobuyuki",staff_257,0.107715,-0.100938,0.012891,-0.224603,0.049761,0.136717,0.164273,-0.178008,0.194562,0.091684,-0.049775,0.073914,0.136817,-0.04419,-0.03313,-0.33383,0.20311,-0.010035,0.099707,-0.005953,0.19325,-0.007839,-0.150542,-0.208718,0.111946,0.25745,-0.482243,0.18014,-0.225432,0.212364,-0.386185,0.073179,0.251066,-0.367409,0.36974,-0.202229,0.077876,0.081695,-0.184967,0.101237,0.165907,0.045074,0.301547,-0.283585,0.031725,-0.331657,0.003569,-0.290005,0.095851,0.176845,-0.151594,-0.032263,0.118498,0.314561,-0.01459,-0.296013,0.202499,0.139886,-0.170196,0.259157,-0.242289,0.007885,0.066373,-0.186811
1354,"Suwabe, Junichi",staff_95,0.076092,-0.080382,0.053294,-0.266488,0.010421,0.20095,0.174923,-0.139575,0.232888,0.101318,-0.137919,0.087756,0.134752,0.010434,0.008836,-0.336416,0.269725,0.03477,0.10957,0.002947,0.225943,0.006349,-0.19395,-0.15404,0.140288,0.266515,-0.463888,0.169823,-0.215445,0.239852,-0.419383,0.048322,0.277956,-0.344876,0.388582,-0.181322,0.089869,0.006135,-0.149005,0.108332,0.142174,0.064654,0.366214,-0.267325,-0.019153,-0.328258,0.031545,-0.303461,0.073827,0.270657,-0.103673,-0.018812,0.174247,0.264961,0.005406,-0.329573,0.247317,0.143508,-0.177195,0.225794,-0.205495,-0.043489,0.07834,-0.180981
1355,"Harada, Hitomi",staff_8030,0.065703,-0.109706,-0.005921,-0.280745,0.057652,0.219889,0.217213,-0.199318,0.180236,0.07835,-0.085682,0.063296,0.15899,-0.050827,0.033848,-0.287449,0.207358,-0.00726,0.120613,0.003051,0.248143,-0.030543,-0.184512,-0.145374,0.155163,0.313762,-0.471287,0.151725,-0.223244,0.271714,-0.429056,0.068724,0.291993,-0.305355,0.410042,-0.227759,0.081101,0.039083,-0.13063,0.059557,0.156127,0.023076,0.364057,-0.31647,0.016866,-0.391371,0.002942,-0.250141,0.111174,0.246663,-0.106813,0.0152,0.153473,0.314822,-0.041859,-0.299515,0.257042,0.107483,-0.203296,0.247725,-0.245292,-0.044097,0.109556,-0.226438
1356,"Aoki, Ei",staff_12163,-0.189553,-0.369882,-0.383841,-0.006319,0.356524,-0.03087,0.534716,-0.299771,0.280586,-0.123859,0.691097,1.128927,0.735007,-0.097608,-0.896109,-0.521396,0.005813,0.850327,-0.185352,0.158373,0.437778,0.307838,0.070105,0.35266,0.396254,-0.296867,0.124435,0.299155,0.282468,-0.379104,0.34303,-0.484365,0.29563,0.269284,-0.328981,0.54373,-0.236119,-0.249559,-0.04069,0.18806,-1.256856,-0.151823,-0.301561,-0.031236,-0.069556,-0.242301,-0.064224,-0.782852,0.618553,-0.736676,0.518338,-0.076556,-0.266613,-0.440535,-0.548989,-0.447021,-0.238118,-0.018404,-0.541435,0.198477,-0.04941,0.398255,-0.051139,-0.141343
1357,"Koyama, Rikiya",staff_113,0.071744,-0.106148,0.01229,-0.231947,0.041214,0.163491,0.183374,-0.166454,0.202297,0.08743,-0.07753,0.069994,0.155243,-0.03391,-0.023827,-0.317565,0.223594,0.0008,0.116043,-0.011277,0.224331,-0.012441,-0.173171,-0.172711,0.118873,0.276405,-0.479301,0.158972,-0.217442,0.223224,-0.396143,0.076652,0.253592,-0.34486,0.379437,-0.217337,0.074308,0.051916,-0.170821,0.099,0.149468,0.042208,0.343977,-0.281858,0.003492,-0.338208,0.020803,-0.294081,0.087756,0.224198,-0.122708,-0.005536,0.135384,0.295867,-0.021999,-0.312137,0.238985,0.115152,-0.168574,0.254495,-0.255892,-0.017479,0.092868,-0.203039
1358,"Nakata, Jouji",staff_91,0.027706,-0.069108,0.053279,-0.264129,0.001687,0.210384,0.212721,-0.118837,0.238174,0.07102,-0.165134,0.07383,0.17631,0.040778,0.015925,-0.324448,0.302089,0.056707,0.130876,0.004292,0.253845,-0.020163,-0.212477,-0.097997,0.135893,0.287773,-0.462955,0.144826,-0.199572,0.231369,-0.43754,0.052279,0.284576,-0.319134,0.418123,-0.204468,0.072766,-0.031081,-0.150895,0.092983,0.113446,0.069216,0.429215,-0.264991,-0.059183,-0.333671,0.055947,-0.316985,0.083343,0.332823,-0.066064,0.017453,0.209174,0.240325,-0.00014,-0.357284,0.320191,0.10614,-0.166664,0.238653,-0.218279,-0.086948,0.12719,-0.199507
1359,"Kawasumi, Ayako",staff_13,0.075788,-0.095738,0.027473,-0.295099,0.027703,0.232472,0.184185,-0.167636,0.202011,0.093032,-0.126398,0.08255,0.146585,-0.014804,0.045919,-0.310082,0.244699,0.01433,0.113225,-0.002782,0.248182,-0.000109,-0.197773,-0.138634,0.165146,0.299095,-0.47533,0.165676,-0.21971,0.275399,-0.42595,0.056434,0.294817,-0.30806,0.400385,-0.200168,0.098552,0.009722,-0.118406,0.081784,0.16049,0.046617,0.375002,-0.290708,0.006141,-0.358789,0.006798,-0.270066,0.076677,0.27936,-0.098647,-0.000474,0.165438,0.278711,-0.013116,-0.309617,0.264567,0.136435,-0.197503,0.215569,-0.212706,-0.042804,0.089829,-0.210467
1361,"Yoshimura, Ai",staff_16067,-0.227558,-0.380099,-0.335887,0.074591,0.34145,-0.03468,0.5133,-0.346268,0.303475,-0.128952,0.620616,1.13052,0.676373,-0.061337,-1.011208,-0.526305,-0.026754,0.879822,-0.16855,0.106785,0.424937,0.339738,0.077302,0.28798,0.428041,-0.217977,0.078544,0.279611,0.224523,-0.330112,0.364339,-0.427296,0.273096,0.245273,-0.28248,0.439706,-0.355234,-0.233724,-0.081819,0.171132,-1.251444,-0.080955,-0.202341,-0.105019,-0.08839,-0.265419,-0.057174,-0.770977,0.631551,-0.749787,0.472577,-0.098126,-0.30459,-0.382384,-0.572038,-0.440224,-0.176188,0.04054,-0.526831,0.287279,-0.073287,0.327224,-0.090826,-0.127034
1363,"Okamoto, Manabu",staff_42076,-0.231763,-0.31496,-0.352542,-0.00567,0.310125,-0.090519,0.499341,-0.301529,0.317442,-0.120211,0.687175,1.094906,0.747864,-0.1151,-0.864489,-0.500147,-0.043992,0.91819,-0.20489,0.152819,0.438645,0.366248,0.043871,0.328936,0.382245,-0.320757,0.150299,0.262244,0.315073,-0.297187,0.38335,-0.528748,0.275943,0.271578,-0.312453,0.58831,-0.206978,-0.281619,-0.115798,0.218118,-1.247614,-0.146581,-0.324229,-0.031707,-0.091967,-0.223617,-0.044378,-0.748747,0.67562,-0.71841,0.508672,-0.059351,-0.299624,-0.463883,-0.50155,-0.383188,-0.257005,0.021726,-0.541048,0.225458,-0.004379,0.3978,0.004261,-0.068838
1364,"Uchiyama, Yumi",staff_11784,0.01085,-0.053017,0.058668,-0.261352,-0.004128,0.235478,0.224115,-0.143521,0.272608,0.075646,-0.173369,0.082364,0.183967,0.04792,-0.00416,-0.293115,0.314256,0.058195,0.134505,0.030009,0.266789,-0.026179,-0.200973,-0.109475,0.140672,0.276674,-0.421795,0.154243,-0.22485,0.254125,-0.462843,0.049968,0.279784,-0.315671,0.416892,-0.189591,0.08746,-0.034257,-0.135908,0.073763,0.126273,0.062037,0.424118,-0.259493,-0.078821,-0.363323,0.060752,-0.323149,0.096838,0.344624,-0.045705,0.048576,0.231322,0.2378,-0.02308,-0.354,0.325524,0.118212,-0.18291,0.244021,-0.222061,-0.109302,0.130933,-0.195827
1365,"Kakuma, Ai",staff_18511,0.035439,-0.093285,0.012865,-0.290986,0.036948,0.267785,0.219521,-0.198454,0.22108,0.092892,-0.131645,0.076721,0.176614,-0.014651,0.028032,-0.255674,0.25487,0.006902,0.128039,0.016877,0.286182,-0.018296,-0.19785,-0.129689,0.167329,0.313143,-0.440811,0.153674,-0.238219,0.304414,-0.454119,0.06459,0.293974,-0.285428,0.406885,-0.210562,0.10675,-0.00164,-0.095858,0.0531,0.159711,0.02287,0.394032,-0.294571,-0.020082,-0.403723,0.014791,-0.268119,0.091902,0.311475,-0.060731,0.059605,0.188652,0.28243,-0.055639,-0.312023,0.291377,0.113771,-0.221447,0.229914,-0.241483,-0.080936,0.123726,-0.229095
1366,"Mizushima, Seiji",staff_5083,-0.104825,-0.426157,-0.315716,0.010842,0.386466,-0.049228,0.533568,-0.346488,0.275488,-0.157674,0.596442,1.133891,0.595152,-0.101547,-0.989419,-0.577217,-0.042863,0.820064,-0.110015,0.073344,0.40822,0.329272,0.112444,0.344649,0.410554,-0.189202,0.048857,0.419929,0.249798,-0.357975,0.338053,-0.458819,0.277033,0.304503,-0.261113,0.487391,-0.293052,-0.257953,-0.02749,0.169043,-1.153091,-0.094461,-0.252796,-0.075494,-0.03583,-0.205002,-0.072716,-0.729976,0.703743,-0.74512,0.459991,-0.17646,-0.211372,-0.397762,-0.603212,-0.465492,-0.155882,-0.037779,-0.536172,0.246201,-0.073219,0.462122,-0.073558,-0.16767
1368,Lynn,staff_10929,0.035089,-0.080877,0.04152,-0.240371,0.007482,0.16919,0.194323,-0.122608,0.249066,0.097658,-0.135264,0.080093,0.150766,0.002453,-0.026334,-0.335436,0.277185,0.047165,0.123071,-0.00452,0.240519,0.001423,-0.189516,-0.1563,0.112428,0.270031,-0.464505,0.139784,-0.202633,0.204305,-0.416677,0.057277,0.25115,-0.357257,0.376375,-0.213262,0.055897,0.013285,-0.174081,0.116124,0.130172,0.070776,0.377366,-0.26315,-0.054876,-0.324345,0.053196,-0.314566,0.072297,0.257508,-0.091604,-0.008112,0.171102,0.259834,-0.000672,-0.341947,0.256654,0.115599,-0.143646,0.254328,-0.239395,-0.042007,0.107719,-0.177839
1369,"Kojima, Masayuki",staff_11507,-0.257371,-0.342565,-0.323777,-0.004528,0.341521,-0.101296,0.4823,-0.271353,0.360993,-0.180786,0.67913,1.136561,0.714787,-0.10135,-0.968745,-0.485256,0.0702,0.86422,-0.202049,0.068408,0.344223,0.329918,0.05523,0.252515,0.436716,-0.255739,0.183791,0.259414,0.265803,-0.370287,0.357499,-0.484064,0.249568,0.238592,-0.277392,0.551805,-0.283067,-0.305576,-0.112944,0.248656,-1.276048,-0.129094,-0.212061,-0.150331,-0.111755,-0.267931,-0.001909,-0.707416,0.600771,-0.712132,0.560471,-0.125269,-0.365348,-0.449102,-0.62876,-0.415699,-0.155503,0.046866,-0.554779,0.298152,-0.10569,0.384825,-0.072605,-0.125509
1370,"Tomita, Miyu",staff_39149,0.032072,-0.053084,0.069584,-0.221552,0.002432,0.161139,0.200246,-0.082952,0.257251,0.073356,-0.173414,0.080096,0.148722,0.053307,-0.031044,-0.346872,0.316818,0.082224,0.12615,-0.000606,0.20062,-0.022591,-0.200075,-0.124877,0.096204,0.252285,-0.450842,0.157728,-0.184477,0.181625,-0.437014,0.040986,0.277847,-0.355999,0.418036,-0.185463,0.03298,-0.021967,-0.203523,0.120699,0.091605,0.087676,0.421614,-0.251814,-0.083038,-0.30084,0.074575,-0.342854,0.082892,0.31154,-0.082319,-0.030089,0.212861,0.238734,0.027688,-0.378868,0.287249,0.098136,-0.13405,0.261329,-0.223838,-0.067776,0.092914,-0.153403
1373,"Yanagisawa, Tetsuya",staff_14785,-0.188824,-0.344556,-0.360052,0.006182,0.330792,-0.06159,0.508274,-0.323654,0.288199,-0.115367,0.661636,1.121663,0.706831,-0.085821,-0.886589,-0.532032,-0.074291,0.89355,-0.186319,0.152713,0.462208,0.349189,0.077058,0.346341,0.385188,-0.284582,0.112622,0.296006,0.303879,-0.310283,0.348079,-0.515093,0.260985,0.291375,-0.304075,0.547958,-0.232768,-0.256804,-0.085652,0.18692,-1.210174,-0.121489,-0.314219,-0.016798,-0.055699,-0.212028,-0.09122,-0.777304,0.689224,-0.735999,0.466691,-0.088251,-0.260949,-0.419115,-0.517478,-0.414137,-0.243948,0.000904,-0.511897,0.21896,-0.01197,0.410844,-0.026115,-0.107164
1374,"Asakura, Azumi",staff_1722,0.063745,-0.111106,-0.012384,-0.279904,0.062972,0.243958,0.209023,-0.207321,0.183511,0.095637,-0.095934,0.066762,0.16181,-0.046461,0.024938,-0.263835,0.220303,-0.018993,0.119027,0.003272,0.263792,-0.013841,-0.189021,-0.149185,0.158705,0.319103,-0.464261,0.156036,-0.234725,0.291452,-0.435947,0.068467,0.299788,-0.301054,0.402638,-0.221444,0.101059,0.024303,-0.108357,0.05325,0.1725,0.008057,0.36912,-0.30803,0.018157,-0.397653,-0.002364,-0.250158,0.094408,0.263651,-0.0881,0.030772,0.15087,0.310053,-0.054572,-0.296802,0.259043,0.104205,-0.221477,0.231382,-0.249795,-0.044389,0.107141,-0.23564
1375,"Itou, Shizuka",staff_93,0.051817,-0.081355,0.039084,-0.253058,0.011995,0.189874,0.206075,-0.143502,0.231057,0.076595,-0.132377,0.074253,0.160258,0.00926,0.000263,-0.333465,0.25956,0.044627,0.12741,0.005788,0.228409,-0.015133,-0.199661,-0.136865,0.135233,0.284688,-0.46996,0.149487,-0.208698,0.224166,-0.428709,0.056578,0.268944,-0.330139,0.40352,-0.207332,0.065577,0.006726,-0.163556,0.088741,0.135811,0.055526,0.386478,-0.278544,-0.034136,-0.345745,0.038459,-0.298173,0.094045,0.268671,-0.092671,-0.000242,0.181568,0.267081,-0.007153,-0.336829,0.274516,0.11958,-0.163969,0.245109,-0.221139,-0.054027,0.106193,-0.199539
1376,"Nojima, Kenji",staff_74,0.029233,-0.086714,0.024803,-0.237096,0.03458,0.17378,0.21913,-0.134202,0.220413,0.075236,-0.123014,0.064635,0.16425,-0.008677,-0.013053,-0.320584,0.266625,0.034218,0.13303,-0.003819,0.23628,-0.026497,-0.191077,-0.128761,0.111501,0.284594,-0.466212,0.137958,-0.196374,0.20827,-0.426732,0.064214,0.275225,-0.347376,0.405385,-0.22983,0.051262,0.009175,-0.182362,0.098401,0.122318,0.056276,0.400474,-0.279622,-0.039896,-0.337457,0.055705,-0.309431,0.096966,0.269585,-0.084271,-0.005102,0.172819,0.272471,-0.01363,-0.340271,0.279756,0.089489,-0.149237,0.264214,-0.253198,-0.056134,0.121938,-0.195604
1377,"Yase, Yuki",staff_15805,-0.15043,-0.39106,-0.329752,-0.010995,0.398159,-0.037746,0.525474,-0.280475,0.270448,-0.149668,0.636777,1.162926,0.663939,-0.045696,-0.995721,-0.523961,0.001574,0.856237,-0.196695,0.121415,0.434036,0.318045,0.124989,0.323156,0.471037,-0.199478,0.125125,0.361005,0.238443,-0.3965,0.282612,-0.424414,0.243132,0.291451,-0.311261,0.503683,-0.288593,-0.263743,-0.023561,0.161363,-1.238503,-0.088335,-0.213183,-0.108547,-0.024885,-0.212563,-0.085606,-0.705238,0.587378,-0.720207,0.531872,-0.115114,-0.28732,-0.440681,-0.656042,-0.439843,-0.130247,-0.005373,-0.559751,0.260915,-0.105044,0.392449,-0.12717,-0.196505
1378,"Ichimichi, Mao",staff_25437,0.088256,-0.088441,0.048317,-0.242184,0.018571,0.198988,0.189596,-0.159741,0.21911,0.098344,-0.123325,0.06682,0.14302,0.006144,-0.002697,-0.332691,0.24347,0.022877,0.113362,0.001882,0.229131,0.010264,-0.198831,-0.14506,0.141324,0.278253,-0.47899,0.154923,-0.210335,0.231126,-0.407196,0.047419,0.271957,-0.343658,0.402617,-0.193312,0.087107,0.025479,-0.143805,0.088863,0.142708,0.048928,0.363214,-0.263143,-0.00101,-0.328698,0.017621,-0.292248,0.084116,0.251831,-0.113747,-0.007792,0.170452,0.278444,-0.008984,-0.329869,0.247792,0.136491,-0.182881,0.222724,-0.209879,-0.028339,0.082309,-0.200212
1379,"Sakamoto, Maaya",staff_90,0.066916,-0.088166,0.029008,-0.249226,0.022406,0.188735,0.199924,-0.148597,0.213658,0.085179,-0.118438,0.058201,0.152721,-0.005308,-0.002091,-0.323371,0.246728,0.02732,0.117203,-0.007219,0.242352,-3.3e-05,-0.197445,-0.140563,0.132518,0.292664,-0.485007,0.136031,-0.205696,0.220189,-0.41234,0.044695,0.270559,-0.33942,0.404938,-0.213137,0.062859,0.029476,-0.144715,0.079743,0.139014,0.052254,0.37082,-0.268728,-0.013264,-0.336619,0.017817,-0.282126,0.085035,0.253126,-0.109573,-0.007546,0.172046,0.284165,-0.006963,-0.335485,0.261231,0.115311,-0.17736,0.24169,-0.225008,-0.027695,0.098325,-0.204549
1380,"Kamijou, Saeko",staff_48944,0.104146,-0.103178,0.011213,-0.225223,0.051395,0.140706,0.163474,-0.178581,0.194961,0.092167,-0.051868,0.075643,0.132666,-0.049489,-0.038348,-0.331515,0.199846,-0.011209,0.102041,-0.008764,0.194046,-0.011574,-0.150537,-0.203796,0.114786,0.258624,-0.476907,0.180069,-0.226499,0.215159,-0.381788,0.076108,0.250634,-0.371939,0.3712,-0.199347,0.07679,0.080989,-0.182857,0.10325,0.162759,0.043896,0.300496,-0.286012,0.03099,-0.331189,0.006604,-0.289215,0.095631,0.178639,-0.152464,-0.035905,0.113027,0.312622,-0.013847,-0.297515,0.203633,0.136385,-0.170406,0.255268,-0.243264,0.011661,0.062131,-0.188043
1381,"Ishihara, Tatsuya",staff_5055,-0.193176,-0.343536,-0.350533,0.004576,0.336669,-0.073968,0.507894,-0.323599,0.312161,-0.143154,0.658338,1.113888,0.704681,-0.097323,-0.898103,-0.538261,-0.028899,0.874642,-0.188044,0.137862,0.424904,0.334631,0.076546,0.337045,0.393172,-0.262872,0.142492,0.291407,0.312894,-0.343925,0.347024,-0.514728,0.264038,0.280432,-0.288979,0.55695,-0.235106,-0.270279,-0.094161,0.192738,-1.220585,-0.112213,-0.291388,-0.06206,-0.080171,-0.234289,-0.059883,-0.76395,0.664231,-0.729549,0.473845,-0.097577,-0.272126,-0.432864,-0.54848,-0.411671,-0.225086,-0.001754,-0.508919,0.237145,-0.037896,0.419358,-0.051277,-0.109443
1382,"Kanda, Akemi",staff_239,0.045518,-0.082083,0.023615,-0.294293,0.023867,0.263625,0.188164,-0.177274,0.238869,0.085493,-0.157972,0.100318,0.142909,-0.001608,0.018447,-0.2729,0.255567,0.039489,0.119572,0.020032,0.22707,0.001202,-0.205105,-0.159033,0.171354,0.294039,-0.454594,0.17801,-0.25093,0.302248,-0.466552,0.050947,0.294777,-0.281323,0.409836,-0.182774,0.087861,-0.008708,-0.120574,0.063969,0.183589,0.044026,0.390531,-0.29428,-0.015587,-0.40117,0.012637,-0.273055,0.082134,0.303471,-0.054732,0.012623,0.181612,0.261278,-0.02448,-0.314873,0.280559,0.1401,-0.202754,0.219889,-0.201673,-0.047841,0.087639,-0.206806
1383,"Hirohashi, Ryou",staff_111,0.051672,-0.089875,0.137092,-0.269896,-0.022777,0.236726,0.157972,-0.015157,0.249842,0.042784,-0.295378,0.126097,0.068689,0.105244,0.040762,-0.383184,0.317261,0.197494,0.140458,-0.018783,0.065137,-0.02833,-0.301062,-0.072788,0.146485,0.242738,-0.488423,0.218736,-0.154142,0.235693,-0.464809,0.013611,0.331345,-0.255975,0.501633,-0.103981,-0.027682,-0.090003,-0.249435,0.168221,0.044668,0.112443,0.524009,-0.279696,-0.076933,-0.300094,0.084479,-0.350623,0.073346,0.440747,-0.072591,-0.127452,0.253073,0.172727,0.099369,-0.437625,0.289988,0.099407,-0.122533,0.216443,-0.146877,-0.070766,-0.013026,-0.112974
1384,"Nakahara, Mai",staff_31,0.094741,-0.077028,0.112812,-0.302735,-0.042033,0.222336,0.136829,-0.07075,0.261668,0.077278,-0.236418,0.138169,0.080519,0.066194,0.052519,-0.389838,0.290091,0.15151,0.129029,-0.010458,0.118999,-0.002054,-0.245813,-0.1351,0.155651,0.246918,-0.481085,0.212055,-0.180503,0.256656,-0.449811,0.024316,0.294072,-0.268228,0.431706,-0.118604,0.011174,-0.030706,-0.192058,0.131987,0.11692,0.091967,0.427945,-0.277534,-0.052642,-0.318408,0.029189,-0.300634,0.054265,0.349747,-0.114524,-0.102812,0.228897,0.219617,0.083934,-0.386294,0.256448,0.170191,-0.140918,0.207172,-0.149106,-0.030723,-0.017334,-0.120148
1385,"Nonaka, Ai",staff_32,0.09822,-0.135882,0.07178,-0.303712,-0.005529,0.238606,0.165612,-0.166642,0.256767,0.137443,-0.134958,0.11857,0.080981,-0.02847,0.037588,-0.380387,0.23314,0.046579,0.124322,0.021111,0.194755,0.036902,-0.234052,-0.191486,0.170067,0.252754,-0.481155,0.172518,-0.224083,0.279254,-0.416311,0.058341,0.260801,-0.350652,0.360328,-0.179462,0.102244,0.022857,-0.168687,0.152966,0.167976,0.04762,0.339137,-0.291432,0.024925,-0.351507,0.047026,-0.302793,0.087445,0.22819,-0.107862,-0.051994,0.149111,0.277335,-0.001268,-0.317618,0.171653,0.189457,-0.174411,0.214857,-0.183365,-0.03665,0.051308,-0.182484
1386,"Ono, Fuyuka",staff_935,0.088571,-0.079789,0.079079,-0.308357,-0.025967,0.252486,0.137517,-0.144535,0.268885,0.095045,-0.188821,0.136911,0.115211,0.036622,0.031832,-0.324942,0.265768,0.090674,0.119337,0.005183,0.184949,0.014183,-0.21779,-0.17694,0.181826,0.264007,-0.461265,0.212953,-0.233134,0.299981,-0.451772,0.043062,0.270208,-0.258761,0.399785,-0.130535,0.07187,-0.003732,-0.130109,0.099605,0.171265,0.067867,0.376494,-0.2781,-0.03033,-0.363784,-0.003184,-0.28425,0.05159,0.320573,-0.09456,-0.020885,0.204007,0.240847,0.024923,-0.335748,0.253296,0.191327,-0.18884,0.202814,-0.173398,-0.034729,0.019349,-0.164921
1387,"Kuwashima, Houko",staff_57,0.086865,-0.096963,0.042204,-0.255159,0.02528,0.178951,0.162233,-0.139645,0.227514,0.095701,-0.123929,0.09694,0.10226,-0.018815,-0.003307,-0.348179,0.239541,0.044236,0.110446,-0.004308,0.176873,0.009867,-0.192429,-0.190879,0.127378,0.254729,-0.480499,0.174512,-0.211423,0.224925,-0.417418,0.050225,0.271543,-0.344655,0.387651,-0.183427,0.05346,0.034719,-0.188026,0.124463,0.149871,0.066704,0.350514,-0.282119,-0.002545,-0.331599,0.026901,-0.296598,0.077765,0.23012,-0.118677,-0.062576,0.151992,0.280958,0.017453,-0.326277,0.208212,0.143504,-0.157397,0.242432,-0.209819,-0.009148,0.049487,-0.168053
1388,"Sakaguchi, Daisuke",staff_278,0.082621,-0.09474,0.046015,-0.266492,-0.009462,0.198038,0.164487,-0.143443,0.23139,0.101432,-0.129429,0.085975,0.123964,-0.004134,0.002179,-0.341271,0.23192,0.045922,0.103317,-0.002053,0.219334,0.021773,-0.195617,-0.172147,0.141323,0.270038,-0.493452,0.155159,-0.218551,0.24443,-0.396675,0.051227,0.246735,-0.322531,0.381797,-0.186378,0.069358,0.037051,-0.149267,0.099066,0.151262,0.064356,0.352995,-0.272077,-0.01064,-0.337168,0.01261,-0.279298,0.066128,0.246154,-0.127497,-0.018512,0.156173,0.265524,0.00714,-0.333034,0.239212,0.15467,-0.16777,0.22258,-0.196119,-0.004269,0.070193,-0.182854
1389,"Oomori, Takahiro",staff_6671,-0.230679,-0.358072,-0.379948,0.0105,0.349291,-0.059402,0.52019,-0.332988,0.30436,-0.123176,0.684003,1.119252,0.712984,-0.082892,-0.915268,-0.520023,-0.003755,0.871904,-0.189322,0.145525,0.424039,0.33857,0.059501,0.316695,0.388671,-0.275706,0.127259,0.265765,0.287147,-0.345349,0.365256,-0.50229,0.277682,0.276413,-0.297529,0.513806,-0.255661,-0.255316,-0.086113,0.211611,-1.263616,-0.122337,-0.270503,-0.049193,-0.070614,-0.242748,-0.053601,-0.797249,0.649731,-0.752834,0.493002,-0.081283,-0.281641,-0.400515,-0.557322,-0.442719,-0.232308,0.005576,-0.515808,0.232168,-0.046462,0.393522,-0.056622,-0.118959
1390,"Ono, Daisuke",staff_212,0.072994,-0.101096,0.044466,-0.266383,0.018528,0.216533,0.17726,-0.151875,0.218239,0.09577,-0.133619,0.082934,0.127729,-0.008817,0.012274,-0.318372,0.241593,0.037179,0.111897,0.000392,0.217469,0.002193,-0.200634,-0.149812,0.144385,0.273823,-0.473234,0.167234,-0.216164,0.2591,-0.414577,0.051091,0.277242,-0.320811,0.402122,-0.18613,0.076394,0.021772,-0.151234,0.097917,0.141956,0.053501,0.376087,-0.278939,-0.004334,-0.347488,0.022546,-0.289387,0.081565,0.27474,-0.109597,-0.019081,0.167282,0.269639,-0.0068,-0.330276,0.244433,0.13302,-0.18111,0.22632,-0.212911,-0.031383,0.069086,-0.18635
1391,"Oohara, Momoko",staff_988,0.0139,-0.142063,-0.021704,-0.334582,0.053913,0.325306,0.224274,-0.218222,0.181449,0.097989,-0.124347,0.057723,0.164326,-0.071212,0.064708,-0.209541,0.224126,-0.004871,0.125919,0.016122,0.320863,-0.010461,-0.209752,-0.102821,0.179632,0.34085,-0.454352,0.127151,-0.252185,0.365733,-0.448613,0.055503,0.314205,-0.261424,0.410844,-0.234317,0.110518,0.011231,-0.066396,0.017415,0.180698,-0.006615,0.415118,-0.309555,0.016694,-0.454647,0.00541,-0.232562,0.102168,0.327937,-0.058248,0.058394,0.167339,0.287631,-0.089085,-0.304363,0.293079,0.08697,-0.249944,0.219163,-0.249574,-0.068316,0.126526,-0.2498
1392,"Toyonaga, Toshiyuki",staff_600,0.067244,-0.116963,0.025124,-0.303267,0.013758,0.268949,0.189757,-0.18309,0.222733,0.127456,-0.133322,0.075195,0.14185,-0.021821,0.034032,-0.293806,0.24658,0.014791,0.11594,0.009704,0.285791,0.029534,-0.219712,-0.148564,0.173539,0.311485,-0.468199,0.137288,-0.234804,0.297396,-0.428062,0.04011,0.281411,-0.315562,0.380083,-0.20281,0.11289,0.009572,-0.084356,0.069816,0.174632,0.018744,0.36447,-0.277502,0.000938,-0.383252,0.008071,-0.259228,0.072266,0.274475,-0.088969,0.025003,0.168993,0.284507,-0.03901,-0.316759,0.23728,0.133033,-0.226207,0.206731,-0.21542,-0.046907,0.091372,-0.224533
1394,"Oishi, Tatsuya",staff_8552,-0.209773,-0.343198,-0.376699,-0.020565,0.332034,-0.053538,0.53937,-0.306672,0.274362,-0.083501,0.672504,1.138352,0.750172,-0.035817,-0.876796,-0.503477,-0.092222,0.953194,-0.222119,0.202165,0.511073,0.378642,0.092285,0.344081,0.41609,-0.296113,0.149103,0.247781,0.311632,-0.322907,0.316854,-0.510134,0.256662,0.314725,-0.330713,0.540604,-0.212836,-0.257177,-0.083457,0.180058,-1.27337,-0.113003,-0.290824,-0.008701,-0.057334,-0.215372,-0.127575,-0.76274,0.648692,-0.722522,0.494554,-0.017203,-0.302874,-0.446932,-0.521347,-0.377799,-0.252607,0.011674,-0.530272,0.221055,-0.010368,0.37388,-0.032629,-0.102691
1395,"Shinbou, Akiyuki",staff_5089,-0.193031,-0.36959,-0.33703,-0.004597,0.347146,-0.050577,0.524901,-0.300137,0.277651,-0.134692,0.650785,1.130997,0.713503,-0.074257,-0.929878,-0.518202,-0.032933,0.899497,-0.186129,0.135421,0.451726,0.358022,0.089939,0.332622,0.430383,-0.257892,0.13099,0.299488,0.284598,-0.351019,0.334766,-0.476171,0.264521,0.280408,-0.299967,0.525747,-0.256023,-0.281453,-0.07293,0.193894,-1.253298,-0.117071,-0.250799,-0.065775,-0.071544,-0.221264,-0.068792,-0.734021,0.617718,-0.72673,0.520534,-0.064004,-0.309405,-0.445152,-0.570705,-0.417708,-0.194337,0.006887,-0.558319,0.237272,-0.057503,0.385146,-0.046966,-0.133127
1396,"Katou, Emiri",staff_52,0.077444,-0.101024,0.036902,-0.307198,0.020175,0.270707,0.209168,-0.178921,0.220987,0.103081,-0.146995,0.075949,0.141997,-0.001577,0.057269,-0.304481,0.255585,0.026658,0.12481,0.011332,0.259561,0.005563,-0.233399,-0.132621,0.181062,0.312947,-0.468567,0.148236,-0.221178,0.288523,-0.452565,0.035281,0.304689,-0.297508,0.417252,-0.194448,0.095543,-0.003403,-0.095133,0.06954,0.152409,0.026672,0.384208,-0.287777,-0.000546,-0.379469,0.006918,-0.259783,0.088175,0.297788,-0.08356,0.014598,0.199796,0.293354,-0.020442,-0.329654,0.253594,0.132827,-0.228329,0.217503,-0.205462,-0.069158,0.089939,-0.224143
1397,"Saitou, Chiwa",staff_61,0.07604,-0.098573,0.038004,-0.263661,0.020505,0.207343,0.194796,-0.147257,0.222017,0.107523,-0.133101,0.075744,0.134988,-0.003401,0.015588,-0.340522,0.258862,0.031426,0.122968,-0.000384,0.230746,0.012674,-0.216105,-0.148332,0.141093,0.289939,-0.480453,0.145949,-0.201753,0.234013,-0.425958,0.046295,0.283516,-0.342804,0.395028,-0.20727,0.074853,0.007717,-0.147839,0.100706,0.145569,0.039842,0.376214,-0.276093,-0.008728,-0.337073,0.029216,-0.286885,0.079268,0.256069,-0.097705,-0.020343,0.171614,0.28429,-0.004015,-0.335085,0.236851,0.124122,-0.180026,0.229066,-0.21898,-0.040055,0.084738,-0.201806
1398,"Baishou, Chieko",staff_1056,-0.025113,-0.091211,0.046444,-0.352123,-0.126893,0.258441,0.164479,-0.012589,0.324304,0.167106,-0.25299,0.071823,0.108126,0.040304,0.014106,-0.340096,0.371194,0.135011,0.077026,-0.006514,0.369967,0.11285,-0.243758,-0.155834,0.08138,0.280932,-0.501121,0.012009,-0.215138,0.252706,-0.403751,-0.021635,0.216291,-0.317279,0.293462,-0.197303,0.03366,-0.033953,-0.081623,0.094745,0.098424,0.095722,0.414093,-0.195959,-0.168904,-0.351843,0.064265,-0.261585,-0.036148,0.351706,-0.090751,0.004594,0.228398,0.200773,0.037747,-0.43931,0.257171,0.099883,-0.180294,0.221691,-0.162649,-0.039497,0.137959,-0.144801
1399,"Kimura, Takuya",staff_1137,0.033919,-0.098516,0.070223,-0.328354,-0.080866,0.256273,0.164132,-0.100418,0.304109,0.158667,-0.190106,0.093172,0.113419,0.022326,0.021637,-0.344939,0.311783,0.086982,0.09694,0.015955,0.314949,0.076565,-0.228412,-0.171317,0.139548,0.270955,-0.470499,0.093894,-0.227366,0.271606,-0.410712,0.009278,0.227352,-0.33541,0.325093,-0.184042,0.087862,-0.004806,-0.092228,0.108209,0.141956,0.074015,0.365028,-0.230963,-0.085196,-0.35222,0.046536,-0.282495,0.026006,0.295563,-0.098618,0.012934,0.20299,0.234454,0.008187,-0.371055,0.224834,0.158667,-0.190409,0.213531,-0.176769,-0.050763,0.100165,-0.16592
1401,"Takemoto, Yasuhiro",staff_6771,-0.209464,-0.332948,-0.353317,0.014766,0.346392,-0.061623,0.49439,-0.32361,0.30584,-0.151772,0.66665,1.119163,0.706739,-0.087733,-0.927387,-0.53478,-0.00263,0.862254,-0.204114,0.138069,0.418742,0.319506,0.07201,0.327481,0.403666,-0.246681,0.147484,0.284302,0.29291,-0.347068,0.342995,-0.491453,0.252339,0.258054,-0.299326,0.540057,-0.262464,-0.258774,-0.090253,0.189554,-1.241366,-0.097144,-0.266365,-0.081162,-0.070667,-0.231762,-0.054809,-0.772485,0.629086,-0.735052,0.483431,-0.098798,-0.286152,-0.42728,-0.571856,-0.430259,-0.197903,0.015123,-0.50549,0.249865,-0.051618,0.39145,-0.080098,-0.121441
1402,"Uesaka, Sumire",staff_14441,0.040508,-0.074237,0.025911,-0.238558,0.034422,0.188783,0.215552,-0.13164,0.21747,0.08086,-0.13971,0.06393,0.161883,0.011802,-0.008144,-0.314403,0.279661,0.033777,0.123668,0.001019,0.232305,-0.021626,-0.194955,-0.125377,0.115367,0.288555,-0.457793,0.147223,-0.200589,0.216637,-0.439005,0.052337,0.294923,-0.339975,0.412674,-0.211844,0.060074,-0.010656,-0.165373,0.085036,0.121528,0.047278,0.407787,-0.277098,-0.045295,-0.340591,0.047587,-0.300281,0.090499,0.286434,-0.081992,-0.00359,0.186258,0.271676,-0.010259,-0.345821,0.280453,0.084472,-0.168846,0.249634,-0.238604,-0.061101,0.111281,-0.194622
1403,"Akasaki, Chinatsu",staff_12652,0.071409,-0.094282,0.005621,-0.273599,0.050252,0.242121,0.203538,-0.193248,0.196467,0.102705,-0.114312,0.068581,0.155026,-0.023917,0.022495,-0.273435,0.237546,-0.008006,0.111218,0.006249,0.261164,-0.003064,-0.189374,-0.149993,0.154781,0.309179,-0.45952,0.158482,-0.230065,0.281776,-0.437909,0.056178,0.302002,-0.306829,0.405288,-0.206301,0.100767,0.015766,-0.10519,0.057349,0.16283,0.01903,0.371668,-0.293664,0.004704,-0.381018,-0.001471,-0.256207,0.084695,0.271835,-0.091243,0.026065,0.167084,0.301556,-0.041095,-0.308048,0.257146,0.112786,-0.220199,0.224029,-0.234763,-0.045147,0.098671,-0.22131
1404,"Tokudo, Daisuke",staff_35935,-0.102231,-0.426593,-0.313827,0.011976,0.386343,-0.05214,0.53195,-0.342345,0.277061,-0.153927,0.600377,1.135744,0.596082,-0.10051,-0.991978,-0.578469,-0.043527,0.820417,-0.111517,0.075778,0.409733,0.327724,0.112218,0.348425,0.413311,-0.190276,0.050098,0.420557,0.249686,-0.355137,0.341168,-0.46253,0.278134,0.308858,-0.259905,0.486633,-0.291264,-0.259699,-0.026704,0.166631,-1.156089,-0.095072,-0.255146,-0.075737,-0.042849,-0.20414,-0.071471,-0.732979,0.70325,-0.746903,0.463533,-0.17507,-0.210959,-0.396669,-0.604972,-0.463562,-0.162235,-0.039101,-0.536149,0.243957,-0.075965,0.457878,-0.077523,-0.167453
1405,"Shimamura, Yuu",staff_5295,0.008248,-0.077745,0.030037,-0.264298,-0.008405,0.165675,0.188871,-0.088736,0.251848,0.099941,-0.146154,0.057216,0.116961,-0.03377,-0.025067,-0.332384,0.282807,0.074768,0.102442,-0.001801,0.267611,0.029932,-0.172078,-0.155393,0.084433,0.266369,-0.469421,0.08795,-0.207506,0.190631,-0.408626,0.004614,0.25447,-0.396281,0.364876,-0.22777,0.019235,0.043434,-0.169773,0.088363,0.138947,0.095626,0.368074,-0.240797,-0.065322,-0.335817,0.057013,-0.29245,0.071475,0.229844,-0.110366,-0.063271,0.173963,0.254932,0.010519,-0.35395,0.236819,0.103282,-0.131992,0.265489,-0.216857,-0.002092,0.097243,-0.147567
1406,"Chisuga, Haruka",staff_20795,0.09436,-0.097996,0.087949,-0.306518,-0.015058,0.246385,0.179912,-0.138899,0.244925,0.114174,-0.170237,0.093158,0.10957,0.019388,0.05463,-0.341124,0.258307,0.070241,0.11952,-0.012332,0.239737,0.020564,-0.241201,-0.146495,0.180872,0.287763,-0.484549,0.156099,-0.190928,0.26229,-0.425264,0.023445,0.273386,-0.298945,0.420667,-0.169475,0.059875,0.019049,-0.109851,0.11836,0.120384,0.074557,0.374208,-0.270882,-0.018577,-0.327832,0.003059,-0.275242,0.062861,0.303354,-0.117556,-0.013781,0.211801,0.275624,0.026338,-0.354132,0.229629,0.165162,-0.196227,0.220454,-0.193942,-0.045719,0.051925,-0.177684
1407,"Iguchi, Yuka",staff_885,0.060884,-0.094737,0.027566,-0.268249,0.028767,0.222891,0.207144,-0.172135,0.218335,0.099576,-0.1215,0.071707,0.154148,-0.012833,0.017706,-0.303915,0.249292,0.013786,0.120529,0.006109,0.257704,-0.003322,-0.197549,-0.144009,0.146025,0.29432,-0.464443,0.14694,-0.216016,0.258547,-0.429293,0.058331,0.281282,-0.320523,0.398956,-0.211952,0.088741,0.01643,-0.129676,0.081571,0.144772,0.037938,0.376604,-0.282842,-0.012616,-0.360439,0.021784,-0.279695,0.086507,0.270777,-0.092531,0.018167,0.175691,0.287623,-0.027686,-0.322433,0.258303,0.121081,-0.194054,0.234967,-0.232823,-0.054294,0.107185,-0.210533
1408,"Kobori, Miyuki",staff_23839,0.105,-0.103502,0.011206,-0.226122,0.051944,0.139143,0.164149,-0.17969,0.19413,0.092217,-0.048404,0.075528,0.135364,-0.046599,-0.038004,-0.330629,0.201507,-0.01072,0.102317,-0.007001,0.194166,-0.011728,-0.15141,-0.206516,0.114287,0.260916,-0.482313,0.179303,-0.22581,0.215298,-0.383331,0.075358,0.251057,-0.374323,0.373871,-0.201831,0.076373,0.080248,-0.184393,0.103698,0.166161,0.043811,0.301237,-0.285961,0.034147,-0.331238,0.00639,-0.291563,0.099359,0.178303,-0.150567,-0.034259,0.114417,0.316132,-0.014126,-0.299057,0.207616,0.136867,-0.170594,0.259335,-0.244074,0.011937,0.065064,-0.188364
1409,"Hashimoto, Hiroyuki",staff_27147,-0.203018,-0.318303,-0.378091,0.053858,0.323483,-0.029637,0.49907,-0.314345,0.289305,-0.084065,0.664335,1.158308,0.718529,-0.044226,-0.903078,-0.524662,-0.098964,0.893525,-0.222707,0.176783,0.486114,0.307651,0.076848,0.340625,0.399126,-0.296594,0.090032,0.278828,0.268399,-0.298776,0.319508,-0.483777,0.247683,0.274735,-0.332519,0.52675,-0.260393,-0.205072,-0.073133,0.142273,-1.210355,-0.110018,-0.326755,-0.008595,-0.028288,-0.228834,-0.145804,-0.79374,0.677227,-0.737176,0.441369,-0.093636,-0.247777,-0.400771,-0.494393,-0.412498,-0.251472,0.022128,-0.474418,0.226954,-0.008904,0.362987,-0.065242,-0.123854
1410,"Chiba, Shouya",staff_37562,0.058857,-0.122142,0.008967,-0.283027,0.042769,0.227862,0.215924,-0.177429,0.191676,0.089871,-0.107845,0.063778,0.14931,-0.040602,0.036394,-0.306036,0.221342,0.009945,0.130846,-0.010598,0.255627,-0.013752,-0.214859,-0.130048,0.163067,0.322372,-0.484232,0.135927,-0.204879,0.26003,-0.420301,0.05846,0.287242,-0.31333,0.410871,-0.231647,0.067617,0.026653,-0.124779,0.080749,0.146373,0.029538,0.378452,-0.307272,0.006829,-0.36996,0.01266,-0.255737,0.097737,0.259115,-0.101173,0.003841,0.159351,0.304412,-0.025981,-0.317351,0.253258,0.102686,-0.193562,0.239008,-0.244973,-0.040204,0.1047,-0.2262
1412,"Miyamoto, Yukihiro",staff_12328,-0.183087,-0.391692,-0.333466,0.010266,0.361212,-0.0187,0.52528,-0.291754,0.271343,-0.171709,0.64711,1.108301,0.718139,-0.124102,-0.94934,-0.540584,0.028636,0.829457,-0.14862,0.094801,0.407535,0.322375,0.074331,0.341757,0.427633,-0.254026,0.10123,0.329352,0.264572,-0.403156,0.375704,-0.44598,0.302634,0.241708,-0.286374,0.520529,-0.281208,-0.289886,-0.046465,0.202125,-1.254512,-0.135028,-0.237662,-0.087614,-0.110338,-0.252684,-0.016447,-0.741431,0.572989,-0.746128,0.53313,-0.080939,-0.300186,-0.44301,-0.585138,-0.47548,-0.176481,-0.003374,-0.573126,0.212267,-0.085974,0.389045,-0.059817,-0.154885
1413,"Mizuhashi, Kaori",staff_156,0.090847,-0.08574,0.052941,-0.32208,-0.013549,0.230985,0.18553,-0.141888,0.23043,0.105135,-0.157857,0.100166,0.143935,0.020035,0.078116,-0.372431,0.280504,0.056995,0.133812,0.007643,0.241751,0.006131,-0.22344,-0.127732,0.171662,0.303443,-0.473803,0.158619,-0.195447,0.262974,-0.445402,0.043443,0.296578,-0.314996,0.387372,-0.195201,0.089986,-0.026597,-0.118024,0.084505,0.167269,0.034416,0.386854,-0.285469,-0.021411,-0.345216,0.020954,-0.267514,0.074286,0.280922,-0.099834,-0.020716,0.197488,0.272289,0.017146,-0.333692,0.263836,0.159984,-0.1842,0.203315,-0.187226,-0.061745,0.071318,-0.20155
1416,"Hatsumi, Kouichi",staff_20102,-0.13189,-0.412559,-0.295103,0.035779,0.367487,-0.053475,0.515938,-0.329663,0.281673,-0.162172,0.593229,1.135458,0.618117,-0.103796,-1.004384,-0.558054,-0.031663,0.836932,-0.12405,0.063849,0.399325,0.335752,0.103717,0.328566,0.427854,-0.193278,0.062312,0.39462,0.243056,-0.347389,0.350836,-0.443979,0.272825,0.27499,-0.255648,0.479889,-0.313296,-0.273739,-0.050869,0.17543,-1.176557,-0.093048,-0.225525,-0.104731,-0.063386,-0.216403,-0.051282,-0.714605,0.667194,-0.739572,0.484014,-0.156116,-0.254203,-0.409964,-0.603854,-0.451719,-0.141282,-0.012324,-0.553713,0.262654,-0.084772,0.420476,-0.067365,-0.16073
1417,"Shin, Yuuki",staff_46833,0.103969,-0.102321,0.010658,-0.223746,0.050416,0.140596,0.163432,-0.179137,0.195007,0.092771,-0.051763,0.075691,0.134108,-0.048847,-0.037773,-0.331045,0.200083,-0.01166,0.101296,-0.008411,0.194347,-0.011415,-0.151077,-0.204549,0.11455,0.259337,-0.477639,0.180203,-0.227258,0.215293,-0.382077,0.075838,0.250359,-0.372127,0.370367,-0.199941,0.077114,0.080482,-0.182372,0.103792,0.163791,0.04397,0.301115,-0.286226,0.03097,-0.331676,0.006736,-0.289043,0.096223,0.178409,-0.152725,-0.03488,0.114205,0.313239,-0.014749,-0.29751,0.203409,0.136424,-0.169958,0.255686,-0.243194,0.012185,0.062921,-0.188067
1418,"Hayashi, Yuu",staff_21157,0.103969,-0.102321,0.010658,-0.223746,0.050416,0.140596,0.163432,-0.179137,0.195007,0.092771,-0.051763,0.075691,0.134108,-0.048847,-0.037773,-0.331045,0.200083,-0.01166,0.101296,-0.008411,0.194347,-0.011415,-0.151077,-0.204549,0.11455,0.259337,-0.477639,0.180203,-0.227258,0.215293,-0.382077,0.075838,0.250359,-0.372127,0.370367,-0.199941,0.077114,0.080482,-0.182372,0.103792,0.163791,0.04397,0.301115,-0.286226,0.03097,-0.331676,0.006736,-0.289043,0.096223,0.178409,-0.152725,-0.03488,0.114205,0.313239,-0.014749,-0.29751,0.203409,0.136424,-0.169958,0.255686,-0.243194,0.012185,0.062921,-0.188067
1419,"Matsuda, Youji",staff_951,0.036791,-0.103721,0.105567,-0.288832,-0.025842,0.213721,0.212171,-0.116553,0.286092,0.144647,-0.161226,0.101151,0.095367,0.001213,0.042886,-0.405616,0.289423,0.083574,0.138837,0.036777,0.236863,0.036724,-0.237397,-0.141758,0.15297,0.259533,-0.457483,0.128906,-0.169808,0.218738,-0.437048,0.026413,0.267531,-0.411201,0.382904,-0.23406,0.071692,-0.00569,-0.184106,0.166807,0.144629,0.083093,0.390006,-0.273306,-0.030662,-0.310887,0.104229,-0.339902,0.111516,0.232994,-0.073469,-0.046653,0.189448,0.251902,0.007333,-0.335691,0.200045,0.166941,-0.116943,0.239805,-0.202115,-0.076393,0.095533,-0.152592
1420,"Ishida, Yuriko",staff_641,0.100903,-0.145855,0.114485,-0.337326,-0.04372,0.290387,0.151655,-0.173867,0.280144,0.187946,-0.149768,0.137956,0.079937,0.004221,0.063319,-0.379361,0.25101,0.058437,0.120263,0.039067,0.238939,0.061689,-0.255286,-0.189598,0.212984,0.263609,-0.458115,0.187653,-0.218673,0.32174,-0.418541,0.043006,0.253605,-0.351102,0.354779,-0.166837,0.142336,-0.00118,-0.114007,0.167746,0.186262,0.040888,0.338578,-0.287247,0.016981,-0.346175,0.048737,-0.311314,0.08568,0.257512,-0.10116,0.000113,0.165987,0.260536,-0.011919,-0.311932,0.158113,0.220431,-0.196659,0.18896,-0.180037,-0.067616,0.037892,-0.169791
1423,"Suzuki, Rio",staff_21485,0.104908,-0.103241,0.009391,-0.225923,0.05051,0.14088,0.163634,-0.178523,0.195457,0.091491,-0.047687,0.074933,0.133482,-0.04854,-0.038433,-0.330607,0.200996,-0.012385,0.101527,-0.008242,0.194081,-0.012483,-0.151882,-0.205403,0.115156,0.260164,-0.481233,0.180105,-0.226965,0.215957,-0.382326,0.074629,0.250494,-0.375359,0.375159,-0.20082,0.076549,0.080777,-0.184076,0.102196,0.166717,0.043976,0.301754,-0.285973,0.034955,-0.331296,0.007071,-0.290077,0.100922,0.178901,-0.152157,-0.034289,0.112937,0.315632,-0.012805,-0.300472,0.208197,0.137694,-0.171173,0.259165,-0.244234,0.012315,0.065312,-0.189385
1424,"Suzuki, Hiroki",staff_48245,0.104908,-0.103241,0.009391,-0.225923,0.05051,0.14088,0.163634,-0.178523,0.195457,0.091491,-0.047687,0.074933,0.133482,-0.04854,-0.038433,-0.330607,0.200996,-0.012385,0.101527,-0.008242,0.194081,-0.012483,-0.151882,-0.205403,0.115156,0.260164,-0.481233,0.180105,-0.226965,0.215957,-0.382326,0.074629,0.250494,-0.375359,0.375159,-0.20082,0.076549,0.080777,-0.184076,0.102196,0.166717,0.043976,0.301754,-0.285973,0.034955,-0.331296,0.007071,-0.290077,0.100922,0.178901,-0.152157,-0.034289,0.112937,0.315632,-0.012805,-0.300472,0.208197,0.137694,-0.171173,0.259165,-0.244234,0.012315,0.065312,-0.189385
1425,"Saitou, Keiichirou",staff_50900,-0.165965,-0.37291,-0.340688,-0.028734,0.406267,-0.036715,0.472534,-0.285543,0.320004,-0.229491,0.663206,1.179071,0.644781,-0.070496,-1.025005,-0.581055,0.066639,0.75898,-0.164549,0.035687,0.358373,0.253967,0.105393,0.301645,0.45503,-0.177856,0.13184,0.344735,0.24743,-0.427883,0.299018,-0.491422,0.200137,0.264645,-0.268854,0.533272,-0.318603,-0.271204,-0.035351,0.210403,-1.19939,-0.08953,-0.219404,-0.137884,-0.048821,-0.236829,-0.075572,-0.757867,0.605419,-0.746867,0.49218,-0.226039,-0.296834,-0.382353,-0.702088,-0.523846,-0.10705,0.01233,-0.470527,0.282567,-0.146812,0.455122,-0.168663,-0.207164
1426,"Kiyoto, Arisa",staff_20100,0.102744,-0.101816,0.006959,-0.222974,0.04796,0.144681,0.162852,-0.178461,0.197564,0.091396,-0.048865,0.074791,0.128427,-0.051597,-0.038962,-0.329157,0.201755,-0.014423,0.100299,-0.007547,0.193445,-0.009212,-0.150417,-0.20434,0.116891,0.258098,-0.475481,0.180658,-0.228265,0.214477,-0.379889,0.073033,0.251387,-0.374096,0.373627,-0.198268,0.077294,0.080317,-0.17986,0.100468,0.165379,0.044471,0.303326,-0.286981,0.031389,-0.333014,0.006458,-0.285303,0.097317,0.178929,-0.152672,-0.038221,0.112329,0.314037,-0.01279,-0.299485,0.203875,0.135637,-0.171806,0.254051,-0.246313,0.013208,0.061561,-0.191356
1427,"Hirakawa, Daisuke",staff_183,0.084273,-0.065923,0.04716,-0.276726,0.005828,0.142145,0.171874,-0.084572,0.220269,0.119388,-0.143582,0.094623,0.124127,0.011551,0.037221,-0.401489,0.303086,0.058735,0.120141,-0.020413,0.22058,0.010435,-0.186965,-0.153377,0.108887,0.282971,-0.474984,0.149779,-0.153145,0.179724,-0.427446,0.036895,0.295734,-0.382732,0.369257,-0.217529,0.04128,-0.011851,-0.171543,0.12578,0.144933,0.064289,0.376388,-0.274339,-0.04845,-0.280855,0.040774,-0.288086,0.054063,0.232119,-0.123241,-0.07683,0.174507,0.280264,0.052369,-0.341518,0.230749,0.129001,-0.126415,0.234573,-0.221287,-0.025784,0.06018,-0.148761
1428,"Komatsu, Fuminori",staff_12524,0.105475,-0.102455,0.009893,-0.226091,0.050238,0.139265,0.163733,-0.17822,0.194552,0.090986,-0.047172,0.074601,0.133873,-0.046615,-0.037615,-0.331196,0.201497,-0.011675,0.101859,-0.00763,0.193055,-0.011594,-0.152353,-0.206827,0.113377,0.259827,-0.481512,0.178746,-0.225543,0.214296,-0.383964,0.074228,0.250649,-0.372953,0.374507,-0.20209,0.075622,0.080849,-0.183975,0.101948,0.167132,0.04398,0.301462,-0.286486,0.034419,-0.330961,0.005121,-0.289842,0.098959,0.179373,-0.150267,-0.034273,0.114193,0.316051,-0.01313,-0.29865,0.206718,0.137457,-0.171369,0.259563,-0.243009,0.010478,0.06524,-0.188893
1429,"Goshozono, Shouta",staff_61234,-0.100939,-0.426965,-0.314986,0.011435,0.388594,-0.050879,0.533248,-0.341453,0.27746,-0.156361,0.600237,1.135203,0.596385,-0.101671,-0.989993,-0.576937,-0.043023,0.822824,-0.112493,0.076416,0.408752,0.328439,0.112854,0.348333,0.414412,-0.191101,0.048557,0.421589,0.250811,-0.355587,0.342155,-0.463075,0.279583,0.309157,-0.262544,0.483982,-0.293922,-0.258834,-0.024805,0.168152,-1.156806,-0.094722,-0.256025,-0.074911,-0.03745,-0.203688,-0.072214,-0.73048,0.70296,-0.746599,0.464264,-0.173789,-0.212291,-0.396892,-0.605838,-0.463573,-0.158553,-0.043003,-0.536175,0.246032,-0.07378,0.460008,-0.073232,-0.166102
1431,"Sato, Ginpei",staff_242,0.09388,-0.125957,0.105746,-0.306464,-0.027776,0.283271,0.15085,-0.186448,0.288095,0.171321,-0.155226,0.11877,0.109361,0.0073,0.022625,-0.344465,0.263792,0.049957,0.133719,0.029371,0.259646,0.077675,-0.250416,-0.181747,0.209574,0.272893,-0.457703,0.173674,-0.239736,0.303244,-0.430481,0.028429,0.251195,-0.363394,0.361329,-0.170442,0.148695,0.005675,-0.097333,0.135353,0.218084,0.03941,0.334495,-0.248105,0.023103,-0.344298,0.030812,-0.324193,0.073072,0.256279,-0.072,0.007618,0.170714,0.252054,-0.025291,-0.305292,0.186817,0.221988,-0.204398,0.183046,-0.184647,-0.049663,0.043497,-0.198037
1433,"Sakurai, Hiroaki",staff_6153,-0.155722,-0.436959,-0.299541,0.039396,0.381201,-0.046681,0.529129,-0.367381,0.286378,-0.169477,0.585622,1.123521,0.597791,-0.090415,-1.050837,-0.569514,-0.015572,0.845739,-0.104822,0.05538,0.400862,0.354297,0.107401,0.309697,0.435499,-0.153663,0.062637,0.371173,0.231149,-0.352318,0.363775,-0.436974,0.276998,0.276567,-0.239951,0.426846,-0.357067,-0.267128,-0.056203,0.18302,-1.20761,-0.070328,-0.17688,-0.128267,-0.079069,-0.23235,-0.029591,-0.740154,0.659948,-0.757697,0.478629,-0.149845,-0.275784,-0.379846,-0.633751,-0.470655,-0.130345,7.2e-05,-0.551951,0.293633,-0.103628,0.398439,-0.093272,-0.152486
1434,"Naganawa, Maria",staff_30901,0.039777,-0.046603,0.063111,-0.180357,0.013822,0.116251,0.22322,-0.091646,0.233635,0.055297,-0.137442,0.054593,0.14879,0.030856,-0.042245,-0.374619,0.280186,0.060958,0.120319,0.010213,0.183296,-0.031839,-0.170823,-0.111471,0.068886,0.235155,-0.470614,0.141262,-0.172857,0.145094,-0.404357,0.058176,0.268667,-0.391947,0.427105,-0.214614,0.030522,0.009949,-0.248165,0.115442,0.079618,0.095624,0.418569,-0.254607,-0.055599,-0.280662,0.09035,-0.34928,0.112885,0.255836,-0.107255,-0.048909,0.186146,0.245362,0.02089,-0.372368,0.295624,0.098632,-0.096172,0.268628,-0.217283,-0.04325,0.119307,-0.157212
1435,"Kuwahara, Yuuki",staff_25991,0.0678,-0.080886,0.025701,-0.263158,0.034725,0.23247,0.195618,-0.197549,0.22194,0.103325,-0.111924,0.077461,0.150712,-0.020127,0.004275,-0.277433,0.239375,-0.002625,0.105153,0.02325,0.256113,-0.00176,-0.1656,-0.16121,0.145071,0.275723,-0.440909,0.168226,-0.242653,0.282697,-0.428948,0.060784,0.281998,-0.322947,0.392273,-0.193265,0.113903,0.030594,-0.120526,0.063588,0.164103,0.037726,0.357122,-0.279321,-0.00122,-0.377062,0.011266,-0.278643,0.091733,0.262228,-0.096162,0.026387,0.169628,0.286595,-0.04424,-0.303452,0.25587,0.141605,-0.205868,0.226352,-0.223435,-0.04534,0.097541,-0.200908
1436,"Nishio, Daisuke",staff_6823,-0.110212,-0.425533,-0.31334,0.010115,0.383847,-0.045479,0.535224,-0.349204,0.274528,-0.15414,0.596418,1.139462,0.592172,-0.101966,-0.994137,-0.579897,-0.042339,0.817434,-0.106807,0.068992,0.414681,0.323732,0.110392,0.343843,0.412112,-0.190055,0.055915,0.419318,0.249338,-0.358882,0.333244,-0.456199,0.280042,0.301621,-0.256796,0.493145,-0.287692,-0.256788,-0.030348,0.167069,-1.159929,-0.096967,-0.25246,-0.076112,-0.037307,-0.210144,-0.071063,-0.727199,0.700841,-0.747869,0.461651,-0.180638,-0.210845,-0.398906,-0.597687,-0.46917,-0.161216,-0.029427,-0.539076,0.245858,-0.078745,0.460429,-0.078339,-0.171146
1437,"Furukawa, Toshio",staff_673,0.111185,-0.099523,0.013551,-0.225748,0.047609,0.136263,0.165996,-0.178086,0.193294,0.090607,-0.049049,0.074155,0.139856,-0.0431,-0.030378,-0.335643,0.202501,-0.009468,0.099103,-0.005148,0.194942,-0.005758,-0.148701,-0.210183,0.109853,0.256782,-0.482895,0.178492,-0.225024,0.208835,-0.390501,0.070535,0.251713,-0.367238,0.370464,-0.203898,0.078752,0.08295,-0.186359,0.100816,0.167954,0.046416,0.300457,-0.282439,0.032063,-0.331726,0.001011,-0.293121,0.098028,0.17567,-0.152161,-0.029389,0.118996,0.315761,-0.015067,-0.29499,0.202721,0.142177,-0.168492,0.262194,-0.241333,0.005135,0.06784,-0.185796
1438,"Nozawa, Masako",staff_557,0.10974,-0.100293,0.012892,-0.225552,0.049174,0.136101,0.165361,-0.177717,0.194004,0.091127,-0.048889,0.073795,0.138126,-0.043538,-0.033029,-0.334895,0.202815,-0.009642,0.09998,-0.006004,0.193829,-0.007525,-0.149755,-0.20961,0.110768,0.257354,-0.482931,0.179292,-0.224709,0.210516,-0.388741,0.072477,0.251588,-0.368252,0.370909,-0.203187,0.078044,0.082553,-0.1866,0.100942,0.167518,0.045567,0.301063,-0.283641,0.032748,-0.331274,0.00219,-0.291668,0.098157,0.176892,-0.151732,-0.030957,0.11834,0.315435,-0.015439,-0.295699,0.202956,0.140896,-0.169113,0.2612,-0.241472,0.006265,0.067459,-0.186091
1439,"Horikawa, Ryo",staff_518,0.075369,-0.072207,0.037201,-0.239735,0.003269,0.151194,0.18361,-0.142165,0.232681,0.084878,-0.098232,0.065713,0.14886,-0.006502,-0.023193,-0.342172,0.245042,0.032256,0.101947,0.001347,0.234268,0.005251,-0.165194,-0.177014,0.111458,0.261916,-0.477997,0.141021,-0.215955,0.196281,-0.40083,0.043067,0.242058,-0.362173,0.378862,-0.20533,0.061814,0.058436,-0.164184,0.087984,0.145131,0.074362,0.33276,-0.256812,-0.021681,-0.325883,0.017644,-0.295181,0.085987,0.216234,-0.133814,-0.014376,0.165311,0.283694,0.001325,-0.328395,0.241645,0.141592,-0.159451,0.258987,-0.218259,-0.015681,0.093353,-0.179046
1440,"Nakatsu, Mari",staff_16651,0.01527,-0.151017,-0.061561,-0.332978,0.100995,0.304323,0.266901,-0.231847,0.131406,0.078034,-0.095534,0.051162,0.174633,-0.099068,0.099109,-0.219891,0.189219,-0.033339,0.141183,-0.001283,0.299477,-0.051568,-0.216091,-0.092576,0.184334,0.382563,-0.476554,0.122551,-0.218399,0.346177,-0.460248,0.086826,0.34246,-0.240797,0.439467,-0.280856,0.080062,0.005452,-0.088919,0.027121,0.1595,-0.02237,0.432614,-0.371383,0.031321,-0.46093,0.001844,-0.199706,0.120447,0.303613,-0.056662,0.056082,0.146232,0.331153,-0.086745,-0.290111,0.300412,0.046766,-0.233423,0.240393,-0.281593,-0.073865,0.158679,-0.276454
1441,"Dendou, Rina",staff_13647,0.01527,-0.151017,-0.061561,-0.332978,0.100995,0.304323,0.266901,-0.231847,0.131406,0.078034,-0.095534,0.051162,0.174633,-0.099068,0.099109,-0.219891,0.189219,-0.033339,0.141183,-0.001283,0.299477,-0.051568,-0.216091,-0.092576,0.184334,0.382563,-0.476554,0.122551,-0.218399,0.346177,-0.460248,0.086826,0.34246,-0.240797,0.439467,-0.280856,0.080062,0.005452,-0.088919,0.027121,0.1595,-0.02237,0.432614,-0.371383,0.031321,-0.46093,0.001844,-0.199706,0.120447,0.303613,-0.056662,0.056082,0.146232,0.331153,-0.086745,-0.290111,0.300412,0.046766,-0.233423,0.240393,-0.281593,-0.073865,0.158679,-0.276454
1442,"Tsukada, Mai",staff_62433,-0.027953,-0.037969,0.095209,-0.169535,-0.032622,0.098794,0.240337,-0.014719,0.285867,0.030842,-0.197682,0.058535,0.205152,0.111862,-0.071274,-0.398238,0.369841,0.134197,0.161028,-0.002915,0.203182,-0.048811,-0.223669,-0.061493,0.047107,0.242091,-0.470194,0.115196,-0.146589,0.097262,-0.430802,0.052771,0.244854,-0.384969,0.430937,-0.223179,-0.005112,-0.062368,-0.275761,0.143343,0.041087,0.114739,0.490592,-0.217322,-0.145929,-0.249953,0.147229,-0.418071,0.100281,0.350578,-0.047833,-0.014005,0.24057,0.184336,0.043127,-0.435219,0.371255,0.057573,-0.064256,0.298582,-0.236196,-0.110495,0.161213,-0.157281
1443,"Sasaki, Nozomu",staff_286,-5.3e-05,-0.013641,0.100392,-0.219114,-0.059688,0.146221,0.234211,-0.052582,0.300032,0.051111,-0.197968,0.053925,0.183882,0.098741,-0.027542,-0.37633,0.35104,0.121746,0.127062,0.021356,0.253138,-0.009055,-0.202471,-0.089447,0.083038,0.247935,-0.463295,0.099118,-0.175795,0.140675,-0.43785,0.014851,0.244399,-0.364547,0.424092,-0.209536,0.022811,-0.026204,-0.196443,0.09453,0.074445,0.126048,0.443218,-0.209576,-0.131158,-0.284285,0.094432,-0.360162,0.089609,0.323285,-0.07253,0.004912,0.261593,0.20461,0.037309,-0.409621,0.346728,0.115714,-0.107499,0.273545,-0.190398,-0.091709,0.152851,-0.155715
1444,"Kiuchi, Hidenobu",staff_174,0.060207,-0.117791,0.089976,-0.271148,-0.025929,0.227612,0.155522,-0.124993,0.262595,0.120098,-0.160941,0.096451,0.119712,0.016661,-0.005523,-0.343631,0.274548,0.079097,0.120497,0.012028,0.227667,0.030313,-0.222785,-0.146525,0.140731,0.247086,-0.464617,0.16222,-0.21902,0.260636,-0.405734,0.034457,0.24944,-0.351786,0.377549,-0.168355,0.090731,0.008514,-0.16218,0.12736,0.147137,0.063872,0.380015,-0.241071,-0.022668,-0.33061,0.056878,-0.338745,0.078083,0.294984,-0.100316,-0.021479,0.178962,0.229154,-0.004133,-0.351236,0.231786,0.154791,-0.16889,0.219791,-0.199305,-0.046964,0.053313,-0.164734
1445,"Ono, Miyuki",staff_28409,-0.027953,-0.037969,0.095209,-0.169535,-0.032622,0.098794,0.240337,-0.014719,0.285867,0.030842,-0.197682,0.058535,0.205152,0.111862,-0.071274,-0.398238,0.369841,0.134197,0.161028,-0.002915,0.203182,-0.048811,-0.223669,-0.061493,0.047107,0.242091,-0.470194,0.115196,-0.146589,0.097262,-0.430802,0.052771,0.244854,-0.384969,0.430937,-0.223179,-0.005112,-0.062368,-0.275761,0.143343,0.041087,0.114739,0.490592,-0.217322,-0.145929,-0.249953,0.147229,-0.418071,0.100281,0.350578,-0.047833,-0.014005,0.24057,0.184336,0.043127,-0.435219,0.371255,0.057573,-0.064256,0.298582,-0.236196,-0.110495,0.161213,-0.157281
1446,"Tada, Shunsuke",staff_5805,-0.114235,-0.417714,-0.308467,0.033606,0.385663,-0.032392,0.513666,-0.357505,0.261605,-0.173691,0.57751,1.113839,0.607142,-0.116901,-1.006284,-0.584223,-0.040461,0.830457,-0.102935,0.071844,0.420686,0.343705,0.124416,0.344564,0.422042,-0.169259,0.060165,0.403034,0.262411,-0.354589,0.356842,-0.443356,0.27477,0.275867,-0.253609,0.460532,-0.330263,-0.264182,-0.040314,0.162499,-1.176452,-0.071864,-0.211871,-0.097084,-0.064249,-0.218154,-0.044019,-0.743776,0.662342,-0.756606,0.465706,-0.148836,-0.247525,-0.398338,-0.616487,-0.473766,-0.136508,-0.012881,-0.548069,0.259091,-0.073282,0.421684,-0.07845,-0.159292
1448,"Shinohara, Keisuke",staff_55461,-0.220151,-0.371348,-0.195205,0.200689,0.299097,-0.006724,0.440299,-0.313616,0.265566,-0.203853,0.505306,1.166107,0.657032,-0.097172,-1.129301,-0.520579,-0.008184,0.882883,-0.142472,-0.0098,0.381827,0.344487,0.108621,0.253668,0.520221,-0.145792,0.068585,0.330132,0.191746,-0.312716,0.367496,-0.301942,0.23423,0.115847,-0.207777,0.372147,-0.493049,-0.298606,-0.120822,0.15386,-1.236583,-0.031489,-0.049991,-0.255134,-0.132784,-0.27072,0.002766,-0.660465,0.481625,-0.742367,0.537378,-0.10107,-0.426875,-0.412047,-0.622837,-0.451454,-0.010825,0.106889,-0.612595,0.359125,-0.150064,0.221295,-0.082012,-0.181657
1449,"Ishige, Shouya",staff_44664,-0.05217,-0.023292,0.104369,-0.151989,-0.033929,0.077806,0.261694,0.020098,0.28957,0.008775,-0.22427,0.049409,0.200524,0.124797,-0.075517,-0.422088,0.388787,0.159729,0.169743,-0.000179,0.178541,-0.071866,-0.228574,-0.025393,0.033474,0.236783,-0.461706,0.107637,-0.127497,0.065059,-0.434113,0.048917,0.259233,-0.401068,0.450802,-0.224504,-0.032468,-0.087596,-0.311876,0.149948,0.003357,0.128488,0.528257,-0.222114,-0.177758,-0.237592,0.183295,-0.429499,0.114581,0.362083,-0.043968,-0.045884,0.25696,0.167178,0.061327,-0.458168,0.388363,0.029424,-0.033886,0.303331,-0.230927,-0.123621,0.16703,-0.144374
1450,"Takayanagi, Tomoyo",staff_45241,-0.069261,-0.04159,0.098627,-0.13125,-0.027327,0.041521,0.273318,0.051416,0.274437,-0.002253,-0.220976,0.035483,0.211966,0.122432,-0.091882,-0.44401,0.390563,0.172461,0.187268,-0.025293,0.172539,-0.080973,-0.246577,-0.004489,0.008727,0.246763,-0.496191,0.083626,-0.097603,0.025753,-0.414524,0.062398,0.247542,-0.413592,0.456389,-0.253012,-0.066931,-0.089856,-0.350042,0.173149,-0.020009,0.131828,0.554767,-0.221414,-0.182591,-0.209103,0.203536,-0.447009,0.112554,0.365099,-0.04114,-0.057952,0.241975,0.160844,0.071887,-0.482224,0.407158,-0.003359,-0.000658,0.32207,-0.253508,-0.116324,0.186986,-0.150078
1451,"Suguta, Hina",staff_48605,-0.069893,-0.04064,0.098988,-0.129923,-0.028811,0.042757,0.272469,0.05098,0.275767,-0.002207,-0.223228,0.035884,0.21088,0.121308,-0.090965,-0.444187,0.389887,0.171326,0.185728,-0.025019,0.173261,-0.080021,-0.24505,-0.003322,0.010005,0.245201,-0.493032,0.083913,-0.098336,0.025885,-0.414083,0.062381,0.2476,-0.411933,0.454338,-0.251636,-0.065559,-0.089742,-0.348377,0.172632,-0.02181,0.132234,0.554313,-0.220657,-0.185704,-0.209909,0.203723,-0.445679,0.110682,0.36405,-0.043421,-0.058855,0.24297,0.159528,0.07135,-0.480331,0.403882,-0.003999,-0.000675,0.319138,-0.253587,-0.116403,0.184898,-0.149636
1452,"Sakurai, Yuuki",staff_3725,0.036293,-0.088824,0.087022,-0.242171,-0.01577,0.173918,0.193648,-0.073614,0.269276,0.117272,-0.18149,0.093718,0.129331,0.046311,-0.013638,-0.381804,0.319427,0.087379,0.134305,-0.006837,0.21568,0.004881,-0.23186,-0.133248,0.102524,0.252937,-0.468744,0.142412,-0.166743,0.19179,-0.418797,0.052383,0.260994,-0.366636,0.384724,-0.195152,0.044023,-0.031153,-0.204674,0.168636,0.083421,0.079432,0.41873,-0.253626,-0.080957,-0.284724,0.09352,-0.351501,0.063315,0.306329,-0.083449,-0.030596,0.198066,0.236841,0.029885,-0.386201,0.249039,0.109377,-0.127241,0.250231,-0.226643,-0.074851,0.094222,-0.150251
1453,"Koorogi, Satomi",staff_470,0.078033,-0.072123,0.101711,-0.331228,-0.059413,0.310665,0.137757,-0.163875,0.298323,0.084076,-0.245364,0.133566,0.098725,0.024778,0.051431,-0.305261,0.222885,0.110183,0.113926,-0.006252,0.220278,0.086,-0.248892,-0.168094,0.234738,0.276789,-0.528762,0.168909,-0.256129,0.328243,-0.436679,0.032699,0.234234,-0.203004,0.420001,-0.136288,0.072993,0.024217,-0.085907,0.088913,0.197674,0.124681,0.388214,-0.257093,-0.004983,-0.374592,-0.039918,-0.261679,0.007993,0.325783,-0.062681,-0.003634,0.197028,0.196778,0.029158,-0.32759,0.294684,0.260298,-0.174431,0.154184,-0.103097,0.020239,0.052359,-0.200637
1454,"Tsuda, Minami",staff_11492,0.030906,-0.062028,0.077512,-0.25108,-0.003968,0.188176,0.227401,-0.119927,0.265328,0.105853,-0.159422,0.071862,0.13807,0.014075,0.007461,-0.352839,0.292476,0.061789,0.129256,0.016594,0.257209,0.006608,-0.197949,-0.124525,0.1229,0.265531,-0.452664,0.121358,-0.180284,0.199584,-0.432926,0.036028,0.269403,-0.37852,0.404347,-0.225258,0.058274,0.005655,-0.169461,0.118466,0.114471,0.089172,0.399376,-0.257421,-0.05775,-0.311611,0.072672,-0.323009,0.093462,0.263262,-0.080847,-0.012914,0.205047,0.256653,0.003198,-0.348928,0.26225,0.135767,-0.130886,0.250517,-0.218245,-0.066514,0.121522,-0.165198
1455,"Sakuya, Shunsuke",staff_7492,0.17939,-0.191245,0.098089,-0.320066,-0.016498,0.27143,0.120778,-0.131088,0.194299,0.201811,-0.157303,0.106943,0.049278,0.017054,0.075467,-0.426191,0.219475,0.058833,0.117863,-0.022534,0.182334,0.090704,-0.323196,-0.163047,0.22101,0.315815,-0.546177,0.17903,-0.16842,0.283623,-0.379461,0.019159,0.289706,-0.352023,0.385046,-0.157845,0.10982,-0.020734,-0.110625,0.175149,0.167644,-0.002913,0.352562,-0.291055,0.069382,-0.292054,0.010395,-0.268976,0.050654,0.245205,-0.147167,-0.072596,0.128395,0.284977,0.033618,-0.346873,0.121051,0.169561,-0.216927,0.144258,-0.162669,0.000218,-0.028821,-0.200538
1456,"Shinohara, Toshiya",staff_5979,-0.150817,-0.421145,-0.364226,-0.003563,0.385673,-0.031536,0.534979,-0.312564,0.280746,-0.163054,0.668128,1.136271,0.666536,-0.11973,-0.92958,-0.557983,0.039495,0.787279,-0.126194,0.091861,0.390299,0.292758,0.088335,0.348258,0.399216,-0.25611,0.091651,0.36687,0.280432,-0.419717,0.349931,-0.483962,0.298825,0.282192,-0.271229,0.519571,-0.258807,-0.276152,-0.024797,0.204913,-1.206357,-0.153793,-0.276552,-0.059718,-0.060546,-0.246596,-0.032623,-0.785777,0.633735,-0.762732,0.512462,-0.145506,-0.235609,-0.39002,-0.606857,-0.507202,-0.210508,-0.053416,-0.54095,0.196976,-0.097048,0.460697,-0.069689,-0.192996
1458,"Yuasa, Masaaki",staff_5068,-0.180277,-0.367908,-0.278939,0.088143,0.363871,-0.052528,0.508944,-0.352656,0.28109,-0.175031,0.561841,1.091137,0.670454,-0.113666,-1.000171,-0.549676,0.001804,0.871116,-0.1732,0.1001,0.389847,0.364528,0.101146,0.316366,0.445505,-0.160196,0.120556,0.338632,0.279739,-0.366365,0.371142,-0.402423,0.281804,0.224824,-0.241776,0.455255,-0.327713,-0.286653,-0.098822,0.163813,-1.257145,-0.037994,-0.144293,-0.177673,-0.115634,-0.251299,0.008616,-0.693477,0.566651,-0.745726,0.500278,-0.057906,-0.307284,-0.45396,-0.614747,-0.414661,-0.101727,0.02581,-0.571425,0.282797,-0.085276,0.345802,-0.096888,-0.133243
1459,"Fujimura, Akira",staff_47609,0.102765,-0.105133,0.014079,-0.225044,0.052878,0.140818,0.161177,-0.17945,0.197678,0.089067,-0.052549,0.07586,0.133015,-0.050998,-0.041883,-0.326705,0.199836,-0.007958,0.107368,-0.011994,0.1926,-0.010511,-0.153368,-0.204789,0.115789,0.259361,-0.483467,0.179864,-0.228105,0.216903,-0.384503,0.075365,0.248819,-0.371824,0.377646,-0.199824,0.072594,0.084083,-0.188435,0.104663,0.170443,0.046641,0.304161,-0.282851,0.036317,-0.331619,0.004793,-0.295276,0.097305,0.181754,-0.146877,-0.037952,0.113218,0.311636,-0.013123,-0.29924,0.208937,0.141325,-0.168237,0.259724,-0.245381,0.014609,0.062453,-0.189239
1460,"Yamazaki, Satoshi",staff_40485,0.102765,-0.105133,0.014079,-0.225044,0.052878,0.140818,0.161177,-0.17945,0.197678,0.089067,-0.052549,0.07586,0.133015,-0.050998,-0.041883,-0.326705,0.199836,-0.007958,0.107368,-0.011994,0.1926,-0.010511,-0.153368,-0.204789,0.115789,0.259361,-0.483467,0.179864,-0.228105,0.216903,-0.384503,0.075365,0.248819,-0.371824,0.377646,-0.199824,0.072594,0.084083,-0.188435,0.104663,0.170443,0.046641,0.304161,-0.282851,0.036317,-0.331619,0.004793,-0.295276,0.097305,0.181754,-0.146877,-0.037952,0.113218,0.311636,-0.013123,-0.29924,0.208937,0.141325,-0.168237,0.259724,-0.245381,0.014609,0.062453,-0.189239
1461,"Katou, Toshiyuki",staff_11845,-0.100119,-0.426962,-0.315895,0.011478,0.388474,-0.050218,0.532962,-0.341723,0.276426,-0.157657,0.598191,1.133189,0.59635,-0.102199,-0.988148,-0.575121,-0.042945,0.822227,-0.111531,0.076337,0.407748,0.329183,0.113046,0.347485,0.412734,-0.189397,0.047212,0.420774,0.249017,-0.356232,0.341221,-0.462563,0.278546,0.307258,-0.263913,0.483521,-0.294814,-0.258481,-0.024969,0.169085,-1.154103,-0.09437,-0.254046,-0.074491,-0.035769,-0.203944,-0.071521,-0.729806,0.703322,-0.744412,0.462629,-0.17447,-0.212416,-0.396021,-0.605308,-0.463196,-0.156296,-0.041794,-0.534917,0.245947,-0.072265,0.461077,-0.071535,-0.165293
1462,"Taichi, You",staff_21955,0.069812,-0.067838,0.020987,-0.239481,0.042883,0.180152,0.190087,-0.151667,0.216869,0.095179,-0.113066,0.072103,0.141742,-0.007182,-0.017557,-0.306926,0.26269,0.012173,0.104935,0.003713,0.223553,-0.007544,-0.16918,-0.169785,0.116482,0.27456,-0.449104,0.165003,-0.21798,0.221559,-0.433209,0.044783,0.290695,-0.357361,0.397545,-0.197298,0.070127,0.02189,-0.153281,0.083549,0.147919,0.049351,0.357059,-0.27449,-0.020198,-0.339344,0.022016,-0.288704,0.085778,0.244496,-0.104248,-0.018559,0.169648,0.294221,-0.006959,-0.32254,0.24237,0.112885,-0.182385,0.249037,-0.233821,-0.031173,0.082159,-0.181321
1463,"Morikawa, Toshiyuki",staff_6,0.102967,-0.085269,0.090043,-0.260965,-0.018447,0.204511,0.155653,-0.132648,0.243222,0.09143,-0.160331,0.099061,0.116935,0.029245,0.014561,-0.353032,0.243892,0.072831,0.113933,-0.010038,0.190568,0.014912,-0.212966,-0.156083,0.152915,0.254187,-0.492524,0.181269,-0.201107,0.24511,-0.404184,0.047087,0.252608,-0.297806,0.412955,-0.155952,0.060107,0.029702,-0.15835,0.117305,0.127187,0.081869,0.373378,-0.259307,-0.013191,-0.311143,0.007667,-0.300088,0.06025,0.288358,-0.129454,-0.029479,0.189783,0.251146,0.030449,-0.350795,0.248683,0.177066,-0.163685,0.214799,-0.184137,-0.016734,0.039485,-0.166666
1464,"Takagi, Wataru",staff_133,0.081935,-0.099081,0.028655,-0.21378,0.026271,0.135717,0.170362,-0.144932,0.213127,0.087336,-0.078325,0.071959,0.151076,-0.015669,-0.041736,-0.343241,0.232776,0.013624,0.11269,-0.015241,0.206771,-0.00761,-0.171848,-0.181374,0.104722,0.258873,-0.484737,0.163069,-0.210375,0.195683,-0.383866,0.072989,0.238971,-0.362094,0.373613,-0.206481,0.067076,0.053904,-0.190967,0.116266,0.13943,0.055428,0.336096,-0.266869,-0.006143,-0.31051,0.02859,-0.312753,0.082048,0.216116,-0.136245,-0.018712,0.136027,0.286989,-0.003305,-0.324332,0.231464,0.122833,-0.153078,0.258821,-0.24968,-0.010487,0.082376,-0.188415
1465,"Saitou, Konami",staff_41204,0.104686,-0.102956,0.009579,-0.225984,0.050369,0.140366,0.164417,-0.177418,0.19292,0.090876,-0.047872,0.073391,0.13476,-0.048652,-0.036663,-0.331016,0.20179,-0.012187,0.101875,-0.007694,0.19368,-0.011755,-0.152972,-0.206119,0.113267,0.259683,-0.480585,0.179724,-0.228308,0.214597,-0.38371,0.073514,0.251004,-0.373009,0.373762,-0.202641,0.074896,0.080407,-0.181851,0.10278,0.167154,0.043286,0.301755,-0.287505,0.034744,-0.330509,0.00642,-0.289621,0.097963,0.178935,-0.150256,-0.033579,0.112947,0.3157,-0.012205,-0.299524,0.207578,0.137919,-0.171584,0.259964,-0.244851,0.011969,0.064709,-0.189377
1468,"Hosoya, Yoshimasa",staff_5626,0.063321,-0.100551,0.054907,-0.273252,-0.004246,0.203077,0.193454,-0.138973,0.234997,0.107799,-0.132799,0.080636,0.13465,-0.001281,0.018665,-0.352379,0.256074,0.049901,0.122642,0.006756,0.238891,0.004119,-0.209222,-0.142435,0.143787,0.281223,-0.470259,0.144445,-0.199321,0.236666,-0.413153,0.047031,0.263516,-0.347491,0.387822,-0.205107,0.072487,0.013723,-0.15247,0.107705,0.137057,0.053573,0.373933,-0.277449,-0.025423,-0.336557,0.042616,-0.293433,0.089911,0.25707,-0.111532,-0.013965,0.175721,0.270044,-0.002052,-0.338168,0.238537,0.134892,-0.165162,0.233785,-0.21572,-0.047545,0.08609,-0.185015
1469,"Tanaka, Aimi",staff_34525,0.058505,-0.076029,0.038437,-0.202304,0.026878,0.11719,0.198215,-0.116713,0.220503,0.063042,-0.101378,0.065634,0.15259,0.003598,-0.046513,-0.36277,0.258188,0.042164,0.121695,-0.003319,0.184109,-0.032746,-0.173547,-0.150722,0.086718,0.25238,-0.476268,0.157913,-0.19485,0.164202,-0.401825,0.064774,0.258269,-0.386122,0.401965,-0.208838,0.039637,0.028664,-0.229625,0.116402,0.116356,0.071402,0.372994,-0.269455,-0.029739,-0.303235,0.061854,-0.332606,0.110245,0.230914,-0.120165,-0.043883,0.158227,0.272178,0.01192,-0.349082,0.261788,0.103761,-0.125173,0.276023,-0.237615,-0.030297,0.09686,-0.172867
1470,"Tatsuwa, Naoyuki",staff_8584,-0.138669,-0.388032,-0.320641,0.016164,0.359704,-0.061521,0.509826,-0.337204,0.282826,-0.154065,0.610791,1.101559,0.646777,-0.127787,-0.952419,-0.557518,-0.047152,0.851928,-0.130188,0.095883,0.418289,0.354192,0.096704,0.342657,0.397816,-0.221867,0.083164,0.369265,0.28004,-0.332709,0.374877,-0.476141,0.282383,0.282693,-0.271368,0.512719,-0.279746,-0.274912,-0.063246,0.182447,-1.185595,-0.099051,-0.259391,-0.069639,-0.077539,-0.214365,-0.04217,-0.740101,0.684732,-0.742062,0.473303,-0.127553,-0.25014,-0.422683,-0.571377,-0.438434,-0.180868,-0.010021,-0.546593,0.237925,-0.042718,0.428993,-0.04171,-0.125351
1471,"Sekine, Akira",staff_32943,0.095038,-0.104204,0.042141,-0.222113,0.033686,0.158327,0.153187,-0.139532,0.211122,0.089527,-0.108972,0.084876,0.127008,-0.008364,-0.035792,-0.338685,0.233661,0.032453,0.113114,-0.020334,0.174446,-0.001557,-0.188684,-0.17675,0.117754,0.255198,-0.485377,0.186157,-0.210874,0.214252,-0.392276,0.062999,0.259489,-0.348493,0.38965,-0.176086,0.061042,0.042329,-0.192371,0.122258,0.139562,0.055667,0.349857,-0.26879,0.005396,-0.313637,0.020498,-0.312334,0.074667,0.240786,-0.130744,-0.048179,0.141895,0.276734,0.007329,-0.331056,0.221878,0.12732,-0.162133,0.240006,-0.229748,-0.00203,0.044186,-0.177213
1472,KENN,staff_857,0.099213,-0.114325,0.039945,-0.279802,0.027385,0.242051,0.194743,-0.191776,0.188984,0.088098,-0.1158,0.06473,0.133167,-0.032862,0.050919,-0.300925,0.190472,0.012427,0.114146,-0.015846,0.246467,0.004917,-0.209219,-0.1346,0.175297,0.301945,-0.506837,0.148454,-0.206081,0.281585,-0.396849,0.058849,0.272254,-0.274541,0.431282,-0.203084,0.076846,0.060921,-0.111854,0.076848,0.135056,0.049827,0.370879,-0.290355,0.034916,-0.353965,-0.022868,-0.248518,0.078974,0.271518,-0.130888,0.008684,0.166798,0.296871,-0.01732,-0.320017,0.255278,0.149445,-0.201696,0.214723,-0.213432,-0.014804,0.080661,-0.220244
1473,"Tanaka, Mei",staff_26457,0.03376,-0.151784,-0.056755,-0.319339,0.094851,0.278537,0.255196,-0.227752,0.129832,0.073889,-0.082154,0.046388,0.169359,-0.101004,0.088894,-0.242107,0.176223,-0.034784,0.13721,-0.010858,0.289341,-0.045579,-0.212522,-0.101963,0.183445,0.376907,-0.488023,0.120616,-0.212246,0.322136,-0.440468,0.085444,0.326586,-0.250925,0.433341,-0.276303,0.072989,0.025702,-0.095539,0.032842,0.153953,-0.015467,0.411349,-0.363673,0.036492,-0.443003,-0.007705,-0.196772,0.116615,0.275638,-0.082354,0.039968,0.140225,0.336761,-0.075502,-0.289025,0.28044,0.054109,-0.227749,0.239531,-0.27834,-0.056897,0.144707,-0.276177
1474,"Chihara, Minori",staff_53,0.025714,-0.1106,-0.010615,-0.290022,0.059274,0.253609,0.243585,-0.188214,0.183182,0.074677,-0.121324,0.058274,0.176218,-0.037539,0.048424,-0.266596,0.235692,0.004121,0.135697,0.004834,0.274073,-0.03699,-0.208287,-0.104449,0.158759,0.335205,-0.464513,0.13416,-0.213986,0.287354,-0.451857,0.07045,0.312171,-0.281021,0.426223,-0.243407,0.076685,-0.00251,-0.119887,0.050685,0.141617,0.014353,0.420366,-0.319939,-0.010388,-0.406548,0.022677,-0.251617,0.10744,0.302015,-0.06551,0.038217,0.17598,0.295656,-0.053252,-0.316444,0.297471,0.074632,-0.205461,0.24238,-0.255272,-0.077458,0.139279,-0.240846
1475,"Fukuen, Misato",staff_207,0.116022,-0.114564,0.061115,-0.264608,0.008903,0.217713,0.152099,-0.167811,0.213046,0.109292,-0.119314,0.082907,0.116253,-0.010808,0.012605,-0.325556,0.213878,0.029123,0.101881,-0.011818,0.216676,0.02436,-0.202804,-0.170155,0.155968,0.266302,-0.495382,0.175163,-0.218182,0.267151,-0.386186,0.049793,0.256258,-0.310912,0.396701,-0.167105,0.088127,0.056745,-0.133916,0.103158,0.147171,0.053824,0.343062,-0.265205,0.02606,-0.331194,-0.010532,-0.281689,0.066238,0.258862,-0.143958,-0.016497,0.158321,0.279684,-0.002648,-0.326036,0.217306,0.165386,-0.196992,0.21181,-0.20242,-0.004236,0.041541,-0.187547
1476,"Ozaki, Takaharu",staff_33185,-0.216526,-0.322851,-0.34976,-0.011212,0.323626,-0.088776,0.503488,-0.282661,0.323512,-0.127094,0.67009,1.103207,0.744297,-0.108581,-0.89142,-0.49018,-0.030485,0.909842,-0.207311,0.143808,0.423756,0.360413,0.063089,0.311579,0.402435,-0.300083,0.156268,0.268117,0.29376,-0.326131,0.369264,-0.50241,0.27494,0.271209,-0.320466,0.580502,-0.225724,-0.282519,-0.098399,0.209915,-1.25461,-0.131683,-0.29115,-0.058879,-0.09971,-0.23939,-0.050858,-0.720985,0.653929,-0.705312,0.516586,-0.067506,-0.314281,-0.477537,-0.531786,-0.373395,-0.224685,0.027339,-0.548621,0.23969,-0.019595,0.389839,-0.020168,-0.080747
1477,"Matsuda, Satsumi",staff_27459,0.054632,-0.087373,0.028762,-0.323327,0.013795,0.295579,0.218415,-0.226196,0.238035,0.093465,-0.127252,0.079113,0.185975,-0.00355,0.049555,-0.246963,0.246512,0.008705,0.127945,0.023372,0.315659,-0.012318,-0.203777,-0.136735,0.203708,0.32475,-0.441631,0.153828,-0.254037,0.330869,-0.457047,0.051888,0.278947,-0.263184,0.412408,-0.195095,0.123982,0.0151,-0.047369,0.032369,0.175453,0.026219,0.367959,-0.289038,-0.010902,-0.420192,-0.017341,-0.249576,0.094624,0.316938,-0.068948,0.0925,0.211177,0.293226,-0.056856,-0.307247,0.296863,0.155369,-0.255024,0.224681,-0.223576,-0.088595,0.123287,-0.243843
1478,"Ogura, Yui",staff_10981,0.064205,-0.111532,0.015341,-0.290975,0.049185,0.26129,0.211802,-0.213341,0.23113,0.070608,-0.126694,0.077019,0.152925,-0.042305,0.029568,-0.274257,0.23651,0.003942,0.140108,0.004044,0.24897,-0.009923,-0.21016,-0.145786,0.160912,0.287102,-0.469974,0.148359,-0.25153,0.300706,-0.446808,0.064847,0.287957,-0.280875,0.400171,-0.198189,0.095855,0.037913,-0.123044,0.064341,0.159831,0.032874,0.367625,-0.279135,0.019532,-0.406041,0.000904,-0.273574,0.088226,0.290823,-0.071668,0.006077,0.188504,0.302454,-0.041756,-0.312482,0.265454,0.141847,-0.225082,0.238644,-0.223273,-0.057359,0.105824,-0.237417
1481,"Saitou, Ayaka",staff_222,-0.031456,-0.019639,0.043596,-0.149349,0.036569,0.061491,0.260464,0.037025,0.250326,0.09422,-0.209762,0.011231,0.159812,0.066334,-0.075475,-0.395631,0.420545,0.102405,0.154408,-0.048227,0.251435,0.03071,-0.236394,-0.07587,0.006974,0.302692,-0.497638,0.031027,-0.083654,0.001239,-0.463358,-0.02311,0.317914,-0.492783,0.43388,-0.30246,-0.065685,-0.068934,-0.247139,0.144827,0.068595,0.106101,0.492715,-0.194779,-0.140698,-0.193062,0.133741,-0.375069,0.049038,0.267778,-0.020508,-0.101224,0.223099,0.244786,0.072319,-0.435635,0.301766,-0.012415,-0.050544,0.302725,-0.276956,-0.045594,0.15789,-0.153457
1482,"Fujita, Yoshinori",staff_235,-0.031456,-0.019639,0.043596,-0.149349,0.036569,0.061491,0.260464,0.037025,0.250326,0.09422,-0.209762,0.011231,0.159812,0.066334,-0.075475,-0.395631,0.420545,0.102405,0.154408,-0.048227,0.251435,0.03071,-0.236394,-0.07587,0.006974,0.302692,-0.497638,0.031027,-0.083654,0.001239,-0.463358,-0.02311,0.317914,-0.492783,0.43388,-0.30246,-0.065685,-0.068934,-0.247139,0.144827,0.068595,0.106101,0.492715,-0.194779,-0.140698,-0.193062,0.133741,-0.375069,0.049038,0.267778,-0.020508,-0.101224,0.223099,0.244786,0.072319,-0.435635,0.301766,-0.012415,-0.050544,0.302725,-0.276956,-0.045594,0.15789,-0.153457
1483,"Kirii, Daisuke",staff_114,-0.031456,-0.019639,0.043596,-0.149349,0.036569,0.061491,0.260464,0.037025,0.250326,0.09422,-0.209762,0.011231,0.159812,0.066334,-0.075475,-0.395631,0.420545,0.102405,0.154408,-0.048227,0.251435,0.03071,-0.236394,-0.07587,0.006974,0.302692,-0.497638,0.031027,-0.083654,0.001239,-0.463358,-0.02311,0.317914,-0.492783,0.43388,-0.30246,-0.065685,-0.068934,-0.247139,0.144827,0.068595,0.106101,0.492715,-0.194779,-0.140698,-0.193062,0.133741,-0.375069,0.049038,0.267778,-0.020508,-0.101224,0.223099,0.244786,0.072319,-0.435635,0.301766,-0.012415,-0.050544,0.302725,-0.276956,-0.045594,0.15789,-0.153457
1484,"Matsukaze, Masaya",staff_42,0.085096,-0.100381,0.051127,-0.239238,0.025729,0.203641,0.174894,-0.094728,0.214079,0.138304,-0.175231,0.065511,0.122931,0.037226,-0.004143,-0.35054,0.303092,0.05125,0.12329,-0.02853,0.226597,0.05554,-0.258216,-0.135673,0.13006,0.309803,-0.503091,0.134569,-0.169536,0.197505,-0.43143,0.010312,0.309114,-0.369541,0.407826,-0.201656,0.058621,-0.036028,-0.141002,0.120921,0.140929,0.033468,0.408547,-0.243975,-0.020564,-0.286731,0.032277,-0.30283,0.040108,0.282706,-0.078438,-0.045878,0.176877,0.268442,0.021654,-0.366742,0.225468,0.08878,-0.180895,0.207141,-0.219199,-0.024967,0.057626,-0.196733
1485,"Furuta, Jouji",staff_32969,-0.133001,-0.409858,-0.287749,0.052013,0.362653,-0.046321,0.506479,-0.334087,0.273673,-0.169567,0.576938,1.129858,0.619221,-0.107465,-1.012739,-0.558093,-0.034787,0.837588,-0.121502,0.058934,0.399289,0.340058,0.10812,0.323934,0.430749,-0.182484,0.057595,0.390776,0.241095,-0.344208,0.354301,-0.427805,0.267762,0.258545,-0.252123,0.465072,-0.335672,-0.274926,-0.055784,0.171167,-1.175013,-0.081445,-0.205669,-0.115956,-0.068158,-0.219539,-0.045412,-0.713937,0.651639,-0.74102,0.480012,-0.149392,-0.267411,-0.405634,-0.605556,-0.453992,-0.124397,-0.003374,-0.557262,0.269457,-0.082447,0.403874,-0.065188,-0.159133
1486,"Terashima, Takuma",staff_494,0.063492,-0.084722,0.046941,-0.295629,-0.004562,0.206839,0.234527,-0.136723,0.209347,0.060683,-0.140091,0.06094,0.169846,0.019583,0.064879,-0.356531,0.256026,0.066871,0.141051,0.002732,0.243403,-0.04691,-0.223088,-0.086913,0.158649,0.319176,-0.47756,0.133069,-0.177263,0.233291,-0.435642,0.042288,0.288366,-0.301831,0.436783,-0.216445,0.043923,-0.002053,-0.13873,0.063236,0.108479,0.044069,0.410794,-0.299245,-0.038101,-0.353777,0.026726,-0.260843,0.116803,0.296242,-0.117291,0.000393,0.219399,0.284442,0.008179,-0.358353,0.296457,0.111994,-0.176792,0.246241,-0.211836,-0.079147,0.104345,-0.207276
1487,"Miura, Takahiro",staff_12167,-0.200463,-0.377712,-0.334206,-0.03309,0.356182,-0.105212,0.520641,-0.28855,0.322992,-0.206736,0.695956,1.148257,0.692839,-0.122938,-0.893299,-0.508102,0.087825,0.831929,-0.210395,0.11895,0.344239,0.255094,0.046713,0.327621,0.377017,-0.250225,0.221893,0.356081,0.319379,-0.416875,0.347203,-0.526602,0.285425,0.209593,-0.274704,0.56515,-0.226537,-0.274419,-0.046204,0.224601,-1.238097,-0.142762,-0.259609,-0.065596,-0.066713,-0.207432,0.016812,-0.776073,0.644754,-0.759918,0.532142,-0.122112,-0.325019,-0.434164,-0.619291,-0.423227,-0.165428,0.024798,-0.551565,0.265273,-0.072896,0.470034,-0.025436,-0.142532
1488,"Ueda, Kana",staff_116,0.109889,-0.061738,0.092239,-0.297597,-0.016071,0.233743,0.13618,-0.111597,0.224739,0.100415,-0.190133,0.099336,0.107306,0.041737,0.059317,-0.355983,0.282382,0.05187,0.08276,-0.00803,0.219462,0.037984,-0.202658,-0.12361,0.167936,0.25177,-0.484436,0.191965,-0.211408,0.262744,-0.403911,0.028328,0.301714,-0.321913,0.405387,-0.137927,0.115239,-0.014942,-0.120892,0.115524,0.135079,0.104616,0.385768,-0.247927,-0.004433,-0.29541,0.012404,-0.301387,0.037236,0.317187,-0.117377,-0.049093,0.186506,0.222978,0.043281,-0.333506,0.265966,0.183683,-0.180613,0.168665,-0.137904,-0.02788,0.047953,-0.164944
1489,"Kaburagi, Hiro",staff_8461,-0.276678,-0.462864,-0.329293,0.063248,0.369166,-0.048516,0.55284,-0.363074,0.332748,-0.166835,0.641797,1.117195,0.650765,-0.077643,-1.082598,-0.518312,0.105473,0.838869,-0.119219,0.044269,0.341256,0.346824,0.05272,0.241902,0.443872,-0.179258,0.086003,0.262087,0.190585,-0.404828,0.412874,-0.414823,0.318479,0.237372,-0.228732,0.373441,-0.399367,-0.278682,-0.083165,0.241513,-1.316958,-0.103911,-0.113336,-0.175718,-0.145044,-0.314473,0.04507,-0.784779,0.582838,-0.780174,0.534283,-0.1065,-0.346985,-0.341047,-0.659644,-0.499844,-0.152841,0.019716,-0.572871,0.310582,-0.161938,0.328917,-0.112946,-0.150366
1490,"Hidaka, Noriko",staff_181,0.102287,-0.102815,0.030962,-0.288143,0.025667,0.22499,0.188738,-0.188668,0.240407,0.122965,-0.107323,0.082719,0.127935,-0.030304,0.029009,-0.324127,0.253086,-0.003407,0.113757,0.008752,0.25431,0.030196,-0.200854,-0.197386,0.139585,0.269443,-0.475437,0.143076,-0.234275,0.264775,-0.434453,0.050256,0.27419,-0.33209,0.361282,-0.198732,0.107246,0.044543,-0.124506,0.098222,0.162118,0.034323,0.323219,-0.263917,0.016111,-0.35972,0.004745,-0.279151,0.067662,0.235373,-0.105698,-0.004987,0.17603,0.320277,-0.019235,-0.314177,0.200297,0.163609,-0.219409,0.240254,-0.217456,-0.046252,0.091023,-0.209206
1491,"Takagi, Hitoshi",staff_1161,0.117443,-0.105994,0.056411,-0.351364,0.015418,0.299984,0.188657,-0.187501,0.319956,0.198724,-0.166876,0.119948,0.054632,-0.037916,0.076561,-0.343741,0.332519,-0.00738,0.114814,0.039482,0.26898,0.098241,-0.240735,-0.249029,0.125014,0.220712,-0.457786,0.11921,-0.25128,0.316945,-0.489698,0.029686,0.309651,-0.353707,0.305994,-0.176642,0.148065,0.012276,-0.11227,0.149333,0.162773,0.028694,0.311806,-0.232904,0.018631,-0.369843,0.037305,-0.296978,0.02313,0.258168,-0.056501,-0.048783,0.218217,0.344646,-0.008784,-0.333045,0.123572,0.215483,-0.259328,0.228837,-0.17764,-0.088287,0.088025,-0.18661
1493,"Oikawa, Kei",staff_10140,-0.222748,-0.341623,-0.297028,0.071034,0.310659,-0.05311,0.484769,-0.30004,0.297158,-0.145132,0.613298,1.131463,0.712135,-0.092399,-0.973405,-0.502713,-0.034828,0.904075,-0.187944,0.095947,0.420818,0.352378,0.074683,0.296126,0.441934,-0.249267,0.114552,0.287201,0.254341,-0.311953,0.361534,-0.430011,0.258099,0.218377,-0.28142,0.498411,-0.321062,-0.278535,-0.107442,0.184276,-1.245164,-0.098359,-0.212605,-0.117076,-0.100558,-0.245704,-0.044013,-0.708078,0.598889,-0.721444,0.516569,-0.077041,-0.346278,-0.444202,-0.552472,-0.40316,-0.155918,0.054355,-0.564683,0.28011,-0.062183,0.324806,-0.041446,-0.118219
1494,"Kimura, Yasuhiro",staff_39987,-0.102374,-0.426162,-0.314855,0.011202,0.387723,-0.04924,0.532372,-0.343004,0.275876,-0.155112,0.60193,1.138993,0.595443,-0.101052,-0.991572,-0.578803,-0.042923,0.822475,-0.110015,0.075231,0.411483,0.326474,0.111545,0.348641,0.415596,-0.191881,0.051323,0.423866,0.249938,-0.356212,0.341255,-0.462273,0.280306,0.306961,-0.260595,0.485953,-0.292348,-0.258878,-0.024689,0.167811,-1.158414,-0.095256,-0.256315,-0.076328,-0.038612,-0.205539,-0.071431,-0.730283,0.70241,-0.746906,0.46676,-0.174563,-0.212761,-0.397116,-0.605258,-0.464359,-0.161045,-0.040248,-0.536293,0.246596,-0.076733,0.458243,-0.076821,-0.168409
1495,"Takahashi, Hideya",staff_41315,-0.098171,-0.430324,-0.311566,0.010289,0.386065,-0.055353,0.529199,-0.341272,0.278466,-0.158712,0.593632,1.133492,0.601162,-0.098318,-0.99556,-0.574353,-0.043132,0.819564,-0.108636,0.078099,0.412928,0.329961,0.110908,0.352442,0.410989,-0.192049,0.043248,0.419441,0.244774,-0.354284,0.337983,-0.464047,0.274481,0.305037,-0.265892,0.487544,-0.289723,-0.263902,-0.032919,0.16967,-1.155094,-0.094992,-0.250734,-0.078624,-0.039759,-0.201488,-0.070634,-0.729455,0.703387,-0.74859,0.463065,-0.172146,-0.216384,-0.39232,-0.603893,-0.461581,-0.155685,-0.041971,-0.530713,0.242926,-0.0761,0.458015,-0.072883,-0.161335
1496,"Toriumi, Kousuke",staff_97,0.117696,-0.078594,0.065067,-0.32879,-0.045808,0.193423,0.152363,-0.111189,0.208549,0.109464,-0.144472,0.092101,0.155443,0.03339,0.093003,-0.39924,0.282953,0.064052,0.114588,-0.014935,0.268406,0.007373,-0.190678,-0.113959,0.148228,0.294445,-0.48765,0.152821,-0.170743,0.248418,-0.395482,0.042573,0.27499,-0.314068,0.363996,-0.187894,0.089511,-0.006826,-0.104038,0.075998,0.150144,0.045861,0.375041,-0.261213,-0.035011,-0.3026,0.000915,-0.257076,0.046778,0.283237,-0.162981,-0.023144,0.19686,0.263411,0.042971,-0.347433,0.277508,0.171786,-0.172759,0.191539,-0.184379,-0.037952,0.052195,-0.176017
1497,"Senbongi, Sayaka",staff_25167,0.070605,-0.07924,0.057946,-0.232569,0.008219,0.177909,0.179121,-0.134725,0.243287,0.093071,-0.130246,0.083576,0.144417,0.02585,-0.028616,-0.342124,0.271443,0.043882,0.118017,0.007042,0.20602,-0.005205,-0.193765,-0.155411,0.124085,0.256785,-0.460524,0.172435,-0.212586,0.216909,-0.414209,0.051934,0.263075,-0.358753,0.393973,-0.179284,0.076472,0.009013,-0.174879,0.110909,0.135354,0.060646,0.368238,-0.259521,-0.029122,-0.319887,0.044438,-0.323371,0.08865,0.265708,-0.103815,-0.015645,0.176892,0.262367,0.003165,-0.342947,0.252915,0.132443,-0.165661,0.241526,-0.216939,-0.043346,0.077128,-0.177155
1498,"Takamatsu, Shinji",staff_5152,-0.179823,-0.414438,-0.284447,0.043144,0.35867,-0.061186,0.514218,-0.333822,0.299951,-0.173122,0.595514,1.13399,0.626671,-0.091388,-1.035031,-0.539707,-0.001442,0.857391,-0.129965,0.047509,0.3828,0.351553,0.092575,0.291385,0.443429,-0.180253,0.08235,0.350552,0.229935,-0.347616,0.358466,-0.431408,0.269314,0.254968,-0.24375,0.453947,-0.345838,-0.28349,-0.075859,0.198456,-1.216927,-0.087283,-0.177416,-0.142121,-0.085363,-0.23621,-0.024214,-0.708217,0.636807,-0.738572,0.506524,-0.140542,-0.307166,-0.403881,-0.622527,-0.447049,-0.12086,0.014573,-0.565394,0.297136,-0.107185,0.38398,-0.073613,-0.149372
1499,"Fujita, Youichi",staff_12437,-0.104219,-0.425695,-0.315463,0.009634,0.38735,-0.047596,0.537007,-0.346243,0.276331,-0.157156,0.598152,1.135587,0.594397,-0.101695,-0.989617,-0.57825,-0.041794,0.822562,-0.107822,0.073621,0.410366,0.32692,0.112147,0.345818,0.413708,-0.191006,0.050216,0.422119,0.250335,-0.357248,0.33782,-0.459564,0.280351,0.305893,-0.260702,0.485581,-0.292979,-0.256703,-0.024776,0.169163,-1.157646,-0.096188,-0.253951,-0.074474,-0.03269,-0.206169,-0.072228,-0.728,0.701652,-0.745865,0.465176,-0.176414,-0.213314,-0.397528,-0.602002,-0.467331,-0.157423,-0.039525,-0.535706,0.248191,-0.074985,0.461886,-0.074415,-0.167871
1500,"Yaguchi, Asami",staff_931,0.106061,-0.100607,0.00992,-0.224408,0.046128,0.14134,0.163228,-0.177552,0.19442,0.090349,-0.048726,0.073905,0.134468,-0.047114,-0.033258,-0.33091,0.201584,-0.012882,0.099374,-0.005545,0.194793,-0.00841,-0.150056,-0.20612,0.114804,0.257208,-0.477439,0.178862,-0.228203,0.213007,-0.384725,0.070963,0.25067,-0.369385,0.371658,-0.201642,0.078353,0.080515,-0.180263,0.10056,0.165503,0.04498,0.300416,-0.283807,0.030583,-0.330933,0.005467,-0.288925,0.09723,0.176838,-0.153219,-0.032241,0.115584,0.314235,-0.01217,-0.296386,0.203914,0.138399,-0.170491,0.257212,-0.243803,0.010597,0.063348,-0.188563
1501,"Yonezawa, Madoka",staff_7254,0.109111,-0.101255,0.011514,-0.226275,0.046636,0.139157,0.165252,-0.17872,0.193462,0.089401,-0.045989,0.074495,0.139059,-0.044781,-0.03125,-0.333063,0.201412,-0.010863,0.099868,-0.0048,0.196343,-0.007711,-0.149978,-0.209583,0.111644,0.259122,-0.482636,0.177433,-0.22727,0.21119,-0.388177,0.070182,0.251385,-0.370997,0.37448,-0.203662,0.077682,0.081399,-0.184003,0.10177,0.169694,0.045701,0.300165,-0.283497,0.033551,-0.330381,0.003735,-0.293999,0.101053,0.17626,-0.152648,-0.028945,0.116949,0.317274,-0.012559,-0.29744,0.207397,0.140616,-0.169553,0.262669,-0.242417,0.008492,0.067783,-0.188454
1502,"Ono, Manabu",staff_7190,-0.233389,-0.289005,-0.38091,0.044121,0.303385,-0.045,0.489419,-0.304943,0.297112,-0.084176,0.668885,1.120852,0.767379,-0.070866,-0.875005,-0.50009,-0.094573,0.926911,-0.236567,0.194761,0.489001,0.340381,0.065915,0.330739,0.39289,-0.32079,0.128984,0.23347,0.294463,-0.289171,0.351733,-0.487359,0.258785,0.258148,-0.343759,0.553002,-0.245923,-0.225328,-0.102592,0.157557,-1.250638,-0.108756,-0.316867,-0.014357,-0.074902,-0.242753,-0.112806,-0.784134,0.653411,-0.725002,0.460463,-0.042368,-0.291471,-0.441085,-0.475817,-0.379676,-0.261763,0.049089,-0.499998,0.226241,0.016594,0.335806,-0.036378,-0.081511
1503,"Okazaki, Minoru",staff_40989,-0.110261,-0.425937,-0.31393,0.009768,0.383623,-0.046185,0.534129,-0.349332,0.274877,-0.154092,0.597392,1.139023,0.592026,-0.101066,-0.993944,-0.579297,-0.042565,0.8171,-0.107609,0.069163,0.414265,0.324418,0.109878,0.3442,0.412341,-0.190153,0.055504,0.419311,0.249701,-0.35835,0.334613,-0.45677,0.279557,0.302346,-0.256015,0.492285,-0.287569,-0.257703,-0.030021,0.166572,-1.158794,-0.097049,-0.252892,-0.076382,-0.037565,-0.209685,-0.071471,-0.727703,0.701334,-0.747666,0.462069,-0.179782,-0.210286,-0.399053,-0.598388,-0.46884,-0.161423,-0.030174,-0.539143,0.245723,-0.077882,0.460453,-0.079318,-0.17116
1504,"Tsuru, Hiromi",staff_354,0.054781,-0.052202,0.055317,-0.250681,-0.028103,0.15851,0.196061,-0.117581,0.258392,0.080015,-0.127364,0.058189,0.157716,0.021776,-0.013962,-0.348546,0.275219,0.060673,0.103154,0.008529,0.262015,0.014729,-0.175764,-0.159851,0.110805,0.265964,-0.478859,0.114679,-0.210116,0.186782,-0.412958,0.021873,0.236361,-0.356546,0.387197,-0.209154,0.051108,0.041996,-0.151716,0.077996,0.13422,0.093718,0.353616,-0.237553,-0.056638,-0.320515,0.026947,-0.298729,0.079913,0.242023,-0.121505,-0.000331,0.199523,0.26411,0.014017,-0.350326,0.269002,0.145541,-0.153485,0.261528,-0.201583,-0.032665,0.114398,-0.174173
1505,"Yanami, Jouji",staff_670,0.113046,-0.099244,0.014924,-0.22725,0.047479,0.133758,0.166714,-0.177045,0.193253,0.08966,-0.044459,0.071719,0.14096,-0.040169,-0.028989,-0.337598,0.205022,-0.008808,0.099429,-0.0032,0.195836,-0.005102,-0.149652,-0.215562,0.108415,0.257878,-0.487549,0.178056,-0.225233,0.208585,-0.394463,0.069827,0.252752,-0.366905,0.374679,-0.205601,0.07759,0.083058,-0.189269,0.099714,0.173457,0.046561,0.300864,-0.282223,0.034884,-0.329582,0.000683,-0.294273,0.101888,0.175941,-0.151721,-0.026518,0.121564,0.317474,-0.014458,-0.295522,0.205079,0.144301,-0.169245,0.267035,-0.24004,0.002832,0.072394,-0.186071
1506,"Miyauchi, Kouhei",staff_9188,0.113046,-0.099244,0.014924,-0.22725,0.047479,0.133758,0.166714,-0.177045,0.193253,0.08966,-0.044459,0.071719,0.14096,-0.040169,-0.028989,-0.337598,0.205022,-0.008808,0.099429,-0.0032,0.195836,-0.005102,-0.149652,-0.215562,0.108415,0.257878,-0.487549,0.178056,-0.225233,0.208585,-0.394463,0.069827,0.252752,-0.366905,0.374679,-0.205601,0.07759,0.083058,-0.189269,0.099714,0.173457,0.046561,0.300864,-0.282223,0.034884,-0.329582,0.000683,-0.294273,0.101888,0.175941,-0.151721,-0.026518,0.121564,0.317474,-0.014458,-0.295522,0.205079,0.144301,-0.169245,0.267035,-0.24004,0.002832,0.072394,-0.186071
1507,"Kawazu, Yasuhiko",staff_7713,0.113046,-0.099244,0.014924,-0.22725,0.047479,0.133758,0.166714,-0.177045,0.193253,0.08966,-0.044459,0.071719,0.14096,-0.040169,-0.028989,-0.337598,0.205022,-0.008808,0.099429,-0.0032,0.195836,-0.005102,-0.149652,-0.215562,0.108415,0.257878,-0.487549,0.178056,-0.225233,0.208585,-0.394463,0.069827,0.252752,-0.366905,0.374679,-0.205601,0.07759,0.083058,-0.189269,0.099714,0.173457,0.046561,0.300864,-0.282223,0.034884,-0.329582,0.000683,-0.294273,0.101888,0.175941,-0.151721,-0.026518,0.121564,0.317474,-0.014458,-0.295522,0.205079,0.144301,-0.169245,0.267035,-0.24004,0.002832,0.072394,-0.186071
1508,"Furuya, Toru",staff_326,0.004513,-0.133897,0.073622,-0.250728,-0.082385,0.160202,0.194181,-0.030048,0.251418,0.095333,-0.184659,0.045346,0.164824,0.043642,-0.014943,-0.421434,0.291907,0.1319,0.139421,-0.026189,0.272785,0.041476,-0.26918,-0.07772,0.095329,0.292541,-0.553363,0.052274,-0.156645,0.166338,-0.35494,0.040472,0.199254,-0.353063,0.36275,-0.242265,0.018539,-0.01779,-0.197909,0.130482,0.087733,0.076269,0.448124,-0.224085,-0.091109,-0.283913,0.096823,-0.332296,0.051788,0.300227,-0.109039,-0.015122,0.175512,0.188835,0.024894,-0.420929,0.297719,0.081329,-0.099382,0.232968,-0.201797,-0.03718,0.136265,-0.193351
1509,"Kosaka, Tomochi",staff_40849,-0.246631,-0.427403,-0.311197,0.041753,0.370801,-0.087818,0.512416,-0.347304,0.371453,-0.184644,0.614229,1.136646,0.610125,-0.065631,-1.113035,-0.521974,0.07328,0.840335,-0.133489,0.01843,0.32309,0.339908,0.07999,0.213373,0.455455,-0.140864,0.107805,0.277306,0.186312,-0.377382,0.37927,-0.429875,0.264133,0.25549,-0.231225,0.407835,-0.408418,-0.271164,-0.095953,0.229107,-1.265818,-0.058054,-0.109062,-0.203494,-0.127475,-0.297426,0.001458,-0.742096,0.634644,-0.74759,0.495921,-0.177116,-0.350033,-0.354462,-0.691865,-0.459731,-0.104957,0.046289,-0.531678,0.363721,-0.152102,0.357088,-0.140576,-0.137399
1510,"Ueda, Reina",staff_26063,0.05461,-0.072114,0.036566,-0.240743,0.020486,0.170116,0.194453,-0.132819,0.236277,0.094256,-0.126756,0.073359,0.136665,-0.006351,-0.017056,-0.332569,0.265267,0.035509,0.113748,-0.002571,0.229948,0.002204,-0.180339,-0.161249,0.116811,0.271393,-0.462481,0.144045,-0.203613,0.202367,-0.421188,0.043108,0.268894,-0.363503,0.390603,-0.208656,0.053035,0.026406,-0.166105,0.102155,0.136401,0.071251,0.363664,-0.267447,-0.036867,-0.326089,0.036053,-0.297049,0.079894,0.238907,-0.104879,-0.027186,0.172317,0.278216,0.004836,-0.332606,0.243274,0.120287,-0.153985,0.251932,-0.229401,-0.027796,0.092726,-0.175278
1511,"Kimura, Ryouhei",staff_1762,0.073336,-0.091681,0.064562,-0.255228,0.013114,0.194346,0.181438,-0.120515,0.234163,0.108069,-0.152237,0.084133,0.112215,0.002764,0.009288,-0.349263,0.268296,0.056631,0.120608,-0.008025,0.209656,0.014505,-0.211987,-0.148534,0.12902,0.266403,-0.475482,0.154444,-0.186988,0.220533,-0.421585,0.036357,0.281235,-0.351842,0.404582,-0.193439,0.051979,0.014556,-0.171082,0.124557,0.127814,0.068176,0.384627,-0.264792,-0.020369,-0.311721,0.039747,-0.306272,0.073313,0.266659,-0.106686,-0.049758,0.180866,0.269022,0.017813,-0.347474,0.22841,0.131975,-0.155364,0.234237,-0.215387,-0.030606,0.060976,-0.166038
1514,"Kotobuki, Minako",staff_6634,0.000384,-0.052267,0.087198,-0.261433,0.035983,0.205803,0.216029,0.005125,0.280842,0.078971,-0.294623,0.095342,0.038069,0.026713,0.036906,-0.348767,0.392734,0.144637,0.137849,-0.02515,0.144815,0.006006,-0.252226,-0.104867,0.042242,0.215376,-0.462114,0.117042,-0.134002,0.181724,-0.506625,-0.009142,0.370475,-0.336303,0.458709,-0.181833,-0.063369,-0.056672,-0.265486,0.179087,0.015838,0.135672,0.518083,-0.23915,-0.108176,-0.285815,0.117901,-0.351304,0.0353,0.396458,-0.033336,-0.178576,0.276878,0.239123,0.095772,-0.445705,0.252417,0.060467,-0.103985,0.279272,-0.200884,-0.073405,0.059513,-0.085794
1515,"Mori, Nana",staff_49255,0.090602,-0.158612,0.084825,-0.353625,0.010181,0.317939,0.178531,-0.191092,0.321816,0.202311,-0.181329,0.128739,0.041862,-0.072185,0.07049,-0.359642,0.292366,0.030204,0.15729,0.021315,0.267582,0.115988,-0.285967,-0.207317,0.177922,0.248412,-0.476261,0.110221,-0.234362,0.31867,-0.462032,0.02726,0.284204,-0.384799,0.321813,-0.200145,0.134282,0.02146,-0.120954,0.182416,0.197484,0.036362,0.329075,-0.239151,0.052363,-0.359956,0.057583,-0.320295,0.041491,0.238513,-0.036391,-0.077419,0.180436,0.305777,-0.018203,-0.31787,0.11685,0.228572,-0.213928,0.200704,-0.182186,-0.056918,0.060266,-0.204845
1516,"Daigo, Kotarou",staff_49254,0.090602,-0.158612,0.084825,-0.353625,0.010181,0.317939,0.178531,-0.191092,0.321816,0.202311,-0.181329,0.128739,0.041862,-0.072185,0.07049,-0.359642,0.292366,0.030204,0.15729,0.021315,0.267582,0.115988,-0.285967,-0.207317,0.177922,0.248412,-0.476261,0.110221,-0.234362,0.31867,-0.462032,0.02726,0.284204,-0.384799,0.321813,-0.200145,0.134282,0.02146,-0.120954,0.182416,0.197484,0.036362,0.329075,-0.239151,0.052363,-0.359956,0.057583,-0.320295,0.041491,0.238513,-0.036391,-0.077419,0.180436,0.305777,-0.018203,-0.31787,0.11685,0.228572,-0.213928,0.200704,-0.182186,-0.056918,0.060266,-0.204845
1517,"Masunari, Koji",staff_8187,-0.168434,-0.403651,-0.272348,0.072026,0.350183,-0.047529,0.503355,-0.325524,0.288529,-0.171639,0.580373,1.146234,0.62772,-0.094611,-1.042362,-0.542342,-0.013774,0.851908,-0.132876,0.04275,0.387719,0.336847,0.097347,0.300002,0.455008,-0.182562,0.069276,0.370015,0.222667,-0.341447,0.35383,-0.408794,0.26359,0.236566,-0.243585,0.452637,-0.357533,-0.278919,-0.069964,0.177653,-1.201015,-0.082686,-0.180267,-0.148546,-0.080029,-0.234453,-0.035921,-0.696143,0.621857,-0.737735,0.505185,-0.145172,-0.30388,-0.410942,-0.613509,-0.450587,-0.109879,0.018931,-0.569161,0.296028,-0.108085,0.369191,-0.076222,-0.162563
1518,"Ishihara, Kaori",staff_10217,0.077948,-0.122419,0.039967,-0.288884,0.024658,0.241301,0.181951,-0.193786,0.226448,0.123314,-0.111751,0.092313,0.129196,-0.036646,0.024314,-0.313099,0.225283,0.014014,0.123053,0.008981,0.247211,0.016387,-0.207311,-0.169507,0.174774,0.28905,-0.464187,0.166399,-0.228186,0.285633,-0.420391,0.059174,0.268952,-0.331841,0.379176,-0.201576,0.107238,0.033776,-0.122958,0.102375,0.178991,0.032746,0.345148,-0.290368,0.02051,-0.369061,0.015496,-0.280539,0.089662,0.242641,-0.099056,0.003249,0.152136,0.289097,-0.034136,-0.298574,0.212699,0.157337,-0.197943,0.220224,-0.225728,-0.038747,0.074304,-0.206866
1520,"Motonaga, Keitarou",staff_8143,-0.234327,-0.327225,-0.322992,0.047006,0.30491,-0.073135,0.498909,-0.304727,0.31932,-0.133577,0.659446,1.119398,0.72855,-0.081857,-0.912629,-0.507649,-0.029228,0.900047,-0.217569,0.134701,0.421739,0.332809,0.050348,0.319973,0.411498,-0.279955,0.12987,0.268638,0.278544,-0.318101,0.349271,-0.480103,0.25956,0.246264,-0.298371,0.549151,-0.257035,-0.26907,-0.114135,0.188599,-1.230053,-0.125108,-0.289733,-0.080964,-0.083683,-0.238756,-0.052691,-0.738513,0.639865,-0.715921,0.492052,-0.078512,-0.299057,-0.442248,-0.521568,-0.390493,-0.220448,0.021852,-0.527372,0.253273,-0.043716,0.366803,-0.039565,-0.100724
1521,"Nomizu, Iori",staff_8956,0.063258,-0.096191,0.01523,-0.260863,0.039586,0.207192,0.202919,-0.182,0.208271,0.085829,-0.102138,0.070014,0.163267,-0.022797,0.004494,-0.296908,0.234637,0.006229,0.120011,0.002878,0.247306,-0.017144,-0.183924,-0.151986,0.142826,0.293472,-0.463452,0.157659,-0.225076,0.255143,-0.424715,0.066724,0.275434,-0.319048,0.39664,-0.210851,0.086501,0.030552,-0.137692,0.072901,0.153005,0.034718,0.363133,-0.288737,-0.004289,-0.368568,0.013169,-0.277658,0.094564,0.257656,-0.100047,0.018395,0.163755,0.292826,-0.033442,-0.31186,0.259626,0.118306,-0.194718,0.243906,-0.241056,-0.046809,0.104401,-0.214025
1522,"Nakashige, Shunsuke",staff_53467,-0.175492,-0.384554,-0.327209,-0.018162,0.360476,-0.097844,0.505759,-0.318899,0.32928,-0.173259,0.640624,1.10055,0.656327,-0.136749,-0.9616,-0.534714,0.013448,0.850138,-0.13404,0.072093,0.371365,0.355294,0.083435,0.302464,0.405341,-0.227897,0.133161,0.332129,0.28497,-0.358178,0.389198,-0.501462,0.282418,0.285844,-0.258941,0.533923,-0.272466,-0.302628,-0.083544,0.226848,-1.221097,-0.10722,-0.237291,-0.105503,-0.109892,-0.241666,-0.008084,-0.731678,0.674615,-0.733011,0.50391,-0.141238,-0.294297,-0.428434,-0.611252,-0.433499,-0.177263,-0.001388,-0.54977,0.265813,-0.071376,0.440919,-0.050924,-0.114721
1523,"Ban, Taito",staff_47739,0.059468,-0.076277,0.021488,-0.247169,0.048902,0.202431,0.190096,-0.15267,0.217229,0.08826,-0.129747,0.0749,0.139263,-0.010565,-0.011714,-0.290897,0.263682,0.021613,0.115493,-0.002137,0.221946,-0.006705,-0.184459,-0.154765,0.128247,0.282833,-0.452687,0.16511,-0.218383,0.2373,-0.441351,0.041977,0.299479,-0.340825,0.413241,-0.195562,0.063615,0.01509,-0.148902,0.080936,0.151217,0.049046,0.378009,-0.275246,-0.014997,-0.349232,0.020447,-0.289244,0.083715,0.269311,-0.086994,-0.022803,0.174777,0.28607,-0.009469,-0.327105,0.255923,0.108467,-0.186185,0.242883,-0.234791,-0.031938,0.076844,-0.189864
1524,"Namikawa, Daisuke",staff_87,0.03925,-0.082532,0.052098,-0.228748,0.013744,0.160984,0.201605,-0.118638,0.251156,0.086775,-0.135678,0.072162,0.148088,-8e-05,-0.025306,-0.344154,0.282171,0.049623,0.132984,-0.007787,0.231965,-0.000262,-0.196733,-0.144543,0.102105,0.258863,-0.471902,0.131218,-0.193766,0.189648,-0.416757,0.053275,0.254865,-0.366989,0.388966,-0.218357,0.048343,0.022577,-0.192262,0.123764,0.118306,0.077268,0.384701,-0.249076,-0.043363,-0.309368,0.060851,-0.33218,0.078374,0.260722,-0.090214,-0.026317,0.18123,0.263472,0.004547,-0.35099,0.258041,0.117513,-0.136445,0.262826,-0.240918,-0.04498,0.106735,-0.179399
1526,"Ushijima, Shinichirou",staff_39348,-0.338269,-0.364936,-0.296742,0.094013,0.386939,-0.0911,0.545282,-0.459209,0.393258,-0.2338,0.619722,0.964085,0.715749,-0.098237,-1.029426,-0.571267,0.141555,0.914192,-0.229596,0.145729,0.324735,0.397576,0.032115,0.276269,0.430532,-0.076501,0.219099,0.164667,0.309636,-0.417287,0.428251,-0.456201,0.310828,0.200838,-0.229264,0.414076,-0.361602,-0.271322,-0.182947,0.203088,-1.391568,-0.013684,-0.087945,-0.291324,-0.234843,-0.350227,0.175841,-0.773685,0.537025,-0.758186,0.484833,0.022039,-0.35587,-0.45562,-0.668781,-0.380885,-0.14624,0.059715,-0.533329,0.379126,-0.121534,0.288193,-0.190943,-0.006982
1527,"Takasugi, Mahiro",staff_47945,-0.123632,-0.002944,0.021396,-0.276235,-0.08374,0.137231,0.217838,0.075062,0.344398,0.123243,-0.29539,0.087681,0.124952,0.060825,-0.044425,-0.362563,0.424509,0.174733,0.106834,-0.043402,0.315107,0.071725,-0.220043,-0.156309,0.034731,0.307387,-0.491955,0.002719,-0.140678,0.103593,-0.463952,-0.004761,0.23516,-0.357183,0.337655,-0.270812,-0.099518,-0.087482,-0.177646,0.1483,0.073157,0.170721,0.48569,-0.240281,-0.275838,-0.290798,0.117512,-0.285912,-0.04887,0.319465,-0.013286,-0.040792,0.225088,0.179751,0.100233,-0.446391,0.319871,0.031219,-0.037467,0.283799,-0.221913,-0.024698,0.195805,-0.104477
1528,"Katabuchi, Sunao",staff_8947,-0.188652,-0.363564,-0.249716,0.110741,0.318345,-0.028546,0.470403,-0.323314,0.265431,-0.190944,0.521768,1.084018,0.687833,-0.152168,-1.046931,-0.525515,-0.029541,0.908285,-0.122219,0.048373,0.413172,0.393896,0.120385,0.288001,0.474548,-0.174753,0.111783,0.319927,0.257671,-0.32931,0.40989,-0.357682,0.282725,0.172188,-0.241208,0.43783,-0.406633,-0.309485,-0.112643,0.164853,-1.264452,-0.033319,-0.093838,-0.194711,-0.175146,-0.27474,0.024009,-0.675403,0.528289,-0.731727,0.523859,-0.049119,-0.401453,-0.468901,-0.600007,-0.415096,-0.074415,0.087388,-0.626793,0.312362,-0.078715,0.274204,-0.047384,-0.117923
1529,"Isobe, Tsutomu",staff_450,0.030374,-0.073136,0.085019,-0.209969,-0.034828,0.135165,0.205007,-0.092369,0.275269,0.062575,-0.146913,0.06279,0.199126,0.061319,-0.045825,-0.374814,0.30308,0.085212,0.148901,-0.01669,0.251693,-0.010586,-0.221212,-0.11368,0.109104,0.267118,-0.490546,0.119425,-0.181411,0.15383,-0.396191,0.056905,0.209439,-0.351639,0.394854,-0.212312,0.042217,0.006952,-0.188851,0.125818,0.093052,0.09125,0.399548,-0.220438,-0.082553,-0.277783,0.066684,-0.360164,0.073963,0.295655,-0.092901,0.021482,0.210314,0.229223,0.01813,-0.383679,0.309294,0.121114,-0.125979,0.267074,-0.237692,-0.070119,0.129959,-0.196146
1530,"Toyoguchi, Megumi",staff_144,0.00792,-0.068841,0.093527,-0.206955,-0.050592,0.132711,0.202426,-0.056051,0.288245,0.059229,-0.187752,0.075517,0.198882,0.083063,-0.047905,-0.387428,0.326624,0.118896,0.160579,-0.026751,0.237229,-0.009091,-0.237168,-0.095914,0.097638,0.266455,-0.499713,0.115347,-0.163588,0.146829,-0.401841,0.063808,0.208156,-0.333307,0.396276,-0.212506,0.017967,-0.024147,-0.210722,0.141453,0.077344,0.101069,0.442309,-0.218874,-0.11532,-0.26642,0.085719,-0.371607,0.052843,0.331069,-0.073627,0.010661,0.218991,0.199143,0.036022,-0.408188,0.33623,0.108608,-0.096129,0.260359,-0.234383,-0.071511,0.131629,-0.184262
1531,"Nakayama, Atsushi",staff_26635,-0.125311,-0.399174,-0.330025,0.018139,0.371259,-0.051037,0.522543,-0.336389,0.280254,-0.140838,0.616352,1.13397,0.628293,-0.095242,-0.964174,-0.565263,-0.055363,0.838614,-0.136258,0.099973,0.42443,0.327815,0.102803,0.348437,0.405727,-0.21774,0.062214,0.386711,0.260094,-0.341692,0.343375,-0.473368,0.271989,0.300377,-0.278215,0.500685,-0.280501,-0.251708,-0.03938,0.166658,-1.16825,-0.099255,-0.27547,-0.058078,-0.041712,-0.20831,-0.082375,-0.747598,0.700724,-0.744375,0.458645,-0.153558,-0.22112,-0.400318,-0.578164,-0.450995,-0.184758,-0.027245,-0.524091,0.237875,-0.054489,0.440334,-0.066351,-0.150124
1533,"Hiraike, Yoshimasa",staff_8538,-0.191143,-0.316676,-0.332653,0.02435,0.348213,-0.049695,0.445342,-0.2894,0.313605,-0.21266,0.647404,1.138376,0.717253,-0.116454,-0.920268,-0.55067,0.031726,0.822604,-0.197115,0.089291,0.386302,0.287351,0.105578,0.319459,0.425994,-0.236318,0.187531,0.293218,0.334281,-0.391962,0.311696,-0.496749,0.211414,0.221074,-0.2723,0.572488,-0.283126,-0.292814,-0.098793,0.19246,-1.209173,-0.102712,-0.242204,-0.130199,-0.085807,-0.257747,-0.031793,-0.76114,0.574858,-0.728613,0.502981,-0.138293,-0.32596,-0.435541,-0.622756,-0.451575,-0.156028,0.028258,-0.504812,0.262448,-0.088899,0.411919,-0.094178,-0.164406
1534,"Date, Arisa",staff_27389,0.046951,-0.095327,0.0778,-0.23591,-0.004933,0.206903,0.140924,-0.129579,0.280194,0.088333,-0.173292,0.111392,0.147596,0.025478,-0.056637,-0.304941,0.281255,0.077175,0.139017,-0.021738,0.21121,0.022704,-0.217036,-0.166691,0.137694,0.246406,-0.473738,0.18407,-0.233795,0.245186,-0.417435,0.061112,0.229811,-0.310934,0.386612,-0.157913,0.066278,0.016283,-0.168964,0.132358,0.158437,0.082507,0.382858,-0.229664,-0.033746,-0.320895,0.031798,-0.353507,0.040869,0.320307,-0.06676,-0.004158,0.176727,0.216937,0.002934,-0.347937,0.275612,0.157691,-0.157529,0.229481,-0.225125,-0.024464,0.056047,-0.180238
1535,"Itou, Kent",staff_41297,0.046951,-0.095327,0.0778,-0.23591,-0.004933,0.206903,0.140924,-0.129579,0.280194,0.088333,-0.173292,0.111392,0.147596,0.025478,-0.056637,-0.304941,0.281255,0.077175,0.139017,-0.021738,0.21121,0.022704,-0.217036,-0.166691,0.137694,0.246406,-0.473738,0.18407,-0.233795,0.245186,-0.417435,0.061112,0.229811,-0.310934,0.386612,-0.157913,0.066278,0.016283,-0.168964,0.132358,0.158437,0.082507,0.382858,-0.229664,-0.033746,-0.320895,0.031798,-0.353507,0.040869,0.320307,-0.06676,-0.004158,0.176727,0.216937,0.002934,-0.347937,0.275612,0.157691,-0.157529,0.229481,-0.225125,-0.024464,0.056047,-0.180238
1536,"Koga, Kazuomi",staff_39175,-0.098926,-0.426654,-0.31392,0.01622,0.386034,-0.050865,0.52347,-0.344581,0.272965,-0.155854,0.594466,1.128876,0.597405,-0.105739,-0.99092,-0.577756,-0.047356,0.818318,-0.111115,0.077477,0.411577,0.334171,0.11437,0.347965,0.409261,-0.185914,0.047255,0.41891,0.252405,-0.351933,0.348147,-0.460593,0.277788,0.303113,-0.259307,0.48285,-0.298628,-0.262224,-0.030774,0.164293,-1.15319,-0.090562,-0.247881,-0.077218,-0.0482,-0.203713,-0.066379,-0.735642,0.701011,-0.746445,0.458975,-0.169539,-0.21291,-0.396294,-0.603958,-0.461601,-0.157117,-0.036566,-0.537485,0.242969,-0.071036,0.453174,-0.073772,-0.164304
1537,"Horie, Shun",staff_39133,0.087891,-0.11945,0.057057,-0.268437,-0.013907,0.204192,0.169882,-0.155243,0.227289,0.114675,-0.114707,0.075036,0.138197,-0.008715,0.004581,-0.345525,0.225269,0.03558,0.110927,-0.008611,0.251681,0.020291,-0.207029,-0.15717,0.150125,0.277283,-0.493069,0.145059,-0.213896,0.249119,-0.374524,0.056474,0.231706,-0.331828,0.371191,-0.189855,0.089334,0.046606,-0.133175,0.107763,0.138133,0.051597,0.343838,-0.264336,-0.004165,-0.331815,0.015176,-0.286895,0.071099,0.249346,-0.141646,0.006325,0.156032,0.271614,-0.009972,-0.334562,0.22721,0.151823,-0.183874,0.221596,-0.212943,-0.022222,0.077317,-0.196951
1539,"Miura, Haruma",staff_24187,-0.134956,0.045752,0.049291,-0.19497,0.048502,0.046599,0.312602,0.068234,0.319086,0.10643,-0.23824,0.041687,0.108474,0.003327,-0.046192,-0.358012,0.478117,0.127771,0.149912,-0.032689,0.297824,0.006213,-0.160048,-0.114479,-0.036612,0.267233,-0.404395,-0.000111,-0.055241,-0.019752,-0.534644,-0.04672,0.340057,-0.531868,0.42938,-0.350386,-0.148094,-0.038474,-0.271291,0.183138,0.038205,0.199777,0.500057,-0.221868,-0.234428,-0.209952,0.179698,-0.374351,0.058175,0.251877,0.012014,-0.141302,0.275437,0.265744,0.096703,-0.42062,0.274661,-0.007524,0.022173,0.388211,-0.327078,-0.077184,0.194672,-0.045162
1541,"Sano, Takashi",staff_50397,-0.25754,-0.369609,-0.337155,-0.036645,0.358565,-0.127297,0.485839,-0.264881,0.397822,-0.191244,0.697859,1.159971,0.681331,-0.081453,-0.998655,-0.485319,0.109737,0.828852,-0.193416,0.040724,0.303859,0.30808,0.056749,0.227433,0.43937,-0.236564,0.191797,0.256843,0.248612,-0.400539,0.343848,-0.509906,0.236791,0.268306,-0.263701,0.552812,-0.283518,-0.311799,-0.107475,0.271334,-1.263552,-0.130944,-0.20453,-0.167307,-0.108949,-0.279095,-0.008522,-0.717076,0.63006,-0.709926,0.553138,-0.18319,-0.35793,-0.416685,-0.67945,-0.430236,-0.152964,0.030121,-0.527266,0.317333,-0.140376,0.425419,-0.105583,-0.142796
1542,"Ichikawa, Taichi",staff_44249,0.063685,-0.024664,0.066895,-0.249048,0.03212,0.183342,0.174456,-0.109304,0.259081,0.087797,-0.174668,0.103712,0.09016,0.022531,-0.010151,-0.315215,0.304637,0.069921,0.094858,0.015719,0.165454,-0.013101,-0.159003,-0.178714,0.107215,0.228874,-0.408743,0.199606,-0.208533,0.215346,-0.473905,0.008251,0.320957,-0.362232,0.425284,-0.14915,0.034148,0.006093,-0.1854,0.106515,0.124841,0.102651,0.376147,-0.266683,-0.056968,-0.328991,0.039852,-0.311091,0.085596,0.278391,-0.096718,-0.082156,0.218365,0.269655,0.037697,-0.341057,0.226275,0.135154,-0.15793,0.257563,-0.198479,-0.040626,0.032583,-0.108542
1543,"Kuwabara, Satoshi",staff_40738,-0.129902,-0.396172,-0.320538,0.019583,0.365139,-0.057037,0.510553,-0.339191,0.277863,-0.153881,0.606141,1.106899,0.637105,-0.122585,-0.960191,-0.561329,-0.050359,0.845415,-0.126977,0.094023,0.419318,0.350527,0.101904,0.345931,0.401296,-0.21388,0.073402,0.378914,0.275383,-0.33641,0.369937,-0.472321,0.2805,0.284679,-0.268626,0.504341,-0.285533,-0.2719,-0.058149,0.176512,-1.177832,-0.094944,-0.255666,-0.070284,-0.071333,-0.212978,-0.0481,-0.741837,0.687566,-0.743338,0.467404,-0.13543,-0.242694,-0.415637,-0.577764,-0.444626,-0.175916,-0.015089,-0.543406,0.238807,-0.046979,0.431701,-0.047916,-0.132445
1544,"Itou, Miku",staff_24413,0.101795,-0.104377,0.053683,-0.245483,0.010822,0.193833,0.161241,-0.167739,0.221936,0.103384,-0.109464,0.080362,0.137179,-0.011198,-0.012527,-0.323784,0.221153,0.020797,0.108802,-0.017002,0.229068,0.014703,-0.190106,-0.172806,0.142803,0.263883,-0.488993,0.169684,-0.219291,0.2456,-0.381566,0.064177,0.239413,-0.322087,0.385221,-0.177827,0.086547,0.060704,-0.141835,0.107241,0.142557,0.058446,0.337754,-0.260324,0.010085,-0.323756,-0.002808,-0.293053,0.063767,0.251611,-0.137942,0.000292,0.153768,0.278792,-0.007785,-0.325455,0.231548,0.159398,-0.184125,0.22521,-0.222306,-0.008408,0.06301,-0.19242
1545,"Satou, Masako",staff_48345,-0.099215,-0.416913,-0.308195,0.035022,0.381294,-0.037332,0.515702,-0.359755,0.260163,-0.165909,0.573688,1.110346,0.600426,-0.127698,-0.994694,-0.588784,-0.055818,0.827983,-0.094691,0.074196,0.422623,0.345269,0.12411,0.354465,0.412372,-0.178725,0.049537,0.418671,0.267719,-0.345757,0.366566,-0.449432,0.283688,0.283952,-0.249475,0.468426,-0.318793,-0.265678,-0.038172,0.157832,-1.161802,-0.073498,-0.22738,-0.083008,-0.064313,-0.212278,-0.050061,-0.74505,0.68109,-0.758138,0.455958,-0.152632,-0.23056,-0.398187,-0.598996,-0.472523,-0.147943,-0.023641,-0.544667,0.248451,-0.062129,0.433839,-0.068058,-0.156561
1546,"Kanemoto, Hisako",staff_8555,0.06034,-0.094419,0.032716,-0.274028,0.029617,0.226849,0.210986,-0.166881,0.215432,0.09098,-0.131404,0.071476,0.147248,-0.01282,0.027384,-0.3063,0.24648,0.025329,0.123667,0.003747,0.247001,-0.009595,-0.204424,-0.133697,0.15065,0.295971,-0.467933,0.147513,-0.210334,0.259012,-0.432245,0.053383,0.28814,-0.313583,0.413083,-0.208578,0.076328,0.015486,-0.134038,0.081978,0.136199,0.044405,0.386744,-0.2878,-0.011123,-0.361592,0.021463,-0.276411,0.091028,0.279916,-0.092824,0.005845,0.182253,0.285621,-0.019833,-0.328477,0.262639,0.120635,-0.190582,0.235365,-0.225694,-0.054052,0.100878,-0.206783
1547,"Tsurumaki, Kazuya",staff_6076,-0.169345,-0.448891,-0.409253,-0.012358,0.421273,0.042273,0.57672,-0.296211,0.235814,-0.163003,0.72252,1.145935,0.730074,-0.107352,-0.889887,-0.562619,0.105124,0.756247,-0.142453,0.132729,0.417805,0.251311,0.083442,0.387237,0.408865,-0.294716,0.097645,0.355426,0.287528,-0.500593,0.317775,-0.46789,0.323653,0.265074,-0.306574,0.510895,-0.241595,-0.259855,0.030852,0.201423,-1.26417,-0.216937,-0.296035,-0.027857,-0.040067,-0.267947,-0.015411,-0.837262,0.537866,-0.788889,0.574579,-0.093574,-0.230332,-0.391751,-0.619616,-0.571304,-0.243383,-0.083131,-0.569108,0.138094,-0.131463,0.446557,-0.090887,-0.251238
1549,"Uemura, Yutaka",staff_12382,-0.23275,-0.304339,-0.366929,-0.01553,0.301218,-0.09535,0.506669,-0.293066,0.323615,-0.107064,0.689947,1.095314,0.76563,-0.11525,-0.867673,-0.478584,-0.037382,0.927719,-0.217617,0.174159,0.43837,0.361782,0.039734,0.323191,0.38027,-0.327334,0.164339,0.239981,0.299852,-0.297909,0.383606,-0.5155,0.288371,0.264742,-0.341115,0.593014,-0.208398,-0.26703,-0.109429,0.210367,-1.273461,-0.133798,-0.31548,-0.031791,-0.108764,-0.232519,-0.060105,-0.741258,0.664238,-0.698326,0.508993,-0.042382,-0.312658,-0.490238,-0.490071,-0.356734,-0.25197,0.028008,-0.542652,0.231633,0.010138,0.372036,0.005899,-0.049354
1552,"Oonuma, Shin",staff_6753,-0.195523,-0.340066,-0.360193,0.022888,0.332213,-0.052295,0.509234,-0.312585,0.296057,-0.109317,0.648483,1.12205,0.716343,-0.07979,-0.916664,-0.517481,-0.066247,0.895167,-0.196296,0.154492,0.45654,0.341821,0.080427,0.329329,0.402422,-0.276012,0.11115,0.285829,0.276053,-0.319513,0.349499,-0.478668,0.268515,0.276166,-0.319147,0.531248,-0.260152,-0.24283,-0.077986,0.169127,-1.230753,-0.10676,-0.28715,-0.041022,-0.071648,-0.234944,-0.09251,-0.759576,0.663674,-0.726495,0.470895,-0.080107,-0.276868,-0.433683,-0.525778,-0.401067,-0.224472,0.020252,-0.519463,0.236099,-0.018098,0.374729,-0.048818,-0.105323
1553,"Tamamura, Jin",staff_38874,-0.193145,-0.336491,-0.360599,0.013594,0.32978,-0.061731,0.503559,-0.319982,0.294933,-0.114118,0.662106,1.11587,0.710171,-0.090679,-0.890319,-0.527098,-0.070607,0.889006,-0.191068,0.15255,0.454991,0.342927,0.070179,0.342137,0.384088,-0.288812,0.108567,0.296266,0.295236,-0.30632,0.355136,-0.506333,0.266062,0.283406,-0.311606,0.549376,-0.237055,-0.249388,-0.084594,0.181889,-1.211852,-0.12342,-0.317814,-0.021243,-0.058335,-0.218062,-0.084929,-0.771083,0.688837,-0.731943,0.467288,-0.090365,-0.258071,-0.425829,-0.512921,-0.409449,-0.242464,0.00705,-0.511988,0.222069,-0.008642,0.403915,-0.029721,-0.101089
1554,"Asanuma, Shintaro",staff_186,0.038333,-0.110349,0.037578,-0.267085,0.010328,0.207027,0.201746,-0.115745,0.242099,0.074878,-0.167185,0.072616,0.131085,-0.012523,0.009772,-0.338331,0.272842,0.065451,0.135378,-0.011432,0.220872,0.004551,-0.230011,-0.128666,0.107541,0.266099,-0.501237,0.115452,-0.207139,0.234441,-0.42203,0.055711,0.269927,-0.312369,0.390714,-0.205764,0.041955,0.00906,-0.190662,0.111516,0.105389,0.063866,0.413356,-0.259356,-0.03279,-0.347597,0.055481,-0.307232,0.06487,0.303028,-0.08382,-0.043458,0.186977,0.257439,0.004363,-0.37077,0.267277,0.106142,-0.159835,0.247326,-0.209652,-0.046602,0.107095,-0.197177
1555,"Fujii, Yukiyo",staff_11162,0.042241,-0.119655,0.020654,-0.315192,0.034059,0.285808,0.218142,-0.219457,0.228048,0.120309,-0.118332,0.083574,0.154845,-0.04768,0.049794,-0.273625,0.233779,0.000776,0.13543,0.025045,0.300508,0.007781,-0.210447,-0.141821,0.193615,0.319795,-0.445214,0.143044,-0.238058,0.318651,-0.449362,0.059568,0.286781,-0.311529,0.389601,-0.229159,0.123283,0.014394,-0.085238,0.068723,0.190519,0.017147,0.369571,-0.302089,0.010833,-0.409673,0.018232,-0.263142,0.10121,0.268111,-0.060192,0.047354,0.168211,0.292191,-0.066896,-0.287326,0.249788,0.142592,-0.218301,0.218926,-0.236745,-0.072905,0.117769,-0.236425
1558,"Hiramaki, Daisuke",staff_46724,-0.275309,-0.339448,-0.201567,0.148672,0.274435,-0.060119,0.443096,-0.276964,0.308714,-0.200856,0.562902,1.138407,0.714495,-0.120009,-1.067965,-0.472066,0.026648,0.918322,-0.177548,0.005323,0.354957,0.37003,0.061331,0.234232,0.50399,-0.209829,0.127357,0.275926,0.217046,-0.303986,0.395036,-0.35086,0.249286,0.119399,-0.224937,0.446516,-0.421434,-0.335268,-0.158605,0.210578,-1.282348,-0.082665,-0.088052,-0.247671,-0.163818,-0.274687,0.043594,-0.627978,0.489195,-0.711651,0.592049,-0.065278,-0.464379,-0.468264,-0.597695,-0.401343,-0.049171,0.114974,-0.639509,0.353774,-0.132241,0.233982,-0.032984,-0.130271
1559,"Igoma, Yurie",staff_62593,-0.056526,-0.016148,0.118796,-0.16583,-0.05261,0.111387,0.253604,0.007513,0.319963,0.024825,-0.240586,0.062867,0.213539,0.145609,-0.080354,-0.399302,0.411053,0.161977,0.171262,0.008011,0.212369,-0.055258,-0.23333,-0.033164,0.04704,0.233992,-0.448802,0.113468,-0.145825,0.093346,-0.446242,0.045738,0.248357,-0.38807,0.443088,-0.208634,-0.006498,-0.097121,-0.276872,0.145191,0.023549,0.128729,0.526028,-0.203694,-0.187704,-0.246727,0.175341,-0.440743,0.100469,0.394706,-0.021614,-0.004784,0.274965,0.154762,0.048227,-0.459924,0.404371,0.053024,-0.05641,0.295713,-0.227587,-0.141568,0.173675,-0.14924
1560,"Ootsuka, Takeo",staff_48047,-0.016224,-0.038483,0.060449,-0.264723,-0.028065,0.217103,0.235639,-0.095895,0.284018,0.070993,-0.204375,0.072901,0.182457,0.060727,0.000611,-0.317821,0.34189,0.093471,0.138169,0.023144,0.277918,-0.017217,-0.209939,-0.087766,0.121711,0.285984,-0.430611,0.117001,-0.20194,0.217744,-0.46774,0.027768,0.278919,-0.328443,0.415163,-0.208195,0.049362,-0.051813,-0.144652,0.071941,0.108883,0.079291,0.450766,-0.248595,-0.120273,-0.34834,0.079209,-0.319908,0.084721,0.34774,-0.041496,0.026034,0.248063,0.22096,0.002486,-0.380606,0.340368,0.097311,-0.152792,0.249784,-0.213653,-0.105052,0.14329,-0.182246
1562,"Fujiwara, Yoshiyuki",staff_19775,-0.224965,-0.363423,-0.335431,0.012282,0.358025,-0.040902,0.451875,-0.269307,0.332682,-0.235362,0.653479,1.164335,0.695046,-0.095725,-1.029627,-0.545145,0.103311,0.768323,-0.157095,0.013988,0.331097,0.268446,0.090116,0.262916,0.459841,-0.202114,0.154683,0.271046,0.25072,-0.440105,0.350858,-0.464332,0.220021,0.213696,-0.243066,0.515113,-0.353815,-0.310706,-0.084965,0.239407,-1.247682,-0.082857,-0.157544,-0.176628,-0.129464,-0.290494,-0.029876,-0.768797,0.536263,-0.752668,0.509125,-0.179903,-0.375397,-0.374117,-0.689816,-0.522012,-0.106162,0.046088,-0.493514,0.284515,-0.158353,0.391745,-0.140822,-0.19548
1563,"Takumi, Yasuaki",staff_11510,0.037553,-0.162035,0.140203,-0.344074,-0.044665,0.31645,0.17303,-0.211206,0.342018,0.177362,-0.168011,0.142316,0.092,-0.048754,0.04302,-0.3586,0.248827,0.081508,0.179182,0.045531,0.288882,0.087149,-0.27297,-0.161523,0.249142,0.264132,-0.445492,0.14866,-0.238484,0.326465,-0.433739,0.03837,0.216903,-0.391799,0.348581,-0.209419,0.146314,0.031871,-0.115427,0.173657,0.246438,0.067459,0.339297,-0.253047,0.037628,-0.367636,0.074982,-0.35731,0.104959,0.23396,-0.029551,-0.005931,0.164858,0.225248,-0.048962,-0.281051,0.175604,0.270714,-0.157468,0.190437,-0.191253,-0.066234,0.062172,-0.200081
1565,"Tanaka, Hiroyuki",staff_22045,-0.165016,-0.389538,-0.276154,0.059631,0.344766,-0.049878,0.501495,-0.323226,0.282626,-0.172518,0.574214,1.122365,0.649343,-0.116807,-1.021204,-0.539929,-0.022912,0.86786,-0.129348,0.054622,0.399707,0.355373,0.102988,0.306798,0.449958,-0.193655,0.08888,0.361601,0.245721,-0.34236,0.368904,-0.410899,0.274414,0.23569,-0.250843,0.471628,-0.343279,-0.290264,-0.075869,0.177421,-1.216516,-0.077349,-0.178919,-0.143646,-0.104588,-0.239661,-0.023516,-0.691446,0.612517,-0.733178,0.509825,-0.115906,-0.317119,-0.437181,-0.60196,-0.433906,-0.118353,0.02706,-0.584969,0.285946,-0.087201,0.363688,-0.061276,-0.143719
1566,"Tokoro, Tomokazu",staff_9571,-0.192711,-0.355235,-0.292325,0.035607,0.331462,-0.069995,0.465274,-0.244032,0.328008,-0.190056,0.604407,1.192644,0.686797,-0.087448,-1.018121,-0.498545,0.036634,0.841303,-0.175209,0.03081,0.356006,0.301575,0.117859,0.253203,0.484762,-0.219046,0.165705,0.307021,0.24875,-0.397504,0.311334,-0.421984,0.222806,0.223225,-0.252828,0.522797,-0.335498,-0.31495,-0.089922,0.20144,-1.23241,-0.08105,-0.153727,-0.18751,-0.110276,-0.276757,-0.058299,-0.672979,0.550666,-0.705681,0.542949,-0.155095,-0.384266,-0.439656,-0.657595,-0.425318,-0.091906,0.049622,-0.555075,0.308168,-0.136644,0.365055,-0.09992,-0.192641
1567,"Wakamoto, Norio",staff_84,-0.039147,0.004265,0.12705,-0.242967,-0.120237,0.161068,0.248489,-0.012634,0.347986,0.045367,-0.249145,0.043516,0.208265,0.140072,-0.021643,-0.385286,0.396855,0.173021,0.139088,0.014231,0.317079,0.009873,-0.233433,-0.055366,0.093966,0.267427,-0.471263,0.046121,-0.165969,0.123587,-0.440778,-0.01545,0.2136,-0.34834,0.422369,-0.214325,0.001484,-0.046148,-0.157347,0.083379,0.051759,0.154955,0.46947,-0.173636,-0.195157,-0.27718,0.10077,-0.36047,0.064095,0.370393,-0.054939,0.037859,0.31253,0.170089,0.057046,-0.450097,0.389673,0.11841,-0.103834,0.272546,-0.174792,-0.114535,0.183801,-0.161563
1568,"Sakakibara, Yoshiko",staff_362,-0.030741,-0.02211,0.11769,-0.228235,-0.07694,0.144626,0.251144,-0.026051,0.323306,0.058148,-0.221531,0.053348,0.185145,0.10411,-0.019843,-0.400881,0.375326,0.15051,0.149786,0.01485,0.274501,-0.000688,-0.231799,-0.066039,0.08833,0.260459,-0.468735,0.068467,-0.149933,0.118784,-0.44097,0.006331,0.234695,-0.381535,0.421298,-0.233878,0.002766,-0.042076,-0.202604,0.118602,0.060271,0.138362,0.467037,-0.202676,-0.156757,-0.269968,0.122432,-0.374911,0.086896,0.331003,-0.051413,-0.001084,0.276175,0.190319,0.046976,-0.426086,0.348797,0.107903,-0.082535,0.279741,-0.199444,-0.109673,0.169837,-0.155939
1569,"Naganuma, Norihiro",staff_26409,-0.190888,-0.364676,-0.323252,0.019073,0.334589,-0.07283,0.511049,-0.301551,0.306337,-0.137733,0.653018,1.132119,0.678281,-0.093635,-0.94228,-0.514799,-0.024876,0.874505,-0.176749,0.106937,0.412536,0.334131,0.067772,0.318778,0.415585,-0.264064,0.100973,0.331049,0.256273,-0.327304,0.354171,-0.471587,0.271156,0.273044,-0.291206,0.533758,-0.266876,-0.274418,-0.077358,0.195976,-1.209411,-0.12573,-0.280481,-0.072635,-0.055348,-0.218325,-0.058972,-0.725806,0.663168,-0.722957,0.502729,-0.120558,-0.277315,-0.425736,-0.555425,-0.422634,-0.197183,-0.003012,-0.544165,0.249182,-0.057599,0.40477,-0.040583,-0.131127
1570,"Takeuchi, Ryouta",staff_12615,0.104799,-0.102854,0.010141,-0.224313,0.051026,0.139773,0.164525,-0.179418,0.195062,0.091988,-0.048756,0.074812,0.135287,-0.047195,-0.038053,-0.330714,0.201126,-0.012227,0.100923,-0.008223,0.193665,-0.010553,-0.151517,-0.206954,0.113912,0.260379,-0.481262,0.181506,-0.226956,0.215559,-0.382336,0.075569,0.250504,-0.373276,0.372629,-0.201218,0.07644,0.081047,-0.183676,0.10261,0.166246,0.043525,0.302639,-0.285519,0.034018,-0.331247,0.006323,-0.289996,0.099366,0.178457,-0.151712,-0.034884,0.115409,0.315733,-0.013244,-0.299922,0.205861,0.13751,-0.170177,0.258798,-0.244572,0.012488,0.065724,-0.188675
1571,"Kinoshita, Sayaka",staff_6479,0.104799,-0.102854,0.010141,-0.224313,0.051026,0.139773,0.164525,-0.179418,0.195062,0.091988,-0.048756,0.074812,0.135287,-0.047195,-0.038053,-0.330714,0.201126,-0.012227,0.100923,-0.008223,0.193665,-0.010553,-0.151517,-0.206954,0.113912,0.260379,-0.481262,0.181506,-0.226956,0.215559,-0.382336,0.075569,0.250504,-0.373276,0.372629,-0.201218,0.07644,0.081047,-0.183676,0.10261,0.166246,0.043525,0.302639,-0.285519,0.034018,-0.331247,0.006323,-0.289996,0.099366,0.178457,-0.151712,-0.034884,0.115409,0.315733,-0.013244,-0.299922,0.205861,0.13751,-0.170177,0.258798,-0.244572,0.012488,0.065724,-0.188675
1572,"Onoue, Ayaka",staff_5236,0.04679,-0.167252,0.130839,-0.339417,-0.02137,0.30486,0.156816,-0.1891,0.320256,0.176651,-0.17703,0.143238,0.069993,-0.060724,0.043468,-0.345943,0.247442,0.083452,0.169441,0.015183,0.262781,0.093195,-0.272121,-0.178185,0.231939,0.262684,-0.462674,0.157946,-0.224293,0.31793,-0.437262,0.031573,0.235458,-0.375964,0.358551,-0.203655,0.112014,0.041287,-0.126443,0.186635,0.236362,0.076692,0.348349,-0.257202,0.040778,-0.354134,0.059306,-0.347936,0.081733,0.241213,-0.041963,-0.041189,0.160555,0.237816,-0.028243,-0.287934,0.157166,0.250891,-0.152571,0.198523,-0.207118,-0.038112,0.0341,-0.179224
1573,"Kondo, Yoshimi",staff_5237,0.04679,-0.167252,0.130839,-0.339417,-0.02137,0.30486,0.156816,-0.1891,0.320256,0.176651,-0.17703,0.143238,0.069993,-0.060724,0.043468,-0.345943,0.247442,0.083452,0.169441,0.015183,0.262781,0.093195,-0.272121,-0.178185,0.231939,0.262684,-0.462674,0.157946,-0.224293,0.31793,-0.437262,0.031573,0.235458,-0.375964,0.358551,-0.203655,0.112014,0.041287,-0.126443,0.186635,0.236362,0.076692,0.348349,-0.257202,0.040778,-0.354134,0.059306,-0.347936,0.081733,0.241213,-0.041963,-0.041189,0.160555,0.237816,-0.028243,-0.287934,0.157166,0.250891,-0.152571,0.198523,-0.207118,-0.038112,0.0341,-0.179224
1574,"Hanamura, Satomi",staff_1016,0.036336,-0.151672,0.115311,-0.357013,-0.014806,0.315142,0.191115,-0.206586,0.35351,0.193456,-0.176204,0.137613,0.063142,-0.087767,0.063422,-0.34918,0.277981,0.056239,0.173397,0.038045,0.304102,0.11,-0.262502,-0.193714,0.21124,0.249138,-0.443058,0.113507,-0.236337,0.315753,-0.464724,0.025886,0.245941,-0.40235,0.323675,-0.229598,0.13169,0.046238,-0.117428,0.182039,0.233799,0.073334,0.328273,-0.242923,0.0323,-0.372565,0.076005,-0.342751,0.075953,0.213556,-0.01924,-0.045443,0.181134,0.268964,-0.041642,-0.280885,0.134201,0.261696,-0.165098,0.212808,-0.20413,-0.065644,0.077362,-0.189874
1575,"Mizuhashi, Kenji",staff_889,0.04679,-0.167252,0.130839,-0.339417,-0.02137,0.30486,0.156816,-0.1891,0.320256,0.176651,-0.17703,0.143238,0.069993,-0.060724,0.043468,-0.345943,0.247442,0.083452,0.169441,0.015183,0.262781,0.093195,-0.272121,-0.178185,0.231939,0.262684,-0.462674,0.157946,-0.224293,0.31793,-0.437262,0.031573,0.235458,-0.375964,0.358551,-0.203655,0.112014,0.041287,-0.126443,0.186635,0.236362,0.076692,0.348349,-0.257202,0.040778,-0.354134,0.059306,-0.347936,0.081733,0.241213,-0.041963,-0.041189,0.160555,0.237816,-0.028243,-0.287934,0.157166,0.250891,-0.152571,0.198523,-0.207118,-0.038112,0.0341,-0.179224
1576,"Shiraishi, Ryouko",staff_348,-0.037469,-0.056821,0.046986,-0.20804,0.023448,0.134818,0.261659,-0.058577,0.251461,0.075571,-0.176632,0.048016,0.165917,0.013395,-0.021381,-0.347946,0.332668,0.077123,0.150939,-0.017386,0.262172,-0.018888,-0.202616,-0.084711,0.06288,0.281811,-0.465988,0.077903,-0.136085,0.132079,-0.442223,0.046593,0.280977,-0.387709,0.419268,-0.278136,-0.010017,-0.022384,-0.225464,0.133104,0.067874,0.101793,0.470408,-0.252894,-0.113181,-0.284589,0.115121,-0.346945,0.081697,0.292289,-0.04702,-0.029582,0.210499,0.242835,0.015821,-0.384722,0.310349,0.047039,-0.077801,0.291985,-0.274103,-0.077321,0.170484,-0.16398
1577,"Furumoto, Mayuko",staff_27769,-0.190947,-0.343657,-0.406127,-0.045825,0.388249,-0.091582,0.503241,-0.289726,0.304161,-0.15785,0.706926,1.110207,0.727687,-0.165598,-0.845271,-0.521731,0.092227,0.787497,-0.174674,0.126051,0.352552,0.316817,0.07512,0.322445,0.368064,-0.302558,0.200302,0.313897,0.363339,-0.436956,0.386884,-0.534662,0.299127,0.287605,-0.263134,0.592959,-0.165537,-0.325881,-0.076446,0.262166,-1.279485,-0.137817,-0.261069,-0.065248,-0.089983,-0.252954,0.005112,-0.779816,0.597459,-0.770576,0.550283,-0.093603,-0.269599,-0.430918,-0.623366,-0.480795,-0.219699,-0.034145,-0.538056,0.163448,-0.070568,0.48588,-0.059312,-0.175779
1578,"Ikeda, Masaru",staff_803,0.077116,-0.16663,0.125324,-0.345108,-0.058519,0.337122,0.105683,-0.15238,0.286263,0.176475,-0.198235,0.127369,0.068548,0.000875,0.036872,-0.316577,0.263686,0.098019,0.112295,0.026985,0.252606,0.086806,-0.260793,-0.157982,0.201616,0.243146,-0.454915,0.179532,-0.252444,0.369643,-0.402551,0.007738,0.249372,-0.32378,0.35637,-0.12418,0.14058,0.009923,-0.095049,0.132464,0.191938,0.048499,0.365905,-0.231095,0.015527,-0.369582,0.037789,-0.324977,0.057559,0.332264,-0.096821,-0.021116,0.179616,0.207594,-0.022713,-0.337735,0.180856,0.210512,-0.221094,0.162762,-0.160184,-0.039981,-0.009169,-0.155961
1579,"Mizuki, Nana",staff_81,0.093314,-0.118785,0.063611,-0.258983,0.006804,0.204379,0.148194,-0.128889,0.229933,0.136127,-0.139053,0.090186,0.106965,0.001303,-0.00485,-0.347427,0.258682,0.046885,0.109995,-0.012925,0.215117,0.041599,-0.220082,-0.173892,0.137185,0.26741,-0.48493,0.164877,-0.20191,0.238819,-0.400999,0.035716,0.266313,-0.357378,0.375158,-0.178383,0.078832,0.019939,-0.15328,0.133099,0.1507,0.049314,0.357517,-0.255825,-0.001817,-0.312756,0.026611,-0.307359,0.05695,0.255736,-0.11867,-0.040964,0.156311,0.268269,0.007362,-0.338773,0.194859,0.139545,-0.178195,0.217027,-0.215761,-0.015419,0.038183,-0.171556
1580,"Sawaki, Ikuya",staff_188,0.079329,-0.166209,0.125305,-0.344723,-0.059249,0.336246,0.10807,-0.152693,0.28491,0.179469,-0.198363,0.125742,0.067618,0.000506,0.039591,-0.321038,0.263711,0.095977,0.11057,0.0284,0.25476,0.088268,-0.259692,-0.157353,0.202096,0.2438,-0.453774,0.178332,-0.251186,0.367065,-0.401689,0.007601,0.250834,-0.325994,0.353388,-0.124276,0.143541,0.007706,-0.093773,0.131804,0.189855,0.04654,0.364893,-0.232353,0.012764,-0.369697,0.038442,-0.321634,0.057014,0.327113,-0.099924,-0.021068,0.179103,0.208534,-0.023179,-0.336789,0.176051,0.2094,-0.221523,0.160184,-0.159756,-0.041784,-0.007722,-0.156534
1582,"Kawagoe, Kazuki",staff_54229,-0.123754,-0.415106,-0.295416,0.040455,0.37115,-0.045427,0.516273,-0.334462,0.275229,-0.161647,0.581305,1.133835,0.614876,-0.104648,-1.013292,-0.56329,-0.038011,0.839279,-0.117556,0.066507,0.408468,0.339483,0.114179,0.330862,0.43359,-0.184056,0.059938,0.399059,0.243566,-0.34959,0.352099,-0.432917,0.275745,0.273524,-0.255472,0.468939,-0.325611,-0.269625,-0.045414,0.164765,-1.179839,-0.081253,-0.213377,-0.108909,-0.067856,-0.220358,-0.052847,-0.715143,0.658665,-0.741605,0.480712,-0.14931,-0.258159,-0.410425,-0.608364,-0.453026,-0.13381,-0.010687,-0.556165,0.26545,-0.084668,0.410805,-0.074224,-0.161872
1583,"Watanabe, Ayumu",staff_15643,-0.156269,-0.400407,-0.26467,0.087395,0.345818,-0.038712,0.490907,-0.327372,0.276527,-0.177965,0.56138,1.144033,0.629239,-0.1029,-1.044004,-0.547392,-0.02571,0.850172,-0.125946,0.0411,0.395103,0.340163,0.107454,0.305279,0.455083,-0.177481,0.062,0.375139,0.228208,-0.336424,0.355634,-0.398645,0.259473,0.223904,-0.240676,0.444659,-0.37279,-0.281851,-0.073858,0.168461,-1.193109,-0.071453,-0.167668,-0.153213,-0.082989,-0.233134,-0.035291,-0.697928,0.609091,-0.741212,0.498054,-0.138687,-0.310568,-0.40742,-0.610073,-0.452731,-0.096547,0.023183,-0.56951,0.293204,-0.104384,0.35934,-0.070808,-0.166149
1584,"Ooyama, Nobuyo",staff_5902,0.08735,-0.083255,0.059068,-0.306845,-0.024581,0.22477,0.116981,-0.130252,0.264767,0.118783,-0.18947,0.162729,0.094916,0.012189,0.024215,-0.348166,0.253641,0.093338,0.121194,-0.001461,0.154163,0.030339,-0.199506,-0.207158,0.15798,0.258254,-0.477293,0.217102,-0.222107,0.299091,-0.443708,0.071116,0.261165,-0.264939,0.360658,-0.150004,0.056734,-0.00606,-0.165546,0.118497,0.199864,0.060951,0.374913,-0.299008,-0.029924,-0.358551,0.005053,-0.27247,0.025666,0.279297,-0.094584,-0.056164,0.159398,0.236786,0.034545,-0.322803,0.241034,0.200915,-0.140591,0.190683,-0.174498,0.011101,0.007961,-0.143231
1585,"Yamaguchi, Yuuji",staff_19842,-0.180093,-0.359358,-0.333081,-0.029912,0.35004,-0.105525,0.498933,-0.298613,0.335452,-0.208696,0.678543,1.142101,0.688327,-0.120529,-0.895477,-0.539441,0.066432,0.818379,-0.196949,0.107856,0.351172,0.264917,0.071208,0.335366,0.384205,-0.237627,0.218438,0.331634,0.339153,-0.414096,0.325161,-0.541075,0.258869,0.240659,-0.264284,0.592842,-0.218334,-0.289213,-0.075624,0.212763,-1.209622,-0.121227,-0.27288,-0.095169,-0.086742,-0.227284,-0.009817,-0.769692,0.645821,-0.736144,0.497156,-0.145768,-0.297583,-0.439869,-0.618773,-0.421658,-0.18141,0.001458,-0.513645,0.259388,-0.080956,0.478735,-0.058428,-0.143043
1586,"Kumagai, Kentarou",staff_42197,0.017547,-0.055966,0.063484,-0.247153,0.000447,0.193582,0.233556,-0.099505,0.245497,0.054353,-0.179755,0.071604,0.165385,0.055732,0.006364,-0.341032,0.307277,0.085525,0.136385,0.016747,0.213341,-0.047586,-0.214528,-0.086756,0.120399,0.276698,-0.446654,0.14866,-0.18589,0.207377,-0.453083,0.043554,0.294843,-0.327956,0.441736,-0.197124,0.039196,-0.041561,-0.188124,0.09394,0.083269,0.074413,0.449228,-0.276216,-0.083402,-0.335189,0.080034,-0.323709,0.111825,0.33604,-0.069672,-0.00693,0.230776,0.239141,0.011644,-0.378751,0.318935,0.086091,-0.147626,0.258207,-0.212439,-0.100425,0.119114,-0.176546
1587,"Tachibana, Tatsumaru",staff_48896,0.03157,-0.030982,0.108582,-0.221008,-0.019925,0.154178,0.209558,-0.0297,0.264195,0.056299,-0.220448,0.090354,0.127307,0.109703,-0.015477,-0.394979,0.348376,0.137419,0.124561,0.020752,0.134136,-0.051311,-0.218302,-0.092973,0.084319,0.230478,-0.439771,0.180689,-0.16241,0.163683,-0.456331,0.025153,0.308303,-0.36224,0.454402,-0.153207,0.009348,-0.075548,-0.253747,0.14029,0.045067,0.106087,0.471053,-0.265247,-0.11546,-0.283851,0.118461,-0.367868,0.110253,0.355273,-0.083076,-0.069791,0.247613,0.20982,0.064782,-0.419513,0.304467,0.085115,-0.108707,0.263727,-0.180088,-0.100314,0.075902,-0.112333
1588,"Ohashi, Ayaka",staff_15903,0.051819,-0.080284,0.036856,-0.244474,0.028435,0.192123,0.20596,-0.131211,0.216308,0.078438,-0.141734,0.072483,0.153462,0.017494,-0.001915,-0.32466,0.270464,0.044113,0.122933,0.003663,0.211565,-0.026371,-0.201093,-0.126805,0.122611,0.28258,-0.461509,0.160255,-0.201013,0.225409,-0.434097,0.053992,0.293007,-0.332112,0.416859,-0.198181,0.060303,-0.010363,-0.173546,0.093434,0.117463,0.049297,0.405632,-0.283266,-0.036863,-0.340862,0.046536,-0.302931,0.095522,0.29157,-0.090482,-0.011829,0.185741,0.26816,-0.004662,-0.347534,0.275052,0.094317,-0.168978,0.24568,-0.225347,-0.060785,0.095889,-0.188019
1589,"Yamazaki, Mitsue",staff_15249,-0.175603,-0.401411,-0.338297,-0.02013,0.378597,-0.049603,0.484587,-0.30042,0.29971,-0.213228,0.645233,1.169873,0.658952,-0.082371,-0.992673,-0.559815,0.052521,0.800292,-0.138063,0.044424,0.377289,0.307026,0.122959,0.298508,0.444221,-0.192744,0.152241,0.311855,0.290252,-0.424455,0.316186,-0.498798,0.218253,0.270285,-0.23753,0.505547,-0.314514,-0.314299,-0.068559,0.231738,-1.220486,-0.092338,-0.181639,-0.13021,-0.081285,-0.2462,-0.051081,-0.776095,0.588986,-0.754944,0.50903,-0.170251,-0.335525,-0.369197,-0.686807,-0.508109,-0.130584,0.000916,-0.510903,0.266082,-0.138639,0.439889,-0.10878,-0.203996
1590,"Ozawa, Ari",staff_27395,0.000879,-0.087155,0.060272,-0.217057,0.019406,0.162194,0.235637,-0.071503,0.231076,0.049739,-0.184789,0.060215,0.157708,0.026863,-0.009901,-0.355629,0.297666,0.093307,0.156025,-0.020535,0.202355,-0.034957,-0.232524,-0.070808,0.08915,0.273456,-0.492194,0.119004,-0.153196,0.172845,-0.426075,0.061401,0.281749,-0.336192,0.441314,-0.232174,0.001592,-0.024695,-0.237982,0.132094,0.061654,0.085911,0.478828,-0.264783,-0.071978,-0.299043,0.098277,-0.347856,0.090085,0.331068,-0.06403,-0.041838,0.203462,0.228957,0.019831,-0.395031,0.320062,0.061634,-0.100854,0.267457,-0.240479,-0.070587,0.128437,-0.179239
1591,"Kawashima, Reiji",staff_51615,0.104169,-0.102386,0.010022,-0.223316,0.049886,0.141272,0.162872,-0.178543,0.196489,0.092042,-0.050844,0.075576,0.132724,-0.049141,-0.038599,-0.331294,0.199965,-0.012179,0.101114,-0.008746,0.193619,-0.010358,-0.150629,-0.204822,0.115369,0.258985,-0.476713,0.180609,-0.22696,0.214854,-0.381124,0.075074,0.250134,-0.372377,0.371042,-0.198555,0.077634,0.080719,-0.182545,0.102727,0.163426,0.044625,0.301703,-0.286054,0.030874,-0.332104,0.006704,-0.288329,0.096922,0.178308,-0.153239,-0.035684,0.114147,0.313464,-0.014573,-0.297382,0.203107,0.136012,-0.170648,0.254845,-0.243266,0.011224,0.062857,-0.188999
1592,"Honda, Mariko",staff_8805,0.105249,-0.101548,0.008561,-0.22571,0.04886,0.141511,0.166221,-0.177865,0.193665,0.090695,-0.04686,0.072691,0.133681,-0.048153,-0.03627,-0.330172,0.202429,-0.013338,0.100615,-0.007206,0.193689,-0.009193,-0.151868,-0.207602,0.113488,0.258608,-0.481509,0.180468,-0.227473,0.213062,-0.38552,0.07271,0.251938,-0.372657,0.374111,-0.202346,0.076018,0.080598,-0.18208,0.100183,0.168199,0.044098,0.302663,-0.285567,0.034606,-0.330838,0.005773,-0.289101,0.100282,0.178286,-0.15059,-0.033769,0.114051,0.315633,-0.011518,-0.299383,0.206983,0.138691,-0.171045,0.260114,-0.245409,0.011973,0.065209,-0.18907
1593,"Aizawa, Mai",staff_581,0.105249,-0.101548,0.008561,-0.22571,0.04886,0.141511,0.166221,-0.177865,0.193665,0.090695,-0.04686,0.072691,0.133681,-0.048153,-0.03627,-0.330172,0.202429,-0.013338,0.100615,-0.007206,0.193689,-0.009193,-0.151868,-0.207602,0.113488,0.258608,-0.481509,0.180468,-0.227473,0.213062,-0.38552,0.07271,0.251938,-0.372657,0.374111,-0.202346,0.076018,0.080598,-0.18208,0.100183,0.168199,0.044098,0.302663,-0.285567,0.034606,-0.330838,0.005773,-0.289101,0.100282,0.178286,-0.15059,-0.033769,0.114051,0.315633,-0.011518,-0.299383,0.206983,0.138691,-0.171045,0.260114,-0.245409,0.011973,0.065209,-0.18907
1594,"Shiraishi, Minoru",staff_261,0.105249,-0.101548,0.008561,-0.22571,0.04886,0.141511,0.166221,-0.177865,0.193665,0.090695,-0.04686,0.072691,0.133681,-0.048153,-0.03627,-0.330172,0.202429,-0.013338,0.100615,-0.007206,0.193689,-0.009193,-0.151868,-0.207602,0.113488,0.258608,-0.481509,0.180468,-0.227473,0.213062,-0.38552,0.07271,0.251938,-0.372657,0.374111,-0.202346,0.076018,0.080598,-0.18208,0.100183,0.168199,0.044098,0.302663,-0.285567,0.034606,-0.330838,0.005773,-0.289101,0.100282,0.178286,-0.15059,-0.033769,0.114051,0.315633,-0.011518,-0.299383,0.206983,0.138691,-0.171045,0.260114,-0.245409,0.011973,0.065209,-0.18907
1595,"Furuya, Shizuka",staff_12144,0.105249,-0.101548,0.008561,-0.22571,0.04886,0.141511,0.166221,-0.177865,0.193665,0.090695,-0.04686,0.072691,0.133681,-0.048153,-0.03627,-0.330172,0.202429,-0.013338,0.100615,-0.007206,0.193689,-0.009193,-0.151868,-0.207602,0.113488,0.258608,-0.481509,0.180468,-0.227473,0.213062,-0.38552,0.07271,0.251938,-0.372657,0.374111,-0.202346,0.076018,0.080598,-0.18208,0.100183,0.168199,0.044098,0.302663,-0.285567,0.034606,-0.330838,0.005773,-0.289101,0.100282,0.178286,-0.15059,-0.033769,0.114051,0.315633,-0.011518,-0.299383,0.206983,0.138691,-0.171045,0.260114,-0.245409,0.011973,0.065209,-0.18907
1596,"Konno, Hiromi",staff_56,0.069241,-0.08213,0.023417,-0.243063,0.011423,0.149153,0.171695,-0.116345,0.222335,0.076994,-0.124926,0.097721,0.112357,-0.003602,-0.019084,-0.372866,0.23339,0.055905,0.102383,0.002391,0.146828,-0.009253,-0.18519,-0.189072,0.115641,0.260054,-0.491855,0.177822,-0.212333,0.203556,-0.412137,0.067472,0.262991,-0.342991,0.384027,-0.189537,0.036243,0.012562,-0.2187,0.120235,0.141733,0.071282,0.36435,-0.30861,-0.027488,-0.337845,0.044432,-0.287562,0.086832,0.21784,-0.120592,-0.06465,0.134904,0.264769,0.027399,-0.333857,0.233671,0.123396,-0.128134,0.246734,-0.196091,-0.001904,0.073215,-0.165943
1597,"Gotou, Yuuko",staff_105,0.01177,-0.042081,0.034132,-0.248172,0.012714,0.173655,0.224701,-0.099222,0.251612,0.077838,-0.170908,0.074847,0.15969,0.027219,-0.004406,-0.336812,0.315869,0.065322,0.128779,0.009274,0.235975,-0.011246,-0.190936,-0.126572,0.105392,0.285228,-0.449892,0.129945,-0.190469,0.189333,-0.465349,0.03818,0.294967,-0.354315,0.404315,-0.225885,0.037482,-0.031794,-0.177674,0.088865,0.12841,0.074874,0.422203,-0.271301,-0.086093,-0.33385,0.067573,-0.306962,0.081338,0.280886,-0.057187,-0.020529,0.205373,0.252364,0.011402,-0.351625,0.295432,0.093388,-0.133126,0.256616,-0.223523,-0.06679,0.127788,-0.17501
1598,"Minato, Mirai",staff_41261,-0.170686,-0.359515,-0.3451,0.029187,0.338642,-0.045363,0.513875,-0.314334,0.283192,-0.119422,0.61749,1.111685,0.70372,-0.095984,-0.944261,-0.521725,-0.0635,0.890003,-0.173072,0.140798,0.45182,0.352629,0.098301,0.330691,0.415559,-0.248562,0.104584,0.307049,0.267328,-0.33292,0.361584,-0.451047,0.280831,0.269739,-0.310118,0.510327,-0.284352,-0.253736,-0.067208,0.159623,-1.232605,-0.087441,-0.249992,-0.063911,-0.09422,-0.241568,-0.077701,-0.740721,0.643785,-0.725836,0.475139,-0.074986,-0.287316,-0.444086,-0.544979,-0.402326,-0.196017,0.020044,-0.543335,0.241566,-0.02635,0.36456,-0.051619,-0.109428
1600,"Kurosawa, Tomoyo",staff_11661,0.033992,-0.056344,0.066188,-0.246515,-0.01497,0.169569,0.207843,-0.09796,0.262932,0.080658,-0.161567,0.075503,0.143694,0.03537,-0.011326,-0.359629,0.297885,0.079618,0.121151,0.012066,0.225777,-0.010263,-0.196819,-0.131262,0.113177,0.261669,-0.455707,0.136601,-0.192608,0.189119,-0.430282,0.03365,0.264377,-0.362839,0.403384,-0.19836,0.041309,-0.004993,-0.182412,0.107609,0.106929,0.088904,0.397459,-0.258522,-0.07638,-0.317552,0.067735,-0.319105,0.091345,0.277064,-0.094769,-0.024352,0.207811,0.246974,0.020902,-0.365611,0.273304,0.118263,-0.137701,0.257123,-0.206516,-0.061806,0.10553,-0.161851
1601,"Utsumi, Hiroko",staff_21331,-0.16417,-0.447351,-0.361472,0.028448,0.41686,0.010934,0.54106,-0.349723,0.262627,-0.1783,0.655628,1.129665,0.647198,-0.099287,-0.993207,-0.583929,0.056921,0.773264,-0.119118,0.086019,0.398574,0.287281,0.092722,0.346323,0.415422,-0.202329,0.061828,0.367265,0.247327,-0.430061,0.348575,-0.448533,0.295736,0.260184,-0.270011,0.446448,-0.328846,-0.245328,-0.006699,0.185585,-1.226864,-0.13359,-0.229157,-0.085026,-0.054346,-0.25574,-0.014441,-0.818381,0.603344,-0.789543,0.506089,-0.144445,-0.236927,-0.358185,-0.643175,-0.549961,-0.177014,-0.037182,-0.539321,0.223483,-0.124043,0.420199,-0.118405,-0.207079
1602,"Miyamoto, Mitsuru",staff_1469,0.038707,-0.104084,-0.012765,-0.316902,0.053689,0.319457,0.223507,-0.227892,0.200997,0.107235,-0.130965,0.070471,0.183745,-0.02289,0.054235,-0.212086,0.251045,-0.02049,0.124561,0.019361,0.316072,-0.0046,-0.212999,-0.126297,0.193106,0.345725,-0.443584,0.150095,-0.252625,0.352282,-0.472901,0.058012,0.319559,-0.255013,0.413378,-0.219128,0.132282,-0.015548,-0.041991,0.020799,0.187557,-0.009658,0.400979,-0.301907,0.002901,-0.435036,-0.010133,-0.235952,0.084286,0.33173,-0.039616,0.088906,0.187951,0.29824,-0.077686,-0.298837,0.298159,0.106745,-0.265615,0.209426,-0.245566,-0.083124,0.128061,-0.259945
1603,"Onosaka, Masaya",staff_173,0.030982,-0.066913,0.010835,-0.240493,0.048218,0.16994,0.214381,-0.132888,0.222273,0.094789,-0.118081,0.062422,0.154207,-0.016752,-0.013436,-0.297831,0.283718,0.017281,0.118195,-0.008003,0.256494,-0.006917,-0.173077,-0.158008,0.099529,0.288566,-0.455971,0.129173,-0.194341,0.201714,-0.444801,0.044411,0.289474,-0.359127,0.398541,-0.239979,0.044131,0.01905,-0.160208,0.091307,0.136703,0.061304,0.38311,-0.270574,-0.044528,-0.33287,0.037413,-0.293844,0.078308,0.253779,-0.080062,-0.009366,0.178534,0.294718,-0.007849,-0.330841,0.25951,0.089401,-0.158481,0.273105,-0.265577,-0.042883,0.118988,-0.181391
1604,"Aoki, Sayaka",staff_107,0.053078,-0.067597,0.011836,-0.302596,0.017674,0.254043,0.191797,-0.180549,0.232614,0.097217,-0.143965,0.095861,0.156463,0.000974,0.033106,-0.28628,0.264386,0.01607,0.106213,0.026676,0.254802,0.004402,-0.186479,-0.160681,0.169666,0.300642,-0.445095,0.171685,-0.251671,0.296555,-0.461864,0.053805,0.29815,-0.29463,0.384027,-0.191875,0.114327,-0.017145,-0.098806,0.052851,0.187244,0.036883,0.373556,-0.296413,-0.024937,-0.398979,0.009908,-0.25808,0.07575,0.28252,-0.06636,0.027988,0.17842,0.270358,-0.028408,-0.300154,0.275631,0.141352,-0.210109,0.210534,-0.19858,-0.057729,0.106064,-0.211969
1605,"Yoshino, Hiroyuki",staff_283,0.084783,-0.127733,0.076016,-0.3337,-0.054809,0.274479,0.164605,-0.134352,0.238375,0.107367,-0.178825,0.085783,0.127303,0.027282,0.062176,-0.349234,0.24334,0.092247,0.118414,-0.005133,0.255778,0.031131,-0.266503,-0.123347,0.200348,0.310293,-0.506369,0.13952,-0.21431,0.294974,-0.404922,0.021264,0.251935,-0.269637,0.399041,-0.163245,0.076799,0.000994,-0.087736,0.084947,0.139939,0.048154,0.384073,-0.269956,-0.021498,-0.362958,0.000948,-0.255468,0.061966,0.320253,-0.124981,0.006399,0.200256,0.244719,0.012026,-0.362381,0.249531,0.156972,-0.213964,0.19158,-0.164767,-0.042763,0.053902,-0.206018
1606,"Ishii, Toshimasa",staff_51059,-0.220266,-0.27673,-0.430992,-0.009841,0.317508,-0.04067,0.52711,-0.284281,0.301825,-0.044211,0.678847,1.101335,0.808678,-0.057905,-0.842373,-0.480634,-0.122438,0.971203,-0.255334,0.26156,0.539678,0.358688,0.088344,0.34144,0.400643,-0.345177,0.164558,0.202484,0.306714,-0.313845,0.343187,-0.494568,0.287043,0.30253,-0.397742,0.582993,-0.199752,-0.203644,-0.076979,0.132087,-1.300745,-0.097042,-0.334071,0.019939,-0.097689,-0.26643,-0.149104,-0.775395,0.65435,-0.701013,0.457733,0.014547,-0.293152,-0.49212,-0.463071,-0.327683,-0.303098,0.050718,-0.503823,0.210952,0.052765,0.325951,-0.04901,-0.050581
1607,"Hasegawa, Ikumi",staff_48048,0.058981,-0.099859,0.03455,-0.35048,0.028618,0.298302,0.24022,-0.148606,0.204502,0.05929,-0.189013,0.073646,0.118802,-0.00442,0.120113,-0.297829,0.258145,0.066288,0.136848,-0.006579,0.234593,-0.037958,-0.264019,-0.087338,0.189632,0.332128,-0.480987,0.13444,-0.190346,0.300142,-0.480132,0.020722,0.345704,-0.234387,0.479776,-0.192334,0.027196,-0.017219,-0.102445,0.06566,0.089684,0.049239,0.441676,-0.320774,-0.019564,-0.397057,0.004946,-0.226309,0.096352,0.3666,-0.083074,-0.021326,0.245715,0.302866,0.016938,-0.368573,0.285564,0.098999,-0.229307,0.238241,-0.195609,-0.089125,0.087095,-0.214512
1609,"Matsumi, Shinichi",staff_50431,-0.098709,-0.430807,-0.31029,0.009463,0.386672,-0.056581,0.530678,-0.341884,0.280775,-0.159608,0.595793,1.137437,0.600744,-0.095549,-0.996006,-0.575663,-0.043004,0.822256,-0.10733,0.077535,0.413403,0.329647,0.110683,0.351693,0.410997,-0.194837,0.042699,0.422394,0.245029,-0.354209,0.337122,-0.465851,0.275442,0.304773,-0.265651,0.488774,-0.288713,-0.263014,-0.031984,0.16951,-1.156701,-0.096386,-0.252528,-0.080257,-0.035755,-0.201175,-0.071215,-0.728525,0.704253,-0.749809,0.465493,-0.172362,-0.216246,-0.392399,-0.602597,-0.461653,-0.156128,-0.042916,-0.53071,0.2444,-0.079123,0.458785,-0.074075,-0.163198
1610,"Kobayashi, Chikahiro",staff_34615,0.035358,-0.05901,0.063955,-0.191255,0.005864,0.133324,0.209127,-0.102089,0.25099,0.063123,-0.140392,0.065386,0.161729,0.04044,-0.052169,-0.363162,0.290248,0.058725,0.126405,0.004917,0.199378,-0.02506,-0.181306,-0.122567,0.084515,0.240573,-0.463601,0.148788,-0.188446,0.162956,-0.406882,0.059101,0.255797,-0.377884,0.40489,-0.20434,0.043722,0.00439,-0.223536,0.118127,0.09619,0.088991,0.402121,-0.245969,-0.065144,-0.292304,0.080375,-0.351935,0.098824,0.269291,-0.096879,-0.026859,0.190777,0.242309,0.014539,-0.364294,0.292633,0.104225,-0.115589,0.266297,-0.227111,-0.049964,0.115281,-0.162919
1611,"Yamamoto, Sayo",staff_6856,-0.175761,-0.44404,-0.348136,-0.046141,0.387281,0.019416,0.570549,-0.285144,0.227324,-0.183287,0.703775,1.134538,0.727399,-0.085258,-0.93151,-0.578187,0.059653,0.786952,-0.13642,0.098381,0.429778,0.298359,0.056771,0.400909,0.434798,-0.263966,0.073565,0.347832,0.264316,-0.459505,0.350974,-0.49126,0.3002,0.276027,-0.280866,0.526595,-0.230631,-0.307905,-0.005279,0.232433,-1.258397,-0.183574,-0.279322,-0.037595,-0.078194,-0.215133,-0.04317,-0.783565,0.553192,-0.774689,0.548843,-0.074223,-0.267944,-0.407874,-0.600953,-0.555398,-0.205915,-0.062193,-0.559767,0.14957,-0.129207,0.445139,-0.065856,-0.204814
1612,"Kokido, Shiho",staff_28789,0.145319,-0.17292,0.091531,-0.341079,-0.019897,0.29544,0.175604,-0.182088,0.267612,0.192491,-0.150849,0.107499,0.067751,-0.018536,0.082895,-0.419954,0.252825,0.029605,0.139392,0.026884,0.234357,0.089402,-0.305525,-0.178133,0.197579,0.274586,-0.511269,0.131012,-0.220389,0.304113,-0.416636,0.037928,0.27589,-0.373618,0.337583,-0.179909,0.159023,-0.006274,-0.120418,0.165585,0.172782,0.001196,0.327667,-0.267225,0.064267,-0.343476,0.049132,-0.298909,0.070131,0.231413,-0.09804,-0.048662,0.160792,0.304428,-0.010384,-0.332868,0.129944,0.211135,-0.231002,0.174506,-0.14985,-0.063647,0.054571,-0.229391
1613,"Kawamura, Kenichi",staff_26077,-0.187659,-0.347849,-0.370838,-0.005238,0.334655,-0.065169,0.5148,-0.28608,0.310548,-0.117726,0.658883,1.13128,0.722433,-0.093727,-0.902455,-0.507729,-0.034893,0.878042,-0.184996,0.141244,0.433221,0.331645,0.087776,0.31981,0.407385,-0.292365,0.135984,0.287564,0.289473,-0.358687,0.349999,-0.488387,0.280089,0.287885,-0.310539,0.557523,-0.238611,-0.266609,-0.071642,0.187005,-1.238679,-0.117357,-0.283651,-0.049842,-0.088727,-0.254922,-0.085279,-0.748165,0.649954,-0.719454,0.490491,-0.090231,-0.28839,-0.441343,-0.546851,-0.404056,-0.228818,0.004736,-0.526821,0.225445,-0.034931,0.401195,-0.047866,-0.121713
1614,"Yahagi, Sayuri",staff_380,0.104126,-0.105621,0.035348,-0.246174,0.042616,0.177739,0.173968,-0.178724,0.236886,0.074828,-0.099081,0.085803,0.119235,-0.043696,-0.01375,-0.339442,0.231076,0.015074,0.125466,-0.000108,0.17962,0.001009,-0.187096,-0.193912,0.11369,0.231466,-0.485574,0.167227,-0.241828,0.235021,-0.415195,0.067518,0.261437,-0.345883,0.375108,-0.180887,0.079542,0.07052,-0.199918,0.11233,0.151217,0.054775,0.323525,-0.258876,0.036301,-0.347207,0.020302,-0.31474,0.087493,0.22332,-0.11713,-0.06244,0.156982,0.30304,-0.006756,-0.319803,0.210161,0.163505,-0.180834,0.255963,-0.21078,-0.0181,0.065581,-0.197534
1616,"Otomo, Katsuhiro",staff_1872,-0.27699,-0.34281,-0.224009,0.095022,0.260153,-0.086943,0.473614,-0.271024,0.322059,-0.177415,0.595249,1.153883,0.726884,-0.112371,-1.067301,-0.445903,0.054855,0.918571,-0.18652,0.028777,0.345547,0.354273,0.040557,0.234306,0.486111,-0.225463,0.162502,0.252627,0.197401,-0.309748,0.38256,-0.359276,0.269448,0.13126,-0.259929,0.478145,-0.381631,-0.323334,-0.147194,0.221655,-1.316281,-0.088463,-0.100731,-0.233249,-0.177173,-0.267178,0.016163,-0.619572,0.498576,-0.681229,0.602238,-0.061216,-0.462655,-0.508952,-0.581033,-0.3697,-0.061468,0.102174,-0.643513,0.351671,-0.123308,0.23632,-0.022782,-0.108998
1617,"Iwata, Mitsuo",staff_399,-0.016816,0.003515,0.126264,-0.185095,-0.053909,0.137963,0.246821,-0.035833,0.31607,0.038336,-0.224252,0.06179,0.197503,0.140246,-0.045862,-0.382898,0.388219,0.136376,0.143315,0.034972,0.220856,-0.034013,-0.210132,-0.06223,0.069336,0.225392,-0.442144,0.1255,-0.165549,0.130354,-0.454716,0.031012,0.258988,-0.368,0.44494,-0.196656,0.029203,-0.069272,-0.237248,0.113789,0.0483,0.128816,0.489038,-0.202017,-0.154042,-0.264513,0.134954,-0.407902,0.102133,0.369041,-0.040092,0.008262,0.285501,0.17627,0.038701,-0.428107,0.379595,0.104557,-0.087769,0.275444,-0.194841,-0.13102,0.160672,-0.144988
1618,"Koyama, Mami",staff_571,-0.025217,0.040826,0.155071,-0.182752,-0.072617,0.144372,0.273388,-0.018757,0.332985,0.024367,-0.256356,0.053165,0.195416,0.176569,-0.030251,-0.395823,0.412222,0.160612,0.139908,0.058125,0.217821,-0.040572,-0.208987,-0.029615,0.064594,0.211922,-0.432144,0.115737,-0.152149,0.118007,-0.473199,0.012216,0.275418,-0.372712,0.479763,-0.192789,0.021934,-0.087981,-0.243833,0.100453,0.024623,0.153036,0.521371,-0.191231,-0.174576,-0.253976,0.152891,-0.418652,0.119633,0.393713,-0.029015,0.006048,0.325788,0.158682,0.051944,-0.44907,0.414918,0.113549,-0.074763,0.275351,-0.16152,-0.152825,0.177386,-0.129288
1619,"Ishida, Tarou",staff_1252,-0.025217,0.040826,0.155071,-0.182752,-0.072617,0.144372,0.273388,-0.018757,0.332985,0.024367,-0.256356,0.053165,0.195416,0.176569,-0.030251,-0.395823,0.412222,0.160612,0.139908,0.058125,0.217821,-0.040572,-0.208987,-0.029615,0.064594,0.211922,-0.432144,0.115737,-0.152149,0.118007,-0.473199,0.012216,0.275418,-0.372712,0.479763,-0.192789,0.021934,-0.087981,-0.243833,0.100453,0.024623,0.153036,0.521371,-0.191231,-0.174576,-0.253976,0.152891,-0.418652,0.119633,0.393713,-0.029015,0.006048,0.325788,0.158682,0.051944,-0.44907,0.414918,0.113549,-0.074763,0.275351,-0.16152,-0.152825,0.177386,-0.129288
1620,"Matsumoto, Rie",staff_12664,-0.103721,-0.426709,-0.314515,0.013159,0.38635,-0.050989,0.530059,-0.343012,0.275463,-0.155088,0.600666,1.136302,0.595494,-0.101787,-0.991979,-0.577325,-0.044584,0.821146,-0.110927,0.074412,0.412568,0.328408,0.113025,0.348171,0.415682,-0.189221,0.050687,0.421077,0.249261,-0.356701,0.342105,-0.462439,0.278622,0.305279,-0.258617,0.485965,-0.291749,-0.260671,-0.028191,0.167275,-1.155868,-0.094943,-0.254756,-0.076762,-0.042437,-0.205888,-0.070821,-0.731459,0.702456,-0.747061,0.463488,-0.175594,-0.211652,-0.398124,-0.604904,-0.464216,-0.161102,-0.037717,-0.536603,0.245384,-0.075628,0.456954,-0.076253,-0.167423
1621,"Ibata, Yoshihide",staff_38648,-0.266564,-0.498689,-0.338089,0.050701,0.404838,-0.061248,0.578542,-0.392792,0.365856,-0.159771,0.637083,1.118336,0.588494,-0.041814,-1.146442,-0.528562,0.103162,0.827082,-0.112889,0.035837,0.321359,0.341932,0.051209,0.217909,0.443805,-0.126438,0.045333,0.278682,0.132551,-0.401612,0.40579,-0.409608,0.320113,0.275405,-0.238788,0.330616,-0.434641,-0.233843,-0.057224,0.230408,-1.298068,-0.081636,-0.107377,-0.185069,-0.118979,-0.315941,0.025219,-0.785655,0.653903,-0.778056,0.493829,-0.16188,-0.303555,-0.308676,-0.692146,-0.497563,-0.136841,0.011519,-0.539652,0.354067,-0.169695,0.346799,-0.162086,-0.135918
1622,"Iwami, Manaka",staff_44317,0.022219,-0.053106,0.049889,-0.268914,0.02447,0.20198,0.224578,-0.097419,0.257802,0.125886,-0.180529,0.075911,0.112002,0.004113,0.018277,-0.331366,0.328328,0.057812,0.122689,0.003256,0.260177,0.019345,-0.206199,-0.140619,0.115443,0.287594,-0.434913,0.116332,-0.170348,0.193965,-0.473974,0.003736,0.317849,-0.39092,0.408379,-0.228549,0.0314,-0.020591,-0.148827,0.117692,0.12233,0.080087,0.407451,-0.265391,-0.074122,-0.317389,0.066169,-0.29847,0.072937,0.269465,-0.060671,-0.047627,0.214963,0.280202,0.02101,-0.352325,0.232331,0.09781,-0.14906,0.256478,-0.23458,-0.063803,0.100155,-0.151861
1623,"Shimabukuro, Miyuri",staff_47364,-0.01196,-0.019821,0.061929,-0.23774,0.017217,0.145959,0.235128,-0.072703,0.291739,0.112808,-0.174104,0.07762,0.116686,0.004783,-0.018697,-0.346212,0.353373,0.072663,0.124615,0.013359,0.255362,0.006318,-0.167842,-0.15168,0.077226,0.25301,-0.408448,0.109439,-0.16376,0.142333,-0.475835,0.003599,0.296859,-0.439287,0.396411,-0.243757,0.00779,-0.00572,-0.194582,0.135213,0.111574,0.119419,0.400718,-0.249395,-0.11094,-0.293819,0.101732,-0.335995,0.086271,0.24065,-0.055892,-0.063561,0.222637,0.267602,0.031832,-0.353441,0.238532,0.102586,-0.097342,0.293026,-0.249383,-0.06705,0.119877,-0.115777
1624,"Yamashiro, Fuuga",staff_54961,-0.100041,-0.426128,-0.314767,0.012257,0.389123,-0.051073,0.532768,-0.342074,0.277367,-0.15597,0.599614,1.136561,0.596182,-0.102048,-0.989805,-0.57808,-0.04335,0.823609,-0.111795,0.07673,0.408896,0.32892,0.113302,0.34903,0.413893,-0.191506,0.048168,0.422476,0.250633,-0.355052,0.342691,-0.464249,0.279689,0.30869,-0.262,0.483676,-0.294134,-0.258592,-0.023358,0.167965,-1.156507,-0.094455,-0.25605,-0.075125,-0.037995,-0.20373,-0.071439,-0.731687,0.702785,-0.746199,0.4647,-0.173765,-0.212414,-0.397431,-0.604891,-0.463447,-0.159168,-0.042417,-0.535876,0.246119,-0.07496,0.458586,-0.075234,-0.166494
1625,"Wakayama, Shion",staff_35511,0.103904,-0.120389,0.046883,-0.284349,-0.002355,0.192768,0.19563,-0.129107,0.17614,0.070266,-0.109841,0.048364,0.122085,-0.00869,0.04612,-0.380346,0.208155,0.058478,0.110081,-0.008803,0.206351,-0.023592,-0.226295,-0.113182,0.152333,0.301744,-0.511954,0.137733,-0.188924,0.223315,-0.380102,0.023709,0.278762,-0.334787,0.430385,-0.190663,0.042897,0.036258,-0.155175,0.079679,0.103374,0.047783,0.365106,-0.294628,0.00717,-0.334598,0.017072,-0.253335,0.119594,0.248806,-0.173541,-0.052086,0.173785,0.292565,0.021754,-0.360863,0.233396,0.110748,-0.188368,0.238578,-0.187352,-0.02319,0.056787,-0.197632
1626,"Yoneda, Kazuhiro",staff_36904,-0.263017,-0.408372,-0.268374,0.099956,0.348812,-0.041945,0.495258,-0.32608,0.320426,-0.193806,0.607793,1.150137,0.659069,-0.068734,-1.110466,-0.508161,0.076481,0.85453,-0.163589,0.023129,0.343262,0.329741,0.064405,0.239349,0.480781,-0.159342,0.098145,0.284018,0.176735,-0.360555,0.363632,-0.377483,0.25505,0.180744,-0.245557,0.397075,-0.431385,-0.277045,-0.096863,0.209561,-1.282999,-0.084595,-0.099193,-0.220278,-0.117504,-0.278454,0.019509,-0.71282,0.542699,-0.741702,0.552101,-0.125499,-0.385575,-0.39533,-0.661838,-0.464608,-0.073241,0.067922,-0.583355,0.353186,-0.162872,0.288106,-0.114501,-0.158122
1627,"Takagaki, Ayahi",staff_823,0.039883,-0.05996,0.060229,-0.238481,0.006712,0.142965,0.214996,-0.088376,0.250943,0.089145,-0.149395,0.064864,0.139529,0.016085,-0.006665,-0.369457,0.302273,0.071347,0.131997,-0.013277,0.235815,0.000618,-0.20254,-0.136219,0.1042,0.277654,-0.470258,0.117037,-0.161796,0.151581,-0.435023,0.021985,0.272642,-0.387793,0.407715,-0.230106,0.013949,0.01203,-0.184538,0.121248,0.110599,0.091506,0.39085,-0.253065,-0.066152,-0.288988,0.058944,-0.316116,0.082025,0.247704,-0.096313,-0.048159,0.20436,0.272723,0.033674,-0.361327,0.250552,0.107944,-0.123434,0.27255,-0.236193,-0.04643,0.101209,-0.16179
1628,"Minagawa, Junko",staff_62,0.042808,-0.055678,0.030944,-0.221254,0.042724,0.116444,0.203465,-0.074223,0.225173,0.108941,-0.130222,0.068785,0.109636,-0.004715,-0.022886,-0.356843,0.302276,0.045321,0.104859,-0.017658,0.206217,-0.004319,-0.169746,-0.171019,0.065113,0.262415,-0.460001,0.132391,-0.153721,0.141508,-0.432248,0.028514,0.297191,-0.411594,0.396433,-0.232445,0.000666,0.014402,-0.212139,0.139099,0.099427,0.0896,0.382352,-0.272759,-0.066303,-0.281137,0.065214,-0.307521,0.073775,0.223889,-0.109614,-0.080695,0.175759,0.295865,0.039815,-0.355555,0.216333,0.076432,-0.115315,0.287381,-0.257176,-0.024508,0.089323,-0.128267
1630,"Sekine, Wataru",staff_19433,0.051019,-0.175103,0.134114,-0.326973,-0.024312,0.313184,0.15214,-0.196915,0.323891,0.165722,-0.181485,0.135802,0.083816,-0.053944,0.028992,-0.347547,0.243419,0.086966,0.18344,0.014468,0.261429,0.100216,-0.291215,-0.158106,0.246011,0.26895,-0.474466,0.155909,-0.235683,0.3182,-0.429491,0.029419,0.227898,-0.378363,0.364547,-0.19933,0.127951,0.036564,-0.121833,0.174767,0.252275,0.065948,0.351976,-0.241217,0.058444,-0.353903,0.057255,-0.359427,0.082286,0.247632,-0.029607,-0.036212,0.154254,0.222135,-0.038221,-0.288575,0.174879,0.256797,-0.159811,0.18022,-0.196544,-0.03407,0.030594,-0.208144
1631,"Fujii, Toshirou",staff_49972,-0.10042,-0.430136,-0.312009,0.013047,0.385803,-0.049855,0.527625,-0.339209,0.271938,-0.148799,0.594728,1.135593,0.597171,-0.102819,-0.993845,-0.574172,-0.046021,0.81309,-0.112773,0.076283,0.413583,0.327042,0.112448,0.348805,0.410116,-0.186919,0.052061,0.416647,0.245691,-0.356051,0.338605,-0.460688,0.278073,0.303528,-0.261592,0.491534,-0.288708,-0.260902,-0.031789,0.165798,-1.155454,-0.093431,-0.251224,-0.073172,-0.04847,-0.206605,-0.066543,-0.731027,0.703176,-0.745693,0.458716,-0.179341,-0.211008,-0.395941,-0.600972,-0.46259,-0.161382,-0.03105,-0.536232,0.239054,-0.07656,0.456446,-0.074043,-0.165621
1632,"Kouda, Masayuki",staff_21039,-0.10042,-0.430136,-0.312009,0.013047,0.385803,-0.049855,0.527625,-0.339209,0.271938,-0.148799,0.594728,1.135593,0.597171,-0.102819,-0.993845,-0.574172,-0.046021,0.81309,-0.112773,0.076283,0.413583,0.327042,0.112448,0.348805,0.410116,-0.186919,0.052061,0.416647,0.245691,-0.356051,0.338605,-0.460688,0.278073,0.303528,-0.261592,0.491534,-0.288708,-0.260902,-0.031789,0.165798,-1.155454,-0.093431,-0.251224,-0.073172,-0.04847,-0.206605,-0.066543,-0.731027,0.703176,-0.745693,0.458716,-0.179341,-0.211008,-0.395941,-0.600972,-0.46259,-0.161382,-0.03105,-0.536232,0.239054,-0.07656,0.456446,-0.074043,-0.165621
1633,"Yamashita, Hiroyuki",staff_12353,-0.100622,-0.429014,-0.313517,0.012266,0.386207,-0.050955,0.529288,-0.340295,0.273724,-0.1517,0.596053,1.134009,0.596899,-0.101895,-0.991478,-0.57453,-0.045178,0.815985,-0.112454,0.076485,0.410999,0.328326,0.11238,0.348025,0.410528,-0.187921,0.049704,0.417965,0.247272,-0.356004,0.339963,-0.461132,0.2775,0.304953,-0.261978,0.488634,-0.290728,-0.260164,-0.029716,0.166828,-1.153613,-0.094007,-0.252137,-0.073679,-0.044262,-0.205039,-0.068841,-0.731189,0.703309,-0.744994,0.459884,-0.176638,-0.210947,-0.396236,-0.602961,-0.462639,-0.159329,-0.035759,-0.535646,0.241819,-0.074634,0.458225,-0.073438,-0.165798
1634,"Kijima, Ryuuichi",staff_11407,0.172092,-0.06954,0.147685,-0.263755,-0.040838,0.247787,0.168045,-0.178663,0.233175,0.103921,-0.168623,0.068669,0.096768,0.03393,0.061182,-0.346062,0.186009,0.055061,0.087595,-0.01218,0.234532,0.061582,-0.211179,-0.132641,0.187257,0.244656,-0.538317,0.154201,-0.188324,0.269129,-0.359426,0.026027,0.237508,-0.268403,0.462528,-0.140808,0.088998,0.100248,-0.096864,0.095379,0.102606,0.118351,0.356232,-0.224903,0.048008,-0.279629,-0.05477,-0.273879,0.049556,0.286208,-0.17817,0.000307,0.214344,0.26373,0.030405,-0.353615,0.256353,0.258411,-0.187186,0.172526,-0.124556,0.020117,0.040745,-0.175604
1635,"Kikuchi, Kokoro",staff_1172,0.108604,-0.102631,0.014574,-0.225038,0.052138,0.137008,0.166422,-0.179906,0.192833,0.092851,-0.053535,0.076061,0.139207,-0.047652,-0.035799,-0.333228,0.199664,-0.008347,0.10276,-0.008931,0.195223,-0.00921,-0.148611,-0.206017,0.111093,0.258899,-0.480301,0.178786,-0.225921,0.211212,-0.385728,0.07465,0.250785,-0.371808,0.368481,-0.200567,0.079094,0.081528,-0.187074,0.105041,0.164062,0.04554,0.300609,-0.285084,0.030645,-0.333227,0.004034,-0.294064,0.096385,0.175836,-0.151677,-0.032143,0.114609,0.314466,-0.016752,-0.296008,0.203016,0.139975,-0.166825,0.258598,-0.242417,0.008244,0.065945,-0.18587
1636,"Sanpei, Yuuko",staff_407,0.033935,-0.054415,0.048726,-0.216107,0.02619,0.124829,0.213523,-0.081872,0.241372,0.098034,-0.14124,0.06621,0.129241,0.007683,-0.027757,-0.363527,0.305015,0.056492,0.118637,-0.007867,0.218246,-0.002631,-0.179503,-0.150291,0.074302,0.259749,-0.459925,0.125742,-0.162241,0.142404,-0.431763,0.032002,0.282785,-0.410653,0.399154,-0.231898,0.015079,0.008978,-0.212797,0.133957,0.103213,0.092057,0.392324,-0.258417,-0.068313,-0.28268,0.075868,-0.328244,0.083365,0.235147,-0.095725,-0.060974,0.185554,0.274622,0.029593,-0.358311,0.2409,0.090941,-0.109739,0.280034,-0.245328,-0.039326,0.104357,-0.142393
1637,"Makita, Kaori",staff_50658,-0.099381,-0.427985,-0.315471,0.011941,0.38845,-0.051593,0.532693,-0.340846,0.276969,-0.156748,0.599111,1.132689,0.597028,-0.101737,-0.989153,-0.574366,-0.043528,0.821558,-0.112451,0.078276,0.406839,0.330746,0.113549,0.348567,0.412865,-0.189753,0.046062,0.420807,0.250184,-0.355512,0.343006,-0.463336,0.277779,0.308839,-0.263909,0.483821,-0.294904,-0.259722,-0.025701,0.167928,-1.153667,-0.093969,-0.254233,-0.074319,-0.037737,-0.203174,-0.071701,-0.731006,0.704467,-0.744525,0.462751,-0.174747,-0.212559,-0.395602,-0.607099,-0.463985,-0.157304,-0.042604,-0.535011,0.245289,-0.071839,0.461704,-0.070829,-0.164236
1638,"Hanamori, Yumiri",staff_21543,0.049001,-0.063806,0.055993,-0.219311,0.015634,0.174601,0.214229,-0.14219,0.241515,0.080428,-0.131634,0.065639,0.145917,0.011394,-0.018,-0.339208,0.26425,0.033521,0.117344,0.016873,0.222788,-0.010456,-0.17426,-0.13032,0.112024,0.252014,-0.456644,0.146272,-0.200814,0.205202,-0.413214,0.054621,0.270061,-0.363609,0.407041,-0.208622,0.068783,0.021218,-0.184001,0.097776,0.119223,0.078261,0.385771,-0.260346,-0.035913,-0.320414,0.056116,-0.318211,0.101501,0.253545,-0.099817,-0.01591,0.18552,0.262175,-0.005225,-0.33678,0.273475,0.127084,-0.140966,0.246777,-0.216873,-0.043501,0.113114,-0.174309
1639,"Kaiden, Michiko",staff_22455,0.080141,-0.12018,0.016467,-0.207473,0.037784,0.125687,0.16554,-0.151582,0.204002,0.092897,-0.061517,0.068224,0.158068,-0.038213,-0.05758,-0.336922,0.218316,0.001216,0.120248,-0.033698,0.219432,-0.002096,-0.173676,-0.187823,0.100174,0.266873,-0.503318,0.153448,-0.209506,0.191885,-0.364676,0.088272,0.223292,-0.366826,0.361041,-0.22009,0.064839,0.071464,-0.192422,0.125874,0.148371,0.04849,0.326446,-0.266614,0.009023,-0.30461,0.022122,-0.314884,0.071829,0.204357,-0.138462,-0.01313,0.11052,0.293638,-0.014082,-0.318731,0.228996,0.116669,-0.149345,0.261785,-0.270886,0.006698,0.088039,-0.200995
1640,"Midorikawa, Hikaru",staff_112,0.090974,-0.082644,0.071832,-0.280642,-0.031813,0.173998,0.163913,-0.114555,0.238135,0.105683,-0.140085,0.091922,0.148671,0.028771,0.030685,-0.392756,0.277848,0.064874,0.120152,-0.004402,0.237936,0.010001,-0.196485,-0.139669,0.135319,0.27065,-0.478196,0.156003,-0.188114,0.219246,-0.401326,0.048354,0.25415,-0.34654,0.365002,-0.189064,0.081652,0.002895,-0.151116,0.107382,0.144959,0.060584,0.365945,-0.256308,-0.039338,-0.303615,0.032821,-0.300337,0.06485,0.259235,-0.135365,-0.02348,0.182537,0.253964,0.026521,-0.343593,0.253962,0.161497,-0.15304,0.21776,-0.197629,-0.042022,0.068472,-0.173405
1641,"Okano, Kousuke",staff_434,0.100593,-0.10552,0.013552,-0.22095,0.041957,0.134799,0.164583,-0.168771,0.198146,0.090371,-0.048504,0.07124,0.143593,-0.040175,-0.037424,-0.335211,0.208432,-0.007399,0.105444,-0.013272,0.203412,-0.00446,-0.157563,-0.204975,0.107813,0.26132,-0.490891,0.169161,-0.220908,0.205486,-0.383274,0.073549,0.242714,-0.36764,0.372367,-0.210112,0.074323,0.077956,-0.187199,0.107023,0.16466,0.047673,0.308871,-0.276226,0.025575,-0.322081,0.009413,-0.29979,0.091637,0.185426,-0.148406,-0.022662,0.116449,0.309466,-0.011215,-0.304447,0.214377,0.134977,-0.164653,0.263959,-0.251118,0.006298,0.076006,-0.193574
1642,"Chioka, Kimitoshi",staff_16685,-0.102331,-0.425263,-0.314408,0.01347,0.385821,-0.050671,0.531709,-0.343126,0.275353,-0.153509,0.597486,1.136701,0.597451,-0.10148,-0.993623,-0.577049,-0.04335,0.820085,-0.110228,0.075314,0.410531,0.327842,0.11377,0.34817,0.413461,-0.189837,0.051603,0.420137,0.248669,-0.35706,0.340648,-0.46226,0.276884,0.305366,-0.261856,0.488232,-0.291508,-0.260359,-0.026468,0.167189,-1.156287,-0.093261,-0.254309,-0.075981,-0.041748,-0.205642,-0.071195,-0.731375,0.703023,-0.746393,0.462477,-0.17645,-0.213323,-0.397268,-0.604054,-0.465602,-0.16186,-0.036217,-0.536802,0.243915,-0.076176,0.45849,-0.075685,-0.16713
1643,"Hatano, Kouhei",staff_50592,-0.102331,-0.425263,-0.314408,0.01347,0.385821,-0.050671,0.531709,-0.343126,0.275353,-0.153509,0.597486,1.136701,0.597451,-0.10148,-0.993623,-0.577049,-0.04335,0.820085,-0.110228,0.075314,0.410531,0.327842,0.11377,0.34817,0.413461,-0.189837,0.051603,0.420137,0.248669,-0.35706,0.340648,-0.46226,0.276884,0.305366,-0.261856,0.488232,-0.291508,-0.260359,-0.026468,0.167189,-1.156287,-0.093261,-0.254309,-0.075981,-0.041748,-0.205642,-0.071195,-0.731375,0.703023,-0.746393,0.462477,-0.17645,-0.213323,-0.397268,-0.604054,-0.465602,-0.16186,-0.036217,-0.536802,0.243915,-0.076176,0.45849,-0.075685,-0.16713
1644,"Hatano, Morio",staff_15799,-0.102331,-0.425263,-0.314408,0.01347,0.385821,-0.050671,0.531709,-0.343126,0.275353,-0.153509,0.597486,1.136701,0.597451,-0.10148,-0.993623,-0.577049,-0.04335,0.820085,-0.110228,0.075314,0.410531,0.327842,0.11377,0.34817,0.413461,-0.189837,0.051603,0.420137,0.248669,-0.35706,0.340648,-0.46226,0.276884,0.305366,-0.261856,0.488232,-0.291508,-0.260359,-0.026468,0.167189,-1.156287,-0.093261,-0.254309,-0.075981,-0.041748,-0.205642,-0.071195,-0.731375,0.703023,-0.746393,0.462477,-0.17645,-0.213323,-0.397268,-0.604054,-0.465602,-0.16186,-0.036217,-0.536802,0.243915,-0.076176,0.45849,-0.075685,-0.16713
1645,"Nakamura, Ryouta",staff_47941,-0.102331,-0.425263,-0.314408,0.01347,0.385821,-0.050671,0.531709,-0.343126,0.275353,-0.153509,0.597486,1.136701,0.597451,-0.10148,-0.993623,-0.577049,-0.04335,0.820085,-0.110228,0.075314,0.410531,0.327842,0.11377,0.34817,0.413461,-0.189837,0.051603,0.420137,0.248669,-0.35706,0.340648,-0.46226,0.276884,0.305366,-0.261856,0.488232,-0.291508,-0.260359,-0.026468,0.167189,-1.156287,-0.093261,-0.254309,-0.075981,-0.041748,-0.205642,-0.071195,-0.731375,0.703023,-0.746393,0.462477,-0.17645,-0.213323,-0.397268,-0.604054,-0.465602,-0.16186,-0.036217,-0.536802,0.243915,-0.076176,0.45849,-0.075685,-0.16713
1646,"Minamikawa, Tatsuma",staff_44528,-0.099238,-0.42736,-0.314178,0.012212,0.387411,-0.052399,0.531789,-0.340558,0.275756,-0.155998,0.598105,1.13338,0.597505,-0.101167,-0.989163,-0.57424,-0.044451,0.821094,-0.112714,0.077495,0.407407,0.33017,0.113346,0.348275,0.41214,-0.188677,0.046748,0.420389,0.248409,-0.356146,0.342643,-0.462952,0.276663,0.307537,-0.264003,0.48408,-0.294297,-0.260019,-0.024913,0.16759,-1.152059,-0.093561,-0.253903,-0.074364,-0.03883,-0.203335,-0.071691,-0.731386,0.70427,-0.744537,0.46163,-0.174933,-0.211343,-0.395752,-0.606094,-0.463406,-0.157625,-0.040909,-0.535488,0.245107,-0.071128,0.460083,-0.071534,-0.164296
1647,"Watanabe, Kotono",staff_18421,-0.137685,-0.397896,-0.262683,0.111976,0.348707,-0.009998,0.48346,-0.344371,0.247232,-0.179006,0.516199,1.11667,0.633229,-0.124055,-1.067692,-0.564235,-0.052417,0.86416,-0.103749,0.047525,0.426362,0.361368,0.141881,0.314699,0.468405,-0.147649,0.066677,0.374961,0.241215,-0.340474,0.377363,-0.362421,0.273597,0.208225,-0.234312,0.413529,-0.40973,-0.279933,-0.070328,0.134336,-1.214055,-0.025263,-0.118004,-0.168261,-0.128165,-0.25403,-0.023875,-0.707272,0.572256,-0.752117,0.482597,-0.103526,-0.330656,-0.421609,-0.615754,-0.454133,-0.081137,0.050894,-0.589039,0.296158,-0.090289,0.314384,-0.084986,-0.160276
1648,"Mimori, Suzuko",staff_11359,0.011738,-0.046875,0.056399,-0.215923,0.025672,0.14599,0.211699,-0.066993,0.254507,0.077738,-0.180764,0.067608,0.140657,0.028559,-0.034327,-0.335218,0.331923,0.082358,0.134458,-0.020097,0.220507,-0.004434,-0.200429,-0.126413,0.080235,0.266866,-0.458386,0.125787,-0.164563,0.149111,-0.453745,0.020862,0.291853,-0.378859,0.423625,-0.220047,-0.002589,-0.010758,-0.204503,0.12444,0.098918,0.100774,0.428631,-0.240938,-0.086754,-0.286519,0.072573,-0.339482,0.068069,0.293671,-0.063276,-0.056737,0.214104,0.250408,0.035697,-0.376482,0.27829,0.078523,-0.115007,0.277397,-0.247016,-0.048937,0.099193,-0.1482
1649,"Hongo, Kanata",staff_18401,0.053832,-0.091795,0.070906,-0.237055,-0.02229,0.157337,0.170032,-0.102538,0.254978,0.084712,-0.162716,0.097544,0.150405,0.021308,-0.018856,-0.372955,0.263424,0.087656,0.144589,-0.029251,0.207633,0.012646,-0.215698,-0.142097,0.120024,0.26666,-0.511472,0.145495,-0.179524,0.200435,-0.394729,0.075327,0.222691,-0.315618,0.382574,-0.204696,0.029874,0.017895,-0.196942,0.134813,0.12825,0.08225,0.399543,-0.253146,-0.047618,-0.294393,0.040658,-0.322742,0.044536,0.277063,-0.101396,-0.027442,0.170649,0.230974,0.028201,-0.361707,0.281988,0.146819,-0.108171,0.232552,-0.220795,-0.011335,0.080749,-0.176916
1652,"Nagahama, Hiroshi",staff_4346,-0.261096,-0.354773,-0.22251,0.109213,0.291349,-0.070799,0.471546,-0.275067,0.318743,-0.190822,0.586527,1.149342,0.701028,-0.101267,-1.048921,-0.474557,0.030951,0.904645,-0.181569,0.015482,0.348857,0.355687,0.056927,0.242713,0.490138,-0.218389,0.120983,0.291856,0.210533,-0.32014,0.369615,-0.37482,0.248819,0.159463,-0.241513,0.468922,-0.382015,-0.323201,-0.135373,0.218908,-1.262091,-0.10296,-0.130401,-0.217439,-0.126992,-0.259463,0.015246,-0.62921,0.533152,-0.705869,0.582173,-0.092527,-0.422887,-0.462555,-0.600335,-0.402492,-0.069928,0.082136,-0.621542,0.338817,-0.128679,0.286139,-0.03668,-0.136203
1653,"Nakano, Yuto",staff_216,-0.021547,0.00483,0.11241,-0.188925,-0.043,0.132379,0.244464,-0.030616,0.310255,0.026723,-0.221879,0.070033,0.184905,0.132287,-0.049245,-0.386946,0.388075,0.139541,0.142934,0.040352,0.187064,-0.05657,-0.203624,-0.064598,0.068503,0.222857,-0.417482,0.145152,-0.17319,0.127351,-0.468734,0.027325,0.277474,-0.381181,0.446393,-0.184052,0.018171,-0.080599,-0.254652,0.111699,0.04923,0.121324,0.486667,-0.223381,-0.159876,-0.281756,0.146303,-0.403631,0.122102,0.358939,-0.043163,-0.022418,0.280498,0.181939,0.046119,-0.423627,0.364303,0.086297,-0.088973,0.282882,-0.194944,-0.135241,0.141227,-0.135654
1654,"Tachibana, Hideki",staff_10935,-0.187828,-0.325994,-0.38335,0.001036,0.343541,-0.062213,0.520195,-0.310443,0.294994,-0.088146,0.655841,1.102743,0.731665,-0.085903,-0.884368,-0.508883,-0.078255,0.90796,-0.211885,0.190583,0.468474,0.357938,0.082055,0.336472,0.38953,-0.288528,0.126042,0.280735,0.29268,-0.321253,0.360657,-0.490153,0.283487,0.298855,-0.336675,0.549151,-0.223155,-0.238653,-0.073617,0.166325,-1.250159,-0.098432,-0.299098,-0.018829,-0.07368,-0.233466,-0.097619,-0.756268,0.673918,-0.724957,0.468334,-0.051238,-0.261746,-0.453961,-0.515156,-0.378504,-0.242444,0.01668,-0.517986,0.216449,0.010843,0.383052,-0.047873,-0.086646
1656,"Nishikiori, Hiroshi",staff_10384,-0.205047,-0.321403,-0.388735,-0.008325,0.355788,-0.039235,0.488958,-0.307814,0.3081,-0.140098,0.669307,1.120206,0.725274,-0.075796,-0.925864,-0.538584,-0.031814,0.862016,-0.202346,0.147434,0.448039,0.315434,0.0889,0.322784,0.406509,-0.259981,0.141875,0.262677,0.288366,-0.355464,0.339066,-0.499286,0.244403,0.274574,-0.325764,0.550944,-0.265575,-0.236295,-0.071627,0.1772,-1.243108,-0.091384,-0.278396,-0.051155,-0.077838,-0.250161,-0.094952,-0.791608,0.642327,-0.735196,0.458797,-0.103804,-0.289297,-0.422924,-0.569167,-0.43508,-0.214128,0.037494,-0.480799,0.242319,-0.032113,0.389258,-0.098124,-0.114677
1657,"Hara, Yumi",staff_12016,0.127797,-0.108531,0.035818,-0.251524,0.028605,0.199635,0.150944,-0.176331,0.221932,0.124304,-0.100464,0.09023,0.118127,-0.011218,-0.011475,-0.336957,0.237562,-0.00014,0.101761,0.001476,0.200984,0.026242,-0.195021,-0.203934,0.133656,0.254846,-0.480082,0.18312,-0.235811,0.254233,-0.402602,0.059476,0.268404,-0.347477,0.361454,-0.164895,0.112548,0.038977,-0.149249,0.110758,0.16335,0.027091,0.315631,-0.264085,0.029142,-0.33599,0.003769,-0.292498,0.066007,0.228808,-0.129468,-0.026894,0.14533,0.302928,-0.009858,-0.317277,0.190073,0.15709,-0.211195,0.220083,-0.208238,-0.014954,0.047391,-0.19588
1658,"Uchida, Aya",staff_8921,0.065913,-0.073088,0.089085,-0.230158,0.01951,0.173538,0.165219,-0.094915,0.244131,0.04675,-0.180763,0.101602,0.10314,0.033363,-0.019914,-0.352579,0.274814,0.108875,0.129862,-0.000231,0.114907,-0.029591,-0.20867,-0.133731,0.118399,0.227144,-0.463042,0.205848,-0.197814,0.207827,-0.440409,0.034233,0.294392,-0.337281,0.450566,-0.145792,0.018168,0.002921,-0.241968,0.130411,0.111622,0.099281,0.414375,-0.26531,-0.026647,-0.313498,0.058476,-0.349379,0.102836,0.308902,-0.096016,-0.098603,0.199639,0.230087,0.041892,-0.365395,0.261741,0.130096,-0.129096,0.250591,-0.188213,-0.035132,0.022403,-0.136328
1659,"Murakawa, Rie",staff_12212,0.073306,-0.109433,0.044705,-0.220027,0.044085,0.156667,0.191575,-0.113866,0.240722,0.065306,-0.145602,0.073474,0.115491,-0.017842,-0.024456,-0.372109,0.274912,0.053173,0.147959,-0.019261,0.157628,0.003924,-0.230604,-0.14729,0.082794,0.235749,-0.511845,0.136616,-0.198615,0.184867,-0.420347,0.05844,0.279271,-0.366985,0.396206,-0.199689,0.03458,0.02613,-0.247742,0.141896,0.111276,0.063633,0.3923,-0.242954,0.007618,-0.307422,0.066509,-0.347528,0.078223,0.260078,-0.086562,-0.104721,0.172853,0.277401,0.020296,-0.369146,0.235011,0.114419,-0.141986,0.262032,-0.214319,-0.027492,0.077525,-0.193929
1660,"Tamura, Masafumi",staff_26081,-0.227811,-0.301981,-0.379594,0.017132,0.309912,-0.0606,0.500991,-0.297047,0.304775,-0.087964,0.679383,1.118426,0.76309,-0.07212,-0.867664,-0.496616,-0.081944,0.924998,-0.232772,0.18997,0.476854,0.34573,0.062044,0.331413,0.390941,-0.32291,0.134814,0.240696,0.295926,-0.298584,0.349677,-0.505025,0.26147,0.275346,-0.343629,0.567703,-0.224177,-0.238899,-0.098517,0.175528,-1.247944,-0.123588,-0.327393,-0.011542,-0.072797,-0.234429,-0.106082,-0.771326,0.667867,-0.717053,0.473104,-0.048593,-0.287363,-0.448868,-0.486213,-0.374444,-0.266245,0.033088,-0.508343,0.22235,0.009973,0.362218,-0.027374,-0.080139
1661,"Natsuyoshi, Yuuko",staff_49032,0.03213,-0.112536,-0.015877,-0.330562,0.058334,0.288245,0.265272,-0.214506,0.171853,0.061705,-0.118565,0.051217,0.179973,-0.046675,0.093077,-0.254843,0.211855,0.003283,0.139763,0.009619,0.292274,-0.053727,-0.219322,-0.084636,0.197025,0.365185,-0.465382,0.124945,-0.216535,0.317466,-0.462735,0.060393,0.323899,-0.251209,0.450181,-0.247495,0.078374,0.004932,-0.080966,0.020318,0.141297,0.009076,0.417846,-0.343477,0.003242,-0.440317,-0.000155,-0.2117,0.127738,0.309099,-0.072218,0.053332,0.193544,0.31563,-0.059627,-0.308811,0.307995,0.083695,-0.232761,0.238202,-0.239676,-0.089248,0.146343,-0.262297
1663,"Anzai, Chika",staff_11030,0.019033,-0.089963,0.048322,-0.264804,-0.014601,0.198245,0.210276,-0.112678,0.24494,0.076715,-0.156157,0.064583,0.163339,0.012229,-0.002172,-0.33529,0.27847,0.073595,0.131754,-0.003238,0.263027,-0.005985,-0.215584,-0.112831,0.125591,0.289426,-0.479456,0.114211,-0.202318,0.218912,-0.414708,0.041243,0.253716,-0.330484,0.398672,-0.214565,0.046338,0.002739,-0.157255,0.089635,0.11542,0.070809,0.406303,-0.258433,-0.064481,-0.340067,0.055069,-0.303078,0.083139,0.297403,-0.089256,0.001999,0.1968,0.243837,-0.001725,-0.366072,0.291455,0.103799,-0.15591,0.250987,-0.220592,-0.056524,0.118949,-0.194585
1664,"Asumi, Kana",staff_817,0.072301,-0.085495,0.109206,-0.270962,-0.028356,0.204559,0.19309,-0.070811,0.242729,0.063798,-0.209337,0.087579,0.11532,0.071465,0.040778,-0.399598,0.292909,0.131156,0.136695,-0.001078,0.158373,-0.023218,-0.262711,-0.086931,0.146758,0.266642,-0.483763,0.168104,-0.164621,0.210763,-0.436383,0.019615,0.295689,-0.315731,0.455064,-0.156637,0.021143,-0.039005,-0.199161,0.12769,0.07507,0.08227,0.445092,-0.270873,-0.055349,-0.304815,0.065975,-0.322087,0.098669,0.341822,-0.108728,-0.068825,0.235321,0.228884,0.058157,-0.4008,0.271942,0.119758,-0.14675,0.230827,-0.168962,-0.075369,0.044956,-0.156848
1665,"Nakayama, Naomi",staff_52264,-0.191695,-0.458156,-0.306641,0.057567,0.378467,-0.048412,0.552672,-0.342186,0.315509,-0.154448,0.612854,1.153138,0.607044,-0.059805,-1.072841,-0.535051,0.033878,0.828628,-0.126237,0.047486,0.361154,0.32221,0.076954,0.279044,0.448072,-0.172458,0.038711,0.350531,0.174948,-0.377998,0.357363,-0.412279,0.291669,0.271401,-0.249805,0.404777,-0.372086,-0.25273,-0.04318,0.195198,-1.225267,-0.099412,-0.175214,-0.141985,-0.071979,-0.25968,-0.034834,-0.733785,0.64662,-0.752895,0.499622,-0.16253,-0.275448,-0.358852,-0.640379,-0.4769,-0.133828,-0.011602,-0.551185,0.29986,-0.137759,0.38094,-0.108886,-0.171454
1666,"Kinugawa, Rika",staff_40034,0.001685,-0.041462,0.0807,-0.272873,0.009659,0.188843,0.252753,-0.076935,0.310545,0.139382,-0.203313,0.081795,0.088275,0.003732,0.021613,-0.3847,0.371128,0.083633,0.142144,0.032223,0.255055,0.035335,-0.218537,-0.139946,0.093486,0.255134,-0.423578,0.085669,-0.160067,0.161112,-0.496999,-0.009675,0.319999,-0.459583,0.39064,-0.247424,0.028948,-0.033279,-0.19499,0.153138,0.11826,0.101809,0.411877,-0.246205,-0.086125,-0.301736,0.125287,-0.342047,0.092581,0.242496,-0.030142,-0.09265,0.235793,0.273002,0.031326,-0.364838,0.211182,0.12178,-0.110973,0.274186,-0.211623,-0.090424,0.123557,-0.132147
1667,"Yamashita, Seiichirou",staff_23249,0.00157,-0.054551,0.062117,-0.238807,0.021689,0.180465,0.24108,-0.095375,0.28905,0.052583,-0.194009,0.071406,0.144062,0.014341,-0.012997,-0.34073,0.338113,0.085223,0.160598,0.004921,0.218156,-0.016029,-0.219863,-0.108247,0.08522,0.24545,-0.456104,0.10968,-0.192688,0.179988,-0.473798,0.033916,0.291989,-0.365931,0.420468,-0.217421,0.019488,-0.012043,-0.221097,0.118013,0.094252,0.096977,0.438365,-0.233776,-0.070574,-0.324223,0.096225,-0.357759,0.090464,0.31378,-0.032828,-0.061699,0.238506,0.250816,0.018747,-0.383709,0.297962,0.105916,-0.12812,0.283067,-0.220554,-0.08684,0.129384,-0.177269
1668,"Fujita, Akane",staff_21155,0.004777,-0.067777,0.014011,-0.283332,0.05112,0.219678,0.254233,-0.148606,0.22599,0.090732,-0.144712,0.065133,0.147146,-0.029934,0.035192,-0.291277,0.283955,0.031721,0.13211,0.014788,0.272054,-0.024484,-0.189107,-0.121041,0.131293,0.309975,-0.434868,0.120036,-0.193038,0.235062,-0.476192,0.035613,0.320826,-0.350666,0.422729,-0.250605,0.045518,-0.004619,-0.143398,0.076492,0.134698,0.058137,0.414346,-0.301584,-0.048128,-0.374184,0.054029,-0.275343,0.110288,0.273507,-0.054201,-0.008171,0.200727,0.29393,-0.021763,-0.326862,0.273616,0.087033,-0.164082,0.267542,-0.250078,-0.077708,0.136648,-0.188186
1669,"Shintani, Mayumi",staff_617,0.169645,-0.14009,0.091267,-0.311617,-0.034762,0.247321,0.158918,-0.160025,0.219559,0.16571,-0.126044,0.077492,0.104361,0.031459,0.063631,-0.417925,0.231458,0.043228,0.11328,0.001677,0.240687,0.074276,-0.28926,-0.162666,0.220481,0.320553,-0.528937,0.148974,-0.191792,0.249589,-0.393587,0.005393,0.265573,-0.365804,0.388201,-0.176699,0.123141,0.006603,-0.078518,0.119104,0.178952,0.013874,0.317054,-0.266782,0.051087,-0.305035,-0.008259,-0.262991,0.077013,0.218168,-0.14698,-0.016541,0.163687,0.298295,0.017888,-0.334576,0.162955,0.190161,-0.230399,0.173,-0.157667,-0.025094,0.028117,-0.225619
1670,"Mizuki, Jun",staff_1490,0.169645,-0.14009,0.091267,-0.311617,-0.034762,0.247321,0.158918,-0.160025,0.219559,0.16571,-0.126044,0.077492,0.104361,0.031459,0.063631,-0.417925,0.231458,0.043228,0.11328,0.001677,0.240687,0.074276,-0.28926,-0.162666,0.220481,0.320553,-0.528937,0.148974,-0.191792,0.249589,-0.393587,0.005393,0.265573,-0.365804,0.388201,-0.176699,0.123141,0.006603,-0.078518,0.119104,0.178952,0.013874,0.317054,-0.266782,0.051087,-0.305035,-0.008259,-0.262991,0.077013,0.218168,-0.14698,-0.016541,0.163687,0.298295,0.017888,-0.334576,0.162955,0.190161,-0.230399,0.173,-0.157667,-0.025094,0.028117,-0.225619
1671,"Kasagi, Izumi",staff_1491,0.169645,-0.14009,0.091267,-0.311617,-0.034762,0.247321,0.158918,-0.160025,0.219559,0.16571,-0.126044,0.077492,0.104361,0.031459,0.063631,-0.417925,0.231458,0.043228,0.11328,0.001677,0.240687,0.074276,-0.28926,-0.162666,0.220481,0.320553,-0.528937,0.148974,-0.191792,0.249589,-0.393587,0.005393,0.265573,-0.365804,0.388201,-0.176699,0.123141,0.006603,-0.078518,0.119104,0.178952,0.013874,0.317054,-0.266782,0.051087,-0.305035,-0.008259,-0.262991,0.077013,0.218168,-0.14698,-0.016541,0.163687,0.298295,0.017888,-0.334576,0.162955,0.190161,-0.230399,0.173,-0.157667,-0.025094,0.028117,-0.225619
1673,"Nakamura, Ryuutarou",staff_5359,-0.217782,-0.379011,-0.372523,-0.016996,0.337405,-0.055795,0.534731,-0.294617,0.294419,-0.143307,0.705391,1.11437,0.74271,-0.129765,-0.861798,-0.515171,0.036607,0.848346,-0.159411,0.123248,0.407315,0.327168,0.052227,0.339051,0.38475,-0.32772,0.141268,0.289286,0.316471,-0.391572,0.374654,-0.513876,0.310063,0.268832,-0.284189,0.56662,-0.208019,-0.303943,-0.073815,0.241819,-1.258925,-0.187306,-0.304541,-0.036541,-0.093347,-0.253149,-0.014461,-0.78139,0.61694,-0.748431,0.546164,-0.073944,-0.289058,-0.428544,-0.54507,-0.46362,-0.260741,-0.030972,-0.562963,0.182036,-0.064795,0.432855,-0.008307,-0.144328
1674,"Shimizu, Kaori",staff_169,0.099976,-0.14473,0.072304,-0.283353,0.002675,0.227479,0.158922,-0.176571,0.242337,0.149251,-0.112382,0.102893,0.099639,-0.034391,0.021071,-0.368218,0.223596,0.032515,0.126264,0.009167,0.223081,0.052483,-0.231593,-0.185667,0.179863,0.271567,-0.485864,0.168802,-0.215522,0.263877,-0.401042,0.048623,0.250706,-0.374643,0.361029,-0.199544,0.111713,0.039071,-0.147077,0.144495,0.194419,0.039999,0.328217,-0.275719,0.041805,-0.334081,0.033287,-0.307438,0.087751,0.205906,-0.110762,-0.03452,0.133748,0.277987,-0.016991,-0.300144,0.166897,0.186531,-0.173751,0.208769,-0.210086,-0.020269,0.046395,-0.194781
1675,"Kawatsura, Shinya",staff_9265,-0.205941,-0.348808,-0.301748,0.090263,0.333877,-0.023002,0.475472,-0.309259,0.283325,-0.156162,0.61377,1.162725,0.685973,-0.068879,-0.995754,-0.529722,-0.03028,0.864344,-0.19033,0.086603,0.420763,0.31097,0.086995,0.303666,0.446965,-0.227058,0.089992,0.3158,0.239802,-0.325061,0.323131,-0.418228,0.23245,0.21091,-0.282042,0.477839,-0.348162,-0.249036,-0.08287,0.161672,-1.214577,-0.095079,-0.216817,-0.119268,-0.054445,-0.236895,-0.068719,-0.733047,0.594659,-0.735744,0.49911,-0.120472,-0.314971,-0.410261,-0.577208,-0.444582,-0.137112,0.046871,-0.534555,0.28383,-0.085091,0.335261,-0.082432,-0.162601
1676,"Kyougoku, Takahiko",staff_19840,-0.239377,-0.30962,-0.327846,0.03456,0.302534,-0.075649,0.471109,-0.261344,0.328741,-0.141998,0.65173,1.15067,0.745691,-0.088192,-0.933504,-0.481821,-0.011366,0.89587,-0.216506,0.105998,0.40652,0.328164,0.073446,0.278949,0.436851,-0.288852,0.166277,0.249836,0.277149,-0.335661,0.342482,-0.465602,0.24195,0.230254,-0.296102,0.557442,-0.277985,-0.287538,-0.116329,0.202521,-1.255878,-0.112438,-0.239203,-0.10883,-0.105364,-0.262059,-0.064013,-0.714465,0.595433,-0.706439,0.524515,-0.09004,-0.361344,-0.455204,-0.558423,-0.389762,-0.181024,0.057722,-0.539643,0.271614,-0.061981,0.346926,-0.048267,-0.122934
1678,"Hanai, Hirokazu",staff_42528,-0.247433,-0.394711,-0.290968,0.033991,0.375949,-0.063869,0.494207,-0.315574,0.331548,-0.198732,0.646032,1.134636,0.664116,-0.073675,-1.055175,-0.518222,0.072999,0.852144,-0.182235,0.045308,0.352032,0.334866,0.063674,0.256907,0.459912,-0.17517,0.127984,0.295211,0.21433,-0.365112,0.347031,-0.437702,0.241392,0.221601,-0.266421,0.461544,-0.364549,-0.280228,-0.087746,0.225681,-1.268788,-0.112647,-0.15954,-0.183178,-0.089456,-0.252123,0.019481,-0.712903,0.587752,-0.733427,0.558972,-0.137387,-0.354219,-0.416915,-0.669234,-0.4521,-0.101413,0.050156,-0.569904,0.331714,-0.142105,0.352001,-0.112081,-0.144758
1679,"Hatanaka, Tasuku",staff_12018,0.13194,-0.146449,0.071021,-0.289989,0.002527,0.228523,0.140096,-0.157284,0.217762,0.156532,-0.121221,0.111426,0.080399,-0.012056,0.032357,-0.3755,0.219553,0.033391,0.106635,-0.001788,0.190028,0.035349,-0.234065,-0.192029,0.171523,0.268016,-0.490441,0.19171,-0.206157,0.277988,-0.387657,0.056662,0.265965,-0.343207,0.367619,-0.161207,0.10492,0.02116,-0.148667,0.156137,0.152251,0.030866,0.332025,-0.295533,0.031594,-0.325758,0.02098,-0.286154,0.070133,0.236681,-0.144435,-0.04158,0.134311,0.287538,0.006483,-0.323088,0.156474,0.16875,-0.194972,0.199323,-0.196044,-0.019652,0.019613,-0.176156
1680,"Watanabe, Tetsuaki",staff_53860,-0.101467,-0.421675,-0.30995,0.024795,0.384307,-0.043299,0.521352,-0.352713,0.26743,-0.160237,0.58514,1.12252,0.598804,-0.115262,-0.994242,-0.58473,-0.049749,0.824752,-0.101316,0.075692,0.418512,0.337511,0.118347,0.352512,0.41322,-0.184186,0.048474,0.419229,0.261883,-0.349066,0.355674,-0.455274,0.282625,0.294288,-0.253897,0.475184,-0.306424,-0.262421,-0.034345,0.161111,-1.160013,-0.082656,-0.240606,-0.080277,-0.053964,-0.209134,-0.059076,-0.73996,0.690805,-0.752732,0.459265,-0.160895,-0.221169,-0.397915,-0.602551,-0.468298,-0.154181,-0.030691,-0.542079,0.24641,-0.068492,0.443857,-0.07071,-0.161506
1681,"Kaito, Tasuku",staff_55082,0.089581,-0.113429,0.01391,-0.2145,0.04479,0.132803,0.164187,-0.164325,0.200111,0.093732,-0.056968,0.071694,0.146212,-0.044382,-0.05108,-0.333544,0.208535,-0.00403,0.113468,-0.023495,0.208705,-0.00634,-0.16364,-0.19457,0.108376,0.265188,-0.48984,0.165016,-0.21773,0.203199,-0.370812,0.08292,0.234852,-0.371898,0.366009,-0.209364,0.070773,0.073577,-0.187885,0.117313,0.154398,0.047152,0.314584,-0.274586,0.018099,-0.316217,0.017337,-0.303377,0.083369,0.193203,-0.144761,-0.024124,0.109843,0.300579,-0.013812,-0.310487,0.218953,0.125132,-0.15809,0.257492,-0.258255,0.010466,0.076671,-0.196691
1682,"Ura, Kazuki",staff_52590,0.095036,-0.108967,0.014509,-0.216012,0.046188,0.13486,0.163076,-0.169895,0.199761,0.093541,-0.058977,0.073582,0.141821,-0.04603,-0.045381,-0.3343,0.204805,-0.006303,0.108321,-0.018971,0.203571,-0.006554,-0.157267,-0.196851,0.110971,0.260868,-0.482305,0.170958,-0.220637,0.206833,-0.374135,0.080973,0.239488,-0.368507,0.363167,-0.20394,0.07512,0.076418,-0.185849,0.112193,0.153864,0.046759,0.309441,-0.276922,0.018377,-0.322911,0.013145,-0.297538,0.084096,0.186425,-0.149555,-0.028372,0.113083,0.302585,-0.015307,-0.303011,0.208369,0.128683,-0.161671,0.253283,-0.252421,0.009118,0.070567,-0.192453
1683,"Yukimura, Eri",staff_48325,0.089581,-0.113429,0.01391,-0.2145,0.04479,0.132803,0.164187,-0.164325,0.200111,0.093732,-0.056968,0.071694,0.146212,-0.044382,-0.05108,-0.333544,0.208535,-0.00403,0.113468,-0.023495,0.208705,-0.00634,-0.16364,-0.19457,0.108376,0.265188,-0.48984,0.165016,-0.21773,0.203199,-0.370812,0.08292,0.234852,-0.371898,0.366009,-0.209364,0.070773,0.073577,-0.187885,0.117313,0.154398,0.047152,0.314584,-0.274586,0.018099,-0.316217,0.017337,-0.303377,0.083369,0.193203,-0.144761,-0.024124,0.109843,0.300579,-0.013812,-0.310487,0.218953,0.125132,-0.15809,0.257492,-0.258255,0.010466,0.076671,-0.196691
1684,"Suzuki, Youhei",staff_19607,-0.207273,-0.307976,-0.395431,0.020942,0.322457,-0.04373,0.504793,-0.321342,0.283425,-0.079125,0.674317,1.123441,0.745333,-0.061777,-0.86024,-0.519718,-0.106357,0.913016,-0.223915,0.204122,0.499767,0.340448,0.076019,0.349613,0.377741,-0.313323,0.117537,0.256933,0.306201,-0.296422,0.338959,-0.510041,0.257291,0.289861,-0.340249,0.551296,-0.223561,-0.220878,-0.085106,0.157925,-1.231221,-0.110784,-0.336462,0.012999,-0.046903,-0.222801,-0.129759,-0.803066,0.683075,-0.735527,0.444319,-0.055106,-0.254756,-0.421479,-0.48123,-0.395642,-0.275762,0.020983,-0.484064,0.20721,0.020667,0.376015,-0.039873,-0.094473
1685,"Matsuki, Miyu",staff_401,0.081135,-0.090346,0.018859,-0.309019,0.02237,0.263783,0.227689,-0.209743,0.201639,0.074055,-0.116629,0.05034,0.186528,-0.002134,0.058479,-0.281951,0.228656,0.009531,0.127298,0.005709,0.297652,-0.014938,-0.221177,-0.117182,0.201458,0.346915,-0.477759,0.133754,-0.230371,0.285473,-0.445736,0.036033,0.28979,-0.275503,0.433765,-0.209085,0.098273,0.020486,-0.055893,0.020327,0.161751,0.019977,0.366114,-0.289585,0.006043,-0.396913,-0.029892,-0.23013,0.101831,0.287651,-0.096166,0.061009,0.205987,0.308952,-0.036177,-0.316963,0.290737,0.131805,-0.25078,0.224292,-0.212246,-0.067388,0.116185,-0.260617
1686,"Yamazaki, Haruka",staff_13643,0.026341,-0.101354,0.002355,-0.271838,0.051912,0.233052,0.234595,-0.171495,0.196974,0.076867,-0.128305,0.061706,0.17696,-0.019875,0.024512,-0.279513,0.251686,0.015325,0.135811,0.003773,0.262373,-0.032879,-0.205791,-0.10973,0.143804,0.320206,-0.463638,0.138711,-0.211701,0.26712,-0.446706,0.068968,0.302924,-0.301108,0.41964,-0.233622,0.07467,-0.008438,-0.1371,0.064019,0.136894,0.023519,0.418682,-0.303597,-0.02156,-0.385471,0.034223,-0.274732,0.101617,0.301591,-0.064256,0.030041,0.177256,0.28345,-0.043089,-0.326988,0.298726,0.078306,-0.192305,0.244675,-0.251491,-0.074266,0.134148,-0.228017
1687,"Arai, Satomi",staff_124,0.056949,-0.075177,0.096557,-0.267459,-0.020984,0.20064,0.204882,-0.094715,0.239998,0.064589,-0.195593,0.076978,0.146555,0.046791,0.044834,-0.376286,0.285084,0.100658,0.144562,-0.013624,0.219168,-0.004957,-0.240034,-0.074355,0.147784,0.281004,-0.500241,0.13965,-0.162319,0.211705,-0.421929,0.038561,0.278327,-0.313642,0.443357,-0.198185,0.037575,-0.014903,-0.172158,0.111905,0.099656,0.09244,0.44459,-0.254598,-0.042107,-0.295743,0.049268,-0.317854,0.077749,0.327464,-0.091817,-0.036917,0.221882,0.227294,0.038296,-0.377517,0.311575,0.139721,-0.13099,0.221309,-0.186432,-0.056819,0.088311,-0.182638
1689,"Takahashi, Takeo",staff_6738,-0.233467,-0.345202,-0.338923,0.023279,0.311503,-0.079733,0.510282,-0.313863,0.317625,-0.127593,0.66866,1.111828,0.722874,-0.093206,-0.916449,-0.502716,-0.019606,0.897795,-0.19657,0.134334,0.418538,0.347866,0.047229,0.315318,0.398314,-0.282598,0.130036,0.264403,0.276974,-0.318903,0.371606,-0.490754,0.277671,0.256647,-0.298469,0.540344,-0.254651,-0.272715,-0.108268,0.206237,-1.24741,-0.127402,-0.280249,-0.06847,-0.096057,-0.238915,-0.043983,-0.751534,0.651582,-0.721392,0.498948,-0.075222,-0.301973,-0.437874,-0.525648,-0.398652,-0.227081,0.017009,-0.537067,0.247539,-0.038895,0.373895,-0.026319,-0.091423
1690,"Iwasaki, Yoshiaki",staff_6180,-0.158558,-0.367375,-0.353384,0.007173,0.350819,-0.050888,0.518344,-0.327953,0.2796,-0.122706,0.631201,1.112314,0.683879,-0.092101,-0.918745,-0.540178,-0.074013,0.880548,-0.166575,0.142502,0.457295,0.352397,0.097132,0.346323,0.396026,-0.251215,0.095527,0.324645,0.286509,-0.328162,0.348614,-0.485728,0.272415,0.294903,-0.303735,0.524189,-0.257104,-0.252012,-0.064775,0.170058,-1.204506,-0.101671,-0.283451,-0.034205,-0.061683,-0.217919,-0.087206,-0.759276,0.683475,-0.733789,0.460861,-0.096303,-0.253186,-0.425504,-0.54258,-0.417314,-0.212873,-0.002729,-0.524515,0.226677,-0.018732,0.410876,-0.043038,-0.115401
1691,"Gotou, Tetsuo",staff_1358,0.037292,-0.121465,-0.020511,-0.317818,0.065088,0.288606,0.235362,-0.227297,0.181638,0.090963,-0.104505,0.068158,0.176149,-0.054975,0.064244,-0.234551,0.217109,-0.018322,0.130194,0.010197,0.297468,-0.026014,-0.200543,-0.128051,0.181378,0.344526,-0.458956,0.143811,-0.234409,0.333279,-0.457602,0.075424,0.311268,-0.258434,0.416247,-0.239611,0.103393,0.013437,-0.082408,0.036962,0.171216,0.000514,0.396887,-0.328659,0.012552,-0.435317,-0.005468,-0.232163,0.103988,0.299122,-0.063766,0.065827,0.169286,0.312923,-0.074648,-0.292684,0.285952,0.097724,-0.237394,0.234565,-0.258495,-0.075696,0.137054,-0.252796
1693,"Hosoda, Mamoru",staff_5067,-0.202294,-0.364334,-0.351475,-0.045847,0.385025,-0.045558,0.530661,-0.303007,0.285577,-0.193305,0.67848,1.061785,0.744753,-0.134289,-0.919734,-0.557955,0.067747,0.820609,-0.174949,0.119772,0.389176,0.340294,0.053834,0.354496,0.412165,-0.238413,0.151765,0.300845,0.305299,-0.430512,0.402259,-0.495905,0.303495,0.264009,-0.285115,0.563314,-0.219736,-0.313058,-0.065946,0.236268,-1.298328,-0.115422,-0.238861,-0.094222,-0.136006,-0.241799,0.012107,-0.745,0.565193,-0.754441,0.528447,-0.046956,-0.296992,-0.469022,-0.608707,-0.473785,-0.180653,-0.005204,-0.549426,0.195046,-0.076834,0.425768,-0.082809,-0.119428
1694,"Nishii, Yukito",staff_16543,0.17164,-0.188539,0.101606,-0.386026,-0.027644,0.368128,0.162928,-0.186454,0.311402,0.212015,-0.203094,0.147163,0.022763,-0.005865,0.126009,-0.420404,0.298252,0.026381,0.136267,0.045697,0.202021,0.101311,-0.337099,-0.206289,0.175319,0.214832,-0.504165,0.144973,-0.250198,0.384792,-0.44665,0.061949,0.302121,-0.304376,0.30375,-0.119502,0.19532,-0.040443,-0.134676,0.199559,0.122553,-0.015142,0.344272,-0.255003,0.06063,-0.375123,0.066449,-0.310158,0.028339,0.3169,-0.077753,-0.065372,0.204142,0.312697,-0.001081,-0.371748,0.103603,0.234659,-0.28631,0.16315,-0.110848,-0.115906,0.047104,-0.221688
1695,"Kabe, Amon",staff_17713,0.17164,-0.188539,0.101606,-0.386026,-0.027644,0.368128,0.162928,-0.186454,0.311402,0.212015,-0.203094,0.147163,0.022763,-0.005865,0.126009,-0.420404,0.298252,0.026381,0.136267,0.045697,0.202021,0.101311,-0.337099,-0.206289,0.175319,0.214832,-0.504165,0.144973,-0.250198,0.384792,-0.44665,0.061949,0.302121,-0.304376,0.30375,-0.119502,0.19532,-0.040443,-0.134676,0.199559,0.122553,-0.015142,0.344272,-0.255003,0.06063,-0.375123,0.066449,-0.310158,0.028339,0.3169,-0.077753,-0.065372,0.204142,0.312697,-0.001081,-0.371748,0.103603,0.234659,-0.28631,0.16315,-0.110848,-0.115906,0.047104,-0.221688
1696,"Miyazaki, Aoi",staff_1055,0.157332,-0.162505,0.113225,-0.365764,-0.030121,0.358835,0.12735,-0.170184,0.306022,0.196604,-0.21981,0.160438,0.033071,0.020022,0.094355,-0.371032,0.29874,0.048632,0.119789,0.026044,0.191305,0.087372,-0.307965,-0.211283,0.181561,0.213579,-0.480487,0.190329,-0.251834,0.386885,-0.446163,0.054439,0.295287,-0.268295,0.329751,-0.087193,0.168606,-0.035305,-0.119573,0.189037,0.12651,0.013011,0.354679,-0.251752,0.028819,-0.365481,0.036575,-0.311025,0.009803,0.356454,-0.085407,-0.046573,0.211776,0.281032,0.011079,-0.36744,0.130973,0.228039,-0.277116,0.161705,-0.129617,-0.093389,0.008293,-0.185424
1697,"Oosawa, Takao",staff_16541,0.17164,-0.188539,0.101606,-0.386026,-0.027644,0.368128,0.162928,-0.186454,0.311402,0.212015,-0.203094,0.147163,0.022763,-0.005865,0.126009,-0.420404,0.298252,0.026381,0.136267,0.045697,0.202021,0.101311,-0.337099,-0.206289,0.175319,0.214832,-0.504165,0.144973,-0.250198,0.384792,-0.44665,0.061949,0.302121,-0.304376,0.30375,-0.119502,0.19532,-0.040443,-0.134676,0.199559,0.122553,-0.015142,0.344272,-0.255003,0.06063,-0.375123,0.066449,-0.310158,0.028339,0.3169,-0.077753,-0.065372,0.204142,0.312697,-0.001081,-0.371748,0.103603,0.234659,-0.28631,0.16315,-0.110848,-0.115906,0.047104,-0.221688
1698,"Kuroki, Haru",staff_16545,0.17164,-0.188539,0.101606,-0.386026,-0.027644,0.368128,0.162928,-0.186454,0.311402,0.212015,-0.203094,0.147163,0.022763,-0.005865,0.126009,-0.420404,0.298252,0.026381,0.136267,0.045697,0.202021,0.101311,-0.337099,-0.206289,0.175319,0.214832,-0.504165,0.144973,-0.250198,0.384792,-0.44665,0.061949,0.302121,-0.304376,0.30375,-0.119502,0.19532,-0.040443,-0.134676,0.199559,0.122553,-0.015142,0.344272,-0.255003,0.06063,-0.375123,0.066449,-0.310158,0.028339,0.3169,-0.077753,-0.065372,0.204142,0.312697,-0.001081,-0.371748,0.103603,0.234659,-0.28631,0.16315,-0.110848,-0.115906,0.047104,-0.221688
1699,"Oono, Momoka",staff_17711,0.17164,-0.188539,0.101606,-0.386026,-0.027644,0.368128,0.162928,-0.186454,0.311402,0.212015,-0.203094,0.147163,0.022763,-0.005865,0.126009,-0.420404,0.298252,0.026381,0.136267,0.045697,0.202021,0.101311,-0.337099,-0.206289,0.175319,0.214832,-0.504165,0.144973,-0.250198,0.384792,-0.44665,0.061949,0.302121,-0.304376,0.30375,-0.119502,0.19532,-0.040443,-0.134676,0.199559,0.122553,-0.015142,0.344272,-0.255003,0.06063,-0.375123,0.066449,-0.310158,0.028339,0.3169,-0.077753,-0.065372,0.204142,0.312697,-0.001081,-0.371748,0.103603,0.234659,-0.28631,0.16315,-0.110848,-0.115906,0.047104,-0.221688
1701,"Jinbo, Masato",staff_34579,-0.178979,-0.354114,-0.342579,0.004658,0.338305,-0.071825,0.504912,-0.320935,0.294745,-0.13472,0.647856,1.098531,0.696153,-0.114209,-0.901348,-0.528748,-0.05441,0.882162,-0.170735,0.131318,0.432906,0.358734,0.074091,0.33822,0.384646,-0.269645,0.107841,0.31461,0.296999,-0.315527,0.370915,-0.501993,0.275332,0.280762,-0.297463,0.545171,-0.245373,-0.27062,-0.08639,0.196197,-1.206634,-0.120428,-0.295385,-0.041108,-0.073224,-0.215019,-0.054827,-0.75194,0.686418,-0.729725,0.478869,-0.095715,-0.265984,-0.434336,-0.534057,-0.411494,-0.218014,0.000348,-0.53341,0.227948,-0.015676,0.416988,-0.017225,-0.097273
1702,"Aoki, Yasunao",staff_60076,-0.10385,-0.427018,-0.315582,0.010273,0.386576,-0.048359,0.535082,-0.345542,0.275845,-0.156888,0.595736,1.133417,0.595826,-0.10278,-0.989516,-0.576761,-0.042349,0.819666,-0.109811,0.07368,0.408925,0.328002,0.112189,0.345741,0.409729,-0.189081,0.049537,0.418862,0.249631,-0.357712,0.337359,-0.458586,0.278097,0.305907,-0.262458,0.487265,-0.293422,-0.257563,-0.02752,0.169051,-1.154907,-0.095323,-0.251865,-0.074117,-0.03549,-0.205438,-0.071593,-0.72932,0.702529,-0.745229,0.460478,-0.177068,-0.212586,-0.396764,-0.602121,-0.465964,-0.155941,-0.038152,-0.536147,0.24594,-0.07276,0.462078,-0.072803,-0.166052
1703,"Ikeda, Masashi",staff_6723,-0.105805,-0.427657,-0.31465,0.010652,0.386074,-0.046588,0.534059,-0.346738,0.27491,-0.154231,0.596835,1.137085,0.594759,-0.102892,-0.992602,-0.578042,-0.0428,0.817833,-0.108794,0.072581,0.412612,0.32636,0.111012,0.345896,0.410162,-0.189862,0.052555,0.419488,0.249484,-0.357691,0.336382,-0.458675,0.279811,0.304034,-0.259494,0.490662,-0.290658,-0.258176,-0.02972,0.167249,-1.158024,-0.096326,-0.251614,-0.075095,-0.038318,-0.207704,-0.070161,-0.729439,0.702249,-0.746393,0.461527,-0.178963,-0.211946,-0.397893,-0.599968,-0.467299,-0.159223,-0.033248,-0.53774,0.245239,-0.076603,0.460786,-0.076099,-0.168966
1704,"Yukino, Satsuki",staff_3,0.087171,-0.096415,0.068899,-0.269632,-0.009731,0.196135,0.160613,-0.122767,0.238217,0.105585,-0.151601,0.102187,0.127955,0.021868,0.01685,-0.358463,0.264578,0.06681,0.123657,-0.012885,0.204584,0.009763,-0.216661,-0.157922,0.144241,0.271285,-0.48142,0.174201,-0.192636,0.237358,-0.416615,0.050199,0.262363,-0.315259,0.390496,-0.17728,0.0596,0.008311,-0.159536,0.123724,0.136732,0.060089,0.376626,-0.270133,-0.02844,-0.317053,0.022439,-0.299434,0.059365,0.28104,-0.117098,-0.028022,0.181772,0.261254,0.024048,-0.346703,0.237372,0.149081,-0.162656,0.225188,-0.212921,-0.033558,0.048408,-0.170632
1705,"Tsujitani, Kouji",staff_427,0.108893,-0.099558,0.012651,-0.223331,0.046021,0.138666,0.163599,-0.178794,0.195973,0.090797,-0.049527,0.074743,0.13673,-0.044403,-0.030945,-0.333836,0.202392,-0.011166,0.098349,-0.005041,0.195447,-0.005762,-0.148538,-0.209156,0.112223,0.256541,-0.479649,0.178599,-0.226225,0.211164,-0.387055,0.071219,0.250652,-0.366716,0.370242,-0.201374,0.079483,0.081988,-0.184302,0.100607,0.166578,0.046324,0.301242,-0.282314,0.029118,-0.33244,0.002544,-0.290376,0.096289,0.175118,-0.153666,-0.03086,0.119589,0.314571,-0.014001,-0.295095,0.200826,0.140852,-0.16957,0.258464,-0.241917,0.006674,0.066393,-0.187745
1706,"Takahashi, Rieko",staff_449,0.111182,-0.100499,0.013605,-0.225129,0.047814,0.136362,0.166321,-0.179558,0.193738,0.091251,-0.047847,0.074749,0.140369,-0.041718,-0.030535,-0.33466,0.202833,-0.009068,0.099458,-0.004544,0.195706,-0.005794,-0.148884,-0.211126,0.109254,0.257505,-0.485003,0.178702,-0.224453,0.209624,-0.389989,0.071791,0.251305,-0.368311,0.371932,-0.20384,0.078059,0.083233,-0.187879,0.101433,0.169899,0.046226,0.301737,-0.282391,0.032639,-0.332071,0.001178,-0.293951,0.099564,0.175086,-0.151328,-0.028875,0.120018,0.316432,-0.014953,-0.296614,0.20452,0.142435,-0.16852,0.263741,-0.24155,0.00618,0.070056,-0.186978
1707,"Takagi, Motoki",staff_198,0.07791,-0.131535,0.047167,-0.285774,-0.047707,0.19378,0.156157,-0.118026,0.223679,0.09818,-0.123842,0.066055,0.137143,0.001211,0.002471,-0.366005,0.22421,0.07267,0.102123,-0.014639,0.248862,0.028665,-0.221305,-0.153048,0.139535,0.285767,-0.526215,0.120226,-0.216172,0.237346,-0.358719,0.040411,0.21284,-0.319867,0.362822,-0.187715,0.05992,0.045067,-0.140689,0.093657,0.135643,0.058417,0.350619,-0.25863,-0.021121,-0.33912,0.013779,-0.273207,0.065401,0.255497,-0.158394,-0.008298,0.153162,0.251495,0.008928,-0.361209,0.240018,0.13511,-0.177467,0.226175,-0.188138,-0.004016,0.077333,-0.19545
1708,"Watanabe, Kumiko",staff_248,0.081528,-0.133504,0.131881,-0.237751,-0.014028,0.185237,0.128851,0.013735,0.211964,0.072041,-0.262389,0.124057,0.05441,0.09262,0.020673,-0.422284,0.295495,0.181226,0.131358,-0.056817,0.040863,-0.020524,-0.304835,-0.092711,0.109795,0.233455,-0.525671,0.220717,-0.119062,0.202584,-0.407263,0.041538,0.309441,-0.275037,0.470456,-0.111264,-0.03986,-0.073708,-0.290391,0.22495,0.011554,0.099539,0.51055,-0.283535,-0.064372,-0.248,0.090518,-0.36263,0.046707,0.413528,-0.121537,-0.148476,0.203182,0.185864,0.113888,-0.450264,0.242319,0.070879,-0.10099,0.221135,-0.181689,-0.04078,-0.03231,-0.098664
1709,"Kanai, Mika",staff_29,0.127467,-0.09771,0.105154,-0.339934,-0.045858,0.275398,0.106007,-0.120738,0.253683,0.117052,-0.22377,0.158614,0.094415,0.056924,0.080378,-0.350743,0.271842,0.11742,0.125928,-0.020908,0.166651,0.023453,-0.249193,-0.160487,0.199198,0.272748,-0.480195,0.23397,-0.19961,0.327831,-0.445465,0.04113,0.283865,-0.215114,0.40475,-0.105952,0.061007,-0.022067,-0.113785,0.117497,0.159207,0.055418,0.39901,-0.281408,-0.025941,-0.340814,-0.025216,-0.265907,0.016406,0.364057,-0.118979,-0.044279,0.218004,0.235902,0.05825,-0.356788,0.24273,0.20619,-0.193943,0.170146,-0.164407,-0.025395,-0.037476,-0.147166
1710,"Hoshi, Souichirou",staff_30,0.135221,-0.080146,0.108375,-0.31593,-0.051031,0.211629,0.135417,-0.083263,0.23286,0.090377,-0.200351,0.127965,0.089543,0.06919,0.078871,-0.411182,0.270702,0.131305,0.115431,-0.007984,0.133564,-0.012446,-0.234611,-0.137243,0.163176,0.260483,-0.482565,0.216641,-0.169827,0.259207,-0.430713,0.025436,0.292601,-0.270045,0.424125,-0.118065,0.029487,-0.018512,-0.165742,0.114914,0.112707,0.067827,0.399374,-0.289517,-0.038847,-0.312741,0.007017,-0.270408,0.064454,0.325377,-0.162118,-0.085227,0.225916,0.248374,0.083011,-0.380491,0.237655,0.175819,-0.164232,0.201762,-0.148962,-0.034033,-0.026287,-0.125147
1712,"Saitou, Hisashi",staff_5981,-0.154541,-0.377687,-0.339505,0.010577,0.353711,-0.058776,0.516095,-0.33043,0.285391,-0.132795,0.634756,1.123147,0.661489,-0.094845,-0.931203,-0.548301,-0.05949,0.860054,-0.156686,0.119004,0.434928,0.340268,0.088489,0.343779,0.394297,-0.245104,0.084023,0.347878,0.277537,-0.328335,0.348443,-0.488792,0.269636,0.293349,-0.288253,0.52329,-0.259702,-0.257303,-0.062103,0.178824,-1.185749,-0.111935,-0.288654,-0.044133,-0.050638,-0.209963,-0.077759,-0.754178,0.695199,-0.737756,0.466025,-0.125958,-0.239531,-0.413466,-0.552448,-0.432759,-0.20569,-0.01303,-0.523552,0.230822,-0.036016,0.42927,-0.046185,-0.129064
1713,"Seri, Akiko",staff_11755,0.084098,-0.097096,0.001427,-0.259425,0.054692,0.222646,0.191013,-0.195327,0.194374,0.101019,-0.098222,0.065597,0.160352,-0.023015,0.000803,-0.279989,0.235654,-0.014629,0.110506,0.003568,0.250883,0.001171,-0.187541,-0.163252,0.148543,0.304794,-0.467885,0.164375,-0.238447,0.267785,-0.430648,0.056757,0.293882,-0.325172,0.397217,-0.201761,0.105292,0.022579,-0.112973,0.056042,0.180925,0.011828,0.353456,-0.283655,0.018724,-0.372093,-0.006366,-0.265644,0.086244,0.252098,-0.09514,0.020074,0.153543,0.304591,-0.041172,-0.304339,0.250784,0.116869,-0.222882,0.226569,-0.234908,-0.032891,0.091485,-0.22724
1714,"Itou, Kanae",staff_762,0.060665,-0.087488,0.043031,-0.253398,0.023175,0.19832,0.215474,-0.150106,0.223126,0.091128,-0.128563,0.062286,0.151081,-0.00776,0.011939,-0.336259,0.259591,0.029889,0.129731,-0.001486,0.250156,0.003436,-0.209715,-0.132958,0.13342,0.292149,-0.48286,0.12795,-0.200186,0.218724,-0.422806,0.042007,0.280841,-0.346,0.407472,-0.221387,0.068453,0.017785,-0.15145,0.088766,0.13396,0.05309,0.378608,-0.265051,-0.018548,-0.330498,0.034171,-0.292253,0.088303,0.255184,-0.092274,-0.012639,0.186107,0.28406,-0.009009,-0.338776,0.255888,0.121515,-0.173161,0.24449,-0.224854,-0.044969,0.106191,-0.208411
1715,"Takuno, Seiki",staff_37107,-0.146584,-0.428811,-0.310747,0.027333,0.38113,-0.060091,0.521887,-0.343835,0.303719,-0.164852,0.599355,1.136355,0.60017,-0.088819,-1.032845,-0.557797,-0.008647,0.82589,-0.12049,0.056633,0.382396,0.333768,0.102959,0.30357,0.426967,-0.169884,0.06329,0.375421,0.224656,-0.360718,0.352468,-0.44563,0.271417,0.285654,-0.252001,0.455803,-0.336702,-0.262542,-0.049046,0.18488,-1.186965,-0.081253,-0.203056,-0.119181,-0.066408,-0.232187,-0.048653,-0.731764,0.678103,-0.745154,0.472711,-0.174045,-0.257504,-0.382786,-0.632171,-0.460954,-0.134714,-0.010273,-0.53619,0.283061,-0.099136,0.420697,-0.095693,-0.159019
1716,"Masuda, Toshiki",staff_12017,0.036217,-0.075575,0.048771,-0.185877,0.019049,0.099188,0.209328,-0.085479,0.22727,0.053659,-0.122573,0.058819,0.166123,0.022834,-0.057267,-0.379027,0.27747,0.064634,0.135426,-0.013976,0.183918,-0.038834,-0.187585,-0.124233,0.070444,0.25213,-0.483324,0.142291,-0.17417,0.137283,-0.398572,0.069242,0.250979,-0.386524,0.404118,-0.220674,0.02059,0.01152,-0.252218,0.130497,0.088371,0.080916,0.403846,-0.259655,-0.057955,-0.283457,0.086169,-0.352803,0.102617,0.252673,-0.108356,-0.044528,0.169352,0.250702,0.019484,-0.369747,0.282747,0.081108,-0.100204,0.282287,-0.244685,-0.042895,0.113567,-0.170679
1717,"Nakanishi, Kazuya",staff_55494,-0.217455,-0.330858,-0.348272,-0.030884,0.32215,-0.09799,0.514545,-0.293926,0.317749,-0.124946,0.677695,1.083488,0.746761,-0.121488,-0.871837,-0.493293,-0.037481,0.927503,-0.196435,0.151728,0.435144,0.385194,0.055448,0.325556,0.392124,-0.30817,0.161447,0.26872,0.314952,-0.315715,0.387043,-0.52124,0.289075,0.285084,-0.315032,0.588184,-0.204081,-0.294417,-0.106534,0.222101,-1.26301,-0.140508,-0.302273,-0.043827,-0.109106,-0.228189,-0.033659,-0.723622,0.667984,-0.707884,0.52344,-0.046379,-0.312042,-0.485797,-0.520874,-0.367605,-0.242565,0.016393,-0.564342,0.230422,-0.006903,0.401262,0.005016,-0.060567
1718,"Hasui, Takahiro",staff_55470,-0.121213,-0.40862,-0.350175,-0.039787,0.389131,-0.078964,0.5329,-0.317184,0.314682,-0.155803,0.619951,1.122086,0.628874,-0.11252,-0.975947,-0.554195,-0.010606,0.834809,-0.12014,0.088671,0.399039,0.338192,0.123194,0.319507,0.418653,-0.20368,0.117782,0.36681,0.273606,-0.391317,0.353456,-0.488833,0.285515,0.325817,-0.27355,0.522603,-0.268237,-0.276286,-0.03718,0.191008,-1.205267,-0.084626,-0.237337,-0.088034,-0.0886,-0.24333,-0.060668,-0.731881,0.686286,-0.731205,0.4779,-0.156942,-0.255942,-0.42322,-0.632877,-0.436907,-0.174561,-0.026131,-0.533652,0.254159,-0.073703,0.461097,-0.088392,-0.144118
1720,"Yonaga, Tsubasa",staff_556,0.054433,-0.098681,0.035232,-0.245505,0.036359,0.162804,0.19515,-0.10889,0.222724,0.135918,-0.128464,0.072377,0.111909,-0.025545,-0.004177,-0.35391,0.277529,0.032744,0.120381,-0.021085,0.239037,0.028242,-0.20384,-0.167222,0.10678,0.286589,-0.478154,0.123239,-0.167115,0.18265,-0.4208,0.03499,0.284075,-0.399562,0.378748,-0.239968,0.038515,0.017278,-0.17444,0.142416,0.135045,0.061315,0.371595,-0.272651,-0.029748,-0.297464,0.052218,-0.300307,0.06435,0.21833,-0.099737,-0.05511,0.153634,0.293709,0.012504,-0.335601,0.197823,0.098501,-0.138259,0.25408,-0.255286,-0.020932,0.086204,-0.165844
1721,"Matsumoto, Megumi",staff_630,0.079255,-0.126288,0.04873,-0.292972,0.004645,0.203533,0.161823,-0.142593,0.24174,0.165824,-0.127431,0.113178,0.087051,-0.039554,0.022083,-0.371978,0.241151,0.038271,0.116397,-0.00515,0.227665,0.050145,-0.214156,-0.20485,0.153276,0.281343,-0.483054,0.152778,-0.194627,0.245808,-0.409168,0.055181,0.257179,-0.371572,0.341623,-0.214552,0.074924,0.024068,-0.153846,0.157875,0.176711,0.049922,0.335239,-0.297585,-0.003927,-0.328793,0.037473,-0.281205,0.057258,0.198464,-0.112005,-0.046117,0.126941,0.28584,0.00438,-0.30837,0.161461,0.16025,-0.149536,0.220305,-0.222574,-0.008272,0.058413,-0.166476
1722,"Matsuda, Kiyoshi",staff_39291,-0.158027,-0.377274,-0.331688,0.000577,0.353083,-0.074087,0.513953,-0.32213,0.29748,-0.143442,0.638157,1.107121,0.665731,-0.115573,-0.930012,-0.538909,-0.041231,0.860575,-0.152589,0.108873,0.415061,0.349432,0.080591,0.337456,0.394465,-0.248572,0.094525,0.349435,0.280787,-0.33023,0.3672,-0.491931,0.280126,0.291103,-0.285742,0.534289,-0.254266,-0.273942,-0.068889,0.193729,-1.194369,-0.118852,-0.28477,-0.057477,-0.068392,-0.213203,-0.052053,-0.734978,0.69423,-0.730536,0.483052,-0.123588,-0.251802,-0.430235,-0.560178,-0.423463,-0.199901,-0.014014,-0.540364,0.235539,-0.037419,0.435209,-0.033341,-0.115134
1723,"Naka, Riisa",staff_758,-0.048129,-0.106239,0.046676,-0.312404,-0.1337,0.197451,0.189823,-0.016001,0.294365,0.109521,-0.204548,0.022119,0.162003,0.019013,-0.020355,-0.359696,0.32157,0.148716,0.102497,-0.022349,0.393592,0.082533,-0.235961,-0.095654,0.089837,0.306542,-0.53059,-0.021381,-0.20012,0.18791,-0.354987,-0.021616,0.169058,-0.355064,0.322232,-0.243558,0.00646,0.017087,-0.101653,0.062115,0.108672,0.108626,0.411602,-0.184598,-0.150341,-0.334793,0.065512,-0.275301,0.016949,0.304893,-0.118146,0.015609,0.203605,0.181319,0.020242,-0.432454,0.305389,0.085727,-0.136931,0.242207,-0.18609,-0.015924,0.162404,-0.180052
1724,"Ishida, Takuya",staff_757,-0.048129,-0.106239,0.046676,-0.312404,-0.1337,0.197451,0.189823,-0.016001,0.294365,0.109521,-0.204548,0.022119,0.162003,0.019013,-0.020355,-0.359696,0.32157,0.148716,0.102497,-0.022349,0.393592,0.082533,-0.235961,-0.095654,0.089837,0.306542,-0.53059,-0.021381,-0.20012,0.18791,-0.354987,-0.021616,0.169058,-0.355064,0.322232,-0.243558,0.00646,0.017087,-0.101653,0.062115,0.108672,0.108626,0.411602,-0.184598,-0.150341,-0.334793,0.065512,-0.275301,0.016949,0.304893,-0.118146,0.015609,0.203605,0.181319,0.020242,-0.432454,0.305389,0.085727,-0.136931,0.242207,-0.18609,-0.015924,0.162404,-0.180052
1725,"Itakura, Mitsutaka",staff_755,-0.048129,-0.106239,0.046676,-0.312404,-0.1337,0.197451,0.189823,-0.016001,0.294365,0.109521,-0.204548,0.022119,0.162003,0.019013,-0.020355,-0.359696,0.32157,0.148716,0.102497,-0.022349,0.393592,0.082533,-0.235961,-0.095654,0.089837,0.306542,-0.53059,-0.021381,-0.20012,0.18791,-0.354987,-0.021616,0.169058,-0.355064,0.322232,-0.243558,0.00646,0.017087,-0.101653,0.062115,0.108672,0.108626,0.411602,-0.184598,-0.150341,-0.334793,0.065512,-0.275301,0.016949,0.304893,-0.118146,0.015609,0.203605,0.181319,0.020242,-0.432454,0.305389,0.085727,-0.136931,0.242207,-0.18609,-0.015924,0.162404,-0.180052
1726,"Takeuchi, Shunsuke",staff_36471,0.068875,-0.069581,0.093073,-0.257013,-0.022775,0.200583,0.182761,-0.126351,0.271128,0.10041,-0.159646,0.095231,0.130976,0.042623,-0.000333,-0.358659,0.283819,0.072282,0.118689,0.018707,0.214799,0.002222,-0.207106,-0.146748,0.145166,0.249713,-0.448674,0.171634,-0.206612,0.227128,-0.423472,0.037278,0.259292,-0.350474,0.400393,-0.166014,0.077331,0.000719,-0.160581,0.120949,0.122334,0.080074,0.375126,-0.255818,-0.046807,-0.316714,0.051744,-0.32545,0.088787,0.283437,-0.104344,-0.014038,0.206752,0.247808,0.015919,-0.352352,0.248007,0.160252,-0.162793,0.232541,-0.193794,-0.062773,0.070516,-0.162314
1728,"Ikehata, Hiroshi",staff_28575,-0.099224,-0.428417,-0.316503,0.011428,0.388909,-0.051196,0.531387,-0.342346,0.276258,-0.157313,0.597942,1.132072,0.596596,-0.102283,-0.98768,-0.575136,-0.044087,0.820806,-0.112167,0.078458,0.408021,0.33206,0.113426,0.347683,0.410811,-0.189446,0.046194,0.420999,0.250262,-0.355256,0.342926,-0.462856,0.278043,0.306753,-0.262785,0.483967,-0.295485,-0.259548,-0.02598,0.168024,-1.151881,-0.093793,-0.253456,-0.074367,-0.037941,-0.202284,-0.07115,-0.731567,0.704229,-0.744231,0.462377,-0.173748,-0.212705,-0.396754,-0.606038,-0.462749,-0.155433,-0.041981,-0.5347,0.245401,-0.071164,0.460634,-0.071894,-0.165233
1729,"Nishimura, Satoshi",staff_10285,-0.105888,-0.420911,-0.312066,0.021168,0.38241,-0.04072,0.527121,-0.353939,0.268199,-0.161925,0.586051,1.125429,0.595345,-0.112878,-0.992993,-0.584251,-0.047772,0.824272,-0.10022,0.070842,0.416705,0.333199,0.116289,0.347814,0.412556,-0.185797,0.051156,0.418961,0.258987,-0.353749,0.347297,-0.452223,0.282418,0.294022,-0.254545,0.480121,-0.302962,-0.258954,-0.034624,0.164066,-1.160902,-0.085636,-0.241135,-0.080126,-0.047294,-0.21177,-0.061918,-0.73437,0.691579,-0.750755,0.458537,-0.166556,-0.219352,-0.398689,-0.600138,-0.469164,-0.153927,-0.028401,-0.541422,0.24733,-0.070377,0.449557,-0.071864,-0.165428
1730,"Miyata, Kouki",staff_344,0.123185,-0.064315,0.025946,-0.344325,0.007664,0.199766,0.16544,-0.126585,0.172978,0.094748,-0.139179,0.102598,0.166413,0.0151,0.126427,-0.375748,0.291746,0.03364,0.127214,-0.020127,0.242397,-0.024679,-0.182804,-0.105928,0.15959,0.324372,-0.467933,0.187502,-0.170108,0.265224,-0.450483,0.049599,0.339636,-0.299895,0.385909,-0.202483,0.089329,-0.033314,-0.102803,0.055661,0.177878,0.019585,0.388788,-0.299855,-0.012914,-0.328035,-0.015895,-0.234717,0.056029,0.288633,-0.134907,-0.045375,0.196168,0.294098,0.038092,-0.313826,0.285968,0.148093,-0.183584,0.193471,-0.207211,-0.049755,0.044214,-0.186972
1731,"Hayami, Show",staff_137,0.108881,-0.099369,0.01263,-0.226661,0.047907,0.136997,0.162693,-0.176756,0.19515,0.090663,-0.045181,0.072502,0.135856,-0.042327,-0.032292,-0.332817,0.20337,-0.011596,0.09991,-0.004402,0.193909,-0.009189,-0.150731,-0.210387,0.113792,0.259616,-0.483358,0.178405,-0.225927,0.214597,-0.38807,0.070561,0.251094,-0.368395,0.374694,-0.204818,0.079257,0.079869,-0.184952,0.099397,0.167992,0.044853,0.299898,-0.282751,0.032634,-0.32984,0.003883,-0.289722,0.09805,0.177429,-0.151917,-0.030865,0.118378,0.316365,-0.011141,-0.297016,0.205376,0.142447,-0.171187,0.260856,-0.241956,0.007743,0.067194,-0.187944
1732,"Wakabayashi, Shin",staff_48699,-0.152724,-0.394616,-0.37181,-0.048578,0.411611,0.03147,0.522397,-0.276282,0.239026,-0.21383,0.708754,1.123349,0.731889,-0.114539,-0.922641,-0.603513,0.073576,0.739358,-0.151699,0.097596,0.413844,0.253739,0.070333,0.405884,0.41906,-0.256575,0.092824,0.360784,0.281701,-0.467815,0.341866,-0.501986,0.272574,0.256472,-0.304941,0.569375,-0.235687,-0.2827,0.007558,0.213872,-1.229809,-0.16715,-0.304983,-0.041604,-0.06541,-0.218648,-0.043689,-0.804137,0.553038,-0.775404,0.522488,-0.123162,-0.248399,-0.417939,-0.622108,-0.575404,-0.191047,-0.042261,-0.515785,0.1502,-0.114076,0.466416,-0.107449,-0.208492
1733,"Saitou, Shuka",staff_39550,0.151647,-0.191305,0.098303,-0.355539,-0.018842,0.301321,0.155947,-0.168317,0.258471,0.190685,-0.163267,0.135265,0.034524,-0.025478,0.099141,-0.423941,0.238342,0.04559,0.130334,0.015908,0.189605,0.065968,-0.303805,-0.190937,0.190555,0.249956,-0.510686,0.16537,-0.210242,0.332382,-0.404483,0.062792,0.278197,-0.330175,0.339888,-0.148296,0.136662,-0.003767,-0.151621,0.201938,0.132176,0.013576,0.341173,-0.295178,0.055871,-0.347966,0.052929,-0.293627,0.061844,0.265592,-0.12265,-0.070348,0.158186,0.299247,0.009352,-0.347953,0.111715,0.206838,-0.223008,0.18058,-0.151715,-0.064548,0.024928,-0.193476
1734,"Aikawa, Kanata",staff_52725,0.151647,-0.191305,0.098303,-0.355539,-0.018842,0.301321,0.155947,-0.168317,0.258471,0.190685,-0.163267,0.135265,0.034524,-0.025478,0.099141,-0.423941,0.238342,0.04559,0.130334,0.015908,0.189605,0.065968,-0.303805,-0.190937,0.190555,0.249956,-0.510686,0.16537,-0.210242,0.332382,-0.404483,0.062792,0.278197,-0.330175,0.339888,-0.148296,0.136662,-0.003767,-0.151621,0.201938,0.132176,0.013576,0.341173,-0.295178,0.055871,-0.347966,0.052929,-0.293627,0.061844,0.265592,-0.12265,-0.070348,0.158186,0.299247,0.009352,-0.347953,0.111715,0.206838,-0.223008,0.18058,-0.151715,-0.064548,0.024928,-0.193476
1735,"Yano, Hinaki",staff_49423,0.151647,-0.191305,0.098303,-0.355539,-0.018842,0.301321,0.155947,-0.168317,0.258471,0.190685,-0.163267,0.135265,0.034524,-0.025478,0.099141,-0.423941,0.238342,0.04559,0.130334,0.015908,0.189605,0.065968,-0.303805,-0.190937,0.190555,0.249956,-0.510686,0.16537,-0.210242,0.332382,-0.404483,0.062792,0.278197,-0.330175,0.339888,-0.148296,0.136662,-0.003767,-0.151621,0.201938,0.132176,0.013576,0.341173,-0.295178,0.055871,-0.347966,0.052929,-0.293627,0.061844,0.265592,-0.12265,-0.070348,0.158186,0.299247,0.009352,-0.347953,0.111715,0.206838,-0.223008,0.18058,-0.151715,-0.064548,0.024928,-0.193476
1737,"Yamamoto, Yuusuke",staff_9990,-0.249224,-0.310099,-0.318092,0.064915,0.350369,-0.046142,0.477685,-0.318662,0.317331,-0.195479,0.636245,1.111177,0.751178,-0.075585,-0.942706,-0.534502,0.04658,0.875155,-0.250334,0.13451,0.392774,0.317823,0.085694,0.306237,0.446601,-0.202413,0.202746,0.23602,0.318396,-0.39459,0.312993,-0.456498,0.225344,0.203024,-0.279849,0.520463,-0.300338,-0.276402,-0.124636,0.178652,-1.285861,-0.072166,-0.187543,-0.175591,-0.109853,-0.277752,-0.003227,-0.742937,0.522157,-0.728526,0.513694,-0.05171,-0.351679,-0.459369,-0.620256,-0.407777,-0.142033,0.053249,-0.519994,0.290622,-0.095415,0.335032,-0.126596,-0.130378
1738,"Makino, Yui",staff_89,-0.030925,-0.032317,0.051212,-0.273796,-0.066385,0.150091,0.208654,-0.006269,0.295191,0.071193,-0.233612,0.078044,0.125854,0.054071,-0.013604,-0.387322,0.335431,0.156067,0.112109,-0.006896,0.232953,0.020104,-0.218038,-0.131678,0.088291,0.28342,-0.494438,0.074048,-0.174508,0.146426,-0.441978,0.003635,0.247102,-0.346492,0.386858,-0.220048,-0.041611,-0.040408,-0.19601,0.111341,0.090576,0.137317,0.440081,-0.258335,-0.162725,-0.318369,0.08791,-0.291425,0.043103,0.289855,-0.073925,-0.059561,0.218106,0.201971,0.074454,-0.410628,0.302488,0.086345,-0.082311,0.26514,-0.172476,-0.03037,0.133872,-0.134692
1739,"Koizumi, Yutaka",staff_1166,-0.041895,-0.078402,0.054507,-0.354599,-0.188195,0.214911,0.181715,0.006123,0.328091,0.083107,-0.272014,0.092953,0.139588,0.086732,0.020459,-0.438612,0.299647,0.212793,0.104877,0.002612,0.279377,0.072287,-0.287634,-0.125302,0.155321,0.32742,-0.567821,0.026845,-0.210925,0.207694,-0.392415,0.013475,0.162534,-0.265352,0.329545,-0.207274,-0.015272,-0.071989,-0.13309,0.092586,0.115022,0.126096,0.437658,-0.269902,-0.190283,-0.368212,0.076086,-0.238282,0.005729,0.308733,-0.086506,0.006387,0.196353,0.139873,0.07747,-0.434528,0.333663,0.125068,-0.098981,0.202875,-0.087145,-0.01604,0.166121,-0.187895
1741,"Ibata, Shouta",staff_41885,-0.107625,-0.428041,-0.310031,0.018308,0.384359,-0.053683,0.525358,-0.337554,0.278633,-0.154549,0.598481,1.139859,0.598633,-0.096476,-0.99769,-0.57199,-0.041517,0.818808,-0.119341,0.073399,0.406098,0.329322,0.110487,0.342053,0.416183,-0.187985,0.048346,0.415678,0.243376,-0.353912,0.341127,-0.458585,0.273904,0.300693,-0.259415,0.484086,-0.297805,-0.263013,-0.032241,0.166852,-1.155982,-0.095313,-0.247669,-0.083013,-0.044658,-0.204407,-0.06985,-0.728233,0.698283,-0.744014,0.465639,-0.174147,-0.216997,-0.398145,-0.60685,-0.458785,-0.153296,-0.033875,-0.538587,0.247658,-0.080246,0.450083,-0.077533,-0.169719
1742,"Yashiro, Taku",staff_38359,0.078112,-0.084859,0.027738,-0.256142,0.032227,0.205849,0.179337,-0.19364,0.229276,0.101532,-0.098565,0.085849,0.152543,-0.021027,-0.014564,-0.292823,0.237038,0.000547,0.107825,0.012465,0.239884,-0.005386,-0.162989,-0.18381,0.14279,0.268117,-0.443076,0.181363,-0.246977,0.265003,-0.421321,0.065641,0.26409,-0.333281,0.375256,-0.183556,0.109237,0.041955,-0.133484,0.079695,0.170021,0.041451,0.330941,-0.277414,-0.001749,-0.367988,0.00741,-0.288213,0.087418,0.243054,-0.109018,0.018101,0.158536,0.290422,-0.035543,-0.29864,0.237035,0.149865,-0.200772,0.236721,-0.232192,-0.037977,0.083286,-0.19594
1743,"Toudou, Mai",staff_13967,0.01561,-0.19274,0.116554,-0.407408,-0.240422,0.306868,0.137808,0.004012,0.282215,0.112261,-0.275959,0.049159,0.136302,0.089611,0.073117,-0.430808,0.26695,0.238105,0.105973,-0.033243,0.358215,0.100098,-0.364259,-0.038855,0.196808,0.341187,-0.611142,0.00131,-0.198953,0.288783,-0.301154,-0.024273,0.13632,-0.222643,0.344308,-0.157135,0.024658,-0.029855,-0.049552,0.079094,0.071147,0.084837,0.447687,-0.20919,-0.129109,-0.353874,0.036183,-0.2363,-0.000872,0.413227,-0.173118,0.037192,0.22172,0.12266,0.054494,-0.489322,0.311692,0.124235,-0.192951,0.155528,-0.079552,-0.027445,0.096093,-0.211486
1744,"Tojo, Kanako",staff_7957,0.01561,-0.19274,0.116554,-0.407408,-0.240422,0.306868,0.137808,0.004012,0.282215,0.112261,-0.275959,0.049159,0.136302,0.089611,0.073117,-0.430808,0.26695,0.238105,0.105973,-0.033243,0.358215,0.100098,-0.364259,-0.038855,0.196808,0.341187,-0.611142,0.00131,-0.198953,0.288783,-0.301154,-0.024273,0.13632,-0.222643,0.344308,-0.157135,0.024658,-0.029855,-0.049552,0.079094,0.071147,0.084837,0.447687,-0.20919,-0.129109,-0.353874,0.036183,-0.2363,-0.000872,0.413227,-0.173118,0.037192,0.22172,0.12266,0.054494,-0.489322,0.311692,0.124235,-0.192951,0.155528,-0.079552,-0.027445,0.096093,-0.211486
1745,"Kudou, Haruka",staff_110,0.015323,-0.082998,0.091533,-0.283298,-0.091292,0.153795,0.210604,-0.002102,0.266098,0.072521,-0.213714,0.043073,0.146087,0.063928,0.025458,-0.423848,0.318941,0.16404,0.134723,-0.044167,0.276793,0.018767,-0.268444,-0.073,0.111722,0.307157,-0.533978,0.04591,-0.12895,0.133734,-0.391842,-0.01162,0.224981,-0.338684,0.409714,-0.225036,-0.042373,-0.007569,-0.161692,0.116682,0.050241,0.119815,0.439984,-0.226792,-0.130682,-0.270901,0.063665,-0.293346,0.047826,0.316544,-0.131447,-0.043559,0.243306,0.21849,0.08213,-0.442765,0.294331,0.087352,-0.110226,0.259943,-0.192304,-0.044903,0.111761,-0.162752
1746,"Endou, Aya",staff_54,0.023248,-0.097709,0.078279,-0.276866,-0.041343,0.206572,0.19087,-0.03286,0.248196,0.079412,-0.230101,0.072441,0.121963,0.059937,0.019934,-0.372322,0.316811,0.138463,0.126041,-0.022942,0.212538,0.006913,-0.266464,-0.088388,0.109318,0.279638,-0.50706,0.111874,-0.16499,0.207106,-0.420307,0.016716,0.276175,-0.30454,0.41924,-0.181606,-0.00157,-0.045094,-0.187123,0.125644,0.060171,0.08806,0.468101,-0.25149,-0.097561,-0.310706,0.073862,-0.311446,0.051182,0.366459,-0.093913,-0.053084,0.226163,0.211835,0.053818,-0.427186,0.288131,0.075836,-0.141524,0.237354,-0.185992,-0.060177,0.083425,-0.156998
1747,"Kon, Satoshi",staff_4580,-0.186825,-0.337542,-0.352012,0.009623,0.400071,-0.065193,0.539837,-0.358098,0.279271,-0.16768,0.619387,1.023282,0.737475,-0.142424,-0.89231,-0.557437,0.046002,0.862395,-0.208916,0.187243,0.40089,0.37674,0.091196,0.357486,0.40274,-0.193534,0.195585,0.299222,0.362154,-0.430579,0.394934,-0.463244,0.319712,0.267312,-0.269979,0.527938,-0.211081,-0.300161,-0.095579,0.183751,-1.32502,-0.041093,-0.184958,-0.134311,-0.142179,-0.261107,0.040646,-0.736244,0.543866,-0.758726,0.503869,0.021376,-0.274092,-0.497311,-0.612934,-0.408174,-0.169108,-0.004909,-0.555744,0.209482,-0.045454,0.394487,-0.11257,-0.104233
1748,"Iwao, Junko",staff_289,-0.037491,-0.094266,0.054159,-0.27265,-0.087535,0.157468,0.199311,-0.000507,0.281967,0.100606,-0.21165,0.048076,0.155217,0.036242,-0.020228,-0.381148,0.331474,0.144796,0.124532,-0.043162,0.318895,0.054384,-0.246593,-0.106316,0.078704,0.301784,-0.532603,0.020289,-0.156322,0.147144,-0.38492,0.008765,0.199987,-0.346444,0.353601,-0.252192,-0.027493,-0.010731,-0.164123,0.123019,0.079805,0.116978,0.441337,-0.216018,-0.152999,-0.292303,0.081272,-0.304994,0.012507,0.308434,-0.092941,-0.012606,0.202312,0.196755,0.048234,-0.428759,0.298567,0.066869,-0.096395,0.262094,-0.219547,-0.028697,0.153729,-0.164839
1749,"Shida, Mirai",staff_10433,0.078108,-0.126503,0.02003,-0.32181,0.011253,0.242155,0.180642,-0.141407,0.262241,0.171348,-0.13967,0.071627,0.07158,-0.073797,0.03649,-0.332206,0.290627,0.009232,0.09881,-0.000944,0.29866,0.081243,-0.211016,-0.206895,0.091762,0.25189,-0.481394,0.072812,-0.228824,0.266613,-0.418636,0.017477,0.278122,-0.376367,0.308185,-0.208814,0.088488,0.050857,-0.12052,0.118851,0.137472,0.041148,0.321641,-0.232437,-0.005284,-0.356141,0.032701,-0.268308,0.025094,0.232439,-0.113889,-0.063854,0.17557,0.32472,-0.006521,-0.347924,0.146306,0.141084,-0.220793,0.239564,-0.207456,-0.027397,0.088944,-0.178198
1750,"Yoshimoto, Kinji",staff_2067,-0.193403,-0.348186,-0.350348,-0.002541,0.334011,-0.076077,0.510022,-0.320433,0.293933,-0.125045,0.661657,1.105134,0.708253,-0.101112,-0.887254,-0.523368,-0.05498,0.893299,-0.184585,0.143634,0.441705,0.36231,0.068412,0.339382,0.383054,-0.280219,0.119195,0.299074,0.304117,-0.312465,0.362902,-0.51442,0.268026,0.288963,-0.300908,0.552809,-0.227336,-0.272837,-0.092185,0.204277,-1.217988,-0.126915,-0.303623,-0.029795,-0.065765,-0.208413,-0.064271,-0.757613,0.686114,-0.731253,0.484148,-0.083093,-0.269227,-0.433811,-0.527888,-0.408141,-0.231022,-0.000379,-0.531067,0.221288,-0.014098,0.418281,-0.013464,-0.097158
1751,"Fukamachi, Toshinari",staff_41739,0.035125,-0.091537,0.015549,-0.308407,0.03328,0.293413,0.213714,-0.215072,0.229098,0.104129,-0.136212,0.083258,0.169682,-0.020336,0.036848,-0.237717,0.254103,0.002999,0.119046,0.031155,0.297907,-0.013403,-0.188037,-0.136386,0.177114,0.307737,-0.420945,0.16081,-0.256025,0.336076,-0.46026,0.059908,0.298738,-0.279001,0.39772,-0.196764,0.127339,-0.000665,-0.076324,0.040929,0.171456,0.018863,0.385113,-0.295187,-0.019144,-0.42674,0.009122,-0.259464,0.092839,0.31676,-0.060152,0.068132,0.193755,0.281013,-0.068773,-0.301022,0.281882,0.128224,-0.239341,0.219025,-0.23077,-0.087244,0.117053,-0.22321
1752,"Oonishi, Saori",staff_19884,0.045966,-0.096801,0.022688,-0.263835,0.032853,0.224943,0.204818,-0.163937,0.218606,0.092263,-0.131627,0.070688,0.159301,-0.011685,0.0062,-0.291711,0.25794,0.021735,0.124572,0.002954,0.254707,-0.008935,-0.198955,-0.133864,0.139819,0.294371,-0.458236,0.148486,-0.220811,0.260419,-0.432774,0.057045,0.285242,-0.318885,0.399691,-0.207756,0.084101,0.00683,-0.135129,0.076784,0.14417,0.035718,0.390416,-0.278865,-0.021648,-0.367201,0.028965,-0.286879,0.085628,0.287587,-0.082367,0.014546,0.176848,0.27613,-0.031282,-0.327764,0.269052,0.105784,-0.193234,0.23544,-0.237729,-0.056884,0.104835,-0.209965
1753,"Kaneko, Hiraku",staff_12537,-0.184851,-0.361128,-0.256617,0.081751,0.30271,-0.03821,0.46246,-0.282694,0.286118,-0.187311,0.567946,1.16595,0.669024,-0.07838,-1.05584,-0.543027,-0.03391,0.841007,-0.147948,0.019216,0.390195,0.320898,0.089152,0.29427,0.476155,-0.191353,0.066005,0.325,0.208692,-0.339476,0.366203,-0.405926,0.230382,0.208755,-0.234678,0.479973,-0.36924,-0.30465,-0.099718,0.184915,-1.196421,-0.045144,-0.162444,-0.15906,-0.122533,-0.236531,-0.086889,-0.689847,0.579703,-0.732248,0.465867,-0.139123,-0.353717,-0.402519,-0.590329,-0.456897,-0.086134,0.057317,-0.523377,0.286266,-0.108613,0.339088,-0.079882,-0.160234
1754,"Miyamoto, Yume",staff_9510,0.045425,-0.107829,0.065841,-0.263158,-0.000342,0.199099,0.213786,-0.142582,0.247132,0.103402,-0.136238,0.078598,0.143026,-0.004338,0.011149,-0.368198,0.259117,0.055388,0.143307,0.013327,0.238201,0.001489,-0.22487,-0.124809,0.151147,0.281885,-0.469622,0.136667,-0.194595,0.221063,-0.417345,0.053419,0.259011,-0.372754,0.390409,-0.222179,0.076679,0.005204,-0.172416,0.123821,0.13881,0.055989,0.385305,-0.277088,-0.021794,-0.332837,0.070475,-0.319756,0.109782,0.247337,-0.087506,-0.015026,0.173092,0.260022,-0.012235,-0.334862,0.24293,0.135476,-0.145808,0.238305,-0.220195,-0.064157,0.105292,-0.196933
1758,Kaori,staff_47519,-0.098194,-0.41837,-0.310705,0.031434,0.38156,-0.039979,0.517273,-0.354681,0.264367,-0.161913,0.579434,1.117497,0.598967,-0.123694,-0.995227,-0.586283,-0.052279,0.827775,-0.098229,0.075993,0.422347,0.341392,0.122087,0.354397,0.413952,-0.180099,0.05238,0.41784,0.263174,-0.345564,0.363599,-0.453433,0.282681,0.2888,-0.253338,0.474309,-0.31274,-0.262823,-0.03507,0.158739,-1.161026,-0.076743,-0.235406,-0.082425,-0.061661,-0.210816,-0.052756,-0.741535,0.68398,-0.755813,0.457536,-0.155958,-0.227216,-0.398181,-0.600738,-0.46957,-0.153413,-0.026245,-0.543179,0.245396,-0.066304,0.437544,-0.07046,-0.15767
1759,"Nakamura, Ryousuke",staff_9513,-0.252603,-0.272734,-0.391013,0.008842,0.294829,-0.07399,0.489789,-0.298919,0.316843,-0.088064,0.703057,1.091816,0.79122,-0.100467,-0.826383,-0.490066,-0.078967,0.939555,-0.239913,0.202666,0.475622,0.356987,0.04138,0.336344,0.367543,-0.360113,0.158502,0.215801,0.328129,-0.279842,0.377888,-0.533757,0.27268,0.268961,-0.347993,0.603766,-0.193348,-0.248235,-0.122394,0.1933,-1.262168,-0.139612,-0.358106,0.006341,-0.090094,-0.237043,-0.082499,-0.784824,0.678442,-0.718288,0.478521,-0.0302,-0.295168,-0.465896,-0.456016,-0.365673,-0.299471,0.042346,-0.508756,0.209006,0.036263,0.367489,0.0005,-0.04861
1760,"Ochiai, Fukushi",staff_39426,0.024049,-0.105963,-0.003807,-0.336427,0.043236,0.331192,0.236511,-0.238228,0.212108,0.098083,-0.133777,0.078469,0.186599,-0.032825,0.071413,-0.211843,0.242007,-0.009776,0.132755,0.025815,0.32955,-0.019684,-0.210273,-0.119086,0.206192,0.347128,-0.433247,0.147113,-0.253465,0.365719,-0.474059,0.066287,0.309886,-0.237864,0.417139,-0.219738,0.125503,-0.006273,-0.040105,0.024713,0.175779,0.002505,0.403737,-0.315724,-0.007202,-0.451648,-0.007222,-0.231808,0.096634,0.341076,-0.041162,0.102049,0.200439,0.296183,-0.082056,-0.296516,0.306559,0.11628,-0.26105,0.217945,-0.245347,-0.100648,0.139192,-0.256573
1761,"Terui, Haruka",staff_14161,0.021464,-0.097903,0.058773,-0.300252,0.052004,0.273262,0.206933,-0.075998,0.261454,0.071444,-0.269922,0.107332,0.072509,0.00166,0.060264,-0.298583,0.344764,0.105726,0.154749,-0.031185,0.169194,-0.001425,-0.277672,-0.112216,0.100711,0.250805,-0.477692,0.138722,-0.180354,0.269457,-0.50617,0.02922,0.359381,-0.25298,0.448034,-0.169,-0.01241,-0.045421,-0.205976,0.150145,0.053956,0.084721,0.496293,-0.261225,-0.056026,-0.350697,0.066702,-0.31928,0.029303,0.424709,-0.020748,-0.11312,0.25999,0.258035,0.048599,-0.413144,0.264842,0.079881,-0.174135,0.253805,-0.210363,-0.084002,0.06038,-0.155435
1763,"Kanazawa, Hiromitsu",staff_10435,-0.174833,-0.38428,-0.341447,-0.04989,0.341703,-0.050757,0.523978,-0.264684,0.281588,-0.180821,0.68343,1.138726,0.72155,-0.112737,-0.954844,-0.543419,0.063424,0.77825,-0.149321,0.076832,0.369162,0.290169,0.044694,0.351746,0.416484,-0.259871,0.112291,0.318149,0.248584,-0.421151,0.385862,-0.49071,0.289988,0.260245,-0.279753,0.567324,-0.231252,-0.318285,-0.048634,0.24548,-1.251855,-0.120276,-0.252387,-0.076389,-0.125284,-0.220232,-0.067389,-0.741824,0.580031,-0.739823,0.509617,-0.111553,-0.297364,-0.434201,-0.588116,-0.496682,-0.167641,-0.026683,-0.521405,0.184331,-0.098608,0.435782,-0.058774,-0.15676
1764,"Kudou, Susumu",staff_9856,-0.230159,-0.387517,-0.393066,-0.024738,0.356886,-0.06035,0.530206,-0.26949,0.290175,-0.155005,0.747703,1.1538,0.760054,-0.134136,-0.862728,-0.497605,0.141786,0.78136,-0.179254,0.118043,0.347431,0.28018,0.038308,0.331389,0.384172,-0.334788,0.180124,0.281786,0.317566,-0.451675,0.366427,-0.514977,0.31032,0.246951,-0.274155,0.565467,-0.190945,-0.32545,-0.064062,0.276305,-1.302289,-0.198497,-0.269505,-0.063897,-0.093083,-0.258887,0.007715,-0.801926,0.540921,-0.765575,0.597868,-0.079266,-0.300045,-0.416777,-0.602459,-0.508393,-0.23596,-0.054169,-0.565066,0.156492,-0.118536,0.441463,-0.033464,-0.203282
1765,"Suzuki, Shingo",staff_10132,-0.20169,-0.395332,-0.39279,-0.038986,0.360823,-0.059513,0.547565,-0.282583,0.285312,-0.14444,0.730934,1.133067,0.749945,-0.13987,-0.885931,-0.496781,0.120664,0.79633,-0.17144,0.138721,0.363318,0.290914,0.042829,0.344463,0.379687,-0.312606,0.168458,0.293515,0.29293,-0.434602,0.373073,-0.495197,0.329843,0.250954,-0.30693,0.556716,-0.203791,-0.298015,-0.042228,0.249797,-1.306318,-0.178617,-0.268232,-0.057848,-0.104554,-0.250069,-0.003191,-0.785211,0.559673,-0.744155,0.583449,-0.07048,-0.289108,-0.451446,-0.588563,-0.478686,-0.22401,-0.053693,-0.575267,0.169745,-0.091249,0.423025,-0.030973,-0.166094
1766,"Tsuda, Kenjirou",staff_591,0.061441,-0.077876,0.071988,-0.257032,-0.006519,0.215903,0.188631,-0.144869,0.259204,0.112573,-0.151183,0.085358,0.141067,0.02406,-0.002348,-0.334023,0.280673,0.048252,0.11808,0.021444,0.242588,0.015381,-0.20214,-0.145922,0.142194,0.262698,-0.446987,0.157693,-0.216948,0.242237,-0.428429,0.039161,0.267825,-0.354717,0.389532,-0.184021,0.097846,-0.000346,-0.14461,0.103459,0.144343,0.05972,0.375361,-0.252809,-0.03481,-0.333742,0.047502,-0.31879,0.084542,0.276033,-0.089101,0.002472,0.192251,0.253656,-0.009785,-0.336648,0.248592,0.149308,-0.175507,0.224183,-0.204939,-0.061146,0.085659,-0.180266
1767,"Nakamura, Sakura",staff_16323,-0.037983,-0.048177,0.095935,-0.160132,-0.02755,0.088038,0.243437,-0.006591,0.284876,0.031525,-0.204305,0.055091,0.210809,0.107139,-0.083999,-0.403501,0.370633,0.13829,0.170479,-0.017093,0.207136,-0.05048,-0.23089,-0.051939,0.041588,0.247189,-0.480928,0.10731,-0.137133,0.087419,-0.417926,0.064613,0.236537,-0.388547,0.424961,-0.229361,-0.01299,-0.064284,-0.28692,0.156487,0.027954,0.114463,0.500432,-0.21572,-0.153073,-0.241366,0.155589,-0.425225,0.090476,0.353252,-0.045844,-0.016856,0.233988,0.178504,0.042483,-0.442352,0.374471,0.044694,-0.052833,0.297739,-0.249148,-0.107454,0.166623,-0.160374
1768,"Aikawa, Natsuki",staff_2123,-0.037983,-0.048177,0.095935,-0.160132,-0.02755,0.088038,0.243437,-0.006591,0.284876,0.031525,-0.204305,0.055091,0.210809,0.107139,-0.083999,-0.403501,0.370633,0.13829,0.170479,-0.017093,0.207136,-0.05048,-0.23089,-0.051939,0.041588,0.247189,-0.480928,0.10731,-0.137133,0.087419,-0.417926,0.064613,0.236537,-0.388547,0.424961,-0.229361,-0.01299,-0.064284,-0.28692,0.156487,0.027954,0.114463,0.500432,-0.21572,-0.153073,-0.241366,0.155589,-0.425225,0.090476,0.353252,-0.045844,-0.016856,0.233988,0.178504,0.042483,-0.442352,0.374471,0.044694,-0.052833,0.297739,-0.249148,-0.107454,0.166623,-0.160374
1769,"Nomura, Mayuka",staff_23805,-0.037983,-0.048177,0.095935,-0.160132,-0.02755,0.088038,0.243437,-0.006591,0.284876,0.031525,-0.204305,0.055091,0.210809,0.107139,-0.083999,-0.403501,0.370633,0.13829,0.170479,-0.017093,0.207136,-0.05048,-0.23089,-0.051939,0.041588,0.247189,-0.480928,0.10731,-0.137133,0.087419,-0.417926,0.064613,0.236537,-0.388547,0.424961,-0.229361,-0.01299,-0.064284,-0.28692,0.156487,0.027954,0.114463,0.500432,-0.21572,-0.153073,-0.241366,0.155589,-0.425225,0.090476,0.353252,-0.045844,-0.016856,0.233988,0.178504,0.042483,-0.442352,0.374471,0.044694,-0.052833,0.297739,-0.249148,-0.107454,0.166623,-0.160374
1770,"Kobayashi, Hiroshi",staff_39270,-0.207554,-0.451028,-0.377531,0.023103,0.328749,-0.039405,0.57464,-0.277579,0.293577,-0.119392,0.699387,1.146602,0.726925,-0.135394,-0.89185,-0.504922,0.085644,0.788094,-0.111664,0.091021,0.365441,0.287107,0.043507,0.331522,0.390953,-0.346524,0.085479,0.312223,0.267704,-0.454441,0.405333,-0.468299,0.373907,0.269385,-0.248915,0.514996,-0.231454,-0.315733,-0.04468,0.243136,-1.263065,-0.207475,-0.278748,-0.0461,-0.131266,-0.305903,-0.003433,-0.802341,0.588442,-0.774451,0.551425,-0.088162,-0.264525,-0.372203,-0.547218,-0.509806,-0.282704,-0.079501,-0.57879,0.144914,-0.118522,0.426384,-0.013217,-0.203095
1771,"Koga, Ruito",staff_41561,0.036692,-0.165867,0.14492,-0.349726,-0.048003,0.318909,0.177951,-0.211099,0.344112,0.184883,-0.169908,0.142335,0.09049,-0.050845,0.05116,-0.366762,0.247895,0.082322,0.180185,0.04896,0.293307,0.089695,-0.276746,-0.159189,0.253678,0.266343,-0.445491,0.144647,-0.236082,0.32801,-0.433082,0.038414,0.216956,-0.397558,0.342749,-0.213409,0.151971,0.027675,-0.114261,0.178595,0.245955,0.065587,0.338825,-0.256696,0.035839,-0.3681,0.082125,-0.35733,0.107814,0.226525,-0.030925,-0.00525,0.164286,0.22635,-0.051402,-0.278167,0.16796,0.273948,-0.1548,0.187264,-0.188993,-0.071041,0.065824,-0.199474
1772,"Nishiyama, Koutarou",staff_17075,0.00794,-0.095186,0.122522,-0.280663,-0.025551,0.220164,0.22297,-0.100528,0.305363,0.147018,-0.199044,0.101779,0.088353,-0.002033,0.032755,-0.397134,0.307528,0.102388,0.152698,0.027669,0.249991,0.043301,-0.243105,-0.118849,0.147961,0.255329,-0.448518,0.113115,-0.159184,0.209554,-0.442383,0.022804,0.268978,-0.422113,0.392359,-0.23654,0.05469,-0.015021,-0.19228,0.181545,0.130265,0.103809,0.417935,-0.258928,-0.053121,-0.298581,0.123024,-0.357454,0.099877,0.253172,-0.050483,-0.059355,0.200296,0.228939,0.013171,-0.349045,0.215181,0.164429,-0.092857,0.2355,-0.205046,-0.07597,0.100601,-0.141676
1773,"Satou, Rina",staff_241,0.032169,-0.058385,0.112572,-0.267882,-0.040156,0.205639,0.206542,-0.088754,0.284883,0.073003,-0.214508,0.097069,0.137319,0.063931,0.024105,-0.384896,0.31054,0.121991,0.143749,0.01825,0.206012,-0.002862,-0.235351,-0.09306,0.146683,0.25728,-0.465573,0.151224,-0.18153,0.212585,-0.444844,0.033519,0.271624,-0.337181,0.426864,-0.183974,0.047395,-0.036843,-0.189667,0.124267,0.109862,0.103781,0.441084,-0.254236,-0.072337,-0.311005,0.082884,-0.342447,0.091661,0.323348,-0.066703,-0.036384,0.232276,0.205882,0.03482,-0.375616,0.301523,0.153864,-0.118831,0.227335,-0.170502,-0.079873,0.092786,-0.161477
1774,"Yamamura, Hibiku",staff_12750,0.036692,-0.165867,0.14492,-0.349726,-0.048003,0.318909,0.177951,-0.211099,0.344112,0.184883,-0.169908,0.142335,0.09049,-0.050845,0.05116,-0.366762,0.247895,0.082322,0.180185,0.04896,0.293307,0.089695,-0.276746,-0.159189,0.253678,0.266343,-0.445491,0.144647,-0.236082,0.32801,-0.433082,0.038414,0.216956,-0.397558,0.342749,-0.213409,0.151971,0.027675,-0.114261,0.178595,0.245955,0.065587,0.338825,-0.256696,0.035839,-0.3681,0.082125,-0.35733,0.107814,0.226525,-0.030925,-0.00525,0.164286,0.22635,-0.051402,-0.278167,0.16796,0.273948,-0.1548,0.187264,-0.188993,-0.071041,0.065824,-0.199474
1775,"Zaisaki, Sakura",staff_41562,0.036692,-0.165867,0.14492,-0.349726,-0.048003,0.318909,0.177951,-0.211099,0.344112,0.184883,-0.169908,0.142335,0.09049,-0.050845,0.05116,-0.366762,0.247895,0.082322,0.180185,0.04896,0.293307,0.089695,-0.276746,-0.159189,0.253678,0.266343,-0.445491,0.144647,-0.236082,0.32801,-0.433082,0.038414,0.216956,-0.397558,0.342749,-0.213409,0.151971,0.027675,-0.114261,0.178595,0.245955,0.065587,0.338825,-0.256696,0.035839,-0.3681,0.082125,-0.35733,0.107814,0.226525,-0.030925,-0.00525,0.164286,0.22635,-0.051402,-0.278167,0.16796,0.273948,-0.1548,0.187264,-0.188993,-0.071041,0.065824,-0.199474
1776,"Terasaki, Yuka",staff_671,0.057908,-0.100284,0.046955,-0.242114,0.013554,0.163673,0.199824,-0.138885,0.232283,0.089215,-0.114293,0.067259,0.154186,-0.013312,-0.01116,-0.355595,0.251469,0.042656,0.139897,-0.013921,0.240611,0.000473,-0.207477,-0.140538,0.132058,0.28648,-0.486778,0.130373,-0.190662,0.193808,-0.404752,0.053503,0.248234,-0.367724,0.391186,-0.227487,0.052841,0.035658,-0.170564,0.113507,0.140361,0.060435,0.364941,-0.26289,-0.01683,-0.314151,0.039872,-0.310125,0.089137,0.23281,-0.106468,-0.020799,0.165065,0.276622,-0.00118,-0.334997,0.247321,0.12604,-0.146178,0.252171,-0.240833,-0.031755,0.096787,-0.200994
1777,"Nagatsuma, Juri",staff_12737,0.09664,-0.132943,0.034794,-0.281961,0.031072,0.248155,0.176873,-0.182908,0.20682,0.136271,-0.121789,0.083731,0.121887,-0.026835,0.029069,-0.325588,0.228846,0.009423,0.11976,0.001474,0.238577,0.033849,-0.229491,-0.159803,0.173922,0.302498,-0.483456,0.161764,-0.218404,0.279927,-0.417264,0.050949,0.287775,-0.336437,0.383572,-0.199586,0.112139,0.012759,-0.1187,0.102693,0.177849,0.012671,0.357963,-0.287845,0.03259,-0.356864,0.012314,-0.274269,0.077285,0.246101,-0.100007,-0.009372,0.143744,0.291177,-0.029938,-0.30851,0.203879,0.138389,-0.209155,0.200044,-0.217244,-0.03064,0.063819,-0.219067
1779,"Murano, Yuuta",staff_39022,-0.185752,-0.42726,-0.329923,0.025485,0.356172,-0.066008,0.535075,-0.369747,0.300281,-0.15125,0.624059,1.110639,0.634305,-0.09962,-1.029908,-0.537232,0.012594,0.853261,-0.119896,0.088563,0.388719,0.353656,0.074987,0.305639,0.404183,-0.184228,0.084064,0.314534,0.226044,-0.34023,0.392955,-0.451533,0.301062,0.263321,-0.26944,0.435262,-0.344811,-0.258187,-0.067915,0.202726,-1.247953,-0.077785,-0.1879,-0.109662,-0.109042,-0.239327,-0.024395,-0.769295,0.657653,-0.746304,0.48136,-0.120548,-0.291922,-0.391982,-0.601116,-0.451607,-0.158062,-0.002755,-0.546544,0.284555,-0.078416,0.373458,-0.062543,-0.10998
1780,"Mizunaka, Masaaki",staff_41752,0.064634,-0.085536,0.025906,-0.27958,0.030835,0.248216,0.187892,-0.209144,0.235645,0.109141,-0.114502,0.090318,0.16369,-0.013619,0.001169,-0.262332,0.248054,-0.00139,0.11348,0.020086,0.269907,-0.002511,-0.174218,-0.172855,0.161586,0.28424,-0.431962,0.177893,-0.255138,0.301275,-0.439835,0.065285,0.273007,-0.306094,0.380116,-0.184761,0.124939,0.025157,-0.099287,0.064427,0.178262,0.030653,0.346404,-0.280028,-0.007054,-0.391885,0.000447,-0.27857,0.08215,0.278351,-0.081559,0.050573,0.174955,0.286562,-0.052167,-0.29638,0.256557,0.150628,-0.224015,0.226542,-0.231992,-0.059128,0.095552,-0.209368
1781,"Uchimura, Fumiko",staff_28057,0.064068,-0.086237,0.025752,-0.281158,0.031244,0.248276,0.18866,-0.209785,0.23491,0.108926,-0.113213,0.089874,0.164078,-0.014374,0.002299,-0.261603,0.24796,-0.001104,0.114446,0.020655,0.271128,-0.003949,-0.174548,-0.172849,0.161942,0.285997,-0.432789,0.1763,-0.255376,0.302262,-0.440656,0.065325,0.273683,-0.306767,0.382248,-0.185982,0.124246,0.024555,-0.100022,0.064758,0.17963,0.030247,0.346797,-0.281304,-0.006366,-0.392445,0.000323,-0.27867,0.083561,0.278948,-0.080895,0.051152,0.174126,0.28748,-0.052072,-0.296964,0.258469,0.15102,-0.223971,0.22785,-0.232396,-0.059447,0.097071,-0.210155
1782,"Waki, Azumi",staff_36812,0.089955,-0.11538,0.045979,-0.252178,0.03274,0.200486,0.163439,-0.145957,0.227944,0.089393,-0.137784,0.095048,0.113982,-0.013781,-0.00533,-0.332495,0.2481,0.038723,0.122117,-0.012127,0.174063,-0.001594,-0.209523,-0.169088,0.117369,0.243026,-0.483111,0.178564,-0.221736,0.253205,-0.412759,0.068801,0.274634,-0.315904,0.385574,-0.164875,0.070232,0.027993,-0.194559,0.127343,0.122398,0.050139,0.369703,-0.268355,0.005315,-0.340167,0.030921,-0.313859,0.067066,0.282254,-0.110958,-0.053272,0.164784,0.276432,0.002981,-0.344166,0.222971,0.133122,-0.181213,0.237205,-0.213807,-0.030909,0.052887,-0.182285
1783,"Serizawa, Yuu",staff_21515,0.03782,-0.075294,0.026584,-0.245519,0.038122,0.186147,0.21043,-0.141281,0.230144,0.101665,-0.130717,0.069427,0.1509,-0.012576,-0.010111,-0.308668,0.277492,0.024082,0.121607,-0.002556,0.2537,-0.001987,-0.182983,-0.149375,0.11525,0.28517,-0.450895,0.13733,-0.20141,0.215268,-0.438285,0.047917,0.284608,-0.358506,0.392238,-0.224095,0.062088,0.012236,-0.155538,0.095767,0.13814,0.05652,0.382093,-0.271079,-0.040762,-0.338541,0.041394,-0.298383,0.079244,0.256922,-0.081458,-0.007272,0.177099,0.28246,-0.01452,-0.328093,0.253013,0.102589,-0.163327,0.253789,-0.249777,-0.049141,0.110669,-0.185766
1784,"Nishizawa, Susumu",staff_37151,-0.098523,-0.427044,-0.314547,0.014138,0.387191,-0.052895,0.529156,-0.339822,0.275212,-0.153216,0.596843,1.132286,0.598562,-0.102465,-0.991564,-0.574794,-0.044114,0.818401,-0.114683,0.078118,0.408375,0.329592,0.113835,0.349185,0.412119,-0.186551,0.048062,0.417704,0.245898,-0.354709,0.343767,-0.464569,0.275117,0.306779,-0.262241,0.485534,-0.291606,-0.262675,-0.02643,0.167929,-1.151615,-0.092919,-0.254105,-0.074118,-0.044621,-0.202626,-0.0718,-0.733694,0.703732,-0.746345,0.460276,-0.174734,-0.211315,-0.396402,-0.604837,-0.462344,-0.160545,-0.03829,-0.534254,0.241893,-0.072769,0.457139,-0.075141,-0.164776
1786,"Kondou, Takashi",staff_206,0.123528,-0.080313,0.055485,-0.32149,-0.005566,0.185972,0.147081,-0.144437,0.212727,0.117327,-0.120517,0.115636,0.143762,0.001249,0.082746,-0.390609,0.275039,0.039453,0.125628,-0.005248,0.237728,0.003328,-0.173854,-0.152226,0.154912,0.28388,-0.461273,0.187668,-0.185709,0.252533,-0.42383,0.05427,0.291136,-0.342079,0.35443,-0.193075,0.104095,0.001322,-0.126582,0.09495,0.192845,0.037429,0.346952,-0.279599,-0.005505,-0.315324,0.004955,-0.273535,0.063249,0.239686,-0.140546,-0.044333,0.172771,0.284001,0.028484,-0.304763,0.240769,0.189722,-0.165666,0.201948,-0.205424,-0.036822,0.03583,-0.172862
1787,"Asai, Ayaka",staff_25773,0.033272,-0.085709,0.053868,-0.25697,-0.007185,0.192298,0.198877,-0.117865,0.25326,0.095784,-0.153789,0.083305,0.148207,0.016988,-0.00764,-0.343299,0.281793,0.063656,0.126434,0.003899,0.238869,-0.001674,-0.207582,-0.138587,0.125496,0.274184,-0.464936,0.139678,-0.20187,0.221016,-0.422049,0.052954,0.257561,-0.343463,0.387137,-0.20356,0.060228,-0.005776,-0.169394,0.114627,0.122254,0.068212,0.395906,-0.26832,-0.060177,-0.333153,0.060734,-0.314059,0.07903,0.282734,-0.087295,-0.003974,0.184418,0.248564,0.001485,-0.353356,0.266702,0.117279,-0.150518,0.244576,-0.221699,-0.059098,0.107174,-0.180437
1788,"Iida, Umanosuke",staff_11597,-0.227659,-0.348568,-0.240083,0.109204,0.306973,-0.043123,0.460496,-0.302335,0.285935,-0.19728,0.555455,1.108196,0.706461,-0.138532,-1.044462,-0.506457,0.004055,0.90387,-0.154775,0.035607,0.388198,0.375564,0.092015,0.269372,0.481422,-0.194907,0.132208,0.299651,0.245756,-0.327917,0.393213,-0.367328,0.262222,0.155289,-0.243838,0.46289,-0.395088,-0.320039,-0.126609,0.189932,-1.273878,-0.065331,-0.107633,-0.208873,-0.16348,-0.270528,0.030412,-0.661687,0.516442,-0.722818,0.557115,-0.062562,-0.420456,-0.475937,-0.601471,-0.4131,-0.073057,0.097209,-0.629332,0.322539,-0.101509,0.271877,-0.04861,-0.125422
1789,"Urata, Yasunori",staff_69097,-0.227659,-0.348568,-0.240083,0.109204,0.306973,-0.043123,0.460496,-0.302335,0.285935,-0.19728,0.555455,1.108196,0.706461,-0.138532,-1.044462,-0.506457,0.004055,0.90387,-0.154775,0.035607,0.388198,0.375564,0.092015,0.269372,0.481422,-0.194907,0.132208,0.299651,0.245756,-0.327917,0.393213,-0.367328,0.262222,0.155289,-0.243838,0.46289,-0.395088,-0.320039,-0.126609,0.189932,-1.273878,-0.065331,-0.107633,-0.208873,-0.16348,-0.270528,0.030412,-0.661687,0.516442,-0.722818,0.557115,-0.062562,-0.420456,-0.475937,-0.601471,-0.4131,-0.073057,0.097209,-0.629332,0.322539,-0.101509,0.271877,-0.04861,-0.125422
1790,"Nishouji, Yoshihito",staff_17605,-0.200902,-0.318676,-0.377873,0.054147,0.32407,-0.029908,0.49965,-0.313403,0.288992,-0.084802,0.663292,1.157378,0.718159,-0.044733,-0.902417,-0.524271,-0.099688,0.894131,-0.223406,0.177256,0.484892,0.308148,0.077488,0.34079,0.399087,-0.295461,0.089101,0.278903,0.267297,-0.298993,0.320194,-0.484401,0.247657,0.275131,-0.333663,0.525807,-0.261223,-0.205551,-0.071658,0.142892,-1.209714,-0.109435,-0.326311,-0.007726,-0.027474,-0.228823,-0.14566,-0.793258,0.677722,-0.73742,0.441191,-0.093627,-0.247688,-0.400389,-0.494282,-0.411655,-0.25051,0.021787,-0.474011,0.226299,-0.007327,0.363296,-0.064698,-0.12286
1792,"Amasaki, Kouhei",staff_38438,0.062307,-0.094561,0.034207,-0.231226,0.043183,0.187074,0.195024,-0.151838,0.244761,0.060981,-0.138435,0.075152,0.14449,-0.01659,-0.024627,-0.321407,0.268256,0.032638,0.141811,-0.006198,0.195437,-0.006254,-0.205546,-0.148422,0.103602,0.245625,-0.480044,0.148498,-0.229501,0.224982,-0.431943,0.065474,0.274713,-0.33356,0.393029,-0.191298,0.066759,0.02878,-0.201668,0.102909,0.130086,0.054614,0.382113,-0.246304,-0.002282,-0.344952,0.04385,-0.330601,0.07892,0.277817,-0.077083,-0.047236,0.181663,0.275641,-0.010208,-0.344992,0.260836,0.124431,-0.172399,0.253006,-0.221432,-0.043296,0.092303,-0.208751
1793,"Tanaka, Tomoya",staff_46103,-0.101387,-0.427391,-0.314347,0.012205,0.387593,-0.052295,0.530259,-0.341376,0.276708,-0.155562,0.600078,1.134037,0.597602,-0.100915,-0.989583,-0.575514,-0.043422,0.820524,-0.113203,0.076796,0.407849,0.329921,0.112869,0.348785,0.412357,-0.190149,0.046999,0.421272,0.249754,-0.355673,0.342958,-0.462849,0.276825,0.308693,-0.262422,0.484694,-0.29354,-0.259813,-0.02592,0.167348,-1.15341,-0.093888,-0.255132,-0.074328,-0.040239,-0.203123,-0.071972,-0.73253,0.70461,-0.746051,0.46175,-0.174729,-0.211709,-0.395873,-0.606356,-0.462574,-0.158534,-0.041431,-0.535644,0.244714,-0.072998,0.45898,-0.073318,-0.165103
1794,"Osanai, Reo",staff_64404,0.104433,-0.103855,0.011174,-0.224713,0.051072,0.139598,0.16361,-0.177913,0.195356,0.091755,-0.048804,0.074165,0.133997,-0.04786,-0.039008,-0.330047,0.200431,-0.011243,0.102776,-0.009334,0.193042,-0.011759,-0.151635,-0.205893,0.114575,0.260314,-0.479355,0.17969,-0.227036,0.215886,-0.381425,0.075284,0.249792,-0.373281,0.372825,-0.19957,0.077097,0.080557,-0.184458,0.103027,0.16483,0.04429,0.302181,-0.286689,0.032495,-0.331591,0.007582,-0.289712,0.098632,0.178488,-0.152027,-0.034714,0.113543,0.315016,-0.013325,-0.298376,0.206154,0.137422,-0.170562,0.25697,-0.243462,0.011828,0.065076,-0.189469
1795,"Inoue, Yoshio",staff_42757,0.090605,-0.075561,0.085368,-0.298771,-0.047197,0.240866,0.170609,-0.191733,0.282932,0.111126,-0.120788,0.080777,0.157682,0.018979,9.6e-05,-0.31796,0.257435,0.042948,0.106201,0.036845,0.296828,0.02479,-0.187165,-0.16975,0.180643,0.261442,-0.438871,0.15627,-0.265231,0.278462,-0.410347,0.020101,0.22306,-0.346057,0.369473,-0.153348,0.134203,0.05343,-0.074431,0.059181,0.181948,0.061727,0.301748,-0.22999,-0.012877,-0.364644,-0.002511,-0.294549,0.095371,0.25993,-0.124234,0.047724,0.206604,0.265252,-0.026335,-0.319996,0.243317,0.213814,-0.229274,0.221119,-0.17707,-0.057013,0.074727,-0.194709
1796,"Kanda, Sayaka",staff_17817,0.090605,-0.075561,0.085368,-0.298771,-0.047197,0.240866,0.170609,-0.191733,0.282932,0.111126,-0.120788,0.080777,0.157682,0.018979,9.6e-05,-0.31796,0.257435,0.042948,0.106201,0.036845,0.296828,0.02479,-0.187165,-0.16975,0.180643,0.261442,-0.438871,0.15627,-0.265231,0.278462,-0.410347,0.020101,0.22306,-0.346057,0.369473,-0.153348,0.134203,0.05343,-0.074431,0.059181,0.181948,0.061727,0.301748,-0.22999,-0.012877,-0.364644,-0.002511,-0.294549,0.095371,0.25993,-0.124234,0.047724,0.206604,0.265252,-0.026335,-0.319996,0.243317,0.213814,-0.229274,0.221119,-0.17707,-0.057013,0.074727,-0.194709
1797,"Aoyama, Yoshino",staff_24269,0.063347,-0.028746,0.070258,-0.239596,0.04759,0.164923,0.189914,-0.001639,0.240109,0.086073,-0.251846,0.092917,0.036779,0.05403,0.017644,-0.370456,0.371187,0.117816,0.103002,-0.02044,0.099711,-0.007337,-0.223932,-0.142346,0.046883,0.225571,-0.455139,0.166088,-0.139386,0.155685,-0.496905,-0.018446,0.386791,-0.363971,0.460889,-0.149775,-0.048885,-0.060454,-0.25396,0.159964,0.033591,0.111502,0.465552,-0.262233,-0.091813,-0.271534,0.083638,-0.321832,0.048495,0.34153,-0.083933,-0.185173,0.251568,0.269789,0.112592,-0.427601,0.218332,0.055786,-0.129173,0.269909,-0.187271,-0.046454,0.017131,-0.0773
1798,"Suzushiro, Sayumi",staff_48122,0.055171,-0.093541,0.046232,-0.244973,0.02541,0.175603,0.199136,-0.104374,0.222303,0.07056,-0.154025,0.075258,0.13025,0.00565,0.004869,-0.347011,0.271521,0.062434,0.129764,-0.021521,0.192284,-0.022361,-0.216718,-0.129223,0.109433,0.269265,-0.484143,0.147905,-0.182045,0.204517,-0.423299,0.052811,0.284694,-0.324662,0.417139,-0.196938,0.025308,0.005367,-0.199791,0.123686,0.087983,0.070168,0.40988,-0.275665,-0.040904,-0.318579,0.050664,-0.308342,0.077106,0.295373,-0.105268,-0.050723,0.189426,0.269991,0.023989,-0.367662,0.258122,0.092374,-0.150266,0.257594,-0.229348,-0.047764,0.083156,-0.176305
1799,"Mizuno, Saku",staff_53810,0.087377,-0.060161,0.111677,-0.292966,0.044662,0.223608,0.165529,0.043258,0.246916,0.07349,-0.330432,0.138956,-0.059726,0.060166,0.087319,-0.403902,0.380173,0.183816,0.108239,-0.024124,-0.01686,-0.021724,-0.284079,-0.133141,0.054444,0.181877,-0.469557,0.208425,-0.122438,0.209912,-0.522996,-0.026895,0.440627,-0.300535,0.504571,-0.081617,-0.093424,-0.095368,-0.313772,0.220623,-0.028083,0.132892,0.523087,-0.292151,-0.078982,-0.27922,0.108214,-0.328124,0.042937,0.430328,-0.087492,-0.290973,0.284606,0.255433,0.172517,-0.477562,0.18529,0.063939,-0.129428,0.259632,-0.131491,-0.060981,-0.060265,-0.027647
1800,"Asaka, Morio",staff_5921,-0.20822,-0.439541,-0.279559,0.070078,0.357087,-0.03893,0.52605,-0.352732,0.286306,-0.175276,0.572835,1.125765,0.631157,-0.074852,-1.090598,-0.533656,0.012911,0.88166,-0.11663,0.045024,0.398307,0.375761,0.106913,0.272198,0.474502,-0.144947,0.084863,0.314861,0.210231,-0.362433,0.373429,-0.388686,0.277491,0.236922,-0.231164,0.386678,-0.408519,-0.289553,-0.082682,0.193236,-1.266855,-0.055323,-0.100019,-0.180119,-0.121225,-0.264187,-0.003303,-0.72383,0.579117,-0.753143,0.516251,-0.099311,-0.360193,-0.385323,-0.651616,-0.460964,-0.099525,0.036894,-0.589898,0.324084,-0.132307,0.319791,-0.095551,-0.152601
1801,"Kawana, Midori",staff_249,-0.060634,0.010782,0.030995,-0.193645,0.052872,0.065715,0.263142,-3e-06,0.277863,0.095117,-0.181181,0.04855,0.120632,-0.00602,-0.050065,-0.340245,0.400447,0.082318,0.128388,-0.030754,0.263553,-0.000767,-0.147774,-0.147159,-0.001555,0.261386,-0.42711,0.058622,-0.108871,0.044695,-0.490968,-0.01281,0.315533,-0.473956,0.414182,-0.301175,-0.084607,-0.001059,-0.244228,0.151347,0.070814,0.156325,0.441055,-0.23441,-0.162127,-0.24291,0.120523,-0.346494,0.06069,0.236643,-0.042477,-0.106572,0.23174,0.281578,0.067928,-0.387151,0.259797,0.027354,-0.038131,0.35333,-0.308386,-0.045762,0.154468,-0.084838
1802,"Tsuchiya, Anna",staff_5376,-0.060634,0.010782,0.030995,-0.193645,0.052872,0.065715,0.263142,-3e-06,0.277863,0.095117,-0.181181,0.04855,0.120632,-0.00602,-0.050065,-0.340245,0.400447,0.082318,0.128388,-0.030754,0.263553,-0.000767,-0.147774,-0.147159,-0.001555,0.261386,-0.42711,0.058622,-0.108871,0.044695,-0.490968,-0.01281,0.315533,-0.473956,0.414182,-0.301175,-0.084607,-0.001059,-0.244228,0.151347,0.070814,0.156325,0.441055,-0.23441,-0.162127,-0.24291,0.120523,-0.346494,0.06069,0.236643,-0.042477,-0.106572,0.23174,0.281578,0.067928,-0.387151,0.259797,0.027354,-0.038131,0.35333,-0.308386,-0.045762,0.154468,-0.084838
1803,"Itamura, Tomoyuki",staff_15639,-0.175986,-0.378329,-0.343835,-0.020741,0.344801,-0.062365,0.53273,-0.323716,0.272742,-0.125774,0.651811,1.125086,0.697577,-0.074581,-0.904019,-0.532397,-0.06767,0.912888,-0.170172,0.145627,0.469354,0.377824,0.094521,0.350149,0.407804,-0.261642,0.123266,0.30614,0.309516,-0.328471,0.336558,-0.514565,0.262133,0.309291,-0.292757,0.530147,-0.233621,-0.282716,-0.077488,0.199344,-1.228515,-0.120174,-0.279788,-0.032158,-0.058331,-0.200538,-0.083464,-0.75327,0.669857,-0.731357,0.496652,-0.068673,-0.285873,-0.430749,-0.550942,-0.413403,-0.222321,-0.01199,-0.544809,0.227045,-0.034262,0.41882,-0.020318,-0.116949
1804,"Takeshita, Ryouhei",staff_40554,-0.189285,-0.342194,-0.363432,-0.0489,0.352261,-0.077463,0.477597,-0.274634,0.30441,-0.173271,0.683685,1.150632,0.723643,-0.092468,-0.884631,-0.524301,0.003007,0.861271,-0.193275,0.116803,0.419646,0.331889,0.107449,0.320985,0.412226,-0.273245,0.196397,0.275256,0.344658,-0.378837,0.309597,-0.547659,0.217149,0.286128,-0.28692,0.588989,-0.224535,-0.311504,-0.093059,0.231258,-1.22847,-0.127092,-0.268172,-0.065996,-0.069913,-0.22436,-0.069629,-0.768154,0.622795,-0.725197,0.519825,-0.116468,-0.329019,-0.430634,-0.614023,-0.435461,-0.198251,0.004763,-0.516194,0.233565,-0.066967,0.446583,-0.04856,-0.152154
1805,"Takahata, Isao",staff_5579,-0.361607,-0.361478,-0.301145,0.000617,0.333592,-0.140409,0.555004,-0.3745,0.434562,-0.216851,0.681559,0.9815,0.754366,-0.119676,-0.972696,-0.503804,0.139054,0.946887,-0.215958,0.114989,0.315083,0.407526,-0.006058,0.249734,0.419035,-0.189334,0.242217,0.141628,0.297043,-0.392059,0.433561,-0.506893,0.323132,0.226936,-0.261784,0.524155,-0.285984,-0.313339,-0.18925,0.271406,-1.380951,-0.114033,-0.173672,-0.231741,-0.244492,-0.339778,0.157818,-0.719466,0.594971,-0.701912,0.547186,-0.005926,-0.397346,-0.504241,-0.612783,-0.340378,-0.204633,0.05725,-0.57635,0.361441,-0.10117,0.335042,-0.089137,0.022744
1806,"Tatsumi, Tsutomu",staff_6976,-0.055681,0.060783,0.067567,-0.295221,-0.069978,0.201858,0.209889,-0.038878,0.390833,0.123126,-0.275088,0.124649,0.142538,0.100135,-0.019198,-0.302134,0.434155,0.128289,0.097829,0.021723,0.313955,0.063731,-0.177929,-0.208302,0.103503,0.27158,-0.406344,0.097989,-0.207204,0.179908,-0.539898,-0.019322,0.264496,-0.327406,0.364756,-0.202473,0.000823,-0.069753,-0.101742,0.100506,0.141609,0.164306,0.414769,-0.224926,-0.230429,-0.331628,0.058067,-0.297767,-0.013175,0.325855,0.009858,0.025746,0.291412,0.214384,0.066021,-0.37817,0.309502,0.147405,-0.123567,0.270117,-0.193825,-0.07939,0.159022,-0.108291
1807,"Shiraishi, Ayano",staff_20044,-0.055681,0.060783,0.067567,-0.295221,-0.069978,0.201858,0.209889,-0.038878,0.390833,0.123126,-0.275088,0.124649,0.142538,0.100135,-0.019198,-0.302134,0.434155,0.128289,0.097829,0.021723,0.313955,0.063731,-0.177929,-0.208302,0.103503,0.27158,-0.406344,0.097989,-0.207204,0.179908,-0.539898,-0.019322,0.264496,-0.327406,0.364756,-0.202473,0.000823,-0.069753,-0.101742,0.100506,0.141609,0.164306,0.414769,-0.224926,-0.230429,-0.331628,0.058067,-0.297767,-0.013175,0.325855,0.009858,0.025746,0.291412,0.214384,0.066021,-0.37817,0.309502,0.147405,-0.123567,0.270117,-0.193825,-0.07939,0.159022,-0.108291
1808,"Takahashi, Naohito",staff_10248,-0.261885,-0.353682,-0.221465,0.113498,0.290124,-0.063738,0.467892,-0.28354,0.311376,-0.191979,0.581492,1.147611,0.698265,-0.106881,-1.053112,-0.482652,0.025528,0.901929,-0.174418,0.012417,0.357012,0.355071,0.058724,0.246331,0.489959,-0.216485,0.122674,0.295822,0.21643,-0.320168,0.371911,-0.369373,0.25132,0.154335,-0.234202,0.467029,-0.384836,-0.323303,-0.138462,0.213577,-1.265507,-0.098239,-0.125379,-0.218568,-0.133177,-0.263724,0.017055,-0.634593,0.530086,-0.712485,0.578275,-0.090667,-0.422538,-0.46182,-0.598736,-0.408631,-0.070629,0.088198,-0.625144,0.339628,-0.128012,0.281096,-0.04042,-0.138718
1809,"Takayama, Minami",staff_24,0.070701,-0.079774,0.037697,-0.25203,-0.000629,0.170015,0.170308,-0.131569,0.243427,0.096991,-0.12178,0.083114,0.130603,-0.004239,-0.014173,-0.344211,0.259635,0.041014,0.102575,0.003898,0.217905,0.012413,-0.175677,-0.183503,0.108466,0.253109,-0.471988,0.150554,-0.220714,0.220544,-0.41055,0.048828,0.252349,-0.346227,0.364904,-0.19078,0.065743,0.033933,-0.171855,0.099924,0.143384,0.06609,0.347605,-0.260332,-0.032677,-0.334737,0.03017,-0.295787,0.06869,0.23707,-0.123456,-0.029622,0.16715,0.273035,0.007263,-0.33493,0.231122,0.139685,-0.162033,0.24576,-0.210691,-0.021309,0.080736,-0.170174
1810,"Canna, Nobutoshi",staff_96,0.022712,-0.029989,0.076349,-0.229553,-0.027787,0.16822,0.197445,-0.095784,0.293041,0.065053,-0.180244,0.094921,0.160389,0.072384,-0.037217,-0.354221,0.320713,0.091896,0.121147,0.032282,0.199359,-0.015512,-0.188852,-0.143019,0.109926,0.239274,-0.437516,0.165784,-0.217041,0.194962,-0.451856,0.044928,0.25814,-0.347121,0.399404,-0.174333,0.058475,-0.034437,-0.200224,0.104498,0.119981,0.095791,0.407591,-0.249507,-0.09995,-0.325071,0.080755,-0.347458,0.089192,0.299972,-0.06548,-0.006949,0.219048,0.216276,0.020004,-0.363703,0.302855,0.134073,-0.131156,0.252309,-0.190014,-0.079539,0.110079,-0.157442
1811,"Fukushima, Orine",staff_12269,-0.023173,-0.001485,0.112275,-0.187489,-0.042348,0.125101,0.243991,-0.025109,0.308225,0.027612,-0.215966,0.067203,0.192267,0.134673,-0.053436,-0.388856,0.389627,0.141594,0.148537,0.034547,0.193302,-0.054158,-0.209811,-0.066794,0.064795,0.229166,-0.430851,0.136701,-0.16713,0.121852,-0.465844,0.029574,0.271028,-0.381799,0.446648,-0.193806,0.015879,-0.082235,-0.258716,0.118204,0.049712,0.121791,0.487874,-0.218988,-0.158862,-0.273079,0.147691,-0.41023,0.118309,0.362419,-0.039307,-0.015697,0.276361,0.181765,0.045976,-0.427266,0.371587,0.08335,-0.084559,0.288369,-0.201417,-0.135406,0.148572,-0.140289
1812,"Miura, Tomoko",staff_10790,-0.023173,-0.001485,0.112275,-0.187489,-0.042348,0.125101,0.243991,-0.025109,0.308225,0.027612,-0.215966,0.067203,0.192267,0.134673,-0.053436,-0.388856,0.389627,0.141594,0.148537,0.034547,0.193302,-0.054158,-0.209811,-0.066794,0.064795,0.229166,-0.430851,0.136701,-0.16713,0.121852,-0.465844,0.029574,0.271028,-0.381799,0.446648,-0.193806,0.015879,-0.082235,-0.258716,0.118204,0.049712,0.121791,0.487874,-0.218988,-0.158862,-0.273079,0.147691,-0.41023,0.118309,0.362419,-0.039307,-0.015697,0.276361,0.181765,0.045976,-0.427266,0.371587,0.08335,-0.084559,0.288369,-0.201417,-0.135406,0.148572,-0.140289
1813,"Miyanishi, Tetsuya",staff_55601,-0.099435,-0.42431,-0.309475,0.023656,0.383741,-0.044503,0.521114,-0.353022,0.265763,-0.160562,0.587752,1.124468,0.598202,-0.114141,-0.992957,-0.585526,-0.052581,0.826598,-0.103139,0.075912,0.418964,0.340458,0.119177,0.350632,0.411939,-0.181565,0.0507,0.418949,0.262015,-0.349052,0.355811,-0.454715,0.280458,0.295148,-0.25316,0.477332,-0.30839,-0.263612,-0.034347,0.162696,-1.15835,-0.082525,-0.240206,-0.081407,-0.054334,-0.206845,-0.058978,-0.740194,0.691247,-0.753906,0.459124,-0.160749,-0.221848,-0.39659,-0.602453,-0.467249,-0.154171,-0.031698,-0.543197,0.245084,-0.068198,0.444291,-0.070466,-0.160753
1814,"Miyuki, Sanae",staff_288,0.110542,-0.099426,0.012889,-0.226035,0.046181,0.136944,0.164343,-0.177909,0.194505,0.089515,-0.045384,0.073657,0.138628,-0.04129,-0.028037,-0.336036,0.20483,-0.010247,0.097189,-0.002973,0.19525,-0.005314,-0.150319,-0.213076,0.110244,0.257328,-0.485175,0.177961,-0.225257,0.210268,-0.391059,0.069186,0.252087,-0.366168,0.373449,-0.205131,0.077944,0.082472,-0.185253,0.099446,0.17086,0.046678,0.300823,-0.282064,0.033306,-0.331087,0.001337,-0.291732,0.098722,0.176148,-0.152396,-0.028783,0.121387,0.316928,-0.013483,-0.295755,0.204187,0.141857,-0.170954,0.263556,-0.241123,0.00505,0.069201,-0.187786
1815,"Nakahara, Shigeru",staff_445,0.110542,-0.099426,0.012889,-0.226035,0.046181,0.136944,0.164343,-0.177909,0.194505,0.089515,-0.045384,0.073657,0.138628,-0.04129,-0.028037,-0.336036,0.20483,-0.010247,0.097189,-0.002973,0.19525,-0.005314,-0.150319,-0.213076,0.110244,0.257328,-0.485175,0.177961,-0.225257,0.210268,-0.391059,0.069186,0.252087,-0.366168,0.373449,-0.205131,0.077944,0.082472,-0.185253,0.099446,0.17086,0.046678,0.300823,-0.282064,0.033306,-0.331087,0.001337,-0.291732,0.098722,0.176148,-0.152396,-0.028783,0.121387,0.316928,-0.013483,-0.295755,0.204187,0.141857,-0.170954,0.263556,-0.241123,0.00505,0.069201,-0.187786
1816,"Chiba, Shigeru",staff_255,0.110542,-0.099426,0.012889,-0.226035,0.046181,0.136944,0.164343,-0.177909,0.194505,0.089515,-0.045384,0.073657,0.138628,-0.04129,-0.028037,-0.336036,0.20483,-0.010247,0.097189,-0.002973,0.19525,-0.005314,-0.150319,-0.213076,0.110244,0.257328,-0.485175,0.177961,-0.225257,0.210268,-0.391059,0.069186,0.252087,-0.366168,0.373449,-0.205131,0.077944,0.082472,-0.185253,0.099446,0.17086,0.046678,0.300823,-0.282064,0.033306,-0.331087,0.001337,-0.291732,0.098722,0.176148,-0.152396,-0.028783,0.121387,0.316928,-0.013483,-0.295755,0.204187,0.141857,-0.170954,0.263556,-0.241123,0.00505,0.069201,-0.187786
1817,"Fuchigami, Makoto",staff_36884,-0.259835,-0.358506,-0.376884,-0.087342,0.42973,-0.08838,0.498681,-0.313978,0.369279,-0.223087,0.748378,1.075684,0.704304,-0.116285,-0.948276,-0.531263,0.136009,0.822349,-0.207819,0.096571,0.336481,0.320783,0.040447,0.279496,0.398245,-0.22446,0.204854,0.27059,0.288746,-0.404545,0.352332,-0.54824,0.246962,0.265929,-0.320774,0.572995,-0.25691,-0.270355,-0.070169,0.272923,-1.292591,-0.168003,-0.261396,-0.120838,-0.07005,-0.247247,0.058547,-0.767871,0.635789,-0.730746,0.575169,-0.149271,-0.312874,-0.452123,-0.688589,-0.464647,-0.173818,0.024451,-0.537681,0.293685,-0.103325,0.453429,-0.118024,-0.105433
1818,"Hatta, Yousuke",staff_47545,-0.259835,-0.358506,-0.376884,-0.087342,0.42973,-0.08838,0.498681,-0.313978,0.369279,-0.223087,0.748378,1.075684,0.704304,-0.116285,-0.948276,-0.531263,0.136009,0.822349,-0.207819,0.096571,0.336481,0.320783,0.040447,0.279496,0.398245,-0.22446,0.204854,0.27059,0.288746,-0.404545,0.352332,-0.54824,0.246962,0.265929,-0.320774,0.572995,-0.25691,-0.270355,-0.070169,0.272923,-1.292591,-0.168003,-0.261396,-0.120838,-0.07005,-0.247247,0.058547,-0.767871,0.635789,-0.730746,0.575169,-0.149271,-0.312874,-0.452123,-0.688589,-0.464647,-0.173818,0.024451,-0.537681,0.293685,-0.103325,0.453429,-0.118024,-0.105433
1819,"Hinata, Minami",staff_54016,0.098755,-0.052754,0.043525,-0.261661,0.026432,0.188848,0.158029,-0.130286,0.23128,0.131146,-0.130047,0.102862,0.089285,0.009024,0.000249,-0.320069,0.278115,0.023213,0.073286,0.009188,0.195253,0.003537,-0.155731,-0.213277,0.114653,0.24696,-0.423975,0.199004,-0.211436,0.236952,-0.438418,0.029126,0.304778,-0.356194,0.387561,-0.15239,0.067905,0.015063,-0.147821,0.113617,0.13067,0.066652,0.337035,-0.286089,-0.039551,-0.326686,0.015069,-0.275935,0.066463,0.249526,-0.134827,-0.044779,0.181075,0.302644,0.025542,-0.328495,0.188199,0.134434,-0.191061,0.242468,-0.214603,-0.029434,0.035124,-0.124704
1820,"Obara, Masakazu",staff_14217,-0.22059,-0.31131,-0.376268,0.019653,0.313405,-0.055766,0.499571,-0.311015,0.297123,-0.091363,0.678425,1.122972,0.745365,-0.071608,-0.872491,-0.510855,-0.086203,0.910725,-0.221657,0.18146,0.480119,0.340547,0.064529,0.338307,0.384952,-0.314722,0.125085,0.255782,0.299479,-0.296387,0.345601,-0.506525,0.258581,0.278764,-0.330745,0.561304,-0.226347,-0.23784,-0.096526,0.171056,-1.232886,-0.125597,-0.330603,-0.007216,-0.062108,-0.226848,-0.109588,-0.782959,0.677172,-0.728149,0.463024,-0.064232,-0.271358,-0.43305,-0.487723,-0.392598,-0.266932,0.0261,-0.502205,0.219653,0.006197,0.374892,-0.031368,-0.090305
1821,"Misawa, Sachika",staff_7337,0.058242,-0.099723,0.03129,-0.298251,0.02404,0.271774,0.207889,-0.202278,0.231854,0.114525,-0.129336,0.083244,0.152754,-0.017002,0.035905,-0.286505,0.249275,0.010434,0.124742,0.028259,0.276701,0.006419,-0.207341,-0.143998,0.182833,0.304764,-0.441661,0.157909,-0.239044,0.301658,-0.450161,0.050011,0.291284,-0.316568,0.395305,-0.20391,0.122604,0.003434,-0.093375,0.066231,0.179997,0.022691,0.369644,-0.289983,7e-06,-0.393862,0.018379,-0.271245,0.09868,0.27671,-0.070791,0.038114,0.180671,0.283984,-0.050434,-0.301076,0.252132,0.14278,-0.220012,0.215079,-0.219314,-0.071565,0.101725,-0.223199
1822,"Sonozaki, Mie",staff_602,0.076397,-0.133092,0.108906,-0.312373,-0.032109,0.304402,0.129066,-0.176238,0.293665,0.168714,-0.176917,0.124743,0.097418,0.000576,0.010673,-0.311357,0.269214,0.063977,0.124664,0.028483,0.258409,0.073368,-0.239067,-0.173407,0.200478,0.251984,-0.439217,0.183579,-0.258076,0.33575,-0.421048,0.025779,0.249615,-0.346144,0.355757,-0.143247,0.150529,0.006283,-0.09666,0.129351,0.207038,0.045852,0.345823,-0.236304,0.009164,-0.360216,0.035949,-0.329636,0.060227,0.294824,-0.07488,0.000541,0.172094,0.227473,-0.029446,-0.314792,0.194838,0.215627,-0.211282,0.174039,-0.182724,-0.043992,0.021554,-0.177747
1823,"Buhr, Reba",staff_43880,0.076397,-0.133092,0.108906,-0.312373,-0.032109,0.304402,0.129066,-0.176238,0.293665,0.168714,-0.176917,0.124743,0.097418,0.000576,0.010673,-0.311357,0.269214,0.063977,0.124664,0.028483,0.258409,0.073368,-0.239067,-0.173407,0.200478,0.251984,-0.439217,0.183579,-0.258076,0.33575,-0.421048,0.025779,0.249615,-0.346144,0.355757,-0.143247,0.150529,0.006283,-0.09666,0.129351,0.207038,0.045852,0.345823,-0.236304,0.009164,-0.360216,0.035949,-0.329636,0.060227,0.294824,-0.07488,0.000541,0.172094,0.227473,-0.029446,-0.314792,0.194838,0.215627,-0.211282,0.174039,-0.182724,-0.043992,0.021554,-0.177747
1824,"Naitou, Ami",staff_36507,0.076397,-0.133092,0.108906,-0.312373,-0.032109,0.304402,0.129066,-0.176238,0.293665,0.168714,-0.176917,0.124743,0.097418,0.000576,0.010673,-0.311357,0.269214,0.063977,0.124664,0.028483,0.258409,0.073368,-0.239067,-0.173407,0.200478,0.251984,-0.439217,0.183579,-0.258076,0.33575,-0.421048,0.025779,0.249615,-0.346144,0.355757,-0.143247,0.150529,0.006283,-0.09666,0.129351,0.207038,0.045852,0.345823,-0.236304,0.009164,-0.360216,0.035949,-0.329636,0.060227,0.294824,-0.07488,0.000541,0.172094,0.227473,-0.029446,-0.314792,0.194838,0.215627,-0.211282,0.174039,-0.182724,-0.043992,0.021554,-0.177747
1825,"Hirano, Hiroki",staff_64904,-0.23979,-0.303739,-0.35268,-0.013834,0.305582,-0.103213,0.495892,-0.297515,0.328261,-0.125538,0.693474,1.07647,0.759578,-0.135478,-0.849942,-0.492534,-0.034782,0.923766,-0.206506,0.153412,0.426952,0.375268,0.033666,0.323535,0.37337,-0.33197,0.161721,0.255479,0.322763,-0.293467,0.402669,-0.535111,0.285152,0.266196,-0.316075,0.606537,-0.19713,-0.289275,-0.123783,0.229714,-1.254879,-0.152972,-0.330359,-0.033746,-0.106673,-0.227773,-0.023619,-0.741452,0.677825,-0.712949,0.516966,-0.051237,-0.30681,-0.480481,-0.494025,-0.372266,-0.261311,0.025708,-0.549517,0.225429,0.00614,0.400341,0.017781,-0.0498
1826,"Oota, Masahiko",staff_8838,-0.197442,-0.388989,-0.282209,0.078537,0.345778,-0.032353,0.469007,-0.303612,0.300759,-0.20534,0.587465,1.172731,0.648958,-0.080824,-1.08226,-0.53909,0.040836,0.814094,-0.145961,0.016122,0.358839,0.29833,0.10225,0.268507,0.475442,-0.16199,0.099228,0.319696,0.207541,-0.379445,0.340725,-0.394412,0.232332,0.197223,-0.240228,0.442091,-0.406881,-0.283397,-0.079672,0.189832,-1.228195,-0.057322,-0.122863,-0.193616,-0.106664,-0.265063,-0.039327,-0.72022,0.550658,-0.740898,0.506071,-0.163601,-0.361093,-0.38874,-0.660061,-0.481602,-0.065991,0.051217,-0.538112,0.317968,-0.146467,0.334883,-0.121162,-0.187837
1827,"Andou, Masahiro",staff_6518,-0.212195,-0.435984,-0.332731,0.020083,0.36947,-0.061927,0.541626,-0.326607,0.32017,-0.169803,0.645853,1.123834,0.650666,-0.097417,-1.019277,-0.534002,0.057,0.811155,-0.128205,0.049629,0.357313,0.324121,0.064332,0.280879,0.418664,-0.206402,0.078943,0.311717,0.218056,-0.411229,0.392905,-0.446947,0.306332,0.270915,-0.254112,0.456526,-0.333486,-0.279893,-0.062944,0.231232,-1.252334,-0.103369,-0.194875,-0.120563,-0.11074,-0.273581,-0.011056,-0.757393,0.624082,-0.754871,0.501596,-0.134966,-0.300053,-0.376074,-0.634891,-0.484279,-0.168029,-0.003681,-0.53578,0.257558,-0.115423,0.403487,-0.089485,-0.156949
1828,"Suzuki, Kentarou",staff_41245,-0.041747,-0.263554,-0.554596,-0.269514,0.454485,-0.052613,0.447726,-0.18536,0.308907,-0.196558,0.720045,1.115489,0.823908,-0.180688,-0.805214,-0.537182,0.080961,0.770657,-0.205703,0.238495,0.461008,0.252079,0.250845,0.365049,0.401432,-0.275205,0.43257,0.238552,0.470665,-0.576465,0.257047,-0.592901,0.232395,0.335213,-0.424727,0.769092,-0.122475,-0.281463,0.021722,0.160116,-1.328761,-0.035366,-0.25441,-0.044535,-0.177108,-0.316262,-0.121875,-0.82187,0.511254,-0.669434,0.514767,-0.102649,-0.355546,-0.593347,-0.744359,-0.406489,-0.203014,0.016016,-0.471918,0.17556,-0.009867,0.4984,-0.184355,-0.15641
1829,"Nishitani, Ryou",staff_45125,0.245945,-0.159659,0.251364,-0.410716,-0.134196,0.390023,0.082978,-0.119259,0.246998,0.095029,-0.304958,0.129635,0.040342,0.126638,0.183742,-0.387839,0.185954,0.206108,0.125232,-0.090973,0.177743,0.071333,-0.407061,-0.088737,0.343145,0.306186,-0.613884,0.214279,-0.159857,0.372704,-0.367752,-0.028223,0.23609,-0.076635,0.537968,-0.006012,0.030158,0.042657,-0.004261,0.149729,0.053175,0.126217,0.404134,-0.240458,0.04608,-0.282083,-0.133286,-0.226931,-0.014586,0.487814,-0.210028,-0.021757,0.300121,0.216658,0.13443,-0.44244,0.236256,0.300964,-0.276819,0.110084,-0.052255,-0.004202,-0.114584,-0.183496
1830,"Andou, Masaomi",staff_17913,-0.153195,-0.398264,-0.292447,0.072593,0.338463,-0.039003,0.503479,-0.330694,0.273794,-0.154557,0.584103,1.151367,0.643846,-0.091763,-1.026177,-0.54011,-0.0292,0.84673,-0.134381,0.074002,0.410641,0.325047,0.09777,0.321503,0.435302,-0.198698,0.063705,0.3591,0.223248,-0.332917,0.349191,-0.411236,0.268436,0.232443,-0.266579,0.454319,-0.349748,-0.262198,-0.063812,0.161706,-1.202748,-0.076294,-0.194315,-0.120789,-0.07784,-0.227772,-0.06396,-0.724187,0.620673,-0.739324,0.485907,-0.130438,-0.292921,-0.405992,-0.582601,-0.447884,-0.126079,0.009701,-0.549485,0.274122,-0.08606,0.357101,-0.066044,-0.155581
1831,"Katou, Ren",staff_37557,0.001507,-0.050409,0.031836,-0.12191,0.039662,0.056321,0.216679,0.008489,0.223834,0.068079,-0.183378,0.013411,0.191198,0.07037,-0.111897,-0.370392,0.373679,0.081597,0.151689,-0.076223,0.226794,0.015112,-0.234899,-0.083058,0.013388,0.296176,-0.527485,0.067474,-0.115209,0.032389,-0.414839,0.021256,0.279034,-0.430341,0.423019,-0.264263,-0.041443,-0.044372,-0.245413,0.13537,0.067377,0.082365,0.473803,-0.18723,-0.111102,-0.19841,0.093844,-0.377432,0.025215,0.293222,-0.05167,-0.067775,0.191004,0.234284,0.057139,-0.432899,0.322575,-0.007984,-0.079617,0.282527,-0.285878,-0.018083,0.133588,-0.186535
1832,"Asano, Naoyuki",staff_35017,-0.265122,-0.352394,-0.233154,0.081938,0.292686,-0.088849,0.476872,-0.267194,0.331409,-0.182067,0.60973,1.14248,0.708202,-0.107382,-1.024659,-0.470558,0.03569,0.906756,-0.187683,0.026417,0.348852,0.359478,0.045572,0.247547,0.477544,-0.237427,0.13475,0.286798,0.22325,-0.318892,0.376202,-0.402534,0.258818,0.178438,-0.247949,0.499029,-0.345494,-0.328952,-0.139259,0.231308,-1.270219,-0.121747,-0.157168,-0.200115,-0.133624,-0.255458,0.02218,-0.6295,0.552943,-0.700408,0.590443,-0.089264,-0.411249,-0.475367,-0.591322,-0.389924,-0.096707,0.072988,-0.622621,0.324982,-0.121929,0.305693,-0.026874,-0.124148
1833,"Okada, Kenjirou",staff_42180,-0.26408,-0.352649,-0.233196,0.081444,0.293992,-0.088096,0.478034,-0.267853,0.331054,-0.183737,0.608505,1.142036,0.707607,-0.10754,-1.024322,-0.470201,0.036112,0.907089,-0.187771,0.026906,0.348103,0.360128,0.046149,0.247515,0.477397,-0.237095,0.133288,0.287599,0.222613,-0.318991,0.375119,-0.401844,0.258536,0.178529,-0.248993,0.497418,-0.346814,-0.327925,-0.13765,0.231856,-1.269354,-0.121491,-0.157153,-0.199345,-0.130606,-0.254723,0.020965,-0.629301,0.553183,-0.700513,0.589743,-0.089008,-0.411596,-0.474648,-0.592125,-0.390437,-0.094117,0.071495,-0.622299,0.326096,-0.121273,0.307152,-0.026036,-0.123808
1834,"Harada, Nana",staff_16901,-0.104559,-0.425501,-0.314223,0.011144,0.38549,-0.04948,0.533589,-0.3438,0.274682,-0.156154,0.598584,1.136915,0.596001,-0.101378,-0.99172,-0.57795,-0.042366,0.820638,-0.109788,0.073415,0.409812,0.325614,0.111345,0.347494,0.412698,-0.191203,0.051929,0.420237,0.249032,-0.357662,0.337565,-0.458694,0.277872,0.305613,-0.260783,0.488678,-0.2902,-0.257808,-0.026985,0.167597,-1.156094,-0.095037,-0.254464,-0.076582,-0.039575,-0.205891,-0.072494,-0.730192,0.701896,-0.746446,0.461206,-0.176302,-0.211722,-0.397344,-0.604946,-0.465368,-0.160356,-0.037499,-0.536911,0.24662,-0.075295,0.459475,-0.076166,-0.167141
1835,"Nabeshima, Osamu",staff_11321,-0.104559,-0.425501,-0.314223,0.011144,0.38549,-0.04948,0.533589,-0.3438,0.274682,-0.156154,0.598584,1.136915,0.596001,-0.101378,-0.99172,-0.57795,-0.042366,0.820638,-0.109788,0.073415,0.409812,0.325614,0.111345,0.347494,0.412698,-0.191203,0.051929,0.420237,0.249032,-0.357662,0.337565,-0.458694,0.277872,0.305613,-0.260783,0.488678,-0.2902,-0.257808,-0.026985,0.167597,-1.156094,-0.095037,-0.254464,-0.076582,-0.039575,-0.205891,-0.072494,-0.730192,0.701896,-0.746446,0.461206,-0.176302,-0.211722,-0.397344,-0.604946,-0.465368,-0.160356,-0.037499,-0.536911,0.24662,-0.075295,0.459475,-0.076166,-0.167141
1837,"Fukuhara, Kaori",staff_51,0.047532,-0.089203,0.048597,-0.259863,0.046488,0.20038,0.190073,-0.08443,0.225564,0.081772,-0.194116,0.093507,0.091715,0.001203,0.019892,-0.326406,0.296967,0.077399,0.126095,-0.026357,0.165065,-0.012719,-0.223823,-0.139578,0.096914,0.257091,-0.473065,0.161493,-0.17441,0.223317,-0.457983,0.038474,0.32509,-0.310846,0.430487,-0.182652,0.002271,-0.013321,-0.212229,0.140865,0.081569,0.079618,0.438529,-0.280034,-0.046833,-0.323336,0.054774,-0.310081,0.05873,0.330082,-0.080908,-0.091952,0.204547,0.268402,0.040559,-0.376908,0.24123,0.082599,-0.14984,0.258446,-0.226491,-0.047737,0.055374,-0.1436
1838,"Bridcutt, Sarah Emi",staff_19371,0.032285,-0.09199,0.027651,-0.256894,0.02682,0.212125,0.213351,-0.162349,0.228667,0.083792,-0.128431,0.073108,0.179016,-0.001288,-0.003703,-0.293236,0.26432,0.026403,0.133441,0.002338,0.261986,-0.020738,-0.196565,-0.130966,0.135301,0.293253,-0.458774,0.146882,-0.217081,0.251674,-0.431551,0.071183,0.269502,-0.313799,0.398659,-0.215567,0.080551,0.005288,-0.144556,0.083618,0.136776,0.042653,0.39646,-0.277779,-0.035613,-0.361935,0.036383,-0.301203,0.087787,0.296436,-0.073301,0.035587,0.18142,0.269059,-0.03328,-0.331864,0.290393,0.107175,-0.181321,0.247815,-0.248988,-0.069861,0.124724,-0.211823
1839,"Inagaki, Takayuki",staff_6186,-0.161956,-0.374312,-0.334064,0.026243,0.347775,-0.051074,0.510297,-0.330841,0.280564,-0.134746,0.626825,1.12758,0.666489,-0.089365,-0.940535,-0.546515,-0.061556,0.865736,-0.159603,0.115887,0.438996,0.340828,0.091913,0.339419,0.401696,-0.239948,0.083031,0.339138,0.273951,-0.324804,0.3449,-0.477433,0.262705,0.282149,-0.286444,0.510905,-0.275988,-0.256918,-0.068263,0.175364,-1.190047,-0.105576,-0.273536,-0.052526,-0.052728,-0.212358,-0.080273,-0.755215,0.679332,-0.739585,0.465551,-0.118986,-0.25304,-0.40941,-0.553162,-0.434165,-0.195915,-0.003663,-0.524891,0.237027,-0.04062,0.412,-0.047056,-0.133431
1840,"Kishio, Daisuke",staff_440,-0.005232,-0.05484,0.051299,-0.215538,0.029466,0.106551,0.235987,-0.053347,0.256658,0.104248,-0.154965,0.061542,0.125239,-0.005342,-0.028204,-0.37733,0.330553,0.074506,0.136909,-0.01699,0.236001,0.003324,-0.188981,-0.139714,0.057832,0.267485,-0.460814,0.091802,-0.134285,0.108249,-0.444429,0.023614,0.284216,-0.442444,0.396424,-0.27067,-0.018058,0.003131,-0.23483,0.157951,0.095189,0.109496,0.415034,-0.255869,-0.092483,-0.267929,0.106391,-0.343541,0.082723,0.225972,-0.071367,-0.081479,0.191635,0.271148,0.037435,-0.366768,0.237317,0.072383,-0.072426,0.302286,-0.268379,-0.047217,0.127304,-0.131394
1841,"Koyama, Kimiko",staff_171,0.081905,-0.109097,0.014645,-0.241476,0.040335,0.171056,0.181984,-0.180373,0.203172,0.091577,-0.073585,0.070957,0.157875,-0.037211,-0.019049,-0.314809,0.216486,-0.002809,0.115722,-0.012886,0.235154,-0.006797,-0.173388,-0.180681,0.127986,0.280963,-0.483095,0.160406,-0.222459,0.232051,-0.395629,0.077431,0.249239,-0.337555,0.37651,-0.212457,0.080597,0.062357,-0.157235,0.094356,0.158511,0.039672,0.332351,-0.281685,0.012349,-0.345067,0.005175,-0.286833,0.085391,0.220321,-0.126223,0.004381,0.136461,0.301774,-0.026723,-0.306386,0.233306,0.128352,-0.180743,0.252219,-0.252987,-0.017227,0.091675,-0.208741
1842,"Miya, Shigeyuki",staff_10578,-0.159066,-0.396995,-0.263512,0.090544,0.344414,-0.035768,0.489097,-0.328441,0.272882,-0.179049,0.558283,1.135425,0.634181,-0.109693,-1.041829,-0.546978,-0.027687,0.855278,-0.127129,0.042031,0.396725,0.345764,0.108444,0.304509,0.455935,-0.174735,0.066221,0.371139,0.231896,-0.335343,0.362611,-0.393949,0.26217,0.21944,-0.240585,0.442906,-0.377507,-0.283003,-0.075596,0.167717,-1.198786,-0.067208,-0.16203,-0.153983,-0.091966,-0.236343,-0.02852,-0.69824,0.603046,-0.741371,0.498937,-0.130316,-0.315996,-0.413384,-0.608252,-0.450278,-0.09461,0.029722,-0.577019,0.293783,-0.098815,0.351302,-0.067453,-0.16103
1843,"Sakaguchi, Waku",staff_26453,-0.033368,-0.064608,0.091873,-0.155439,-0.030854,0.074349,0.239033,-0.004409,0.276369,0.032066,-0.190302,0.04562,0.218143,0.098808,-0.086553,-0.409781,0.356933,0.133961,0.176812,-0.036954,0.218182,-0.044149,-0.241344,-0.050954,0.043248,0.258665,-0.505582,0.091054,-0.127121,0.076282,-0.396267,0.071669,0.216475,-0.380356,0.418303,-0.243292,-0.02169,-0.046575,-0.284618,0.162812,0.024739,0.112446,0.494402,-0.211781,-0.145635,-0.230012,0.143867,-0.418197,0.078224,0.344493,-0.057424,-0.011458,0.222055,0.183786,0.044108,-0.444807,0.37007,0.043592,-0.049514,0.299461,-0.262556,-0.094394,0.171678,-0.175647
1844,"Kato, Mikio",staff_82798,-0.033368,-0.064608,0.091873,-0.155439,-0.030854,0.074349,0.239033,-0.004409,0.276369,0.032066,-0.190302,0.04562,0.218143,0.098808,-0.086553,-0.409781,0.356933,0.133961,0.176812,-0.036954,0.218182,-0.044149,-0.241344,-0.050954,0.043248,0.258665,-0.505582,0.091054,-0.127121,0.076282,-0.396267,0.071669,0.216475,-0.380356,0.418303,-0.243292,-0.02169,-0.046575,-0.284618,0.162812,0.024739,0.112446,0.494402,-0.211781,-0.145635,-0.230012,0.143867,-0.418197,0.078224,0.344493,-0.057424,-0.011458,0.222055,0.183786,0.044108,-0.444807,0.37007,0.043592,-0.049514,0.299461,-0.262556,-0.094394,0.171678,-0.175647
1845,"Daichi, Akitarou",staff_5640,-0.27234,-0.502714,-0.321868,0.058758,0.398161,-0.053925,0.575339,-0.408657,0.34553,-0.168638,0.619046,1.110153,0.58983,-0.040536,-1.156405,-0.535563,0.089678,0.850514,-0.102774,0.031882,0.340581,0.368915,0.062034,0.221587,0.452764,-0.108932,0.052055,0.270617,0.147124,-0.390836,0.407917,-0.403625,0.312247,0.265904,-0.224239,0.311291,-0.450487,-0.249291,-0.072447,0.232337,-1.309763,-0.068509,-0.076794,-0.195382,-0.129703,-0.307803,0.035492,-0.785467,0.634039,-0.783734,0.499504,-0.136324,-0.330776,-0.310468,-0.695512,-0.499226,-0.123546,0.024112,-0.557665,0.361885,-0.170557,0.327765,-0.150468,-0.131808
1846,"Tachibana, Shinnosuke",staff_792,0.016269,-0.003129,0.078677,-0.222378,-0.008437,0.091844,0.247285,0.011344,0.247583,0.056555,-0.205549,0.047438,0.1266,0.077195,0.005121,-0.419033,0.371011,0.136661,0.126047,-0.00981,0.189276,-0.041039,-0.201722,-0.083006,0.046618,0.266816,-0.456441,0.100865,-0.103776,0.075841,-0.465485,-0.018112,0.322275,-0.414543,0.457649,-0.225978,-0.06468,-0.043368,-0.243175,0.120321,0.032067,0.125063,0.463659,-0.251705,-0.142592,-0.247369,0.105934,-0.326282,0.09965,0.292194,-0.104469,-0.113282,0.266543,0.255361,0.09848,-0.429992,0.288763,0.048034,-0.076273,0.303609,-0.213803,-0.073184,0.099621,-0.100389
1847,"Kanbe, Hiroyuki",staff_11185,-0.154813,-0.386874,-0.33267,-0.013787,0.356831,-0.073414,0.525101,-0.319007,0.290143,-0.1378,0.635114,1.11004,0.669573,-0.104786,-0.931053,-0.535979,-0.046421,0.875008,-0.153549,0.116912,0.429514,0.362505,0.090407,0.33955,0.402142,-0.242253,0.10497,0.341901,0.283304,-0.338559,0.358027,-0.494484,0.280433,0.301233,-0.286867,0.533472,-0.245443,-0.27986,-0.066851,0.194109,-1.207181,-0.115635,-0.27282,-0.055816,-0.074662,-0.212172,-0.056917,-0.730637,0.68557,-0.727048,0.489576,-0.107005,-0.26045,-0.439279,-0.565825,-0.414749,-0.200421,-0.012625,-0.550052,0.232521,-0.040881,0.431772,-0.034872,-0.117262
1848,"Miki, Shinichiro",staff_22,0.050053,-0.054336,0.038835,-0.255997,0.014699,0.226769,0.221429,-0.150775,0.233206,0.071761,-0.154204,0.061547,0.175992,0.040949,0.010682,-0.303614,0.291731,0.038877,0.122149,0.024558,0.249284,-0.016951,-0.205954,-0.111855,0.145939,0.297365,-0.444229,0.151038,-0.221334,0.239509,-0.461429,0.030457,0.304018,-0.321752,0.430722,-0.193377,0.085842,-0.026137,-0.124543,0.048816,0.138494,0.041794,0.408227,-0.265634,-0.044173,-0.361042,0.032008,-0.291261,0.101131,0.309006,-0.068538,0.02406,0.219705,0.265713,-0.015694,-0.344865,0.30335,0.107887,-0.20255,0.232598,-0.207559,-0.083439,0.112395,-0.213624
1849,"Kamei, Kanta",staff_7268,-0.175006,-0.345242,-0.355851,0.026531,0.339277,-0.031923,0.505039,-0.298568,0.273187,-0.114952,0.636895,1.135041,0.70307,-0.067133,-0.957252,-0.513357,-0.054858,0.889297,-0.198167,0.160918,0.474263,0.322176,0.105343,0.334095,0.433194,-0.249639,0.115449,0.306514,0.24941,-0.337621,0.326661,-0.429073,0.263432,0.264804,-0.33608,0.515922,-0.293106,-0.235028,-0.0542,0.137457,-1.238019,-0.076831,-0.256569,-0.062392,-0.060422,-0.230794,-0.105602,-0.754477,0.613611,-0.718111,0.477017,-0.080385,-0.28907,-0.43849,-0.558439,-0.411982,-0.191904,0.020376,-0.531505,0.246929,-0.036469,0.342719,-0.08299,-0.137572
1850,"Yasuno, Kiyono",staff_12711,0.034908,-0.13485,-0.037611,-0.308402,0.081256,0.275876,0.238022,-0.224462,0.158966,0.086876,-0.093733,0.061704,0.167524,-0.081612,0.064605,-0.239192,0.198335,-0.028904,0.130689,0.000141,0.285472,-0.034416,-0.199017,-0.123187,0.174006,0.349459,-0.466368,0.139628,-0.228433,0.324196,-0.445204,0.083862,0.316293,-0.265239,0.415348,-0.252001,0.090961,0.019501,-0.097799,0.043576,0.163545,-0.005719,0.398775,-0.34356,0.021739,-0.433438,0.000478,-0.222759,0.106803,0.281134,-0.075295,0.045856,0.146822,0.320479,-0.073952,-0.288238,0.274676,0.076989,-0.225408,0.235635,-0.270189,-0.060061,0.13363,-0.255012
1851,"Murase, Shukou",staff_5793,-0.210773,-0.397031,-0.31113,0.041177,0.330179,-0.037289,0.514681,-0.290421,0.278051,-0.170142,0.649577,1.147042,0.717302,-0.118863,-0.974015,-0.50737,0.063313,0.841811,-0.150715,0.075646,0.380896,0.316453,0.068825,0.314054,0.437847,-0.256072,0.129885,0.304904,0.256146,-0.389592,0.364175,-0.430009,0.293634,0.206202,-0.26795,0.494121,-0.309904,-0.305141,-0.072096,0.218125,-1.274531,-0.13793,-0.196376,-0.125548,-0.119323,-0.25947,-0.001834,-0.737101,0.538018,-0.737941,0.570413,-0.08337,-0.348194,-0.437523,-0.594646,-0.466748,-0.156786,0.004915,-0.597207,0.242801,-0.117016,0.351509,-0.03878,-0.169186
1852,"Yusa, Kouji",staff_68,0.100554,-0.113262,0.096558,-0.322048,-0.04997,0.266783,0.150722,-0.156089,0.24348,0.129012,-0.168325,0.075478,0.082699,-0.032575,0.072392,-0.372806,0.207903,0.057221,0.096953,0.005881,0.276108,0.108567,-0.230066,-0.126438,0.204738,0.273262,-0.538603,0.111361,-0.222387,0.281424,-0.361948,0.011767,0.242336,-0.351003,0.380783,-0.197142,0.12032,0.057445,-0.092726,0.099309,0.194537,0.101691,0.350124,-0.235325,0.057038,-0.320257,0.004569,-0.273725,0.051673,0.225278,-0.124361,-0.05092,0.145286,0.225396,0.006909,-0.309327,0.230805,0.239243,-0.161334,0.145651,-0.110843,0.032889,0.067403,-0.203475
1853,"Saitou, Rie",staff_217,0.122824,-0.151045,0.148527,-0.332805,-0.055332,0.318312,0.168756,-0.177646,0.275314,0.210271,-0.180815,0.112641,0.05797,0.00352,0.093571,-0.402079,0.23246,0.06255,0.125667,0.035063,0.26216,0.112503,-0.290263,-0.145079,0.237647,0.274622,-0.498205,0.144797,-0.189068,0.316336,-0.396838,0.021036,0.256436,-0.365814,0.379179,-0.187038,0.154051,0.00714,-0.090149,0.166151,0.182234,0.049942,0.359479,-0.261513,0.053237,-0.313704,0.042734,-0.303221,0.07396,0.244314,-0.098157,-0.014742,0.167851,0.248968,-0.01016,-0.318163,0.156685,0.251434,-0.184628,0.141744,-0.140778,-0.04123,0.041105,-0.189035
1854,"Yajima, Akiko",staff_148,0.122824,-0.151045,0.148527,-0.332805,-0.055332,0.318312,0.168756,-0.177646,0.275314,0.210271,-0.180815,0.112641,0.05797,0.00352,0.093571,-0.402079,0.23246,0.06255,0.125667,0.035063,0.26216,0.112503,-0.290263,-0.145079,0.237647,0.274622,-0.498205,0.144797,-0.189068,0.316336,-0.396838,0.021036,0.256436,-0.365814,0.379179,-0.187038,0.154051,0.00714,-0.090149,0.166151,0.182234,0.049942,0.359479,-0.261513,0.053237,-0.313704,0.042734,-0.303221,0.07396,0.244314,-0.098157,-0.014742,0.167851,0.248968,-0.01016,-0.318163,0.156685,0.251434,-0.184628,0.141744,-0.140778,-0.04123,0.041105,-0.189035
1855,"Tachibana, Masaki",staff_10927,-0.227638,-0.409693,-0.342571,-0.008412,0.346691,-0.049835,0.536101,-0.283712,0.316701,-0.178959,0.685139,1.123437,0.712759,-0.11258,-0.965342,-0.527713,0.085553,0.800732,-0.138531,0.0584,0.351149,0.305227,0.037342,0.305414,0.419847,-0.267716,0.101015,0.294082,0.23907,-0.425696,0.399604,-0.474341,0.310461,0.252819,-0.260735,0.522719,-0.276001,-0.311065,-0.064046,0.25633,-1.265913,-0.153689,-0.235756,-0.100319,-0.129872,-0.272924,-0.008095,-0.758252,0.590026,-0.753729,0.53162,-0.114681,-0.31179,-0.398208,-0.597677,-0.500646,-0.193065,-0.016197,-0.545854,0.217708,-0.121311,0.414881,-0.061918,-0.157318
1856,"Hara, Suzuko",staff_31389,0.017917,-0.024092,0.079609,-0.222608,0.015612,0.154678,0.192851,-0.043566,0.269797,0.072546,-0.209998,0.092084,0.103844,0.051621,-0.026781,-0.337724,0.349162,0.108695,0.116852,-0.006919,0.168193,-0.018503,-0.189179,-0.136987,0.075536,0.233147,-0.429058,0.166154,-0.167697,0.161947,-0.471079,0.007983,0.313954,-0.369372,0.44215,-0.173868,-0.016135,-0.028298,-0.225173,0.137161,0.078757,0.123142,0.440584,-0.249242,-0.107103,-0.284846,0.082737,-0.346979,0.072561,0.322678,-0.073014,-0.092071,0.236553,0.237456,0.065966,-0.39118,0.269291,0.089321,-0.111307,0.27706,-0.222214,-0.054653,0.059781,-0.101232
1857,"Kamiya, Tomomi",staff_50145,-0.100399,-0.427798,-0.314714,0.011477,0.38785,-0.050468,0.531956,-0.342006,0.276235,-0.154796,0.60054,1.135786,0.596435,-0.102333,-0.989573,-0.576703,-0.044381,0.821203,-0.112437,0.076902,0.410541,0.328681,0.111819,0.34757,0.413663,-0.190223,0.049241,0.422296,0.249825,-0.355026,0.342418,-0.462555,0.278773,0.307877,-0.261732,0.485943,-0.294542,-0.258933,-0.024719,0.16743,-1.156132,-0.094697,-0.255664,-0.074553,-0.038841,-0.204298,-0.071571,-0.730793,0.703902,-0.746394,0.464437,-0.174806,-0.212106,-0.396366,-0.604455,-0.463986,-0.158515,-0.040745,-0.537294,0.245925,-0.074734,0.459455,-0.073752,-0.166718
1858,"Fukunishi, Masaya",staff_53787,0.104054,-0.10197,0.011627,-0.222852,0.049174,0.142103,0.162351,-0.178916,0.195,0.092509,-0.052327,0.075472,0.131895,-0.050683,-0.038893,-0.330789,0.199149,-0.012513,0.102284,-0.008168,0.195171,-0.009288,-0.149317,-0.204336,0.1161,0.258831,-0.473062,0.178912,-0.227993,0.21394,-0.38192,0.07469,0.250023,-0.371553,0.370203,-0.197767,0.07781,0.079878,-0.181793,0.103771,0.161819,0.044835,0.300725,-0.286494,0.028055,-0.332333,0.00673,-0.287967,0.094997,0.17682,-0.153126,-0.035522,0.113358,0.312131,-0.014453,-0.295391,0.201362,0.135788,-0.170092,0.252894,-0.243299,0.010947,0.060671,-0.188514
1859,"Katou, Wataru",staff_49016,0.012947,-0.060284,0.063713,-0.179377,0.001775,0.102368,0.218944,-0.062765,0.248375,0.045189,-0.150871,0.059952,0.172438,0.048676,-0.062129,-0.385021,0.308114,0.08691,0.142585,-0.00733,0.188004,-0.044229,-0.196705,-0.100133,0.066688,0.246876,-0.470649,0.134892,-0.16701,0.124746,-0.408429,0.062531,0.25218,-0.388595,0.414617,-0.216096,0.012541,-0.015384,-0.258834,0.133346,0.06926,0.093063,0.432867,-0.248092,-0.090954,-0.27525,0.108655,-0.370306,0.103005,0.28335,-0.09045,-0.040883,0.193062,0.227015,0.027942,-0.390393,0.308839,0.071136,-0.088856,0.282492,-0.240036,-0.065213,0.123978,-0.165147
1860,"Okajima, Tae",staff_568,0.024017,-0.026579,0.053235,-0.286865,-0.027452,0.201977,0.191739,-0.133484,0.307402,0.072927,-0.189188,0.129067,0.118661,0.029813,-0.009994,-0.358536,0.276345,0.100616,0.111466,0.06049,0.16697,0.006007,-0.181158,-0.193083,0.152366,0.250525,-0.444254,0.180107,-0.257311,0.241764,-0.48103,0.04502,0.265073,-0.336663,0.378274,-0.172642,0.064038,-0.026071,-0.192959,0.088541,0.1915,0.099893,0.373088,-0.302057,-0.069655,-0.394659,0.063028,-0.29777,0.100096,0.236341,-0.048127,-0.038648,0.184674,0.221557,0.013328,-0.316093,0.27095,0.184856,-0.124962,0.231928,-0.133011,-0.041958,0.102606,-0.156955
1861,"Kawaragi, Shiho",staff_465,0.024017,-0.026579,0.053235,-0.286865,-0.027452,0.201977,0.191739,-0.133484,0.307402,0.072927,-0.189188,0.129067,0.118661,0.029813,-0.009994,-0.358536,0.276345,0.100616,0.111466,0.06049,0.16697,0.006007,-0.181158,-0.193083,0.152366,0.250525,-0.444254,0.180107,-0.257311,0.241764,-0.48103,0.04502,0.265073,-0.336663,0.378274,-0.172642,0.064038,-0.026071,-0.192959,0.088541,0.1915,0.099893,0.373088,-0.302057,-0.069655,-0.394659,0.063028,-0.29777,0.100096,0.236341,-0.048127,-0.038648,0.184674,0.221557,0.013328,-0.316093,0.27095,0.184856,-0.124962,0.231928,-0.133011,-0.041958,0.102606,-0.156955
1862,"Yoshinari, You",staff_7998,-0.188987,-0.398953,-0.382217,-0.05904,0.412924,-0.027117,0.526342,-0.311584,0.283658,-0.198944,0.723198,1.092624,0.714125,-0.131155,-0.899581,-0.565399,0.085109,0.788894,-0.157558,0.111815,0.391805,0.3041,0.063572,0.360352,0.388881,-0.2593,0.138013,0.328601,0.30858,-0.432349,0.357144,-0.528609,0.284255,0.273951,-0.301576,0.559214,-0.231252,-0.285155,-0.029251,0.241273,-1.25134,-0.18161,-0.296043,-0.051714,-0.064569,-0.231616,0.013492,-0.804532,0.609733,-0.764262,0.547985,-0.117523,-0.261014,-0.42162,-0.628244,-0.520864,-0.214722,-0.037082,-0.544879,0.19197,-0.091408,0.47127,-0.075189,-0.160484
1863,"Murase, Michiyo",staff_21813,0.138089,-0.103031,0.061625,-0.321058,0.008624,0.270811,0.142069,-0.143744,0.250984,0.216046,-0.162869,0.122245,0.050181,0.006628,0.052473,-0.341401,0.297231,0.012554,0.079646,0.007231,0.237005,0.080551,-0.225315,-0.234418,0.148675,0.264437,-0.451022,0.17464,-0.20957,0.295068,-0.444389,0.017543,0.316085,-0.350794,0.34499,-0.145627,0.120736,-0.013977,-0.091401,0.151371,0.150459,0.027262,0.326081,-0.274096,-0.008726,-0.328577,0.007834,-0.262792,0.017431,0.264432,-0.115955,-0.038538,0.178997,0.319106,0.019116,-0.335099,0.121698,0.167,-0.242347,0.194137,-0.19103,-0.042168,0.021486,-0.148897
1864,"Setou, Kenji",staff_10199,-0.211824,-0.293811,-0.403235,0.043772,0.313665,-0.031092,0.490479,-0.324251,0.285594,-0.075114,0.678808,1.12986,0.746179,-0.060422,-0.85447,-0.525134,-0.118953,0.902886,-0.231217,0.20696,0.50605,0.319184,0.069619,0.354325,0.369977,-0.323669,0.102053,0.253403,0.3008,-0.282894,0.3358,-0.50975,0.249517,0.278243,-0.346949,0.553048,-0.234347,-0.200341,-0.086498,0.144208,-1.211732,-0.113295,-0.359109,0.027211,-0.035697,-0.226252,-0.144884,-0.825631,0.69429,-0.74088,0.421808,-0.071968,-0.239184,-0.404338,-0.460324,-0.405472,-0.288054,0.026738,-0.460728,0.204716,0.03061,0.369227,-0.043177,-0.095607
1865,"Tamaru, Atsushi",staff_8639,0.082243,-0.145244,0.01623,-0.291179,0.04413,0.254074,0.191963,-0.181334,0.187702,0.133946,-0.118937,0.076187,0.126621,-0.042244,0.045414,-0.315081,0.221201,0.0033,0.125069,-0.008681,0.251486,0.024458,-0.236645,-0.145114,0.174455,0.324035,-0.491962,0.145991,-0.205431,0.28447,-0.418034,0.05664,0.297066,-0.322383,0.390201,-0.222341,0.098907,0.009081,-0.113843,0.099878,0.167263,0.004948,0.37537,-0.304773,0.030582,-0.365775,0.013102,-0.257502,0.077252,0.253253,-0.095805,-0.003977,0.139467,0.301114,-0.035337,-0.309587,0.211719,0.112505,-0.208221,0.205491,-0.234276,-0.03373,0.079609,-0.229331
1866,"Suwa, Ayaka",staff_20106,0.031363,-0.098964,0.024971,-0.289655,0.0224,0.243672,0.231165,-0.17148,0.218215,0.089603,-0.145216,0.077132,0.149723,-0.028183,0.049597,-0.310047,0.233963,0.034143,0.134564,0.013249,0.257388,-0.00858,-0.209047,-0.115131,0.161271,0.310409,-0.47514,0.130702,-0.204892,0.275595,-0.437173,0.068933,0.286163,-0.29724,0.41134,-0.237087,0.072923,0.003303,-0.138611,0.077665,0.145024,0.044761,0.414465,-0.309722,-0.017381,-0.381805,0.036516,-0.264422,0.095345,0.277863,-0.072088,0.01347,0.173432,0.270643,-0.031757,-0.320334,0.285424,0.121974,-0.164489,0.224791,-0.219294,-0.055672,0.12937,-0.216027
1867,"Izawa, Shiori",staff_16453,0.05105,-0.080148,0.023628,-0.298887,0.041889,0.255434,0.210802,-0.171641,0.215463,0.086127,-0.146689,0.08331,0.135066,-0.01548,0.047193,-0.273447,0.254771,0.028952,0.115717,0.010878,0.241613,-0.023632,-0.195057,-0.137469,0.162726,0.301291,-0.438199,0.166096,-0.219366,0.287504,-0.464369,0.039795,0.31838,-0.289693,0.429363,-0.193998,0.069315,0.00458,-0.114876,0.064486,0.140176,0.046528,0.394228,-0.305834,-0.022357,-0.390929,0.010361,-0.255361,0.094372,0.304085,-0.082747,0.001699,0.20119,0.292084,-0.018881,-0.32021,0.262652,0.113856,-0.2092,0.237013,-0.223738,-0.065519,0.085781,-0.192659
1868,"Masuyama, Ryouji",staff_5952,-0.087288,-0.254045,-0.429326,-0.156686,0.381319,-0.038844,0.39882,-0.189676,0.285997,-0.253835,0.657197,1.159789,0.775326,-0.140943,-0.940081,-0.579383,0.072467,0.710825,-0.182345,0.098183,0.390444,0.230476,0.177231,0.342734,0.44685,-0.207981,0.294586,0.264107,0.360309,-0.519392,0.320541,-0.534003,0.180558,0.259312,-0.318282,0.690448,-0.224019,-0.331621,-0.038848,0.205219,-1.270085,0.032596,-0.174193,-0.119176,-0.18484,-0.259927,-0.159254,-0.773156,0.473143,-0.713474,0.4465,-0.153452,-0.388919,-0.488911,-0.719739,-0.497571,-0.079917,0.052458,-0.407552,0.196837,-0.075451,0.458828,-0.186883,-0.185556
1869,"Haruno, Anzu",staff_45499,0.082247,-0.248473,0.150108,-0.288063,0.030679,0.30715,0.113789,0.015064,0.311569,0.016008,-0.404515,0.156338,-0.034971,0.005012,0.057187,-0.413653,0.357013,0.230917,0.235399,-0.101018,-0.052737,0.041043,-0.459823,-0.073057,0.042301,0.119239,-0.630942,0.145769,-0.183849,0.304761,-0.451106,0.072879,0.33427,-0.163266,0.435501,-0.055751,-0.059973,-0.05777,-0.41333,0.309073,-0.053836,0.095204,0.591254,-0.175086,0.032866,-0.298532,0.137789,-0.463407,-0.049542,0.581439,-0.005559,-0.327428,0.26609,0.175471,0.125844,-0.550402,0.228203,0.109259,-0.146112,0.220173,-0.115279,-0.060628,-0.053741,-0.16423
1870,"Satou, Keiichi",staff_11626,-0.125693,-0.345537,-0.362587,0.004177,0.438196,-0.012681,0.477842,-0.24469,0.274824,-0.177251,0.573,1.180872,0.700955,-0.069997,-1.033969,-0.520743,0.047401,0.811469,-0.211672,0.11216,0.402307,0.296128,0.201383,0.272817,0.513209,-0.149724,0.210157,0.329791,0.272442,-0.488361,0.267373,-0.37009,0.222486,0.251423,-0.303363,0.491242,-0.33704,-0.268649,-0.017582,0.132059,-1.304976,0.006676,-0.071468,-0.20035,-0.095403,-0.295289,-0.088182,-0.680039,0.460468,-0.723643,0.541812,-0.100059,-0.362615,-0.480318,-0.758423,-0.434575,-0.030614,0.062035,-0.550918,0.284922,-0.131361,0.345448,-0.220454,-0.240499
1871,"Kohinata, Fumiyo",staff_45586,-0.002564,-0.025995,0.1024,-0.185541,-0.037688,0.093075,0.253058,-0.025771,0.275816,0.009906,-0.190096,0.047313,0.196538,0.108877,-0.046247,-0.42044,0.345816,0.139915,0.157484,0.00318,0.190598,-0.064656,-0.224082,-0.052263,0.071336,0.252483,-0.475071,0.114105,-0.144351,0.087659,-0.429512,0.03646,0.251507,-0.385596,0.454271,-0.212612,-0.017367,-0.043963,-0.265733,0.12293,0.032817,0.121681,0.471638,-0.231817,-0.132666,-0.257987,0.127533,-0.388212,0.126589,0.324447,-0.078454,-0.034307,0.256584,0.20488,0.058249,-0.432934,0.362078,0.073682,-0.074722,0.298832,-0.207869,-0.106333,0.14817,-0.160249
1872,"Murakami, Nijirou",staff_46541,-0.002564,-0.025995,0.1024,-0.185541,-0.037688,0.093075,0.253058,-0.025771,0.275816,0.009906,-0.190096,0.047313,0.196538,0.108877,-0.046247,-0.42044,0.345816,0.139915,0.157484,0.00318,0.190598,-0.064656,-0.224082,-0.052263,0.071336,0.252483,-0.475071,0.114105,-0.144351,0.087659,-0.429512,0.03646,0.251507,-0.385596,0.454271,-0.212612,-0.017367,-0.043963,-0.265733,0.12293,0.032817,0.121681,0.471638,-0.231817,-0.132666,-0.257987,0.127533,-0.388212,0.126589,0.324447,-0.078454,-0.034307,0.256584,0.20488,0.058249,-0.432934,0.362078,0.073682,-0.074722,0.298832,-0.207869,-0.106333,0.14817,-0.160249
1873,"Oshii, Mamoru",staff_4097,-0.196821,-0.373326,-0.234359,0.133281,0.317331,-0.021071,0.471367,-0.324014,0.268115,-0.190757,0.524141,1.131407,0.662809,-0.116584,-1.080194,-0.530977,-0.020085,0.886867,-0.128779,0.022392,0.400593,0.360226,0.113195,0.275415,0.48996,-0.164756,0.08958,0.33631,0.224427,-0.33091,0.373989,-0.340819,0.260733,0.165143,-0.228217,0.417136,-0.427922,-0.296915,-0.103036,0.160858,-1.243483,-0.042552,-0.092777,-0.208755,-0.136665,-0.267294,-0.003059,-0.671031,0.528449,-0.73677,0.525538,-0.089478,-0.389468,-0.43892,-0.609576,-0.437771,-0.056865,0.083164,-0.612019,0.32813,-0.113203,0.273721,-0.072758,-0.156887
1874,"Kayumi, Iemasa",staff_1485,-0.018877,-0.053617,0.093425,-0.167065,-0.035338,0.078339,0.242079,-0.012304,0.272554,0.023212,-0.182963,0.043954,0.212342,0.103299,-0.067199,-0.416116,0.352702,0.134032,0.168174,-0.021745,0.211251,-0.046255,-0.236906,-0.056721,0.052392,0.25657,-0.502383,0.096569,-0.131765,0.077893,-0.408489,0.056976,0.226542,-0.376759,0.430308,-0.238875,-0.02015,-0.042051,-0.27524,0.147116,0.031512,0.115233,0.48239,-0.214755,-0.136713,-0.236661,0.134015,-0.406472,0.092686,0.335181,-0.066133,-0.014896,0.233728,0.192881,0.050368,-0.438861,0.36649,0.054658,-0.059802,0.302598,-0.24609,-0.0976,0.165273,-0.172829
1875,"Kitta, Izumi",staff_7899,0.052116,-0.009903,0.041514,-0.216087,0.040757,0.121698,0.214964,-0.067215,0.229944,0.085177,-0.153841,0.066844,0.110437,0.036609,-0.0227,-0.353928,0.328407,0.060414,0.092696,0.010549,0.176921,-0.024355,-0.154608,-0.159461,0.058724,0.248974,-0.431117,0.156001,-0.166998,0.137462,-0.467132,0.006304,0.333075,-0.411583,0.429898,-0.197377,0.00408,-0.014007,-0.216871,0.105668,0.092906,0.095451,0.39822,-0.271115,-0.083767,-0.292275,0.067356,-0.309377,0.097315,0.249407,-0.103687,-0.089019,0.212757,0.287541,0.051587,-0.368611,0.243515,0.076504,-0.128459,0.286413,-0.219632,-0.045709,0.081078,-0.113202
1878,"Muranaka, Tomo",staff_12238,0.104674,-0.104067,0.014444,-0.22592,0.048441,0.141033,0.165042,-0.178646,0.197028,0.094004,-0.052884,0.075093,0.133776,-0.049256,-0.033927,-0.334086,0.199625,-0.010093,0.103161,-0.007318,0.195653,-0.007477,-0.15217,-0.204082,0.116843,0.258322,-0.477479,0.178403,-0.225929,0.214353,-0.38381,0.073965,0.248932,-0.372037,0.367638,-0.201616,0.080075,0.079623,-0.183253,0.104076,0.164386,0.045009,0.301504,-0.284837,0.029603,-0.332229,0.008398,-0.290355,0.096854,0.174364,-0.150949,-0.034397,0.11519,0.311986,-0.015479,-0.294539,0.199882,0.140502,-0.167986,0.254607,-0.242072,0.00807,0.065096,-0.188018
1879,"Yamamoto, Yutaka",staff_6655,-0.232303,-0.3326,-0.379388,-0.039078,0.426466,-0.024841,0.40645,-0.270496,0.359436,-0.29557,0.694898,1.184876,0.677267,-0.067529,-1.057182,-0.581738,0.166705,0.711209,-0.191078,0.00403,0.309645,0.21149,0.118521,0.239052,0.469122,-0.147562,0.21894,0.2535,0.266652,-0.488825,0.280752,-0.502798,0.144142,0.211525,-0.263672,0.538385,-0.375733,-0.274734,-0.065422,0.242824,-1.249337,-0.061339,-0.144115,-0.208487,-0.082931,-0.2952,-0.03817,-0.815524,0.519051,-0.759001,0.502347,-0.258919,-0.381763,-0.35309,-0.80054,-0.570831,-0.062016,0.076999,-0.424023,0.328709,-0.195023,0.426888,-0.249028,-0.231048
1881,"Kuroyanagi, Toshimasa",staff_33365,-0.387317,-0.539064,-0.316539,0.144027,0.377242,-0.037796,0.596871,-0.405894,0.39188,-0.15542,0.632313,1.13091,0.61167,-0.004669,-1.258722,-0.485844,0.191334,0.837592,-0.114599,-0.005016,0.275762,0.340072,0.008227,0.137942,0.488548,-0.103405,0.023102,0.187218,0.042496,-0.425403,0.446944,-0.318814,0.351326,0.200971,-0.207928,0.207434,-0.555281,-0.231549,-0.08954,0.252889,-1.397766,-0.079457,0.015787,-0.27734,-0.189382,-0.39848,0.091603,-0.802239,0.550566,-0.802011,0.537695,-0.118194,-0.394655,-0.258415,-0.717438,-0.524302,-0.106968,0.0616,-0.578321,0.411994,-0.250653,0.210551,-0.199128,-0.147095
1882,"Suzuki, Kiyotaka",staff_46852,-0.153813,-0.449267,-0.397943,-0.030831,0.381177,-0.007462,0.576917,-0.305996,0.24684,-0.140368,0.713299,1.154669,0.715021,-0.115159,-0.915991,-0.538146,0.090373,0.777918,-0.131314,0.139272,0.407633,0.270483,0.073784,0.381887,0.390861,-0.285275,0.11583,0.337407,0.270868,-0.455605,0.343189,-0.477452,0.336842,0.26687,-0.309109,0.512667,-0.237284,-0.268822,0.010603,0.207638,-1.274329,-0.181053,-0.277222,-0.033653,-0.08057,-0.247687,-0.037922,-0.820044,0.567914,-0.758853,0.557174,-0.091281,-0.249389,-0.418565,-0.591789,-0.520501,-0.234511,-0.082875,-0.569048,0.158837,-0.108004,0.426981,-0.055345,-0.203537
1883,"Taguchi, Tomohisa",staff_31235,-0.108937,-0.423613,-0.33514,-0.004083,0.390023,-0.045371,0.539625,-0.327691,0.276914,-0.155417,0.617596,1.130213,0.626194,-0.108611,-0.970468,-0.565349,-0.018676,0.817912,-0.119147,0.091446,0.407775,0.3216,0.111587,0.349629,0.411713,-0.20898,0.070246,0.400737,0.258942,-0.381434,0.342118,-0.464421,0.288951,0.303726,-0.277744,0.498748,-0.280715,-0.261729,-0.018528,0.174869,-1.180753,-0.106079,-0.256572,-0.069771,-0.051811,-0.218668,-0.064758,-0.740785,0.675289,-0.743042,0.480807,-0.154805,-0.225388,-0.410214,-0.608343,-0.465692,-0.169788,-0.045293,-0.54251,0.231706,-0.074035,0.455212,-0.07259,-0.167053
1884,"Sakoi, Masayuki",staff_6785,-0.204431,-0.323482,-0.371638,-0.033824,0.312015,-0.09654,0.51767,-0.298071,0.315518,-0.10099,0.679851,1.088466,0.753827,-0.120875,-0.881431,-0.485082,-0.041165,0.919037,-0.201811,0.179433,0.444614,0.367063,0.054805,0.333939,0.378488,-0.309294,0.167327,0.254364,0.29781,-0.308944,0.389147,-0.510588,0.301731,0.279853,-0.343136,0.588501,-0.204889,-0.267636,-0.093012,0.199837,-1.276365,-0.12045,-0.304787,-0.030276,-0.124677,-0.232035,-0.061974,-0.738972,0.667783,-0.697462,0.503921,-0.041821,-0.303468,-0.501156,-0.500522,-0.352944,-0.248827,0.019017,-0.549712,0.225498,0.012809,0.377421,-0.003008,-0.046148
1886,"Miyawaki, Chizuru",staff_37604,-0.101879,-0.426861,-0.315591,0.010119,0.388579,-0.048628,0.536284,-0.343928,0.276719,-0.158043,0.598581,1.134417,0.594384,-0.102257,-0.988234,-0.576669,-0.042439,0.8237,-0.109817,0.074751,0.409539,0.328016,0.112516,0.346321,0.413163,-0.189581,0.048751,0.422297,0.249425,-0.356902,0.339031,-0.46098,0.280698,0.307,-0.262436,0.483957,-0.294432,-0.256914,-0.024097,0.168876,-1.156398,-0.096056,-0.253651,-0.07408,-0.032881,-0.205096,-0.072057,-0.72821,0.702702,-0.745287,0.464363,-0.175649,-0.212355,-0.396946,-0.603476,-0.465449,-0.155406,-0.041268,-0.536002,0.24785,-0.073006,0.461886,-0.0719,-0.166519
1887,"Ishii, Kouji",staff_45,0.115739,-0.111327,0.039107,-0.24975,0.022533,0.191772,0.158013,-0.175764,0.215857,0.131187,-0.088145,0.081688,0.123504,-0.019213,-0.011975,-0.344993,0.226816,0.001771,0.106959,0.004888,0.218458,0.03192,-0.195216,-0.193718,0.149891,0.273268,-0.478017,0.17321,-0.226236,0.239113,-0.397519,0.049839,0.260563,-0.376462,0.365821,-0.1902,0.111418,0.040367,-0.14138,0.108914,0.183313,0.028103,0.312604,-0.269563,0.031506,-0.327726,0.011775,-0.2921,0.082564,0.198108,-0.128072,-0.020904,0.130547,0.297405,-0.01418,-0.303115,0.188151,0.158248,-0.192508,0.21781,-0.21733,-0.007407,0.052352,-0.199331
1889,"Utsumi, Kenji",staff_138,0.084394,-0.115542,0.016794,-0.207246,0.033245,0.128167,0.163299,-0.15293,0.203647,0.091704,-0.060639,0.068127,0.156135,-0.035495,-0.049767,-0.337152,0.216839,-0.00139,0.11433,-0.029611,0.217389,0.001551,-0.16936,-0.190591,0.102084,0.263577,-0.497414,0.155487,-0.211749,0.193444,-0.369143,0.082439,0.224927,-0.36046,0.359264,-0.219957,0.070184,0.072663,-0.188458,0.119862,0.148401,0.049978,0.323081,-0.264599,0.00622,-0.307601,0.019692,-0.310154,0.070981,0.200009,-0.143643,-0.01323,0.115269,0.29393,-0.012705,-0.313487,0.222502,0.119832,-0.15094,0.258826,-0.267475,0.005884,0.085258,-0.20005
1890,"Kiyasu, Kouhei",staff_619,0.083927,-0.115176,0.016718,-0.207021,0.033137,0.129187,0.162711,-0.153286,0.204272,0.091797,-0.061711,0.06845,0.154579,-0.036982,-0.050053,-0.336678,0.216159,-0.002155,0.113975,-0.029852,0.217449,0.001464,-0.168598,-0.189729,0.103242,0.263018,-0.495026,0.155575,-0.212393,0.193992,-0.368392,0.082477,0.224999,-0.360521,0.358802,-0.218425,0.070858,0.072388,-0.187541,0.119618,0.147401,0.050103,0.322494,-0.264541,0.00494,-0.308171,0.01996,-0.309179,0.070233,0.199431,-0.144516,-0.014397,0.114734,0.293248,-0.012519,-0.312769,0.220888,0.119701,-0.151164,0.256966,-0.267311,0.005985,0.083795,-0.200007
1891,"Zougou, Saeko",staff_8650,0.021267,-0.114087,-0.024754,-0.318037,0.070923,0.291335,0.253782,-0.215993,0.175091,0.076259,-0.120854,0.06231,0.170766,-0.05821,0.078011,-0.240676,0.220817,-0.009215,0.133723,0.01578,0.286013,-0.045963,-0.205433,-0.100655,0.181187,0.349624,-0.448418,0.139185,-0.226977,0.328527,-0.466528,0.071117,0.331395,-0.258025,0.43319,-0.243896,0.089488,-0.004446,-0.092783,0.031582,0.151004,0.002112,0.421698,-0.3434,-0.00023,-0.443243,0.011777,-0.223891,0.116596,0.309968,-0.059179,0.049594,0.17846,0.307842,-0.069876,-0.299672,0.295354,0.076554,-0.228209,0.233748,-0.252571,-0.087993,0.141123,-0.250168
1893,"Kato, Takao",staff_8219,-0.147766,-0.406223,-0.269183,0.084743,0.35321,-0.033285,0.495557,-0.333317,0.270622,-0.176149,0.55965,1.143492,0.619773,-0.100094,-1.042358,-0.555091,-0.031268,0.843025,-0.123392,0.042335,0.396865,0.337013,0.111615,0.310252,0.450414,-0.171201,0.054111,0.384164,0.227773,-0.339855,0.350671,-0.39852,0.260395,0.231209,-0.240043,0.440868,-0.371122,-0.27453,-0.065271,0.163236,-1.183987,-0.069234,-0.172163,-0.144182,-0.075206,-0.229746,-0.041834,-0.705381,0.618492,-0.743341,0.48789,-0.146297,-0.294016,-0.402713,-0.610572,-0.458459,-0.098661,0.018458,-0.56527,0.288096,-0.100691,0.367981,-0.076371,-0.171928
1895,"Hidaka, Masamitsu",staff_5657,-0.171101,-0.252853,-0.450196,-0.201458,0.275766,-0.202733,0.541137,-0.311966,0.446539,-0.241279,0.777547,1.06312,0.881089,-0.170023,-0.705479,-0.546805,0.221657,0.822309,-0.297478,0.317908,0.32985,0.188681,0.077892,0.441854,0.310155,-0.250552,0.574557,0.075672,0.55164,-0.58008,0.270085,-0.711679,0.301847,0.249605,-0.35095,0.841586,-0.002343,-0.312975,-0.1485,0.190186,-1.358291,-0.041714,-0.336736,-0.145867,-0.327328,-0.346199,0.002263,-0.854522,0.529548,-0.608514,0.42941,-0.012756,-0.34782,-0.656419,-0.577376,-0.24198,-0.318897,-0.072692,-0.386472,0.234887,-0.027576,0.494908,-0.107041,0.025423
1896,"Yuyama, Kunihiko",staff_5180,-0.159875,-0.254184,-0.450429,-0.196065,0.279647,-0.194097,0.527205,-0.306764,0.43234,-0.236453,0.76157,1.059972,0.868685,-0.179999,-0.723434,-0.544039,0.198273,0.821644,-0.272036,0.294252,0.335511,0.21255,0.090073,0.426775,0.316524,-0.255081,0.538093,0.089998,0.534136,-0.55707,0.285746,-0.692562,0.295826,0.257968,-0.350454,0.82249,-0.029075,-0.319804,-0.143684,0.197821,-1.346837,-0.039563,-0.323766,-0.141622,-0.317528,-0.33926,-0.00944,-0.842417,0.534266,-0.61055,0.436871,-0.02379,-0.350452,-0.644816,-0.581431,-0.259426,-0.302354,-0.070617,-0.399818,0.230856,-0.020687,0.487474,-0.096673,0.015842
1897,"Iizuka, Mayumi",staff_273,0.086042,-0.075975,0.117035,-0.348339,-0.086412,0.344933,0.122078,-0.160428,0.308939,0.103978,-0.279592,0.149737,0.074614,0.033721,0.075709,-0.308084,0.210188,0.12205,0.09985,-0.010044,0.221186,0.115034,-0.263585,-0.175104,0.253164,0.274659,-0.545696,0.169217,-0.254094,0.360698,-0.425538,0.038936,0.223384,-0.154146,0.414084,-0.119417,0.077298,0.016934,-0.066188,0.09944,0.187312,0.134578,0.400524,-0.262001,-0.014402,-0.376131,-0.054083,-0.239721,-0.028661,0.346793,-0.068799,0.007049,0.197389,0.177427,0.038762,-0.333204,0.288178,0.28267,-0.174737,0.120443,-0.075973,0.033022,0.045662,-0.194066
1898,"Kawata, Taeko",staff_1410,0.111277,-0.036638,0.199042,-0.422673,-0.197784,0.433399,0.073193,-0.121668,0.376499,0.108264,-0.433484,0.202141,0.004123,0.089653,0.151574,-0.352068,0.184462,0.223967,0.075022,-0.020973,0.198952,0.23029,-0.323757,-0.178062,0.335362,0.269413,-0.646814,0.154236,-0.261659,0.416131,-0.416971,0.012234,0.186374,-0.034614,0.437045,-0.063729,0.060419,-0.001649,-0.018671,0.118588,0.20692,0.23918,0.440734,-0.246653,-0.022418,-0.363252,-0.105582,-0.197762,-0.129939,0.397765,-0.048397,-0.017986,0.217161,0.077724,0.118818,-0.356661,0.338404,0.423355,-0.128765,0.012611,0.09653,0.116721,0.026875,-0.179377
1899,"Matsumoto, Rica",staff_678,0.105329,-0.046588,0.201625,-0.3979,-0.187458,0.424453,0.079785,-0.128783,0.378824,0.109099,-0.415115,0.192481,0.012561,0.087153,0.129196,-0.340126,0.189561,0.215349,0.08453,-0.02071,0.202724,0.215458,-0.321443,-0.173212,0.321927,0.260856,-0.627717,0.154565,-0.255221,0.407963,-0.413182,0.01531,0.180419,-0.046028,0.440484,-0.067399,0.058187,0.009969,-0.027474,0.119178,0.192192,0.224691,0.440182,-0.2351,-0.025016,-0.357532,-0.096245,-0.21441,-0.11685,0.40228,-0.052441,-0.007706,0.225881,0.087872,0.104364,-0.362901,0.328911,0.404796,-0.136154,0.02972,0.061736,0.101035,0.022119,-0.178741
1900,"Ueda, Yuuji",staff_58,0.111266,-0.086135,0.109525,-0.297282,-0.06321,0.248851,0.135756,-0.129079,0.270889,0.096363,-0.21468,0.113547,0.093031,0.035713,0.046796,-0.366252,0.219776,0.10668,0.108869,-0.025302,0.20075,0.080286,-0.253807,-0.164351,0.202264,0.273254,-0.550237,0.15679,-0.209697,0.267132,-0.399048,0.031361,0.226326,-0.241984,0.413147,-0.148436,0.053101,0.033455,-0.119244,0.117494,0.154696,0.114953,0.37785,-0.251528,-0.00641,-0.317389,-0.028462,-0.268464,0.010329,0.290683,-0.117104,-0.029889,0.187503,0.21869,0.053505,-0.350127,0.255306,0.232087,-0.155975,0.167908,-0.122049,0.026506,0.039739,-0.187183
1901,"Kasai, Osamu",staff_20402,-0.104523,-0.428031,-0.314105,0.011587,0.383432,-0.051374,0.531139,-0.343876,0.274598,-0.153837,0.597064,1.133325,0.595765,-0.100335,-0.9912,-0.575186,-0.044385,0.816922,-0.110805,0.072931,0.411004,0.328114,0.113107,0.344316,0.411479,-0.186054,0.05148,0.416949,0.246456,-0.357024,0.339159,-0.458898,0.275622,0.304264,-0.25902,0.48992,-0.28964,-0.260486,-0.028876,0.166988,-1.151617,-0.094239,-0.252771,-0.074595,-0.041964,-0.206071,-0.072301,-0.73031,0.70409,-0.746745,0.459218,-0.179164,-0.209783,-0.397018,-0.601883,-0.46532,-0.160581,-0.032729,-0.535907,0.242699,-0.073168,0.45948,-0.075895,-0.167182
1902,"Satouchi, Shinobu",staff_1486,0.110953,-0.099487,0.014823,-0.225622,0.051493,0.131674,0.166156,-0.177285,0.194204,0.092365,-0.050099,0.072786,0.139756,-0.040766,-0.033796,-0.33619,0.20388,-0.007906,0.100805,-0.006479,0.192037,-0.007824,-0.149844,-0.210585,0.109069,0.257027,-0.485749,0.180091,-0.222425,0.210245,-0.390185,0.074852,0.251738,-0.366096,0.368795,-0.203871,0.07803,0.08318,-0.190373,0.100818,0.167296,0.044819,0.301786,-0.283219,0.032639,-0.330746,0.000523,-0.292091,0.096947,0.176973,-0.150567,-0.030958,0.120466,0.315171,-0.017075,-0.295165,0.201071,0.14303,-0.168271,0.261981,-0.240206,0.004563,0.069285,-0.183796
1903,"Minaguchi, Yuko",staff_170,0.099203,-0.098611,0.015955,-0.261814,0.037998,0.187959,0.189893,-0.194448,0.198021,0.086359,-0.074282,0.064713,0.159293,-0.028332,0.004146,-0.311956,0.210839,-0.002845,0.112092,-0.002785,0.239298,-0.009437,-0.178725,-0.175014,0.149189,0.294121,-0.483294,0.161108,-0.227148,0.244297,-0.409874,0.061436,0.262806,-0.326186,0.392783,-0.206429,0.087216,0.062605,-0.13216,0.068979,0.166726,0.034501,0.324672,-0.286268,0.023987,-0.359375,-0.015064,-0.265066,0.097539,0.221185,-0.129644,0.010507,0.15357,0.313826,-0.02618,-0.302511,0.236303,0.141876,-0.203538,0.246831,-0.23146,-0.023233,0.088574,-0.216856
1904,"Kusao, Takeshi",staff_134,0.097638,-0.108003,0.01762,-0.215253,0.040551,0.127377,0.164737,-0.163224,0.200249,0.091501,-0.055859,0.069878,0.151199,-0.036205,-0.040199,-0.3397,0.212189,-0.003077,0.107471,-0.018575,0.207302,-0.000601,-0.160468,-0.201104,0.10344,0.259865,-0.494433,0.165917,-0.215549,0.198495,-0.380185,0.07863,0.236512,-0.360776,0.362757,-0.213184,0.073109,0.077783,-0.191506,0.111431,0.157696,0.048392,0.313985,-0.270859,0.017237,-0.316985,0.009415,-0.304025,0.081832,0.188707,-0.146823,-0.018938,0.119835,0.302928,-0.014832,-0.305008,0.212534,0.131803,-0.158522,0.262183,-0.254635,0.002106,0.080823,-0.192262
1905,"Shimoda, Asami",staff_1696,0.065433,-0.109477,-0.003069,-0.283942,0.0565,0.241246,0.208069,-0.209714,0.191568,0.095267,-0.097935,0.070376,0.164575,-0.043825,0.025243,-0.26751,0.219483,-0.013934,0.118932,0.002481,0.265606,-0.013292,-0.185353,-0.153103,0.160406,0.312588,-0.460923,0.158392,-0.235867,0.291909,-0.434998,0.069793,0.290163,-0.296735,0.395212,-0.217433,0.103665,0.03168,-0.107569,0.055544,0.169214,0.014994,0.3622,-0.304686,0.013518,-0.398942,-0.005313,-0.253517,0.091805,0.262412,-0.091542,0.034913,0.155349,0.307412,-0.054363,-0.294693,0.255629,0.116543,-0.220002,0.23289,-0.248201,-0.048519,0.107019,-0.230743
1909,"Umeda, Shuuichirou",staff_55585,0.059184,-0.075446,0.046168,-0.218547,0.030413,0.180904,0.189358,-0.084932,0.213974,0.079387,-0.180783,0.061794,0.141905,0.045209,-0.019102,-0.335545,0.3015,0.066699,0.125045,-0.026919,0.195154,0.00058,-0.2335,-0.109663,0.111341,0.290303,-0.485494,0.149652,-0.176515,0.185849,-0.434868,0.025261,0.308608,-0.342109,0.435976,-0.18783,0.029652,-0.033288,-0.17655,0.102823,0.10464,0.055781,0.433605,-0.251158,-0.048114,-0.298409,0.043344,-0.312365,0.061541,0.313899,-0.082564,-0.050496,0.197257,0.252758,0.029253,-0.380574,0.276439,0.06946,-0.163276,0.230981,-0.22123,-0.03758,0.067917,-0.18697
1911,"Sano, Takao",staff_38996,-0.206522,-0.324055,-0.362618,0.034505,0.321224,-0.053328,0.497678,-0.314628,0.298578,-0.105403,0.663595,1.132272,0.718483,-0.075639,-0.896547,-0.521939,-0.073922,0.888906,-0.207244,0.155595,0.456367,0.326908,0.065246,0.334885,0.388886,-0.295302,0.103188,0.284039,0.281593,-0.300994,0.344207,-0.495951,0.255399,0.271983,-0.319859,0.545889,-0.24806,-0.235489,-0.08688,0.172803,-1.211183,-0.12142,-0.320868,-0.022953,-0.049544,-0.223605,-0.101847,-0.775465,0.681834,-0.731442,0.460563,-0.094276,-0.259319,-0.418438,-0.50351,-0.40876,-0.243489,0.018633,-0.500251,0.226846,-0.011918,0.385835,-0.040002,-0.108812
1912,"Yamamoto, Hideyo",staff_15911,-0.206522,-0.324055,-0.362618,0.034505,0.321224,-0.053328,0.497678,-0.314628,0.298578,-0.105403,0.663595,1.132272,0.718483,-0.075639,-0.896547,-0.521939,-0.073922,0.888906,-0.207244,0.155595,0.456367,0.326908,0.065246,0.334885,0.388886,-0.295302,0.103188,0.284039,0.281593,-0.300994,0.344207,-0.495951,0.255399,0.271983,-0.319859,0.545889,-0.24806,-0.235489,-0.08688,0.172803,-1.211183,-0.12142,-0.320868,-0.022953,-0.049544,-0.223605,-0.101847,-0.775465,0.681834,-0.731442,0.460563,-0.094276,-0.259319,-0.418438,-0.50351,-0.40876,-0.243489,0.018633,-0.500251,0.226846,-0.011918,0.385835,-0.040002,-0.108812
1914,"Kamikita, Manabu",staff_51686,-0.238424,-0.311273,-0.350989,0.022197,0.306928,-0.078125,0.491755,-0.294605,0.31968,-0.111261,0.681579,1.119272,0.745373,-0.089652,-0.883619,-0.494423,-0.049626,0.907884,-0.222775,0.151681,0.436768,0.34411,0.04266,0.317362,0.390155,-0.316291,0.130722,0.257277,0.288945,-0.294885,0.362942,-0.506275,0.262471,0.258693,-0.31929,0.570921,-0.231618,-0.261039,-0.113711,0.200056,-1.238037,-0.141085,-0.316906,-0.039115,-0.074786,-0.228777,-0.069274,-0.750233,0.668062,-0.716136,0.496578,-0.072954,-0.294034,-0.447566,-0.499156,-0.384385,-0.243516,0.031448,-0.524502,0.234765,-0.012914,0.376299,-0.014924,-0.08625
1915,"Nagase, Anna",staff_53242,0.098732,-0.111449,0.012466,-0.217907,0.052268,0.149546,0.163043,-0.183828,0.201277,0.084339,-0.057198,0.075466,0.129722,-0.046896,-0.044705,-0.330768,0.199056,-0.013698,0.107736,-0.012315,0.187645,-0.007736,-0.157146,-0.198016,0.119596,0.255232,-0.480566,0.179709,-0.229297,0.216269,-0.378838,0.071264,0.251494,-0.368348,0.371935,-0.19921,0.070574,0.083747,-0.183054,0.106621,0.169968,0.052757,0.299884,-0.280183,0.031689,-0.332679,0.00452,-0.292222,0.097365,0.181375,-0.146584,-0.044389,0.117278,0.310162,-0.009755,-0.293032,0.208005,0.135866,-0.165593,0.256806,-0.243457,0.022362,0.061176,-0.184026
1916,"Isomura, Tomomi",staff_9711,0.047479,-0.108172,-0.010149,-0.30863,0.055285,0.256648,0.247168,-0.205136,0.176325,0.065073,-0.105002,0.055276,0.17139,-0.046939,0.0715,-0.273206,0.212479,0.000402,0.130033,0.0099,0.272807,-0.044378,-0.203366,-0.111139,0.176924,0.340361,-0.468033,0.13634,-0.220286,0.293341,-0.452833,0.060581,0.312479,-0.276237,0.436313,-0.238621,0.078591,0.017408,-0.105243,0.036099,0.149025,0.017474,0.395943,-0.330694,0.006394,-0.417336,0.003459,-0.231234,0.124362,0.280813,-0.088665,0.036714,0.179396,0.314577,-0.049315,-0.305827,0.287642,0.094755,-0.218059,0.245645,-0.239956,-0.073313,0.132618,-0.245059
1917,"Kobayashi, Tsuneo",staff_7408,-0.100275,-0.427311,-0.315608,0.011934,0.38712,-0.051256,0.531846,-0.341008,0.276127,-0.15449,0.598805,1.134746,0.596159,-0.101059,-0.990721,-0.57569,-0.043639,0.821352,-0.111424,0.075906,0.409482,0.328177,0.112351,0.348046,0.413814,-0.190188,0.048643,0.419855,0.249193,-0.355409,0.341589,-0.462473,0.278869,0.308144,-0.261509,0.485605,-0.292424,-0.259214,-0.026001,0.167696,-1.154703,-0.094553,-0.254401,-0.074843,-0.040531,-0.204932,-0.071581,-0.730967,0.703228,-0.745195,0.463511,-0.174424,-0.211241,-0.397244,-0.605271,-0.463309,-0.159824,-0.040121,-0.535486,0.244458,-0.074335,0.459467,-0.075089,-0.166913
1918,"Morikubo, Shoutarou",staff_178,0.102618,-0.079099,0.10722,-0.29865,-0.063701,0.278028,0.124969,-0.157696,0.287763,0.100982,-0.223701,0.129181,0.077534,0.018719,0.03512,-0.330004,0.19844,0.097547,0.097553,-0.013206,0.200449,0.095409,-0.234656,-0.187014,0.211381,0.255083,-0.5439,0.167576,-0.23744,0.306821,-0.396531,0.046567,0.212813,-0.214082,0.407525,-0.136282,0.066577,0.051489,-0.10938,0.111128,0.170885,0.126975,0.370443,-0.254458,0.002246,-0.341857,-0.040962,-0.260049,-0.003637,0.292237,-0.10391,-0.01558,0.175161,0.206081,0.037604,-0.333229,0.261221,0.26137,-0.156922,0.15205,-0.108761,0.048123,0.040064,-0.182803
1919,"Harada, Takahiro",staff_57374,-0.100434,-0.427939,-0.315872,0.012648,0.38808,-0.051301,0.531404,-0.340299,0.275973,-0.155809,0.600041,1.136658,0.595801,-0.10163,-0.989532,-0.575767,-0.043972,0.822578,-0.112084,0.076541,0.409863,0.328386,0.112352,0.35003,0.414649,-0.190815,0.047362,0.422032,0.248782,-0.355705,0.343075,-0.464524,0.279113,0.308032,-0.261415,0.484595,-0.292653,-0.259615,-0.024622,0.167523,-1.155304,-0.094963,-0.254855,-0.074935,-0.039619,-0.205181,-0.07021,-0.730989,0.703001,-0.744671,0.464307,-0.175271,-0.21165,-0.397507,-0.606021,-0.463771,-0.159779,-0.041121,-0.535397,0.24619,-0.0743,0.458666,-0.075545,-0.166239
1920,"Takayanagi, Shigehito",staff_10553,-0.101649,-0.427605,-0.315072,0.011471,0.387245,-0.051699,0.531874,-0.34314,0.275924,-0.156534,0.597734,1.13272,0.59644,-0.100579,-0.989301,-0.57578,-0.044093,0.82016,-0.112467,0.075287,0.407183,0.330047,0.112746,0.346861,0.411385,-0.188537,0.046789,0.419486,0.249065,-0.356453,0.341012,-0.461148,0.276903,0.307253,-0.261593,0.484728,-0.29364,-0.259712,-0.026746,0.168961,-1.152338,-0.094468,-0.253066,-0.074252,-0.038287,-0.203834,-0.071717,-0.731662,0.704484,-0.745262,0.461063,-0.175466,-0.210976,-0.396525,-0.604185,-0.463287,-0.15705,-0.040084,-0.535102,0.244424,-0.071813,0.460438,-0.073806,-0.165397
1921,"Shintani, Ryouko",staff_315,0.070272,-0.081942,0.025172,-0.242543,0.012343,0.147504,0.170941,-0.116962,0.223081,0.077963,-0.126701,0.098956,0.1134,-0.002514,-0.019168,-0.374711,0.233083,0.057715,0.103044,0.002572,0.147186,-0.009151,-0.184394,-0.189255,0.115218,0.260106,-0.491733,0.177439,-0.211164,0.203307,-0.412191,0.068497,0.262704,-0.342064,0.382656,-0.188575,0.036986,0.013046,-0.220634,0.121798,0.140592,0.071802,0.363533,-0.30814,-0.028494,-0.338326,0.043789,-0.28865,0.085588,0.217489,-0.120999,-0.063805,0.1361,0.264012,0.025166,-0.332344,0.231653,0.123263,-0.127488,0.246192,-0.194292,-0.003903,0.073399,-0.16489
1922,"Akitaya, Noriaki",staff_37589,-0.145554,-0.386686,-0.340981,0.004712,0.361713,-0.054011,0.52654,-0.325331,0.283807,-0.131023,0.625779,1.125899,0.658646,-0.087166,-0.942608,-0.544464,-0.059615,0.864348,-0.155896,0.121295,0.438772,0.34221,0.099062,0.341517,0.406252,-0.23492,0.082906,0.351461,0.268347,-0.339279,0.340409,-0.477019,0.272882,0.301047,-0.293989,0.513041,-0.265912,-0.253919,-0.050718,0.171871,-1.193132,-0.1046,-0.274535,-0.049388,-0.050043,-0.214495,-0.087022,-0.741419,0.687418,-0.732415,0.468518,-0.121139,-0.243805,-0.419635,-0.564356,-0.42658,-0.193686,-0.01562,-0.529094,0.236841,-0.040649,0.425143,-0.054759,-0.132937
1923,"Kasai, Kenichi",staff_6598,-0.138138,-0.444333,-0.307023,0.030533,0.382345,-0.036142,0.542662,-0.338655,0.274922,-0.157629,0.568157,1.122186,0.609302,-0.080728,-1.062656,-0.546879,-0.01776,0.85883,-0.109912,0.073855,0.420025,0.356642,0.134228,0.30564,0.463024,-0.148793,0.069499,0.371185,0.212531,-0.382633,0.353319,-0.390814,0.290861,0.284088,-0.261282,0.422304,-0.366451,-0.268525,-0.035396,0.158403,-1.226991,-0.048375,-0.148098,-0.136418,-0.090394,-0.248851,-0.047577,-0.718229,0.61886,-0.741068,0.48492,-0.121935,-0.293473,-0.400312,-0.647583,-0.452767,-0.116375,-0.001987,-0.573803,0.289371,-0.103428,0.36969,-0.109576,-0.165383
1924,"Honizumi, Rina",staff_30211,0.08404,-0.100289,0.011306,-0.266569,0.045033,0.211213,0.190885,-0.200522,0.202055,0.095255,-0.088292,0.071128,0.158679,-0.031227,0.002981,-0.289885,0.219561,-0.007349,0.114274,0.000741,0.249614,-0.008786,-0.179492,-0.168462,0.154218,0.298176,-0.467366,0.163819,-0.235046,0.266678,-0.417695,0.065301,0.272695,-0.32071,0.390365,-0.202772,0.099273,0.04519,-0.119993,0.066441,0.168939,0.026483,0.337268,-0.288669,0.016062,-0.372755,-0.00774,-0.264773,0.09112,0.240662,-0.111654,0.019092,0.153346,0.306592,-0.037553,-0.300349,0.243111,0.13323,-0.2114,0.235195,-0.236376,-0.030825,0.090438,-0.219857
1925,"Komatsu, Shouhei",staff_46590,0.062608,-0.097748,0.01028,-0.309351,0.036926,0.284554,0.217209,-0.221043,0.209422,0.097126,-0.122877,0.066483,0.182924,-0.015195,0.044787,-0.24779,0.238371,-0.004532,0.126374,0.010697,0.305658,-0.006925,-0.209079,-0.13155,0.194565,0.338402,-0.456431,0.146212,-0.245294,0.318401,-0.452648,0.05272,0.295297,-0.270856,0.41243,-0.206125,0.120252,0.009066,-0.0552,0.029574,0.175943,0.00882,0.373277,-0.293184,0.00186,-0.413281,-0.021415,-0.2404,0.086747,0.303212,-0.071938,0.074058,0.191054,0.30135,-0.059416,-0.303795,0.285683,0.12934,-0.254343,0.21498,-0.229854,-0.071995,0.117258,-0.253346
1926,"Hiromatsu, Serika",staff_56543,0.062608,-0.097748,0.01028,-0.309351,0.036926,0.284554,0.217209,-0.221043,0.209422,0.097126,-0.122877,0.066483,0.182924,-0.015195,0.044787,-0.24779,0.238371,-0.004532,0.126374,0.010697,0.305658,-0.006925,-0.209079,-0.13155,0.194565,0.338402,-0.456431,0.146212,-0.245294,0.318401,-0.452648,0.05272,0.295297,-0.270856,0.41243,-0.206125,0.120252,0.009066,-0.0552,0.029574,0.175943,0.00882,0.373277,-0.293184,0.00186,-0.413281,-0.021415,-0.2404,0.086747,0.303212,-0.071938,0.074058,0.191054,0.30135,-0.059416,-0.303795,0.285683,0.12934,-0.254343,0.21498,-0.229854,-0.071995,0.117258,-0.253346
1927,"Tanaka, Motoki",staff_21471,-0.203378,-0.36857,-0.295252,0.018002,0.337294,-0.089092,0.517325,-0.306149,0.33879,-0.201516,0.675726,1.114419,0.686695,-0.090637,-0.916318,-0.549712,0.063838,0.838266,-0.207379,0.106989,0.3639,0.284959,0.058289,0.349282,0.424299,-0.229139,0.161936,0.320279,0.300625,-0.407264,0.313238,-0.497462,0.259098,0.261415,-0.262039,0.578517,-0.234198,-0.305611,-0.099404,0.196662,-1.19805,-0.135327,-0.296108,-0.138438,-0.077557,-0.240674,0.004428,-0.739339,0.611881,-0.713699,0.501768,-0.127491,-0.264241,-0.435282,-0.599206,-0.426081,-0.207556,-0.047714,-0.520667,0.255763,-0.114289,0.439393,-0.091724,-0.148562
1928,"Tamiyasu, Tomoe",staff_12243,0.06181,-0.060857,0.044724,-0.289749,-0.022477,0.208174,0.154316,-0.140943,0.276565,0.099238,-0.166096,0.137369,0.110576,0.011411,0.003054,-0.352041,0.256598,0.074949,0.108009,0.029189,0.173153,0.015789,-0.183508,-0.206231,0.155051,0.256959,-0.453576,0.195388,-0.244319,0.264344,-0.44991,0.059484,0.258755,-0.310966,0.360856,-0.163125,0.071023,-0.008126,-0.168448,0.102,0.19027,0.071375,0.355156,-0.301465,-0.047423,-0.375287,0.030712,-0.278762,0.066211,0.240814,-0.086963,-0.037352,0.162589,0.242494,0.01787,-0.312651,0.239744,0.18262,-0.146411,0.213667,-0.165953,-0.018152,0.058062,-0.159655
1929,"Shimizu, Ai",staff_72,0.058446,-0.061995,0.04686,-0.298575,-0.027019,0.206542,0.156073,-0.128393,0.275769,0.097768,-0.177043,0.144837,0.101775,0.012159,0.015006,-0.368146,0.259103,0.091332,0.115218,0.029025,0.15716,0.012115,-0.191249,-0.199833,0.155141,0.260831,-0.458216,0.19584,-0.233019,0.262545,-0.455911,0.059275,0.265467,-0.310188,0.36494,-0.167356,0.056116,-0.018972,-0.181724,0.10778,0.190078,0.072044,0.369114,-0.312256,-0.050765,-0.374458,0.039127,-0.275646,0.069207,0.242386,-0.084411,-0.056926,0.163214,0.23831,0.02961,-0.318841,0.242341,0.181446,-0.13057,0.212238,-0.159726,-0.015314,0.051114,-0.152065
1930,"Tanaka, Ryouko",staff_1132,0.06181,-0.060857,0.044724,-0.289749,-0.022477,0.208174,0.154316,-0.140943,0.276565,0.099238,-0.166096,0.137369,0.110576,0.011411,0.003054,-0.352041,0.256598,0.074949,0.108009,0.029189,0.173153,0.015789,-0.183508,-0.206231,0.155051,0.256959,-0.453576,0.195388,-0.244319,0.264344,-0.44991,0.059484,0.258755,-0.310966,0.360856,-0.163125,0.071023,-0.008126,-0.168448,0.102,0.19027,0.071375,0.355156,-0.301465,-0.047423,-0.375287,0.030712,-0.278762,0.066211,0.240814,-0.086963,-0.037352,0.162589,0.242494,0.01787,-0.312651,0.239744,0.18262,-0.146411,0.213667,-0.165953,-0.018152,0.058062,-0.159655
1931,"Taguchi, Hiroko",staff_548,0.053242,-0.060755,0.043945,-0.295728,-0.025148,0.206986,0.157388,-0.143066,0.284221,0.099457,-0.169161,0.142393,0.113967,0.005246,0.004941,-0.35519,0.258241,0.081671,0.117796,0.029638,0.176512,0.018282,-0.184377,-0.205938,0.15687,0.261188,-0.456425,0.190627,-0.243237,0.265414,-0.455291,0.06275,0.254624,-0.312844,0.355121,-0.173634,0.0665,-0.007085,-0.171382,0.100928,0.204278,0.071506,0.358055,-0.302795,-0.047001,-0.380074,0.033138,-0.279213,0.066815,0.234847,-0.077221,-0.04082,0.161645,0.239867,0.016095,-0.309013,0.245323,0.190612,-0.1349,0.214398,-0.16737,-0.014262,0.06196,-0.160971
1932,"Tange, Sakura",staff_115,0.016398,-0.04752,0.024866,-0.238013,0.033762,0.148815,0.235277,-0.102768,0.236287,0.083377,-0.138248,0.050444,0.160888,-0.000487,-0.010066,-0.318182,0.307247,0.043071,0.126729,-0.019082,0.273,-0.009005,-0.181567,-0.138368,0.090479,0.295769,-0.460918,0.100532,-0.168166,0.158292,-0.451502,0.026299,0.285829,-0.370134,0.412217,-0.252468,0.008602,0.017452,-0.163832,0.095395,0.110401,0.086477,0.397998,-0.258175,-0.07686,-0.310856,0.043926,-0.296983,0.075376,0.258803,-0.078731,-0.017084,0.207932,0.291023,0.015036,-0.353276,0.273311,0.079885,-0.138759,0.290388,-0.265939,-0.052165,0.134826,-0.173126
1933,"Kaneda, Tomoko",staff_272,0.071057,-0.08453,0.053611,-0.283819,0.036527,0.216412,0.188027,-0.075851,0.227041,0.094325,-0.207146,0.090543,0.077453,0.013112,0.047144,-0.332415,0.309654,0.080352,0.118791,-0.03622,0.178312,0.00381,-0.242178,-0.147586,0.105356,0.267512,-0.486013,0.148816,-0.164597,0.224934,-0.466678,0.017094,0.335339,-0.29491,0.436128,-0.173785,-0.006042,-0.013942,-0.181776,0.139276,0.070293,0.081396,0.430905,-0.273197,-0.048593,-0.315925,0.031788,-0.285938,0.038153,0.341769,-0.09147,-0.095217,0.226779,0.286683,0.062196,-0.391631,0.226136,0.089529,-0.174688,0.255409,-0.214195,-0.047668,0.045673,-0.143563
1934,"Tsukimiya, Midori",staff_11742,0.075416,-0.099718,0.013664,-0.29873,0.029993,0.250659,0.213552,-0.213512,0.204908,0.084259,-0.101181,0.063746,0.174083,-0.025206,0.040836,-0.278573,0.220358,-0.001424,0.122031,0.005189,0.285858,-0.013601,-0.199969,-0.143279,0.184563,0.323732,-0.468283,0.147913,-0.236083,0.288962,-0.434135,0.055819,0.277479,-0.284327,0.410715,-0.20952,0.100107,0.038141,-0.08045,0.042345,0.166844,0.024265,0.353196,-0.295234,0.009929,-0.396067,-0.021166,-0.242054,0.097536,0.270003,-0.101396,0.052086,0.182179,0.308039,-0.042793,-0.303886,0.268945,0.136684,-0.234309,0.232251,-0.230014,-0.056776,0.109898,-0.242917
1935,"Kouzuki, Yuria",staff_6182,0.113464,-0.131334,0.104898,-0.362502,-0.031516,0.32072,0.160054,-0.170085,0.302413,0.224339,-0.180294,0.142832,0.049291,0.00055,0.085222,-0.371341,0.295612,0.037968,0.111189,0.042155,0.259698,0.090415,-0.260497,-0.213774,0.192157,0.251564,-0.442643,0.164381,-0.222561,0.337909,-0.451186,0.029479,0.287435,-0.351363,0.328451,-0.155514,0.156011,-0.020918,-0.091663,0.173944,0.165115,0.031764,0.332096,-0.271188,0.000384,-0.353217,0.04937,-0.29436,0.047063,0.271561,-0.085079,-0.018025,0.19422,0.289906,-0.003028,-0.32656,0.122467,0.220086,-0.232723,0.184016,-0.168406,-0.086127,0.043595,-0.163223
1936,"Doi, Hiroki",staff_21801,0.113464,-0.131334,0.104898,-0.362502,-0.031516,0.32072,0.160054,-0.170085,0.302413,0.224339,-0.180294,0.142832,0.049291,0.00055,0.085222,-0.371341,0.295612,0.037968,0.111189,0.042155,0.259698,0.090415,-0.260497,-0.213774,0.192157,0.251564,-0.442643,0.164381,-0.222561,0.337909,-0.451186,0.029479,0.287435,-0.351363,0.328451,-0.155514,0.156011,-0.020918,-0.091663,0.173944,0.165115,0.031764,0.332096,-0.271188,0.000384,-0.353217,0.04937,-0.29436,0.047063,0.271561,-0.085079,-0.018025,0.19422,0.289906,-0.003028,-0.32656,0.122467,0.220086,-0.232723,0.184016,-0.168406,-0.086127,0.043595,-0.163223
1937,"Nagata, Akira",staff_369,-0.089982,0.029065,0.042424,-0.145509,0.045672,0.033789,0.291558,0.087595,0.278451,0.096723,-0.245123,0.007875,0.147926,0.064107,-0.07875,-0.379926,0.481811,0.12023,0.151266,-0.056853,0.277995,0.025636,-0.208649,-0.077557,-0.038243,0.294532,-0.460978,-0.002487,-0.051381,-0.045723,-0.504439,-0.047966,0.341275,-0.518967,0.439231,-0.333422,-0.123008,-0.078807,-0.2609,0.15871,0.033592,0.151639,0.522192,-0.187328,-0.213596,-0.1746,0.163137,-0.381159,0.032283,0.278259,0.004848,-0.125438,0.263307,0.24854,0.099156,-0.450814,0.305296,-0.046064,-0.009376,0.344117,-0.309225,-0.060583,0.183328,-0.101395
1939,"Amino, Tetsurou",staff_9826,-0.089202,-0.436628,-0.299037,-0.00017,0.381747,-0.069991,0.530917,-0.340632,0.293745,-0.169519,0.583493,1.141235,0.612309,-0.082058,-1.014721,-0.570145,-0.037744,0.823085,-0.091875,0.079946,0.427163,0.32628,0.103002,0.362968,0.409572,-0.208496,0.030973,0.422181,0.227857,-0.348146,0.320038,-0.473491,0.266734,0.299821,-0.276623,0.497857,-0.273084,-0.273569,-0.045845,0.174457,-1.164374,-0.103171,-0.245293,-0.095187,-0.026399,-0.193778,-0.073647,-0.714808,0.701812,-0.760164,0.475774,-0.167817,-0.231695,-0.378085,-0.593323,-0.460005,-0.151264,-0.049022,-0.511612,0.24255,-0.093528,0.457078,-0.076544,-0.151534
1940,"Ookawa, Tooru",staff_243,0.097027,-0.126226,0.014813,-0.207727,0.053941,0.16047,0.17617,-0.196017,0.207232,0.079377,-0.0605,0.066964,0.122909,-0.024791,-0.049063,-0.351519,0.203562,-0.031,0.109494,-0.00773,0.175673,-0.007831,-0.162388,-0.184606,0.124057,0.249347,-0.483425,0.173392,-0.227647,0.212723,-0.367546,0.059477,0.263834,-0.368567,0.359722,-0.202912,0.069214,0.076968,-0.17989,0.109677,0.171518,0.064627,0.283854,-0.278931,0.019525,-0.338255,0.001261,-0.283155,0.103086,0.173379,-0.146152,-0.055299,0.126019,0.318018,0.001924,-0.277857,0.208601,0.126411,-0.161611,0.261013,-0.237541,0.032932,0.075509,-0.164283
1942,"Kaida, Yuki",staff_688,0.10599,-0.099771,0.009756,-0.223721,0.046224,0.140621,0.162855,-0.177561,0.195516,0.090096,-0.048926,0.073785,0.133522,-0.046711,-0.032515,-0.332442,0.202882,-0.012841,0.098347,-0.005151,0.193919,-0.007153,-0.150382,-0.207687,0.114879,0.256523,-0.477611,0.179699,-0.227514,0.212696,-0.385005,0.070747,0.25094,-0.367351,0.370364,-0.201128,0.078737,0.080398,-0.179963,0.099559,0.164721,0.045427,0.300771,-0.282992,0.030151,-0.331414,0.004744,-0.287186,0.095894,0.177186,-0.153147,-0.032975,0.117271,0.313478,-0.012401,-0.295553,0.201354,0.138211,-0.17128,0.256155,-0.243326,0.008922,0.062956,-0.188335
1943,"Gouda, Hozumi",staff_936,0.108094,-0.099899,0.010498,-0.225048,0.047923,0.137998,0.164399,-0.178318,0.195442,0.089868,-0.046312,0.073397,0.136053,-0.044845,-0.031485,-0.335002,0.204259,-0.01117,0.098316,-0.004264,0.194349,-0.006656,-0.151376,-0.211762,0.112827,0.258119,-0.482735,0.1799,-0.226275,0.211439,-0.387648,0.070794,0.251919,-0.368488,0.372338,-0.202374,0.077809,0.080394,-0.183414,0.099953,0.168421,0.045796,0.300909,-0.282597,0.033396,-0.330755,0.003011,-0.289286,0.098614,0.177275,-0.151716,-0.031471,0.118883,0.315176,-0.01288,-0.296602,0.203228,0.140214,-0.171293,0.260317,-0.241973,0.006502,0.066897,-0.18812
1944,"Mitsuhashi, Kanako",staff_546,0.108094,-0.099899,0.010498,-0.225048,0.047923,0.137998,0.164399,-0.178318,0.195442,0.089868,-0.046312,0.073397,0.136053,-0.044845,-0.031485,-0.335002,0.204259,-0.01117,0.098316,-0.004264,0.194349,-0.006656,-0.151376,-0.211762,0.112827,0.258119,-0.482735,0.1799,-0.226275,0.211439,-0.387648,0.070794,0.251919,-0.368488,0.372338,-0.202374,0.077809,0.080394,-0.183414,0.099953,0.168421,0.045796,0.300909,-0.282597,0.033396,-0.330755,0.003011,-0.289286,0.098614,0.177275,-0.151716,-0.031471,0.118883,0.315176,-0.01288,-0.296602,0.203228,0.140214,-0.171293,0.260317,-0.241973,0.006502,0.066897,-0.18812
1946,"Asaoka, Takuya",staff_49971,-0.212667,-0.324192,-0.354063,-0.001651,0.317205,-0.085195,0.497756,-0.306355,0.307572,-0.118557,0.676565,1.092915,0.737241,-0.113629,-0.870543,-0.508467,-0.052811,0.905176,-0.199869,0.155002,0.441316,0.363471,0.053598,0.335708,0.378693,-0.305248,0.136368,0.271998,0.309309,-0.30011,0.379945,-0.524951,0.27089,0.276982,-0.313476,0.578542,-0.213825,-0.276705,-0.107785,0.209573,-1.230098,-0.137029,-0.322187,-0.026258,-0.088548,-0.218329,-0.054003,-0.758817,0.683858,-0.723459,0.490112,-0.067214,-0.283293,-0.451346,-0.507667,-0.389588,-0.253569,0.014923,-0.533104,0.218792,-0.001518,0.403548,-0.001332,-0.074114
1947,"Shibuya, Ayano",staff_45432,0.053659,-0.092829,0.015844,-0.292617,0.040385,0.272211,0.201095,-0.217933,0.225236,0.110342,-0.124484,0.08445,0.170986,-0.018764,0.017565,-0.243515,0.247391,-0.00715,0.119099,0.017645,0.287842,-0.005107,-0.186209,-0.154764,0.173186,0.306508,-0.433486,0.167733,-0.254827,0.321239,-0.450977,0.066802,0.288191,-0.288792,0.38975,-0.194163,0.128274,0.010382,-0.082266,0.050934,0.180448,0.016615,0.366717,-0.289084,-0.00759,-0.409284,-0.002643,-0.264468,0.082124,0.297054,-0.067552,0.063013,0.179714,0.289092,-0.063781,-0.296532,0.269616,0.136016,-0.236533,0.218646,-0.236299,-0.068543,0.108966,-0.22557
1948,"Hozumi, Yuuya",staff_46807,0.053659,-0.092829,0.015844,-0.292617,0.040385,0.272211,0.201095,-0.217933,0.225236,0.110342,-0.124484,0.08445,0.170986,-0.018764,0.017565,-0.243515,0.247391,-0.00715,0.119099,0.017645,0.287842,-0.005107,-0.186209,-0.154764,0.173186,0.306508,-0.433486,0.167733,-0.254827,0.321239,-0.450977,0.066802,0.288191,-0.288792,0.38975,-0.194163,0.128274,0.010382,-0.082266,0.050934,0.180448,0.016615,0.366717,-0.289084,-0.00759,-0.409284,-0.002643,-0.264468,0.082124,0.297054,-0.067552,0.063013,0.179714,0.289092,-0.063781,-0.296532,0.269616,0.136016,-0.236533,0.218646,-0.236299,-0.068543,0.108966,-0.22557
1949,"Wakabayashi, Kanji",staff_61700,-0.25954,-0.395254,-0.33064,-0.003286,0.28475,-0.115934,0.550358,-0.238284,0.35425,-0.124873,0.692033,1.132056,0.756991,-0.137809,-0.905471,-0.442351,0.080489,0.874581,-0.15516,0.076316,0.338498,0.345525,0.021017,0.272129,0.42067,-0.352572,0.154931,0.254061,0.265979,-0.400948,0.422354,-0.475755,0.350592,0.259335,-0.255253,0.565543,-0.217971,-0.356711,-0.110094,0.280073,-1.301082,-0.192999,-0.246415,-0.10405,-0.176027,-0.303732,0.01596,-0.696151,0.591223,-0.713167,0.596153,-0.058464,-0.358732,-0.456148,-0.544716,-0.405819,-0.244517,-0.019201,-0.615337,0.214701,-0.102481,0.391622,0.020115,-0.127271
1951,"Akagi, Hiroaki",staff_49153,-0.116748,-0.40652,-0.32452,0.013246,0.375707,-0.0513,0.523595,-0.339385,0.277144,-0.15055,0.601746,1.117978,0.625083,-0.109644,-0.968065,-0.565424,-0.05211,0.839306,-0.125149,0.095159,0.420512,0.341807,0.108802,0.346029,0.405022,-0.205664,0.063176,0.391685,0.263448,-0.346041,0.353611,-0.465419,0.279569,0.29747,-0.274755,0.49539,-0.289668,-0.259802,-0.039885,0.168636,-1.171087,-0.092261,-0.255811,-0.067167,-0.053812,-0.210678,-0.066183,-0.737717,0.692929,-0.741373,0.462202,-0.145692,-0.23012,-0.409442,-0.586044,-0.447422,-0.168249,-0.026037,-0.537241,0.241653,-0.052201,0.440261,-0.060409,-0.144441
1952,"Sayama, Kiyoko",staff_6064,-0.270155,-0.485148,-0.309103,0.10652,0.373118,-0.023763,0.561101,-0.36448,0.325464,-0.165195,0.615329,1.145064,0.625092,-0.045176,-1.135515,-0.519512,0.099498,0.826588,-0.120658,0.02623,0.334907,0.324164,0.057005,0.231251,0.467026,-0.149653,0.036238,0.282812,0.135183,-0.406312,0.387787,-0.363219,0.309627,0.221577,-0.230613,0.322862,-0.454236,-0.250177,-0.062472,0.215041,-1.295546,-0.09384,-0.090104,-0.196941,-0.11921,-0.317255,0.020831,-0.770835,0.573072,-0.779699,0.522188,-0.130988,-0.336461,-0.317661,-0.66934,-0.511145,-0.115999,0.021058,-0.568897,0.33306,-0.184856,0.300787,-0.138581,-0.176317
1954,"Yamaguchi, Hikaru",staff_42196,-0.249548,-0.429871,-0.237084,0.163486,0.322005,-0.017647,0.507642,-0.307765,0.298979,-0.171185,0.56988,1.197547,0.647956,-0.04822,-1.132816,-0.50136,0.048951,0.85146,-0.150594,0.001474,0.350423,0.31208,0.071345,0.238211,0.511347,-0.172446,0.043051,0.316617,0.142427,-0.363449,0.352052,-0.320144,0.267304,0.164974,-0.220705,0.359652,-0.460667,-0.279533,-0.087324,0.182485,-1.258327,-0.086877,-0.08523,-0.229425,-0.107203,-0.289937,-0.013865,-0.686085,0.51731,-0.747562,0.552019,-0.124975,-0.379759,-0.371816,-0.635472,-0.472761,-0.062165,0.054707,-0.598033,0.342351,-0.188207,0.259322,-0.106275,-0.206085
1955,"Nakazawa, Masatomo",staff_25921,-0.051677,-0.024369,0.094595,-0.187922,-0.011135,0.085742,0.282523,0.007237,0.283476,0.033303,-0.208079,0.051244,0.150028,0.068435,-0.032396,-0.438773,0.372834,0.151278,0.166169,0.018492,0.178188,-0.058793,-0.220514,-0.04379,0.046097,0.24519,-0.448614,0.089978,-0.113137,0.061281,-0.4587,0.019158,0.292333,-0.455628,0.453817,-0.260327,-0.046234,-0.067132,-0.312026,0.157186,0.031476,0.136812,0.503123,-0.252422,-0.146643,-0.252512,0.191349,-0.401377,0.145615,0.290918,-0.043538,-0.100312,0.243588,0.204382,0.063882,-0.426436,0.329282,0.044605,-0.019062,0.314778,-0.223559,-0.110837,0.158253,-0.124919
1956,"Yano, Shougo",staff_32719,-0.051677,-0.024369,0.094595,-0.187922,-0.011135,0.085742,0.282523,0.007237,0.283476,0.033303,-0.208079,0.051244,0.150028,0.068435,-0.032396,-0.438773,0.372834,0.151278,0.166169,0.018492,0.178188,-0.058793,-0.220514,-0.04379,0.046097,0.24519,-0.448614,0.089978,-0.113137,0.061281,-0.4587,0.019158,0.292333,-0.455628,0.453817,-0.260327,-0.046234,-0.067132,-0.312026,0.157186,0.031476,0.136812,0.503123,-0.252422,-0.146643,-0.252512,0.191349,-0.401377,0.145615,0.290918,-0.043538,-0.100312,0.243588,0.204382,0.063882,-0.426436,0.329282,0.044605,-0.019062,0.314778,-0.223559,-0.110837,0.158253,-0.124919
1957,"Shouji, Umeka",staff_7262,-0.051677,-0.024369,0.094595,-0.187922,-0.011135,0.085742,0.282523,0.007237,0.283476,0.033303,-0.208079,0.051244,0.150028,0.068435,-0.032396,-0.438773,0.372834,0.151278,0.166169,0.018492,0.178188,-0.058793,-0.220514,-0.04379,0.046097,0.24519,-0.448614,0.089978,-0.113137,0.061281,-0.4587,0.019158,0.292333,-0.455628,0.453817,-0.260327,-0.046234,-0.067132,-0.312026,0.157186,0.031476,0.136812,0.503123,-0.252422,-0.146643,-0.252512,0.191349,-0.401377,0.145615,0.290918,-0.043538,-0.100312,0.243588,0.204382,0.063882,-0.426436,0.329282,0.044605,-0.019062,0.314778,-0.223559,-0.110837,0.158253,-0.124919
1959,"Takamoto, Yoshihiro",staff_7530,-0.103411,-0.427956,-0.314909,0.010954,0.387757,-0.049889,0.531874,-0.344265,0.275592,-0.155939,0.597885,1.136106,0.594948,-0.101142,-0.990103,-0.577936,-0.044239,0.819389,-0.111342,0.073716,0.409402,0.328474,0.112031,0.346553,0.410216,-0.189897,0.04893,0.421252,0.249844,-0.357143,0.338984,-0.46034,0.279251,0.305972,-0.260223,0.486858,-0.292634,-0.258574,-0.027478,0.168136,-1.155806,-0.095447,-0.252205,-0.074583,-0.038372,-0.20531,-0.070739,-0.730986,0.70419,-0.745925,0.461964,-0.176573,-0.210955,-0.397309,-0.602691,-0.463904,-0.156882,-0.037887,-0.536629,0.245024,-0.074222,0.459419,-0.075399,-0.167816
1961,"Shimoji, Shino",staff_29957,0.039216,-0.072299,0.031653,-0.302505,0.018661,0.294877,0.203145,-0.215709,0.255468,0.106745,-0.144978,0.095936,0.172449,0.002753,0.026579,-0.237182,0.270936,0.007134,0.116792,0.038774,0.296037,-0.006752,-0.183233,-0.148972,0.182687,0.293832,-0.404824,0.17477,-0.264706,0.335124,-0.468394,0.056045,0.290126,-0.277933,0.393489,-0.178469,0.138739,-0.00681,-0.06814,0.044508,0.175282,0.028896,0.375422,-0.280588,-0.032796,-0.418213,0.007496,-0.27304,0.084694,0.323628,-0.05353,0.079693,0.208415,0.272254,-0.062025,-0.300193,0.284419,0.149532,-0.243141,0.214568,-0.22335,-0.09493,0.110573,-0.216408
1962,"Takada, Yuuki",staff_37047,0.026296,-0.048499,0.06149,-0.245337,0.032981,0.17924,0.220773,-0.079174,0.241796,0.085293,-0.189988,0.078249,0.097935,0.00922,0.015809,-0.338574,0.309755,0.079792,0.119696,-0.000541,0.193417,-0.012994,-0.194658,-0.125126,0.09172,0.255911,-0.447401,0.140387,-0.162014,0.187712,-0.462637,0.019187,0.324192,-0.363043,0.440759,-0.208443,0.001406,-0.011484,-0.209322,0.126883,0.083644,0.10323,0.437755,-0.274993,-0.069617,-0.308737,0.075421,-0.313851,0.085164,0.294023,-0.078112,-0.083964,0.217169,0.263763,0.039798,-0.370048,0.255281,0.092017,-0.11965,0.266116,-0.220039,-0.05317,0.085143,-0.127897
1963,"Akabane, Kenji",staff_7512,0.038689,-0.060173,0.030483,-0.281465,0.031233,0.242772,0.213145,-0.171115,0.240323,0.098646,-0.146679,0.085089,0.153762,0.00294,0.018455,-0.272068,0.282212,0.022645,0.112848,0.026646,0.261859,-0.01883,-0.175978,-0.147831,0.145229,0.285539,-0.415835,0.165704,-0.231731,0.278007,-0.467935,0.046088,0.305513,-0.314124,0.406132,-0.191501,0.092765,-0.008254,-0.117354,0.06554,0.14607,0.047327,0.387229,-0.287294,-0.047158,-0.384664,0.027486,-0.279527,0.090806,0.301653,-0.06896,0.028192,0.205164,0.27971,-0.030312,-0.319316,0.272415,0.121033,-0.204815,0.240015,-0.227929,-0.082389,0.10711,-0.185934
1964,"Koichi, Makoto",staff_39366,0.07779,-0.088989,0.013482,-0.250467,0.055519,0.209311,0.201268,-0.166189,0.221266,0.083315,-0.131667,0.066071,0.144164,-0.017977,-0.001161,-0.304073,0.266064,0.008324,0.126089,-0.003052,0.221952,0.002018,-0.203691,-0.153106,0.116896,0.27586,-0.475478,0.143039,-0.228855,0.241706,-0.443475,0.051779,0.301157,-0.328858,0.39547,-0.196941,0.081037,0.017418,-0.156153,0.078293,0.141091,0.031618,0.372895,-0.26053,0.003681,-0.358773,0.019311,-0.291079,0.072739,0.271125,-0.081436,-0.028831,0.181136,0.300963,-0.017949,-0.334563,0.249601,0.112833,-0.205951,0.239933,-0.220393,-0.043137,0.094049,-0.218952
1965,"Morita, Junpei",staff_10694,0.023902,-0.083743,0.011871,-0.315428,0.03911,0.304484,0.229549,-0.214854,0.228116,0.094331,-0.14399,0.084463,0.175015,-0.013202,0.051235,-0.230669,0.260528,0.006419,0.126447,0.036505,0.294953,-0.026741,-0.194987,-0.122726,0.184456,0.319571,-0.415986,0.16007,-0.250583,0.340865,-0.478345,0.058848,0.314646,-0.26712,0.416553,-0.203929,0.121163,-0.018262,-0.074766,0.0355,0.16515,0.018172,0.404989,-0.307934,-0.025472,-0.435145,0.014346,-0.255786,0.101931,0.333889,-0.043038,0.073902,0.205656,0.283389,-0.067802,-0.303448,0.301857,0.119105,-0.240323,0.222267,-0.230926,-0.102966,0.128127,-0.229228
1967,"Horiuchi, Kenyuu",staff_262,0.009066,-0.042331,0.115015,-0.207655,-0.05327,0.150048,0.213368,-0.029901,0.291589,0.063184,-0.21718,0.080525,0.178119,0.131848,-0.039358,-0.393643,0.365289,0.134013,0.142593,0.005124,0.20235,-0.034848,-0.237258,-0.077874,0.087728,0.245326,-0.457171,0.144924,-0.158654,0.153581,-0.427543,0.044752,0.25355,-0.349664,0.425628,-0.173751,0.026648,-0.076714,-0.224831,0.145022,0.037269,0.1021,0.473509,-0.228984,-0.1441,-0.265233,0.120781,-0.386256,0.081129,0.375515,-0.069105,-0.00098,0.254582,0.1903,0.051449,-0.434855,0.338429,0.087067,-0.111134,0.260557,-0.206949,-0.116446,0.12013,-0.148859
1968,"Takanashi, Kengo",staff_15477,0.032116,-0.056446,0.079397,-0.248076,-0.02281,0.214456,0.196999,-0.12218,0.279696,0.090572,-0.178243,0.091187,0.171836,0.068281,-0.018511,-0.321002,0.318508,0.069885,0.12545,0.021105,0.247949,-0.012455,-0.204138,-0.124969,0.131109,0.258542,-0.429631,0.164679,-0.216157,0.238479,-0.439841,0.050469,0.261614,-0.322442,0.399013,-0.167749,0.087313,-0.032971,-0.14815,0.100629,0.110366,0.069129,0.410345,-0.245362,-0.087809,-0.333434,0.061521,-0.335933,0.076217,0.340078,-0.069312,0.036354,0.226795,0.228146,-0.003235,-0.365902,0.300591,0.127967,-0.17556,0.235686,-0.21374,-0.097742,0.106171,-0.176741
1969,"Kondou, Reina",staff_33795,0.009066,-0.042331,0.115015,-0.207655,-0.05327,0.150048,0.213368,-0.029901,0.291589,0.063184,-0.21718,0.080525,0.178119,0.131848,-0.039358,-0.393643,0.365289,0.134013,0.142593,0.005124,0.20235,-0.034848,-0.237258,-0.077874,0.087728,0.245326,-0.457171,0.144924,-0.158654,0.153581,-0.427543,0.044752,0.25355,-0.349664,0.425628,-0.173751,0.026648,-0.076714,-0.224831,0.145022,0.037269,0.1021,0.473509,-0.228984,-0.1441,-0.265233,0.120781,-0.386256,0.081129,0.375515,-0.069105,-0.00098,0.254582,0.1903,0.051449,-0.434855,0.338429,0.087067,-0.111134,0.260557,-0.206949,-0.116446,0.12013,-0.148859
1970,"Kobayashi, Yuu",staff_34,0.008847,-0.048487,0.053519,-0.216725,0.014656,0.15704,0.23513,-0.063063,0.246845,0.086028,-0.186435,0.053161,0.161708,0.054286,-0.021895,-0.353472,0.344221,0.078346,0.138295,-0.006158,0.23931,-0.006281,-0.22164,-0.09504,0.086154,0.289303,-0.46315,0.108222,-0.156347,0.147447,-0.454341,0.021152,0.301529,-0.387473,0.42519,-0.232807,0.018685,-0.049503,-0.192443,0.112471,0.090593,0.075416,0.451506,-0.245156,-0.096518,-0.288346,0.09072,-0.336166,0.079742,0.303176,-0.052931,-0.030782,0.220454,0.247089,0.025634,-0.389049,0.297159,0.0589,-0.125303,0.26369,-0.236977,-0.07638,0.128473,-0.17236
1972,"Yanase, Yuuji",staff_33207,-0.221022,-0.331541,-0.340012,-0.020614,0.315807,-0.107338,0.498711,-0.298566,0.321065,-0.133215,0.679462,1.077153,0.737681,-0.134227,-0.870282,-0.497908,-0.029927,0.907691,-0.19119,0.137126,0.418011,0.381955,0.043925,0.327089,0.378589,-0.307537,0.152338,0.274101,0.316823,-0.305606,0.398908,-0.531574,0.283693,0.275896,-0.30165,0.593301,-0.202677,-0.304039,-0.11954,0.232586,-1.243131,-0.149405,-0.309101,-0.04415,-0.111816,-0.220837,-0.015985,-0.73209,0.680417,-0.713037,0.519482,-0.064322,-0.302236,-0.475482,-0.518623,-0.379239,-0.243341,0.016209,-0.560028,0.223906,-0.008419,0.413263,0.013625,-0.062056
1973,"Fukuhara, Katsumi",staff_45402,0.062188,-0.071995,0.039377,-0.287892,0.017961,0.27377,0.186135,-0.214749,0.259909,0.11777,-0.136112,0.097438,0.17355,0.009781,0.000222,-0.248831,0.27223,0.004919,0.113071,0.031272,0.290647,0.008509,-0.178427,-0.173185,0.172682,0.282331,-0.418585,0.183649,-0.268449,0.319555,-0.456413,0.057257,0.275866,-0.298249,0.379056,-0.167745,0.146374,0.007827,-0.073539,0.055548,0.189005,0.03046,0.35005,-0.26386,-0.020071,-0.397866,-0.001691,-0.287315,0.07487,0.305353,-0.064377,0.076914,0.197758,0.274639,-0.059471,-0.299404,0.26917,0.165242,-0.241736,0.215538,-0.221366,-0.076762,0.097416,-0.210194
1974,"Fukuo, Yui",staff_41381,0.062188,-0.071995,0.039377,-0.287892,0.017961,0.27377,0.186135,-0.214749,0.259909,0.11777,-0.136112,0.097438,0.17355,0.009781,0.000222,-0.248831,0.27223,0.004919,0.113071,0.031272,0.290647,0.008509,-0.178427,-0.173185,0.172682,0.282331,-0.418585,0.183649,-0.268449,0.319555,-0.456413,0.057257,0.275866,-0.298249,0.379056,-0.167745,0.146374,0.007827,-0.073539,0.055548,0.189005,0.03046,0.35005,-0.26386,-0.020071,-0.397866,-0.001691,-0.287315,0.07487,0.305353,-0.064377,0.076914,0.197758,0.274639,-0.059471,-0.299404,0.26917,0.165242,-0.241736,0.215538,-0.221366,-0.076762,0.097416,-0.210194
1975,"Kouno, Marika",staff_35441,0.062188,-0.071995,0.039377,-0.287892,0.017961,0.27377,0.186135,-0.214749,0.259909,0.11777,-0.136112,0.097438,0.17355,0.009781,0.000222,-0.248831,0.27223,0.004919,0.113071,0.031272,0.290647,0.008509,-0.178427,-0.173185,0.172682,0.282331,-0.418585,0.183649,-0.268449,0.319555,-0.456413,0.057257,0.275866,-0.298249,0.379056,-0.167745,0.146374,0.007827,-0.073539,0.055548,0.189005,0.03046,0.35005,-0.26386,-0.020071,-0.397866,-0.001691,-0.287315,0.07487,0.305353,-0.064377,0.076914,0.197758,0.274639,-0.059471,-0.299404,0.26917,0.165242,-0.241736,0.215538,-0.221366,-0.076762,0.097416,-0.210194
1977,"Andou, Hiroaki",staff_11475,-0.251648,-0.332777,-0.246221,0.089441,0.319026,-0.051036,0.445759,-0.273684,0.304229,-0.215773,0.608483,1.130874,0.723273,-0.120634,-1.016119,-0.495496,0.048262,0.879718,-0.196114,0.033845,0.358169,0.340651,0.066972,0.265666,0.475176,-0.218441,0.147417,0.291069,0.247519,-0.336726,0.357902,-0.399544,0.229405,0.149107,-0.262682,0.498085,-0.369136,-0.315568,-0.124182,0.21641,-1.262911,-0.111085,-0.150661,-0.202682,-0.115895,-0.251835,0.033446,-0.664169,0.513784,-0.714688,0.58764,-0.093105,-0.414994,-0.472229,-0.620699,-0.426067,-0.072107,0.087267,-0.610291,0.318929,-0.119123,0.302257,-0.051684,-0.142315
1978,"Seshita, Hiroyuki",staff_35471,-0.251648,-0.332777,-0.246221,0.089441,0.319026,-0.051036,0.445759,-0.273684,0.304229,-0.215773,0.608483,1.130874,0.723273,-0.120634,-1.016119,-0.495496,0.048262,0.879718,-0.196114,0.033845,0.358169,0.340651,0.066972,0.265666,0.475176,-0.218441,0.147417,0.291069,0.247519,-0.336726,0.357902,-0.399544,0.229405,0.149107,-0.262682,0.498085,-0.369136,-0.315568,-0.124182,0.21641,-1.262911,-0.111085,-0.150661,-0.202682,-0.115895,-0.251835,0.033446,-0.664169,0.513784,-0.714688,0.58764,-0.093105,-0.414994,-0.472229,-0.620699,-0.426067,-0.072107,0.087267,-0.610291,0.318929,-0.119123,0.302257,-0.051684,-0.142315
1979,"Nanase, Ayaka",staff_39727,0.091724,-0.075854,0.076067,-0.278263,-0.037753,0.159581,0.207588,-0.13089,0.242123,0.071119,-0.125078,0.071462,0.180387,0.030754,0.041203,-0.404037,0.262601,0.077846,0.155195,-0.01184,0.24968,-0.023911,-0.215967,-0.109993,0.155255,0.304049,-0.486471,0.131088,-0.16614,0.192557,-0.413046,0.042958,0.240727,-0.333295,0.404585,-0.214877,0.042514,0.029079,-0.142134,0.080599,0.131343,0.055072,0.366726,-0.262358,-0.038585,-0.307656,0.01454,-0.281945,0.097532,0.251488,-0.142758,-0.009566,0.219453,0.283251,0.029474,-0.356001,0.278188,0.161656,-0.152144,0.24488,-0.215488,-0.054684,0.080817,-0.201107
1980,"Itou, Ryouta",staff_51101,-0.205894,-0.395644,-0.305731,0.01176,0.355957,-0.062511,0.506175,-0.32188,0.292391,-0.175548,0.636487,1.134246,0.673916,-0.077077,-0.984919,-0.529643,0.003651,0.880138,-0.163269,0.080345,0.407203,0.364091,0.089798,0.302758,0.438236,-0.206966,0.126814,0.303804,0.270781,-0.348737,0.34015,-0.476756,0.241752,0.260632,-0.261322,0.483875,-0.312075,-0.299666,-0.091156,0.220941,-1.241471,-0.109494,-0.197798,-0.117989,-0.077212,-0.220764,-0.027186,-0.734421,0.616627,-0.736367,0.529578,-0.105383,-0.336772,-0.411731,-0.622826,-0.443206,-0.145789,0.016342,-0.560991,0.282579,-0.098888,0.388198,-0.057066,-0.142076
1981,"Yorita, Natsu",staff_47130,0.035754,-0.053759,0.046304,-0.181332,0.021804,0.107824,0.205557,-0.067135,0.233698,0.067333,-0.14685,0.055139,0.158517,0.042444,-0.059596,-0.367537,0.31179,0.06516,0.125931,-0.016648,0.194494,-0.01955,-0.19351,-0.123937,0.06518,0.260517,-0.475169,0.135035,-0.167467,0.126343,-0.416989,0.042811,0.275043,-0.396378,0.412607,-0.213423,0.014426,-0.012314,-0.229731,0.121939,0.088935,0.080535,0.415694,-0.243253,-0.075469,-0.27125,0.079809,-0.346235,0.0822,0.267352,-0.094019,-0.052715,0.188353,0.252413,0.032767,-0.382282,0.281816,0.067026,-0.113954,0.272838,-0.240993,-0.041922,0.104766,-0.164901
1982,"Mori, Hirotaka",staff_49899,-0.27427,-0.344293,-0.221952,0.100091,0.285475,-0.08639,0.466942,-0.262339,0.330649,-0.189006,0.601906,1.139494,0.720418,-0.112839,-1.032893,-0.461168,0.039386,0.917567,-0.191665,0.022285,0.342605,0.367153,0.046408,0.240513,0.485438,-0.23737,0.138811,0.275595,0.221335,-0.313629,0.384544,-0.391615,0.255793,0.159405,-0.245038,0.489506,-0.363572,-0.336083,-0.148853,0.23273,-1.27864,-0.113393,-0.138947,-0.217107,-0.147009,-0.260565,0.032218,-0.624806,0.532139,-0.699215,0.597668,-0.077749,-0.436962,-0.4796,-0.593362,-0.387401,-0.083965,0.087086,-0.631089,0.335228,-0.124662,0.283482,-0.021777,-0.119477
1983,"Kusakawa, Keizou",staff_12655,-0.152672,-0.392316,-0.297067,0.031814,0.328335,-0.049484,0.507403,-0.31084,0.278196,-0.162702,0.597923,1.135843,0.665016,-0.098572,-1.013471,-0.541876,-0.024018,0.836531,-0.132917,0.071504,0.403935,0.327793,0.080846,0.331855,0.42863,-0.210066,0.067507,0.344107,0.222531,-0.344057,0.370712,-0.434593,0.274433,0.244737,-0.271954,0.492023,-0.317047,-0.282559,-0.067077,0.184489,-1.208799,-0.07552,-0.20924,-0.106404,-0.106392,-0.220249,-0.072878,-0.717252,0.624275,-0.731494,0.473977,-0.123065,-0.298712,-0.420048,-0.570639,-0.447177,-0.133138,0.006617,-0.536043,0.251565,-0.07629,0.377505,-0.055081,-0.134192
1984,"Yamamoto, Yasutaka",staff_12517,-0.142875,-0.403736,-0.319737,0.012626,0.376887,-0.05287,0.516805,-0.335952,0.283107,-0.164696,0.610745,1.114736,0.637923,-0.105699,-0.97839,-0.557596,-0.027179,0.843901,-0.135574,0.087248,0.410116,0.34551,0.103651,0.332574,0.413461,-0.198804,0.081583,0.368379,0.262516,-0.352177,0.351558,-0.465124,0.269589,0.282357,-0.273613,0.491611,-0.299786,-0.268997,-0.052604,0.184009,-1.191782,-0.096946,-0.236136,-0.087238,-0.062796,-0.216247,-0.045071,-0.736647,0.668782,-0.740663,0.48161,-0.139417,-0.258438,-0.414033,-0.604345,-0.449497,-0.155899,-0.010412,-0.545475,0.255125,-0.066663,0.426066,-0.065295,-0.141926
1985,"Nakajima, Megumi",staff_1105,0.071073,-0.087837,0.0172,-0.272741,0.038772,0.239975,0.192214,-0.201121,0.218762,0.102329,-0.111408,0.078392,0.162213,-0.015565,0.008043,-0.27085,0.245033,-0.005409,0.110706,0.015739,0.262332,-0.001345,-0.179345,-0.164965,0.156793,0.29222,-0.443757,0.17082,-0.247747,0.286865,-0.440965,0.058155,0.285821,-0.309266,0.38971,-0.192622,0.117316,0.020405,-0.104324,0.056698,0.176521,0.023888,0.353211,-0.281251,-0.001681,-0.385604,-0.000713,-0.27183,0.083984,0.269379,-0.087489,0.037803,0.170902,0.292233,-0.046156,-0.298721,0.255158,0.134673,-0.223618,0.225316,-0.231489,-0.053248,0.095458,-0.216781
1987,"Saiga, Mitsuki",staff_197,0.043843,-0.052487,0.062614,-0.208606,0.002029,0.14002,0.199794,-0.109565,0.254926,0.065402,-0.135383,0.074257,0.164443,0.041565,-0.044189,-0.354797,0.293969,0.061059,0.122247,0.013304,0.200623,-0.026381,-0.178559,-0.140886,0.093451,0.242176,-0.45102,0.161642,-0.202901,0.176225,-0.424166,0.053383,0.257836,-0.370238,0.400863,-0.192827,0.054824,0.003255,-0.210559,0.108788,0.112117,0.081016,0.388173,-0.249428,-0.062491,-0.30716,0.070162,-0.347324,0.100737,0.270825,-0.096165,-0.017383,0.195822,0.247278,0.010711,-0.356539,0.281559,0.116873,-0.13383,0.267333,-0.222538,-0.062117,0.103426,-0.16497
1989,Masayuki,staff_12729,-0.172055,-0.449031,-0.418392,-0.00453,0.42504,0.053048,0.578322,-0.29305,0.235078,-0.162136,0.728242,1.144164,0.738055,-0.111447,-0.886804,-0.56147,0.117464,0.742668,-0.145127,0.136355,0.412759,0.237766,0.078877,0.38888,0.40596,-0.301897,0.091127,0.355099,0.28107,-0.511701,0.31995,-0.459332,0.330785,0.256689,-0.314127,0.509288,-0.245024,-0.251495,0.039529,0.197503,-1.266826,-0.224348,-0.301481,-0.025335,-0.039101,-0.277477,-0.011195,-0.845714,0.527954,-0.792498,0.576213,-0.093959,-0.223385,-0.389396,-0.617714,-0.581176,-0.247568,-0.085458,-0.567699,0.129875,-0.133309,0.442479,-0.096962,-0.257551
1990,"Tokumoto, Yoshinobu",staff_42077,-0.10084,-0.429271,-0.314037,0.013593,0.38809,-0.052325,0.530632,-0.342199,0.275382,-0.15448,0.598787,1.13454,0.598458,-0.101814,-0.991568,-0.577176,-0.045137,0.818969,-0.113919,0.077417,0.408878,0.330761,0.113498,0.348154,0.410191,-0.188208,0.047242,0.420181,0.248958,-0.357042,0.343037,-0.463246,0.277418,0.306857,-0.262183,0.48578,-0.29342,-0.262557,-0.028048,0.166965,-1.152926,-0.094716,-0.253417,-0.075037,-0.043051,-0.202971,-0.072355,-0.734722,0.705899,-0.747012,0.45985,-0.174861,-0.20969,-0.397732,-0.605886,-0.463063,-0.158159,-0.039409,-0.537287,0.243557,-0.073117,0.458892,-0.073011,-0.167138
1991,"Oomori, Nichika",staff_31509,0.105305,-0.102592,0.012254,-0.224331,0.051642,0.139135,0.16508,-0.178107,0.194268,0.094267,-0.053311,0.073944,0.133593,-0.049108,-0.038754,-0.331791,0.199889,-0.010818,0.102825,-0.009158,0.19347,-0.009978,-0.150602,-0.203508,0.11507,0.257856,-0.477779,0.181182,-0.226603,0.21392,-0.383189,0.075212,0.250125,-0.372728,0.369039,-0.199666,0.078524,0.080795,-0.184418,0.102948,0.163844,0.044794,0.301658,-0.285247,0.030997,-0.332768,0.007163,-0.288668,0.096605,0.17765,-0.151459,-0.035578,0.112897,0.311605,-0.015973,-0.296963,0.202964,0.138527,-0.168731,0.255937,-0.243402,0.010948,0.064185,-0.187195
1992,"Ezaki, Shinpei",staff_35807,-0.158776,-0.430668,-0.377283,0.001753,0.390037,-0.009776,0.556626,-0.300124,0.26922,-0.153328,0.683024,1.135986,0.696812,-0.122217,-0.917056,-0.549195,0.059792,0.786112,-0.130669,0.107988,0.397374,0.282216,0.082119,0.359576,0.405934,-0.280696,0.088752,0.361681,0.274821,-0.445815,0.352438,-0.468907,0.323696,0.274899,-0.284759,0.514642,-0.252007,-0.273999,-0.006903,0.203206,-1.234548,-0.176103,-0.283341,-0.050104,-0.067781,-0.26209,-0.025642,-0.793065,0.599984,-0.768575,0.536937,-0.11674,-0.238652,-0.399641,-0.598571,-0.518415,-0.227457,-0.065777,-0.559826,0.175821,-0.105185,0.444987,-0.067176,-0.204826
1993,"Nawa, Munenori",staff_6010,-0.199502,-0.374934,-0.212038,0.184409,0.307184,-0.005427,0.442341,-0.329834,0.254969,-0.205402,0.500659,1.139497,0.652142,-0.115184,-1.106952,-0.5357,-0.022975,0.872714,-0.126729,0.003395,0.392024,0.35463,0.117997,0.270193,0.496396,-0.142348,0.064485,0.338224,0.211912,-0.314899,0.377612,-0.316641,0.240897,0.128868,-0.210562,0.381424,-0.477357,-0.2968,-0.118529,0.151181,-1.221893,-0.02583,-0.062913,-0.231156,-0.135255,-0.264086,0.003955,-0.681824,0.505449,-0.748502,0.512931,-0.100112,-0.402702,-0.40913,-0.616875,-0.456486,-0.025861,0.097227,-0.604603,0.339191,-0.124848,0.245049,-0.073338,-0.171055
1994,"Tatsumi, Yuiko",staff_6997,-0.013217,-0.0595,0.074183,-0.179315,-0.02065,0.100215,0.219707,-0.035267,0.27241,0.04422,-0.184086,0.066991,0.188123,0.073788,-0.06742,-0.39547,0.331288,0.115526,0.152189,-0.01566,0.196086,-0.032012,-0.2182,-0.091319,0.0619,0.250751,-0.48761,0.120046,-0.158913,0.116405,-0.412269,0.068114,0.234681,-0.367766,0.402931,-0.223173,0.001774,-0.039937,-0.267085,0.14724,0.061111,0.104527,0.461498,-0.236723,-0.124829,-0.268182,0.122968,-0.386636,0.07821,0.311728,-0.06602,-0.025116,0.203735,0.197575,0.034608,-0.407595,0.33287,0.067255,-0.069148,0.2803,-0.237524,-0.076437,0.145953,-0.166304
1995,"Takeuchi, Ken",staff_402,-0.054071,-0.059923,0.091038,-0.132725,-0.024209,0.044563,0.254198,0.029951,0.269413,0.015371,-0.204159,0.039355,0.218234,0.105799,-0.090768,-0.433187,0.371226,0.152202,0.181555,-0.038042,0.191675,-0.059589,-0.243233,-0.027554,0.015491,0.251587,-0.509221,0.082984,-0.104925,0.040688,-0.399433,0.072378,0.229324,-0.395355,0.427837,-0.257511,-0.04766,-0.066772,-0.329612,0.175784,-0.003827,0.121669,0.528657,-0.215203,-0.166997,-0.213849,0.177485,-0.437332,0.087145,0.348696,-0.052825,-0.03857,0.225097,0.1709,0.054572,-0.461204,0.381854,0.008328,-0.014536,0.312074,-0.267167,-0.102677,0.182798,-0.161938
1996,"Ogura, Hirofumi",staff_14751,-0.104043,-0.435701,-0.318726,0.020238,0.386136,-0.043772,0.536984,-0.341649,0.271528,-0.152842,0.599891,1.134362,0.601052,-0.102025,-0.987488,-0.573434,-0.03736,0.815183,-0.109586,0.077253,0.406661,0.32618,0.110703,0.347846,0.409784,-0.194191,0.039997,0.417,0.244402,-0.363942,0.345367,-0.455112,0.286404,0.30214,-0.260387,0.476255,-0.297219,-0.259255,-0.024039,0.168399,-1.156875,-0.099796,-0.251169,-0.07262,-0.042643,-0.210083,-0.068967,-0.739841,0.694259,-0.75067,0.461894,-0.168495,-0.209944,-0.388822,-0.600552,-0.470554,-0.162404,-0.045621,-0.538182,0.236261,-0.077239,0.454296,-0.070464,-0.172596
1997,"Nanba, Hitoshi",staff_11268,-0.238093,-0.361409,-0.2999,0.052978,0.310121,-0.066763,0.489014,-0.314945,0.30226,-0.156175,0.631116,1.14296,0.700677,-0.080915,-0.993476,-0.500424,-0.003227,0.901638,-0.179657,0.086887,0.405513,0.356815,0.069081,0.286081,0.439122,-0.231807,0.132599,0.264218,0.253857,-0.315823,0.360238,-0.449908,0.249918,0.219228,-0.269184,0.481252,-0.330755,-0.289568,-0.117826,0.210913,-1.262048,-0.09538,-0.188263,-0.13018,-0.105662,-0.238665,-0.03692,-0.728287,0.59396,-0.72448,0.524701,-0.083183,-0.367722,-0.426373,-0.578357,-0.416605,-0.147473,0.047441,-0.560287,0.295795,-0.083225,0.328677,-0.039555,-0.11859
1998,"Hondo, Kaede",staff_38659,0.040846,-0.066157,0.063228,-0.232277,0.002905,0.188067,0.202613,-0.11445,0.259186,0.101027,-0.164593,0.074919,0.154397,0.036193,-0.021323,-0.335179,0.306893,0.054631,0.126743,0.002179,0.243912,0.007794,-0.205594,-0.131549,0.113623,0.266311,-0.455819,0.14054,-0.19568,0.204253,-0.431423,0.043421,0.270711,-0.356808,0.395894,-0.198766,0.068097,-0.013441,-0.16455,0.111311,0.116439,0.068412,0.403344,-0.243219,-0.063552,-0.311617,0.060058,-0.32928,0.068935,0.293904,-0.07549,-0.002441,0.201929,0.249247,0.002692,-0.359938,0.272267,0.114922,-0.156343,0.240536,-0.226241,-0.064656,0.10633,-0.179911
1999,"Noguchi, Ruriko",staff_41974,0.0607,-0.080962,0.034965,-0.314626,0.007463,0.289185,0.210279,-0.223351,0.24406,0.096263,-0.130939,0.082454,0.182642,-0.001829,0.039342,-0.252454,0.250254,0.009149,0.125017,0.025394,0.313937,-0.006485,-0.198271,-0.144163,0.200413,0.314734,-0.432977,0.157076,-0.259632,0.322381,-0.455362,0.049264,0.273922,-0.271613,0.405318,-0.184459,0.129226,0.016012,-0.050536,0.037588,0.17663,0.030453,0.358255,-0.281507,-0.016407,-0.412927,-0.017594,-0.256138,0.089876,0.31151,-0.073753,0.089446,0.209032,0.287491,-0.05425,-0.304293,0.287578,0.161953,-0.250851,0.219546,-0.218141,-0.087023,0.113536,-0.236161
2000,"Kamiyama, Kenji",staff_5348,-0.190591,-0.397635,-0.307646,0.046206,0.340951,-0.034005,0.509593,-0.30443,0.27545,-0.176709,0.618054,1.133646,0.693912,-0.122622,-0.973437,-0.530986,0.027097,0.846588,-0.131481,0.064254,0.394728,0.334786,0.094611,0.312733,0.441161,-0.23799,0.115507,0.326536,0.27403,-0.387787,0.364493,-0.432539,0.283604,0.22725,-0.248731,0.486885,-0.317871,-0.310014,-0.073653,0.208319,-1.245589,-0.119819,-0.191798,-0.124362,-0.108995,-0.25929,-0.008641,-0.733447,0.564313,-0.748554,0.543217,-0.09478,-0.336057,-0.420521,-0.603812,-0.472098,-0.15262,0.005957,-0.587874,0.245498,-0.108137,0.374006,-0.047118,-0.174448
2002,"Furukawa, Hiroyuki",staff_36711,-0.129183,-0.398793,-0.326977,0.016416,0.367325,-0.055507,0.517032,-0.337035,0.280233,-0.145879,0.61087,1.120314,0.634441,-0.103164,-0.95854,-0.560843,-0.053895,0.838194,-0.136803,0.099294,0.421207,0.338493,0.101298,0.343326,0.398056,-0.214271,0.06484,0.37798,0.262901,-0.338809,0.349873,-0.471528,0.271525,0.293939,-0.277734,0.502489,-0.283136,-0.258824,-0.048764,0.172735,-1.168244,-0.09968,-0.266447,-0.059698,-0.051127,-0.207546,-0.070308,-0.745836,0.697105,-0.741569,0.459027,-0.146325,-0.229305,-0.404901,-0.575286,-0.444235,-0.177139,-0.021273,-0.529277,0.236328,-0.047898,0.437259,-0.056533,-0.14186
2003,"Nagaku, Yuki",staff_36621,0.098006,-0.108518,0.015187,-0.218156,0.048953,0.132627,0.167108,-0.170354,0.198436,0.094588,-0.058457,0.072399,0.144715,-0.045864,-0.044922,-0.335428,0.207453,-0.004692,0.10952,-0.019204,0.203601,-0.007558,-0.157676,-0.199466,0.107982,0.262328,-0.488724,0.172278,-0.220628,0.205309,-0.37748,0.0806,0.241199,-0.371675,0.364413,-0.206362,0.075333,0.076575,-0.190064,0.112575,0.157968,0.046223,0.310925,-0.27927,0.022279,-0.324817,0.010505,-0.299553,0.085478,0.186127,-0.146273,-0.027403,0.112143,0.305722,-0.016585,-0.304851,0.210616,0.132507,-0.160744,0.258667,-0.25418,0.007042,0.074783,-0.191648
2004,"Yanagi, Shinsuke",staff_30843,-0.197749,-0.365895,-0.336431,-0.014107,0.332105,-0.08007,0.517558,-0.311446,0.289378,-0.131586,0.663256,1.11821,0.709446,-0.085708,-0.895212,-0.517081,-0.049468,0.907033,-0.184023,0.13575,0.444444,0.375075,0.073322,0.337776,0.398275,-0.274732,0.128112,0.292005,0.304652,-0.317608,0.348827,-0.521549,0.258882,0.294303,-0.292139,0.545637,-0.2272,-0.293383,-0.096461,0.218028,-1.227161,-0.135616,-0.287587,-0.039102,-0.066936,-0.199868,-0.063419,-0.745286,0.671898,-0.725449,0.506436,-0.07458,-0.294309,-0.435735,-0.543649,-0.404899,-0.221491,-0.004236,-0.546245,0.228124,-0.03352,0.417146,-0.005117,-0.105859
2005,"Hatano, Wataru",staff_98,0.090176,-0.065806,0.11853,-0.307771,-0.044204,0.207789,0.208605,0.02716,0.220182,0.062251,-0.288846,0.069543,0.055257,0.0947,0.122003,-0.453651,0.357365,0.191719,0.127393,-0.009967,0.120655,-0.026009,-0.28413,-0.027297,0.076374,0.251296,-0.50138,0.122198,-0.097563,0.194454,-0.461559,-0.031907,0.375904,-0.303163,0.484841,-0.146749,-0.052235,-0.08078,-0.234099,0.113217,-0.009674,0.083775,0.527658,-0.256239,-0.091666,-0.277752,0.087422,-0.289672,0.075618,0.409361,-0.142785,-0.18433,0.30636,0.237756,0.129706,-0.488114,0.274936,0.071412,-0.134542,0.227917,-0.121608,-0.079132,0.006098,-0.095995
2006,"Matsushita, Shuuhei",staff_49948,-0.099095,-0.427115,-0.316279,0.011269,0.388607,-0.050773,0.533595,-0.342236,0.276582,-0.157574,0.598162,1.131637,0.597416,-0.102399,-0.98755,-0.574006,-0.042819,0.822708,-0.111533,0.07779,0.407199,0.330981,0.114016,0.347979,0.412478,-0.189066,0.046851,0.420972,0.249265,-0.356104,0.342202,-0.462282,0.277417,0.30794,-0.264379,0.48269,-0.295854,-0.25889,-0.023402,0.169074,-1.152288,-0.093617,-0.254434,-0.073625,-0.035349,-0.2028,-0.072701,-0.730185,0.703956,-0.744433,0.462839,-0.174611,-0.214071,-0.395869,-0.60612,-0.464407,-0.155268,-0.043132,-0.534581,0.246225,-0.070531,0.461604,-0.070332,-0.16344
2007,"Kumai, Motoko",staff_746,0.04875,-0.070585,0.017228,-0.230788,0.043973,0.152377,0.200488,-0.139643,0.221543,0.090381,-0.103228,0.068754,0.144633,-0.024645,-0.022633,-0.316148,0.262878,0.015746,0.112019,-0.005772,0.231406,-0.011216,-0.160228,-0.171471,0.098006,0.269787,-0.454603,0.145997,-0.201835,0.195387,-0.426332,0.052693,0.275561,-0.367731,0.387806,-0.224337,0.048155,0.038173,-0.177427,0.100122,0.136292,0.065519,0.359391,-0.273883,-0.03291,-0.328636,0.03517,-0.298397,0.084802,0.227671,-0.105028,-0.024509,0.163994,0.295096,-0.004483,-0.322125,0.239293,0.104666,-0.151778,0.271579,-0.257012,-0.030063,0.101402,-0.17289
2008,"Adachi, Shingo",staff_15189,-0.08579,-0.431919,-0.395214,-0.015002,0.448935,-0.088714,0.583701,-0.327016,0.266305,-0.077707,0.585506,1.145838,0.609685,-0.085267,-0.974227,-0.528798,-0.008349,0.790908,-0.154493,0.142671,0.39608,0.347249,0.15128,0.303971,0.406007,-0.175361,0.098859,0.399753,0.264378,-0.466251,0.364934,-0.414397,0.340854,0.384218,-0.261107,0.444011,-0.236747,-0.261745,-0.008191,0.166662,-1.274792,0.01199,-0.149094,-0.082716,-0.063057,-0.250324,-0.105227,-0.711535,0.631849,-0.767083,0.46363,-0.085756,-0.201771,-0.407688,-0.680907,-0.431745,-0.144462,-0.051457,-0.515954,0.181483,-0.062177,0.459375,-0.152095,-0.214485
2009,"Imamura, Ayaka",staff_34697,0.04176,-0.124288,-0.024524,-0.301307,0.076109,0.261037,0.230865,-0.217262,0.170717,0.088469,-0.097626,0.065738,0.165477,-0.067437,0.050407,-0.250572,0.208251,-0.019289,0.128865,0.003744,0.274499,-0.03351,-0.193995,-0.131095,0.167177,0.335896,-0.463046,0.147122,-0.228358,0.312863,-0.444536,0.081229,0.310183,-0.278276,0.411314,-0.240584,0.09171,0.02028,-0.108664,0.049553,0.162708,0.002703,0.39018,-0.333748,0.017462,-0.42256,0.002725,-0.23522,0.105808,0.27792,-0.076646,0.039133,0.15154,0.314292,-0.068033,-0.291871,0.270997,0.088433,-0.219812,0.238193,-0.260485,-0.060886,0.127167,-0.241981
2010,"Yamamoto, Nozomi",staff_12490,0.025187,-0.087538,0.025798,-0.242223,0.032504,0.191305,0.225637,-0.139585,0.218262,0.069503,-0.135467,0.063427,0.175645,0.001804,-0.005319,-0.313579,0.268209,0.037346,0.136284,-0.000831,0.240568,-0.032794,-0.199763,-0.112348,0.119894,0.291949,-0.462912,0.140713,-0.200922,0.223595,-0.432578,0.068095,0.281042,-0.326834,0.411206,-0.223889,0.059366,-0.005037,-0.17294,0.087576,0.117216,0.047918,0.416216,-0.282618,-0.04447,-0.350201,0.054956,-0.306226,0.097932,0.293489,-0.076188,0.010703,0.182653,0.264105,-0.021662,-0.343827,0.295859,0.083997,-0.160309,0.255186,-0.247204,-0.070693,0.128321,-0.205832
2011,"Imaizumi, Kenichi",staff_16373,-0.211641,-0.380734,-0.253383,0.06768,0.324017,-0.070498,0.493597,-0.2915,0.30945,-0.175118,0.596313,1.147233,0.668467,-0.097987,-1.02437,-0.502841,0.009994,0.874123,-0.165244,0.036655,0.365276,0.345656,0.069439,0.274567,0.458735,-0.213429,0.099104,0.330342,0.220066,-0.332874,0.35446,-0.408505,0.259359,0.213136,-0.251265,0.484294,-0.341418,-0.302117,-0.101391,0.20747,-1.228158,-0.108419,-0.175951,-0.165221,-0.097079,-0.239839,-0.012564,-0.659888,0.595778,-0.71416,0.544644,-0.123509,-0.348995,-0.443321,-0.597935,-0.416669,-0.102445,0.041706,-0.593313,0.304159,-0.111719,0.348644,-0.047456,-0.144623
2012,"Akesaka, Satomi",staff_723,0.110121,-0.100777,0.014086,-0.225612,0.047403,0.139161,0.165612,-0.179866,0.194695,0.09061,-0.049356,0.075785,0.138459,-0.046228,-0.03,-0.334212,0.20093,-0.009762,0.099819,-0.005771,0.197968,-0.006474,-0.148086,-0.209903,0.111625,0.258653,-0.480728,0.177022,-0.227118,0.211151,-0.388755,0.069855,0.251237,-0.370187,0.372484,-0.201688,0.080951,0.08101,-0.185412,0.102488,0.16775,0.04767,0.299683,-0.282254,0.02973,-0.333092,0.0034,-0.293642,0.098025,0.17513,-0.153582,-0.029775,0.117074,0.315211,-0.013302,-0.296149,0.203785,0.14279,-0.168259,0.260216,-0.241514,0.006209,0.067483,-0.188587
2013,"Ichinose, Hidekazu",staff_699,0.110121,-0.100777,0.014086,-0.225612,0.047403,0.139161,0.165612,-0.179866,0.194695,0.09061,-0.049356,0.075785,0.138459,-0.046228,-0.03,-0.334212,0.20093,-0.009762,0.099819,-0.005771,0.197968,-0.006474,-0.148086,-0.209903,0.111625,0.258653,-0.480728,0.177022,-0.227118,0.211151,-0.388755,0.069855,0.251237,-0.370187,0.372484,-0.201688,0.080951,0.08101,-0.185412,0.102488,0.16775,0.04767,0.299683,-0.282254,0.02973,-0.333092,0.0034,-0.293642,0.098025,0.17513,-0.153582,-0.029775,0.117074,0.315211,-0.013302,-0.296149,0.203785,0.14279,-0.168259,0.260216,-0.241514,0.006209,0.067483,-0.188587
2014,"Yoshida, Asako",staff_14911,0.110121,-0.100777,0.014086,-0.225612,0.047403,0.139161,0.165612,-0.179866,0.194695,0.09061,-0.049356,0.075785,0.138459,-0.046228,-0.03,-0.334212,0.20093,-0.009762,0.099819,-0.005771,0.197968,-0.006474,-0.148086,-0.209903,0.111625,0.258653,-0.480728,0.177022,-0.227118,0.211151,-0.388755,0.069855,0.251237,-0.370187,0.372484,-0.201688,0.080951,0.08101,-0.185412,0.102488,0.16775,0.04767,0.299683,-0.282254,0.02973,-0.333092,0.0034,-0.293642,0.098025,0.17513,-0.153582,-0.029775,0.117074,0.315211,-0.013302,-0.296149,0.203785,0.14279,-0.168259,0.260216,-0.241514,0.006209,0.067483,-0.188587
2015,"Narita, Ken",staff_109,0.110121,-0.100777,0.014086,-0.225612,0.047403,0.139161,0.165612,-0.179866,0.194695,0.09061,-0.049356,0.075785,0.138459,-0.046228,-0.03,-0.334212,0.20093,-0.009762,0.099819,-0.005771,0.197968,-0.006474,-0.148086,-0.209903,0.111625,0.258653,-0.480728,0.177022,-0.227118,0.211151,-0.388755,0.069855,0.251237,-0.370187,0.372484,-0.201688,0.080951,0.08101,-0.185412,0.102488,0.16775,0.04767,0.299683,-0.282254,0.02973,-0.333092,0.0034,-0.293642,0.098025,0.17513,-0.153582,-0.029775,0.117074,0.315211,-0.013302,-0.296149,0.203785,0.14279,-0.168259,0.260216,-0.241514,0.006209,0.067483,-0.188587
2016,Neeko,staff_589,0.110121,-0.100777,0.014086,-0.225612,0.047403,0.139161,0.165612,-0.179866,0.194695,0.09061,-0.049356,0.075785,0.138459,-0.046228,-0.03,-0.334212,0.20093,-0.009762,0.099819,-0.005771,0.197968,-0.006474,-0.148086,-0.209903,0.111625,0.258653,-0.480728,0.177022,-0.227118,0.211151,-0.388755,0.069855,0.251237,-0.370187,0.372484,-0.201688,0.080951,0.08101,-0.185412,0.102488,0.16775,0.04767,0.299683,-0.282254,0.02973,-0.333092,0.0034,-0.293642,0.098025,0.17513,-0.153582,-0.029775,0.117074,0.315211,-0.013302,-0.296149,0.203785,0.14279,-0.168259,0.260216,-0.241514,0.006209,0.067483,-0.188587
2017,"Iida, Toshinobu",staff_704,0.110121,-0.100777,0.014086,-0.225612,0.047403,0.139161,0.165612,-0.179866,0.194695,0.09061,-0.049356,0.075785,0.138459,-0.046228,-0.03,-0.334212,0.20093,-0.009762,0.099819,-0.005771,0.197968,-0.006474,-0.148086,-0.209903,0.111625,0.258653,-0.480728,0.177022,-0.227118,0.211151,-0.388755,0.069855,0.251237,-0.370187,0.372484,-0.201688,0.080951,0.08101,-0.185412,0.102488,0.16775,0.04767,0.299683,-0.282254,0.02973,-0.333092,0.0034,-0.293642,0.098025,0.17513,-0.153582,-0.029775,0.117074,0.315211,-0.013302,-0.296149,0.203785,0.14279,-0.168259,0.260216,-0.241514,0.006209,0.067483,-0.188587
2018,"Kokubun, Yukari",staff_590,0.110121,-0.100777,0.014086,-0.225612,0.047403,0.139161,0.165612,-0.179866,0.194695,0.09061,-0.049356,0.075785,0.138459,-0.046228,-0.03,-0.334212,0.20093,-0.009762,0.099819,-0.005771,0.197968,-0.006474,-0.148086,-0.209903,0.111625,0.258653,-0.480728,0.177022,-0.227118,0.211151,-0.388755,0.069855,0.251237,-0.370187,0.372484,-0.201688,0.080951,0.08101,-0.185412,0.102488,0.16775,0.04767,0.299683,-0.282254,0.02973,-0.333092,0.0034,-0.293642,0.098025,0.17513,-0.153582,-0.029775,0.117074,0.315211,-0.013302,-0.296149,0.203785,0.14279,-0.168259,0.260216,-0.241514,0.006209,0.067483,-0.188587
2019,"Inoue, Suguru",staff_700,0.110121,-0.100777,0.014086,-0.225612,0.047403,0.139161,0.165612,-0.179866,0.194695,0.09061,-0.049356,0.075785,0.138459,-0.046228,-0.03,-0.334212,0.20093,-0.009762,0.099819,-0.005771,0.197968,-0.006474,-0.148086,-0.209903,0.111625,0.258653,-0.480728,0.177022,-0.227118,0.211151,-0.388755,0.069855,0.251237,-0.370187,0.372484,-0.201688,0.080951,0.08101,-0.185412,0.102488,0.16775,0.04767,0.299683,-0.282254,0.02973,-0.333092,0.0034,-0.293642,0.098025,0.17513,-0.153582,-0.029775,0.117074,0.315211,-0.013302,-0.296149,0.203785,0.14279,-0.168259,0.260216,-0.241514,0.006209,0.067483,-0.188587
2020,"Minami, Omi",staff_323,0.055721,-0.111669,-0.003606,-0.297205,0.052407,0.255077,0.216953,-0.216549,0.192844,0.09035,-0.0994,0.069818,0.167011,-0.048681,0.039143,-0.261472,0.215788,-0.01313,0.123077,0.005791,0.278816,-0.021378,-0.19069,-0.144414,0.17233,0.3214,-0.458563,0.152421,-0.236368,0.30427,-0.438609,0.072752,0.290136,-0.283694,0.403802,-0.221524,0.099488,0.031042,-0.098295,0.051352,0.166773,0.015288,0.36832,-0.31228,0.010697,-0.409122,-0.005503,-0.244708,0.099009,0.272003,-0.088586,0.045121,0.163719,0.308207,-0.056553,-0.294647,0.264943,0.116234,-0.224387,0.235098,-0.248535,-0.057805,0.11563,-0.236264
2021,"Tadokoro, Azusa",staff_17297,0.030881,-0.058467,0.040175,-0.260158,0.020908,0.229625,0.222562,-0.154309,0.241788,0.077091,-0.15816,0.073572,0.172773,0.031064,0.006137,-0.292883,0.292635,0.040009,0.125054,0.028585,0.247988,-0.025048,-0.194811,-0.11561,0.139869,0.285501,-0.429902,0.158139,-0.222971,0.254648,-0.464228,0.046813,0.30127,-0.318051,0.419732,-0.194815,0.087793,-0.026923,-0.138169,0.061141,0.134479,0.046065,0.413878,-0.272531,-0.053643,-0.370998,0.046608,-0.3018,0.101609,0.316448,-0.058351,0.026676,0.215471,0.257999,-0.026007,-0.338514,0.302649,0.107546,-0.192164,0.238163,-0.218018,-0.092221,0.118385,-0.200038
2022,"Hirao, Takayuki",staff_7247,-0.021854,-0.330878,-0.515665,-0.274499,0.356636,-0.12962,0.522707,-0.244655,0.303045,-0.128748,0.721304,1.14085,0.772549,-0.191993,-0.914885,-0.469009,0.115401,0.792195,-0.155418,0.25712,0.412251,0.260943,0.165498,0.377341,0.351524,-0.250399,0.399557,0.228925,0.341671,-0.473297,0.330155,-0.542538,0.330652,0.296894,-0.455947,0.696476,-0.15247,-0.253597,0.025128,0.172774,-1.384623,0.004003,-0.211186,-0.049912,-0.249874,-0.255213,-0.1492,-0.78653,0.547996,-0.609439,0.515612,-0.079167,-0.363641,-0.647715,-0.646156,-0.330904,-0.17273,-0.031883,-0.517133,0.210368,0.0155,0.411808,-0.075694,-0.055205
2024,"Itou, Yuuki",staff_34539,-0.153843,-0.331121,-0.381104,-0.013035,0.518289,0.07835,0.500927,-0.202211,0.242458,-0.179593,0.62944,1.212884,0.768851,0.025297,-1.062747,-0.511482,0.083728,0.824043,-0.329765,0.185837,0.461019,0.241894,0.203287,0.292912,0.57713,-0.128747,0.22471,0.316097,0.211348,-0.536087,0.143287,-0.31022,0.17721,0.218329,-0.423367,0.485374,-0.358284,-0.17649,0.06552,0.068325,-1.371957,-0.037897,-0.087743,-0.207713,-0.010066,-0.284516,-0.116128,-0.656845,0.357321,-0.695487,0.620602,-0.060631,-0.366374,-0.554296,-0.811215,-0.431146,0.013848,0.098816,-0.573382,0.307571,-0.165604,0.268715,-0.326268,-0.274535
2025,"Aihara, Kotomi",staff_42445,0.170145,-0.069302,0.186618,-0.370828,-0.159626,0.179507,0.267153,0.079648,0.157966,0.00111,-0.261838,0.018521,0.071714,0.222557,0.224019,-0.621612,0.27855,0.271228,0.094943,0.005132,0.087497,-0.119887,-0.374959,0.057881,0.188862,0.33524,-0.572316,0.115216,-0.030546,0.12502,-0.392517,-0.076369,0.345774,-0.275805,0.593577,-0.104261,-0.092572,-0.117155,-0.195938,0.107599,-0.146136,0.110327,0.515246,-0.347792,-0.124026,-0.246667,0.074059,-0.208393,0.188623,0.40941,-0.286971,-0.129752,0.356092,0.250748,0.215073,-0.562577,0.292167,0.056401,-0.168175,0.23859,-0.010902,-0.148052,0.026179,-0.119074
2026,"Miyajima, Yoshihiro",staff_52277,-0.230334,-0.370451,-0.227406,0.118362,0.307343,-0.05371,0.472967,-0.289932,0.303173,-0.187388,0.573717,1.156967,0.676415,-0.096319,-1.06315,-0.49677,0.013323,0.888612,-0.166652,0.017142,0.362933,0.347189,0.075275,0.259447,0.490277,-0.198104,0.097555,0.319691,0.208242,-0.323317,0.364025,-0.36977,0.248703,0.173066,-0.236346,0.447213,-0.397075,-0.308816,-0.115227,0.196526,-1.243163,-0.086939,-0.12904,-0.207733,-0.114975,-0.25474,-0.002522,-0.64904,0.545073,-0.7196,0.558788,-0.108881,-0.395089,-0.440284,-0.608195,-0.423016,-0.068708,0.069733,-0.60832,0.332204,-0.129742,0.294039,-0.054835,-0.1527
2027,"Naka, Hiroshi",staff_1174,-0.01621,-0.018323,0.093468,-0.180165,-0.023675,0.113188,0.24143,-0.03268,0.286368,0.027661,-0.198846,0.06422,0.180372,0.103274,-0.058994,-0.393663,0.362148,0.127753,0.148203,0.021315,0.180656,-0.059691,-0.205523,-0.068475,0.062227,0.233843,-0.440593,0.136788,-0.162277,0.115083,-0.444258,0.041314,0.27123,-0.392877,0.442354,-0.199165,0.004737,-0.063116,-0.268073,0.125785,0.047288,0.114239,0.476906,-0.234885,-0.137936,-0.273267,0.142627,-0.396612,0.121029,0.335746,-0.056819,-0.03814,0.248416,0.195866,0.043718,-0.42011,0.35174,0.069749,-0.079315,0.287465,-0.211641,-0.111342,0.137359,-0.144956
2028,"Ookuma, Kenta",staff_22425,-0.01621,-0.018323,0.093468,-0.180165,-0.023675,0.113188,0.24143,-0.03268,0.286368,0.027661,-0.198846,0.06422,0.180372,0.103274,-0.058994,-0.393663,0.362148,0.127753,0.148203,0.021315,0.180656,-0.059691,-0.205523,-0.068475,0.062227,0.233843,-0.440593,0.136788,-0.162277,0.115083,-0.444258,0.041314,0.27123,-0.392877,0.442354,-0.199165,0.004737,-0.063116,-0.268073,0.125785,0.047288,0.114239,0.476906,-0.234885,-0.137936,-0.273267,0.142627,-0.396612,0.121029,0.335746,-0.056819,-0.03814,0.248416,0.195866,0.043718,-0.42011,0.35174,0.069749,-0.079315,0.287465,-0.211641,-0.111342,0.137359,-0.144956
2029,"Ikeda, Kyousuke",staff_12389,-0.101741,0.05032,0.038606,-0.219765,0.059813,0.064273,0.301274,0.03616,0.305637,0.124145,-0.215512,0.048804,0.084745,-0.015743,-0.018797,-0.34916,0.45448,0.100937,0.125493,-0.014733,0.292421,0.012713,-0.13777,-0.148164,-0.018807,0.264705,-0.388048,0.020025,-0.07218,0.010762,-0.544928,-0.057221,0.358028,-0.530326,0.420949,-0.339081,-0.124322,-0.020835,-0.243818,0.165607,0.061612,0.188391,0.457541,-0.238877,-0.207114,-0.233085,0.153638,-0.340453,0.066129,0.214115,-0.010618,-0.146687,0.267759,0.295718,0.090384,-0.387863,0.231738,0.015628,-0.007584,0.379274,-0.311301,-0.067008,0.171788,-0.036596
2030,"Hisakawa, Aya",staff_80,-0.037217,-0.033813,0.076829,-0.204246,0.020695,0.100902,0.244934,0.044827,0.275535,0.101614,-0.244526,0.063328,0.096758,0.044654,-0.017093,-0.395933,0.411474,0.133073,0.143229,-0.043995,0.210539,0.011702,-0.229712,-0.103899,0.010086,0.252683,-0.472482,0.066469,-0.077869,0.064788,-0.474577,-0.002632,0.321273,-0.425069,0.428139,-0.265484,-0.087331,-0.056137,-0.276527,0.200285,0.01697,0.145551,0.504248,-0.230168,-0.161831,-0.216467,0.145988,-0.371047,0.037648,0.315218,-0.040206,-0.131601,0.246935,0.239769,0.096498,-0.439921,0.260368,0.020109,-0.036967,0.31451,-0.266817,-0.06926,0.125125,-0.087139
2031,"Watanabe, Takashi",staff_6722,-0.216479,-0.315387,-0.35184,0.057735,0.310819,-0.042637,0.485882,-0.315243,0.290225,-0.11271,0.643244,1.124257,0.730907,-0.080253,-0.90926,-0.514676,-0.077788,0.902161,-0.208364,0.152418,0.46132,0.33795,0.072336,0.324891,0.400356,-0.285689,0.10656,0.268207,0.28023,-0.296343,0.351002,-0.470285,0.252252,0.246539,-0.316808,0.526738,-0.279002,-0.239007,-0.098432,0.165812,-1.224331,-0.103934,-0.286885,-0.042743,-0.067228,-0.234556,-0.092893,-0.76977,0.649386,-0.730803,0.463379,-0.073767,-0.291223,-0.423196,-0.504068,-0.404373,-0.221169,0.040316,-0.511432,0.239983,-0.009869,0.349963,-0.03685,-0.103115
2032,"Akashi, Kaori",staff_12555,0.071014,-0.097861,0.008034,-0.272189,0.049739,0.230252,0.197189,-0.202251,0.203874,0.09968,-0.100596,0.074468,0.161756,-0.030217,0.010972,-0.2737,0.23141,-0.009083,0.114497,0.009396,0.256816,-0.008521,-0.179037,-0.163638,0.152753,0.299461,-0.455181,0.166297,-0.241065,0.283267,-0.435134,0.065245,0.286864,-0.310819,0.391394,-0.20539,0.107978,0.02806,-0.11661,0.061569,0.173768,0.020868,0.355315,-0.293897,0.007716,-0.387337,-0.000577,-0.266705,0.089667,0.258847,-0.092904,0.030314,0.159387,0.301447,-0.048802,-0.297387,0.252232,0.126376,-0.215554,0.232787,-0.239845,-0.046223,0.099996,-0.219135
2033,"Moriwaki, Makoto",staff_14581,-0.103659,-0.427898,-0.314064,0.012199,0.387171,-0.051335,0.532302,-0.341733,0.277075,-0.156563,0.59757,1.135417,0.59827,-0.100343,-0.990233,-0.575745,-0.042498,0.820583,-0.113514,0.075065,0.407204,0.328717,0.112397,0.346771,0.412195,-0.189051,0.047345,0.419287,0.247922,-0.356836,0.340061,-0.460384,0.276488,0.306126,-0.263026,0.483173,-0.295558,-0.25971,-0.026521,0.169718,-1.154508,-0.095423,-0.252413,-0.075399,-0.037007,-0.203805,-0.071777,-0.730245,0.702065,-0.744822,0.463241,-0.174969,-0.214337,-0.396798,-0.60541,-0.462836,-0.154037,-0.040892,-0.536123,0.247205,-0.073693,0.457761,-0.073317,-0.165716
2034,"Kitahata, Tooru",staff_16487,-0.200399,-0.403199,-0.31461,-0.005147,0.348303,-0.08141,0.525199,-0.334978,0.297826,-0.155071,0.637136,1.115926,0.668874,-0.084806,-0.966223,-0.527494,-0.01771,0.896527,-0.149272,0.093078,0.416025,0.386534,0.083826,0.309118,0.418478,-0.219812,0.121037,0.302108,0.277554,-0.334843,0.36311,-0.49472,0.265611,0.28709,-0.259752,0.492329,-0.283218,-0.302833,-0.094186,0.22728,-1.239048,-0.110421,-0.220223,-0.092125,-0.088544,-0.21648,-0.031184,-0.737179,0.65789,-0.736807,0.512702,-0.093642,-0.317353,-0.414182,-0.594082,-0.42609,-0.178623,0.003161,-0.561278,0.267605,-0.073857,0.405147,-0.033448,-0.11576
2035,"Shibuya, Ryousuke",staff_60104,-0.23793,-0.305113,-0.353826,-0.013414,0.306781,-0.102079,0.495774,-0.295505,0.328076,-0.125021,0.691673,1.075912,0.75853,-0.136512,-0.849559,-0.491044,-0.035817,0.922562,-0.20726,0.154698,0.427263,0.375129,0.034665,0.325028,0.373377,-0.332223,0.160344,0.254751,0.322909,-0.294325,0.402014,-0.535905,0.286775,0.266169,-0.317305,0.604795,-0.197208,-0.288937,-0.124752,0.22918,-1.255246,-0.152972,-0.329032,-0.032183,-0.105793,-0.228479,-0.023795,-0.740122,0.677891,-0.711623,0.515831,-0.051648,-0.306623,-0.480805,-0.494401,-0.371791,-0.259558,0.024819,-0.549027,0.224619,0.007245,0.400426,0.019332,-0.049305
2037,"Hayase, Marika",staff_37498,0.034345,-0.080531,0.029973,-0.318298,0.021108,0.318148,0.206241,-0.228818,0.254626,0.118234,-0.15121,0.096075,0.180633,-0.002293,0.032904,-0.21773,0.272143,0.00275,0.12091,0.038339,0.321053,-0.000977,-0.188887,-0.147631,0.19207,0.304682,-0.404487,0.170891,-0.273029,0.359789,-0.474564,0.059378,0.290775,-0.26402,0.388282,-0.18121,0.15212,-0.010294,-0.048225,0.038892,0.1859,0.019546,0.378199,-0.280911,-0.029647,-0.434009,-2.1e-05,-0.267419,0.07739,0.339976,-0.040551,0.102229,0.208389,0.270911,-0.077492,-0.295657,0.290191,0.153391,-0.256773,0.20924,-0.228201,-0.102649,0.118878,-0.22449
2038,"Kouno, Hiyori",staff_46817,0.064277,-0.08492,0.025341,-0.268299,0.032617,0.225404,0.191215,-0.194215,0.229048,0.099598,-0.110683,0.083904,0.157727,-0.01724,-0.001092,-0.280839,0.244881,0.004286,0.112493,0.01782,0.253003,-0.010453,-0.170458,-0.16734,0.14962,0.277955,-0.437615,0.174479,-0.245529,0.279305,-0.433983,0.064079,0.274677,-0.319882,0.38468,-0.189746,0.110547,0.027029,-0.123655,0.070177,0.166939,0.036965,0.35012,-0.281712,-0.010234,-0.380513,0.011867,-0.283018,0.090545,0.264865,-0.093636,0.029263,0.16984,0.285527,-0.042165,-0.302323,0.252647,0.140887,-0.206488,0.234737,-0.23216,-0.053808,0.095066,-0.201983
2039,"Okuno, Kaya",staff_24267,0.043503,-0.095007,0.012092,-0.301892,0.040453,0.280599,0.209374,-0.21866,0.223245,0.104732,-0.124851,0.084843,0.170041,-0.025928,0.031802,-0.241549,0.245463,-0.004292,0.120254,0.023177,0.290266,-0.011972,-0.185791,-0.147693,0.175462,0.308412,-0.429317,0.164636,-0.253084,0.327725,-0.455467,0.066484,0.29325,-0.27941,0.39364,-0.20075,0.124617,0.00804,-0.082594,0.048405,0.173685,0.018422,0.37484,-0.297398,-0.010629,-0.419532,0.002345,-0.259968,0.087903,0.302926,-0.064451,0.06572,0.182438,0.288328,-0.066088,-0.294836,0.274706,0.130576,-0.235394,0.222324,-0.238867,-0.078083,0.114785,-0.225245
2040,"Sueda, Yoshifumi",staff_31677,-0.185165,-0.33957,-0.358415,0.017302,0.33416,-0.06177,0.503216,-0.321577,0.295919,-0.116308,0.657927,1.114919,0.701702,-0.096925,-0.895429,-0.531899,-0.069929,0.882288,-0.186977,0.148478,0.449861,0.34008,0.071584,0.342056,0.382506,-0.28247,0.101864,0.306339,0.291005,-0.308041,0.358715,-0.503935,0.268704,0.282447,-0.309449,0.548917,-0.241732,-0.247075,-0.08074,0.178639,-1.204392,-0.120101,-0.317268,-0.023616,-0.058934,-0.218445,-0.082709,-0.771674,0.694144,-0.734534,0.462692,-0.099585,-0.249369,-0.423756,-0.515584,-0.413678,-0.238471,0.005592,-0.51107,0.222059,-0.009098,0.40725,-0.033099,-0.103569
2041,"Tanaka, Takako",staff_47440,-0.014312,0.013359,0.1365,-0.207358,-0.072176,0.143511,0.254151,-0.031397,0.328325,0.017534,-0.236355,0.0649,0.204108,0.156996,-0.037685,-0.397991,0.393648,0.162718,0.155641,0.037714,0.216886,-0.058148,-0.223941,-0.045761,0.094222,0.237759,-0.426024,0.129188,-0.171349,0.122898,-0.467359,0.013524,0.258684,-0.36823,0.459249,-0.175381,0.017429,-0.079146,-0.223307,0.103401,0.040483,0.133436,0.479888,-0.209481,-0.170559,-0.27733,0.131748,-0.40002,0.121309,0.378945,-0.045343,0.005555,0.308489,0.175276,0.054652,-0.438199,0.387614,0.108784,-0.100812,0.281133,-0.176673,-0.15004,0.148384,-0.149738
2042,"Nakajima, Yoshiki",staff_20096,0.04558,-0.044736,0.074416,-0.215573,-0.009518,0.140692,0.209356,-0.105699,0.261506,0.055459,-0.145031,0.070337,0.169271,0.054868,-0.038255,-0.364986,0.297199,0.076276,0.128908,0.014249,0.205228,-0.034397,-0.186923,-0.125568,0.104046,0.247854,-0.452162,0.155307,-0.198074,0.168927,-0.425051,0.045702,0.254388,-0.369397,0.413775,-0.187399,0.047862,0.001084,-0.204046,0.103355,0.101209,0.088791,0.390573,-0.246817,-0.070147,-0.304779,0.068841,-0.344583,0.108401,0.278529,-0.098357,-0.015159,0.212063,0.243554,0.019481,-0.367551,0.294076,0.122952,-0.134635,0.268271,-0.209786,-0.069848,0.106001,-0.168053
2043,"Ogawa, Yuuki",staff_39649,-0.214187,-0.392277,-0.316382,-0.035983,0.388271,-0.065013,0.496726,-0.3035,0.300659,-0.213878,0.676133,1.136121,0.686763,-0.081179,-0.971239,-0.533651,0.062958,0.85764,-0.178877,0.072494,0.384621,0.349143,0.092038,0.300948,0.443966,-0.202293,0.176221,0.297182,0.295336,-0.387871,0.313362,-0.509875,0.218224,0.260121,-0.267568,0.518744,-0.289521,-0.316375,-0.083553,0.250996,-1.257457,-0.134455,-0.199898,-0.131893,-0.06514,-0.215614,9.9e-05,-0.738932,0.588327,-0.734226,0.571945,-0.122128,-0.354208,-0.427002,-0.678584,-0.465904,-0.133029,0.014697,-0.563845,0.284031,-0.126509,0.422007,-0.077602,-0.160654
2045,"Tanimura, Mitsuki",staff_6597,0.084341,-0.114049,0.108156,-0.325016,-0.047518,0.26317,0.198089,-0.211983,0.312546,0.138978,-0.124832,0.098618,0.134671,-0.014953,0.044033,-0.374713,0.248106,0.046714,0.150341,0.045791,0.300061,0.055198,-0.241912,-0.16729,0.220958,0.27498,-0.459365,0.129284,-0.242837,0.277457,-0.426541,0.029671,0.218517,-0.379137,0.355871,-0.204142,0.145794,0.046643,-0.091563,0.114324,0.207953,0.057654,0.301823,-0.246573,0.022445,-0.358833,0.034983,-0.313767,0.110207,0.211242,-0.084401,0.024044,0.193184,0.274476,-0.033187,-0.29657,0.19986,0.250888,-0.197369,0.213616,-0.17598,-0.074239,0.095132,-0.223422
2046,"Saitou, Ayumu",staff_11948,0.084341,-0.114049,0.108156,-0.325016,-0.047518,0.26317,0.198089,-0.211983,0.312546,0.138978,-0.124832,0.098618,0.134671,-0.014953,0.044033,-0.374713,0.248106,0.046714,0.150341,0.045791,0.300061,0.055198,-0.241912,-0.16729,0.220958,0.27498,-0.459365,0.129284,-0.242837,0.277457,-0.426541,0.029671,0.218517,-0.379137,0.355871,-0.204142,0.145794,0.046643,-0.091563,0.114324,0.207953,0.057654,0.301823,-0.246573,0.022445,-0.358833,0.034983,-0.313767,0.110207,0.211242,-0.084401,0.024044,0.193184,0.274476,-0.033187,-0.29657,0.19986,0.250888,-0.197369,0.213616,-0.17598,-0.074239,0.095132,-0.223422
2047,"Fuji, Sumiko",staff_10233,0.084341,-0.114049,0.108156,-0.325016,-0.047518,0.26317,0.198089,-0.211983,0.312546,0.138978,-0.124832,0.098618,0.134671,-0.014953,0.044033,-0.374713,0.248106,0.046714,0.150341,0.045791,0.300061,0.055198,-0.241912,-0.16729,0.220958,0.27498,-0.459365,0.129284,-0.242837,0.277457,-0.426541,0.029671,0.218517,-0.379137,0.355871,-0.204142,0.145794,0.046643,-0.091563,0.114324,0.207953,0.057654,0.301823,-0.246573,0.022445,-0.358833,0.034983,-0.313767,0.110207,0.211242,-0.084401,0.024044,0.193184,0.274476,-0.033187,-0.29657,0.19986,0.250888,-0.197369,0.213616,-0.17598,-0.074239,0.095132,-0.223422
2048,"Sakuraba, Nanami",staff_9373,0.084341,-0.114049,0.108156,-0.325016,-0.047518,0.26317,0.198089,-0.211983,0.312546,0.138978,-0.124832,0.098618,0.134671,-0.014953,0.044033,-0.374713,0.248106,0.046714,0.150341,0.045791,0.300061,0.055198,-0.241912,-0.16729,0.220958,0.27498,-0.459365,0.129284,-0.242837,0.277457,-0.426541,0.029671,0.218517,-0.379137,0.355871,-0.204142,0.145794,0.046643,-0.091563,0.114324,0.207953,0.057654,0.301823,-0.246573,0.022445,-0.358833,0.034983,-0.313767,0.110207,0.211242,-0.084401,0.024044,0.193184,0.274476,-0.033187,-0.29657,0.19986,0.250888,-0.197369,0.213616,-0.17598,-0.074239,0.095132,-0.223422
2049,"Moriyama, You",staff_46923,-0.200661,-0.411052,-0.361663,-0.020688,0.35845,-0.048086,0.550161,-0.294512,0.285711,-0.153232,0.707876,1.109212,0.730553,-0.143231,-0.891295,-0.518373,0.074246,0.819192,-0.148889,0.115329,0.384137,0.313977,0.042953,0.351859,0.387274,-0.306784,0.123858,0.320219,0.288775,-0.411224,0.383386,-0.492069,0.332067,0.259776,-0.294442,0.547773,-0.222341,-0.300266,-0.046934,0.240285,-1.268365,-0.197213,-0.291798,-0.050729,-0.098793,-0.249266,0.013112,-0.771114,0.601293,-0.748076,0.569556,-0.079808,-0.27492,-0.440592,-0.56874,-0.476772,-0.236789,-0.050055,-0.588932,0.180666,-0.083365,0.430103,-0.014575,-0.150854
2050,"Sakata, Kayo",staff_7718,0.042795,-0.058333,0.038134,-0.290347,-0.021515,0.207938,0.159957,-0.172143,0.301321,0.102629,-0.153188,0.137368,0.138132,-0.008697,-0.015092,-0.329439,0.256379,0.062341,0.122844,0.030538,0.215033,0.03062,-0.170719,-0.218007,0.160208,0.261793,-0.452916,0.179953,-0.26365,0.271067,-0.454077,0.06945,0.232988,-0.318209,0.335826,-0.186061,0.087113,0.016822,-0.150805,0.086997,0.23294,0.070592,0.335892,-0.283779,-0.039279,-0.391229,0.0212,-0.286544,0.062127,0.219865,-0.063111,-0.008612,0.158249,0.243031,-0.010704,-0.28944,0.251565,0.209056,-0.143782,0.218898,-0.182525,-0.012259,0.083895,-0.178941
2051,"Ono, Ryouko",staff_1683,0.042795,-0.058333,0.038134,-0.290347,-0.021515,0.207938,0.159957,-0.172143,0.301321,0.102629,-0.153188,0.137368,0.138132,-0.008697,-0.015092,-0.329439,0.256379,0.062341,0.122844,0.030538,0.215033,0.03062,-0.170719,-0.218007,0.160208,0.261793,-0.452916,0.179953,-0.26365,0.271067,-0.454077,0.06945,0.232988,-0.318209,0.335826,-0.186061,0.087113,0.016822,-0.150805,0.086997,0.23294,0.070592,0.335892,-0.283779,-0.039279,-0.391229,0.0212,-0.286544,0.062127,0.219865,-0.063111,-0.008612,0.158249,0.243031,-0.010704,-0.28944,0.251565,0.209056,-0.143782,0.218898,-0.182525,-0.012259,0.083895,-0.178941
2052,"Inokuchi, Yuka",staff_246,0.042795,-0.058333,0.038134,-0.290347,-0.021515,0.207938,0.159957,-0.172143,0.301321,0.102629,-0.153188,0.137368,0.138132,-0.008697,-0.015092,-0.329439,0.256379,0.062341,0.122844,0.030538,0.215033,0.03062,-0.170719,-0.218007,0.160208,0.261793,-0.452916,0.179953,-0.26365,0.271067,-0.454077,0.06945,0.232988,-0.318209,0.335826,-0.186061,0.087113,0.016822,-0.150805,0.086997,0.23294,0.070592,0.335892,-0.283779,-0.039279,-0.391229,0.0212,-0.286544,0.062127,0.219865,-0.063111,-0.008612,0.158249,0.243031,-0.010704,-0.28944,0.251565,0.209056,-0.143782,0.218898,-0.182525,-0.012259,0.083895,-0.178941
2054,"Ono, Atsushi",staff_5491,0.11302,-0.163422,0.127075,-0.344882,-0.047288,0.299898,0.162121,-0.168461,0.263336,0.21852,-0.160558,0.136371,0.049614,-0.008875,0.091512,-0.411974,0.230424,0.056151,0.115282,0.040197,0.235181,0.073286,-0.267963,-0.174415,0.219662,0.266207,-0.467104,0.177118,-0.193495,0.326596,-0.39694,0.049876,0.260845,-0.36438,0.34943,-0.174998,0.148513,-0.008281,-0.120382,0.193162,0.161963,0.036484,0.348708,-0.307421,0.024532,-0.334317,0.065113,-0.296484,0.085371,0.239661,-0.119699,-0.019382,0.149436,0.261678,-0.009109,-0.313848,0.126252,0.220968,-0.180778,0.165285,-0.165365,-0.062694,0.035329,-0.16028
2056,"Abe, Yuujirou",staff_58370,-0.212622,-0.357388,-0.326468,-0.052251,0.326932,-0.114125,0.523315,-0.295063,0.314018,-0.145808,0.675821,1.077016,0.734545,-0.130727,-0.876241,-0.494098,-0.017844,0.929847,-0.178882,0.12918,0.418549,0.40811,0.056447,0.32549,0.39619,-0.292308,0.169417,0.279252,0.324005,-0.323092,0.390783,-0.53575,0.287647,0.293569,-0.292548,0.585431,-0.19795,-0.330354,-0.113379,0.253118,-1.262963,-0.151811,-0.283179,-0.056672,-0.114433,-0.212076,-0.00644,-0.70659,0.665084,-0.707463,0.54985,-0.047427,-0.329585,-0.489109,-0.544772,-0.373912,-0.224932,0.002125,-0.589232,0.232732,-0.025044,0.424749,0.025768,-0.063746
2058,"Kyougoku, Yoshiaki",staff_47418,-0.164763,-0.454635,-0.297316,0.088069,0.259026,-0.054261,0.548715,-0.331364,0.262159,-0.10967,0.641335,1.269071,0.63991,-0.072406,-1.132353,-0.465576,0.101185,0.789549,-0.126466,0.081534,0.337807,0.22718,0.027559,0.317108,0.41955,-0.204306,0.076187,0.313095,0.098863,-0.32626,0.351438,-0.342983,0.331709,0.142666,-0.299625,0.388916,-0.405211,-0.222876,-0.031002,0.17024,-1.286312,-0.067835,-0.134506,-0.151351,-0.126881,-0.219257,-0.114595,-0.747501,0.530071,-0.694967,0.53127,-0.14175,-0.335257,-0.427763,-0.546929,-0.453719,-0.082073,-0.032402,-0.56508,0.295599,-0.140348,0.249873,-0.031305,-0.168003
2059,"Hara, Sayuri",staff_12013,0.015615,0.006369,0.15322,-0.147532,-0.016971,0.162946,0.320098,-0.083797,0.259027,0.090847,-0.21187,0.011761,0.082985,0.029293,0.034485,-0.42338,0.271101,0.071187,0.10668,0.076466,0.219115,0.03293,-0.163736,-0.006191,0.054726,0.184015,-0.490144,0.057422,-0.100508,0.135628,-0.384766,0.038757,0.298954,-0.452582,0.499227,-0.283952,0.051347,0.013059,-0.280143,0.124773,0.023771,0.168259,0.523298,-0.225222,-0.032228,-0.215933,0.169945,-0.374589,0.14707,0.238224,-0.082263,-0.0769,0.221657,0.196867,0.013268,-0.390733,0.340586,0.164621,0.006005,0.211189,-0.128307,-0.037821,0.200421,-0.121123
2060,"Pozatto, Mariana",staff_47181,0.015615,0.006369,0.15322,-0.147532,-0.016971,0.162946,0.320098,-0.083797,0.259027,0.090847,-0.21187,0.011761,0.082985,0.029293,0.034485,-0.42338,0.271101,0.071187,0.10668,0.076466,0.219115,0.03293,-0.163736,-0.006191,0.054726,0.184015,-0.490144,0.057422,-0.100508,0.135628,-0.384766,0.038757,0.298954,-0.452582,0.499227,-0.283952,0.051347,0.013059,-0.280143,0.124773,0.023771,0.168259,0.523298,-0.225222,-0.032228,-0.215933,0.169945,-0.374589,0.14707,0.238224,-0.082263,-0.0769,0.221657,0.196867,0.013268,-0.390733,0.340586,0.164621,0.006005,0.211189,-0.128307,-0.037821,0.200421,-0.121123
2061,"Matsuda, Risae",staff_35657,0.107735,-0.082528,0.01573,-0.200547,0.043745,0.157086,0.165163,-0.150009,0.199015,0.098366,-0.097801,0.054352,0.154892,0.009075,-0.051411,-0.328745,0.252609,-0.001528,0.103988,-0.012984,0.209968,0.019607,-0.188429,-0.169226,0.114772,0.281932,-0.487056,0.163831,-0.219774,0.193263,-0.400629,0.043291,0.277081,-0.375369,0.387522,-0.189527,0.088649,0.023708,-0.151125,0.077813,0.164301,0.025153,0.341357,-0.246999,0.010449,-0.310152,0.005034,-0.29538,0.068711,0.222006,-0.118822,-0.02443,0.144221,0.29207,-0.008177,-0.327011,0.234019,0.107711,-0.194384,0.223187,-0.226527,0.000143,0.064378,-0.214394
2062,"Yokozawa, Keiko",staff_1449,0.116612,-0.129175,0.107338,-0.362129,-0.036097,0.315917,0.158246,-0.165134,0.298784,0.226673,-0.17772,0.141126,0.050695,0.00736,0.094776,-0.376659,0.298837,0.041858,0.104901,0.045145,0.259547,0.094772,-0.262258,-0.218815,0.192409,0.253779,-0.447915,0.166578,-0.21721,0.333051,-0.4534,0.023233,0.288944,-0.346833,0.329394,-0.160577,0.154407,-0.021578,-0.089458,0.172855,0.171341,0.033507,0.333654,-0.272986,-0.000456,-0.349561,0.044411,-0.290325,0.045687,0.268476,-0.087613,-0.014125,0.197755,0.289469,-0.001417,-0.322887,0.116711,0.221828,-0.229659,0.185232,-0.168209,-0.087913,0.043245,-0.158817
2063,"Gotou, Keiji",staff_2307,-0.098564,-0.42801,-0.316212,0.013641,0.387565,-0.051982,0.528629,-0.340983,0.275311,-0.15522,0.597069,1.132283,0.598074,-0.101556,-0.98947,-0.57465,-0.045133,0.818706,-0.1137,0.077329,0.406525,0.330928,0.113845,0.347925,0.410633,-0.188542,0.047177,0.418832,0.24865,-0.355732,0.343776,-0.464063,0.276339,0.30635,-0.263435,0.484828,-0.294403,-0.262232,-0.026913,0.167708,-1.151659,-0.092746,-0.252742,-0.075728,-0.041255,-0.203007,-0.070032,-0.732099,0.704735,-0.743674,0.459897,-0.174559,-0.211803,-0.396714,-0.604776,-0.461468,-0.158242,-0.039574,-0.534842,0.242655,-0.072519,0.459675,-0.073682,-0.165467
2064,"Motoyama, Kaori",staff_88620,0.105319,-0.103173,0.012717,-0.223706,0.052326,0.13831,0.164665,-0.179382,0.194437,0.092837,-0.053036,0.07515,0.135289,-0.047349,-0.038877,-0.331867,0.200499,-0.010736,0.102655,-0.009432,0.193272,-0.010216,-0.150201,-0.205117,0.112981,0.258099,-0.479123,0.181002,-0.225503,0.214548,-0.382725,0.077417,0.249945,-0.370506,0.369061,-0.199746,0.076893,0.082205,-0.185237,0.103718,0.16267,0.043839,0.302617,-0.285669,0.030874,-0.332642,0.00599,-0.290303,0.095707,0.177328,-0.15124,-0.034874,0.115617,0.313532,-0.015339,-0.297182,0.202173,0.137251,-0.16958,0.256731,-0.243976,0.010504,0.064129,-0.187003
2065,"Kino, Hina",staff_40903,0.072308,-0.089798,0.058117,-0.244503,-0.001608,0.188237,0.187828,-0.137973,0.239007,0.096656,-0.131533,0.075346,0.15151,0.021753,-0.009451,-0.350983,0.264607,0.043719,0.122987,0.00143,0.23045,0.002063,-0.211092,-0.141767,0.141083,0.276401,-0.470888,0.154108,-0.205594,0.216877,-0.409024,0.049308,0.257248,-0.350686,0.392741,-0.190696,0.079942,0.007818,-0.153763,0.106312,0.131923,0.052986,0.369709,-0.260687,-0.029204,-0.320569,0.038773,-0.30943,0.084589,0.263072,-0.108791,-0.003162,0.179473,0.26484,-0.000131,-0.343709,0.250082,0.130527,-0.172768,0.231883,-0.217269,-0.049265,0.08575,-0.196925
2066,"Nagae, Rika",staff_43303,-0.036378,-0.051884,0.082247,-0.148432,-0.017896,0.064923,0.248801,0.006271,0.264932,0.017511,-0.189642,0.044156,0.198053,0.091584,-0.079034,-0.419094,0.356622,0.135114,0.168257,-0.020745,0.181936,-0.062838,-0.227023,-0.044244,0.032464,0.247176,-0.489567,0.102211,-0.125474,0.065076,-0.408341,0.062897,0.24558,-0.400717,0.435811,-0.241077,-0.032916,-0.058614,-0.310474,0.157456,0.016847,0.1154,0.505,-0.229432,-0.146781,-0.233407,0.163958,-0.415982,0.10417,0.330297,-0.063232,-0.048065,0.220461,0.188234,0.053485,-0.444532,0.36591,0.026455,-0.036345,0.305292,-0.253185,-0.093798,0.163174,-0.159642
2068,"Tano, Asami",staff_12666,0.113585,-0.117011,0.048742,-0.269328,0.017434,0.219239,0.166431,-0.188488,0.246799,0.136076,-0.10737,0.093582,0.113934,-0.024947,0.002794,-0.349692,0.240995,0.002787,0.116587,0.015605,0.224355,0.039244,-0.206394,-0.196172,0.148393,0.253947,-0.471314,0.163882,-0.239404,0.263664,-0.410179,0.058541,0.261138,-0.364542,0.348203,-0.179814,0.12903,0.037327,-0.144087,0.117928,0.17334,0.027305,0.313055,-0.260034,0.030342,-0.345983,0.024177,-0.301767,0.074736,0.215728,-0.112441,-0.02468,0.149651,0.298422,-0.022228,-0.308661,0.180388,0.176234,-0.206622,0.215057,-0.201948,-0.032392,0.064103,-0.206342
2069,"Tamaki, Shingo",staff_43976,-0.111081,-0.364654,-0.241653,-0.072103,0.305239,-0.03379,0.473906,-0.225773,0.269695,-0.252536,0.586133,1.143982,0.665045,-0.061555,-1.088072,-0.636056,-0.056106,0.739341,-0.104427,-0.04255,0.378424,0.290873,0.051013,0.373092,0.485002,-0.154581,-0.002955,0.368215,0.162608,-0.394093,0.416883,-0.48813,0.211431,0.282982,-0.226796,0.590007,-0.281987,-0.362241,-0.061584,0.235268,-1.137696,0.001212,-0.221086,-0.10867,-0.173626,-0.160014,-0.192656,-0.661535,0.625869,-0.730365,0.353708,-0.194046,-0.308943,-0.397334,-0.587391,-0.530993,-0.060155,0.025504,-0.409321,0.206409,-0.108061,0.466606,-0.112325,-0.134526
2070,"Kou, Yuu",staff_5315,-0.215772,-0.300438,-0.386599,0.024045,0.313929,-0.051892,0.496099,-0.318237,0.297197,-0.093902,0.676569,1.112544,0.745336,-0.084635,-0.858339,-0.516383,-0.090302,0.907854,-0.218738,0.186137,0.478325,0.336915,0.061725,0.343286,0.373137,-0.320133,0.11927,0.258147,0.304641,-0.291092,0.354181,-0.512818,0.260851,0.274939,-0.336654,0.567037,-0.225538,-0.228325,-0.093433,0.170749,-1.223042,-0.122134,-0.344952,0.003973,-0.055506,-0.227622,-0.107327,-0.793967,0.688262,-0.73089,0.450261,-0.068228,-0.260091,-0.429302,-0.475491,-0.396754,-0.273671,0.025477,-0.491173,0.212899,0.020869,0.382272,-0.026824,-0.083299
2071,"Chigira, Kouichi",staff_11134,-0.160014,-0.388497,-0.347689,-0.060932,0.360315,-0.075438,0.562607,-0.292912,0.292496,-0.115143,0.629128,1.100036,0.711097,-0.085422,-0.928942,-0.505346,-0.052283,0.927778,-0.16846,0.153008,0.462407,0.395044,0.11078,0.327197,0.431291,-0.246673,0.151543,0.303987,0.283958,-0.368842,0.344246,-0.476057,0.299371,0.326182,-0.319593,0.544827,-0.225524,-0.285646,-0.055504,0.186789,-1.274849,-0.103087,-0.238479,-0.062345,-0.110995,-0.237178,-0.069496,-0.689268,0.647919,-0.696897,0.520996,-0.042189,-0.306995,-0.497733,-0.574761,-0.360703,-0.20121,0.003428,-0.586927,0.240741,-0.03458,0.399997,-0.043907,-0.096404
2073,"Miura, Kazuya",staff_30381,-0.249319,-0.350323,-0.329833,0.00796,0.331526,-0.084858,0.501641,-0.30206,0.32541,-0.144741,0.676844,1.117945,0.722675,-0.081435,-0.935027,-0.495272,-0.001379,0.902689,-0.20929,0.116674,0.40452,0.359456,0.047295,0.293209,0.411943,-0.26786,0.139706,0.256999,0.269617,-0.321822,0.359374,-0.495696,0.255906,0.256663,-0.299599,0.533733,-0.268278,-0.281543,-0.111473,0.229063,-1.259196,-0.136989,-0.257751,-0.086955,-0.084317,-0.231578,-0.030582,-0.734731,0.644212,-0.719238,0.527366,-0.083573,-0.328178,-0.439613,-0.564377,-0.400573,-0.195718,0.031644,-0.548761,0.269156,-0.057258,0.375509,-0.034023,-0.095571
2074,"Oozora, Naomi",staff_22329,0.070886,-0.048609,0.044251,-0.235351,0.025684,0.161218,0.18267,-0.135707,0.243302,0.100017,-0.120602,0.085209,0.129894,0.008729,-0.029082,-0.323505,0.280356,0.029191,0.097878,0.01158,0.21104,-0.009441,-0.151401,-0.187607,0.103357,0.245732,-0.431766,0.17714,-0.216154,0.207058,-0.434503,0.041083,0.279671,-0.373921,0.388369,-0.179725,0.067086,0.024595,-0.172289,0.10156,0.136263,0.073885,0.345777,-0.265861,-0.043768,-0.325303,0.034613,-0.307088,0.085322,0.240474,-0.113646,-0.027946,0.181419,0.285111,0.008754,-0.328838,0.231215,0.132341,-0.164954,0.260122,-0.226711,-0.037647,0.075105,-0.148388
2075,"Asano, Katsuya",staff_50505,-0.296153,-0.3598,-0.184426,0.190818,0.278397,-0.042829,0.44332,-0.287609,0.312857,-0.205771,0.538967,1.163049,0.69253,-0.082942,-1.141237,-0.470741,0.04382,0.910329,-0.178031,-0.020201,0.340079,0.357013,0.066993,0.203597,0.531732,-0.165549,0.103496,0.26568,0.167355,-0.310525,0.378436,-0.303453,0.233371,0.098101,-0.21366,0.383443,-0.490798,-0.3172,-0.158332,0.198776,-1.288888,-0.057196,-0.028704,-0.291735,-0.162024,-0.291403,0.038136,-0.629011,0.461436,-0.719038,0.58503,-0.083415,-0.485604,-0.433986,-0.631701,-0.418157,-0.005744,0.135421,-0.633072,0.394184,-0.17114,0.19036,-0.07357,-0.152262
2076,"Mineta, Hiromu",staff_47696,-0.098235,0.025627,0.124741,-0.141089,-0.04522,0.060935,0.295172,0.076481,0.321348,-0.005695,-0.277461,0.044549,0.20472,0.170342,-0.07801,-0.431626,0.459233,0.20477,0.176388,0.012038,0.178217,-0.086571,-0.230662,0.007885,0.002512,0.227817,-0.436951,0.08792,-0.09913,0.02034,-0.474887,0.021896,0.285539,-0.421462,0.477669,-0.231648,-0.071515,-0.133438,-0.338442,0.152621,-0.034356,0.162393,0.584267,-0.207055,-0.24494,-0.217915,0.225367,-0.45541,0.119906,0.404748,-0.00717,-0.061201,0.312411,0.141717,0.087212,-0.496003,0.428587,0.001492,-8.3e-05,0.326742,-0.224098,-0.161273,0.193451,-0.110327
2078,"Matsuura, Ayu",staff_12453,0.184244,-0.054426,0.127074,-0.334951,-0.123246,0.09305,0.221132,-0.055204,0.207738,0.022414,-0.132714,0.063465,0.184793,0.108557,0.157617,-0.558205,0.257977,0.168033,0.174196,-0.044565,0.198032,-0.084022,-0.26091,-0.050462,0.175794,0.343713,-0.553569,0.121386,-0.062042,0.121712,-0.398347,0.010791,0.239771,-0.286182,0.465253,-0.205254,-0.054243,0.028269,-0.147239,0.066809,0.058006,0.065332,0.379457,-0.288998,-0.062295,-0.239539,-0.027616,-0.218382,0.119742,0.259768,-0.262755,-0.064341,0.297321,0.318848,0.147442,-0.431384,0.302922,0.183409,-0.126031,0.260599,-0.167995,-0.0573,0.025697,-0.175614
2079,"Tsuchida, Hiroshi",staff_6214,0.184244,-0.054426,0.127074,-0.334951,-0.123246,0.09305,0.221132,-0.055204,0.207738,0.022414,-0.132714,0.063465,0.184793,0.108557,0.157617,-0.558205,0.257977,0.168033,0.174196,-0.044565,0.198032,-0.084022,-0.26091,-0.050462,0.175794,0.343713,-0.553569,0.121386,-0.062042,0.121712,-0.398347,0.010791,0.239771,-0.286182,0.465253,-0.205254,-0.054243,0.028269,-0.147239,0.066809,0.058006,0.065332,0.379457,-0.288998,-0.062295,-0.239539,-0.027616,-0.218382,0.119742,0.259768,-0.262755,-0.064341,0.297321,0.318848,0.147442,-0.431384,0.302922,0.183409,-0.126031,0.260599,-0.167995,-0.0573,0.025697,-0.175614
2081,"Suzukaze, Mayo",staff_108,0.107792,-0.097995,0.012934,-0.222877,0.042873,0.138945,0.161328,-0.177127,0.197522,0.089411,-0.047885,0.073922,0.13588,-0.042491,-0.02741,-0.334829,0.203228,-0.012811,0.095218,-0.003451,0.194688,-0.003548,-0.148221,-0.210364,0.112996,0.255822,-0.47918,0.179329,-0.227727,0.212268,-0.387494,0.068828,0.250834,-0.362454,0.37026,-0.202185,0.07945,0.081977,-0.181327,0.097737,0.1667,0.046243,0.301386,-0.280338,0.027889,-0.330737,0.003082,-0.289128,0.094967,0.175013,-0.156819,-0.030385,0.122748,0.314471,-0.011861,-0.294753,0.19993,0.140421,-0.171632,0.257928,-0.242057,0.006995,0.066277,-0.188069
2082,"Suzuki, Masami",staff_328,0.107057,-0.098576,0.012538,-0.222715,0.043961,0.139245,0.161035,-0.176813,0.197463,0.089768,-0.049197,0.073908,0.134586,-0.043808,-0.029348,-0.334278,0.2026,-0.012941,0.096081,-0.004408,0.194292,-0.004822,-0.148717,-0.208722,0.113961,0.255465,-0.477654,0.179546,-0.227628,0.212864,-0.386166,0.069939,0.250438,-0.363156,0.369619,-0.201194,0.079693,0.081627,-0.180892,0.098148,0.165358,0.046071,0.30099,-0.281006,0.027407,-0.33083,0.004051,-0.288013,0.094253,0.17568,-0.156528,-0.031543,0.121415,0.313408,-0.012536,-0.294297,0.199405,0.139385,-0.171537,0.256229,-0.241816,0.007401,0.064966,-0.187972
2083,"Fujitani, Miki",staff_866,0.109364,-0.098557,0.013837,-0.224478,0.044036,0.137107,0.163253,-0.177537,0.195471,0.089991,-0.047504,0.073887,0.138748,-0.040794,-0.027511,-0.33435,0.203045,-0.01097,0.097343,-0.00352,0.194791,-0.005158,-0.148168,-0.210402,0.111228,0.257071,-0.482345,0.178631,-0.227028,0.211683,-0.389237,0.069116,0.250999,-0.364202,0.370962,-0.204279,0.079374,0.081951,-0.183465,0.098863,0.16807,0.045634,0.301031,-0.281261,0.029558,-0.330661,0.002471,-0.292094,0.096292,0.175114,-0.15493,-0.028543,0.12171,0.315986,-0.012669,-0.295172,0.202676,0.1413,-0.170239,0.261031,-0.242208,0.00708,0.068292,-0.187113
2084,"Tominaga, Miina",staff_637,0.109364,-0.098557,0.013837,-0.224478,0.044036,0.137107,0.163253,-0.177537,0.195471,0.089991,-0.047504,0.073887,0.138748,-0.040794,-0.027511,-0.33435,0.203045,-0.01097,0.097343,-0.00352,0.194791,-0.005158,-0.148168,-0.210402,0.111228,0.257071,-0.482345,0.178631,-0.227028,0.211683,-0.389237,0.069116,0.250999,-0.364202,0.370962,-0.204279,0.079374,0.081951,-0.183465,0.098863,0.16807,0.045634,0.301031,-0.281261,0.029558,-0.330661,0.002471,-0.292094,0.096292,0.175114,-0.15493,-0.028543,0.12171,0.315986,-0.012669,-0.295172,0.202676,0.1413,-0.170239,0.261031,-0.242208,0.00708,0.068292,-0.187113
2085,"Fuchizaki, Yuriko",staff_639,0.109364,-0.098557,0.013837,-0.224478,0.044036,0.137107,0.163253,-0.177537,0.195471,0.089991,-0.047504,0.073887,0.138748,-0.040794,-0.027511,-0.33435,0.203045,-0.01097,0.097343,-0.00352,0.194791,-0.005158,-0.148168,-0.210402,0.111228,0.257071,-0.482345,0.178631,-0.227028,0.211683,-0.389237,0.069116,0.250999,-0.364202,0.370962,-0.204279,0.079374,0.081951,-0.183465,0.098863,0.16807,0.045634,0.301031,-0.281261,0.029558,-0.330661,0.002471,-0.292094,0.096292,0.175114,-0.15493,-0.028543,0.12171,0.315986,-0.012669,-0.295172,0.202676,0.1413,-0.170239,0.261031,-0.242208,0.00708,0.068292,-0.187113
2086,"Tsukushi, Daisuke",staff_53038,-0.205134,-0.353202,-0.341202,-0.036379,0.326579,-0.099129,0.516351,-0.300733,0.303295,-0.131396,0.671059,1.085315,0.733857,-0.114961,-0.874799,-0.501434,-0.040948,0.919924,-0.186753,0.144875,0.436929,0.395364,0.06459,0.333186,0.389776,-0.289985,0.154518,0.275579,0.318938,-0.319156,0.378674,-0.531148,0.277113,0.294061,-0.302217,0.5769,-0.204709,-0.309398,-0.107821,0.230808,-1.247958,-0.140722,-0.292023,-0.040601,-0.10324,-0.211295,-0.033918,-0.730343,0.672694,-0.713065,0.520373,-0.052196,-0.309255,-0.471469,-0.534608,-0.379087,-0.23438,0.005259,-0.566091,0.222954,-0.014745,0.416859,0.012513,-0.072304
2087,"Kiyohara, Kaya",staff_37742,-0.115914,-0.091856,0.055857,-0.325524,-0.169325,0.233589,0.156378,0.000183,0.386787,0.110229,-0.301615,0.09288,0.172784,0.042972,-0.054081,-0.332682,0.35035,0.203408,0.138972,-0.052857,0.394092,0.133651,-0.281001,-0.134309,0.133352,0.32213,-0.550977,-0.015914,-0.227144,0.211916,-0.390747,0.012127,0.115357,-0.266856,0.287792,-0.234752,-0.021061,-0.028688,-0.08774,0.109002,0.151427,0.151398,0.442816,-0.180286,-0.215399,-0.34946,0.06152,-0.290795,-0.079098,0.355293,-0.016696,0.048168,0.201398,0.108179,0.03936,-0.426717,0.353509,0.126693,-0.09296,0.210762,-0.177603,0.00682,0.180193,-0.197556
2088,"Nakagawa, Taishi",staff_51746,-0.115914,-0.091856,0.055857,-0.325524,-0.169325,0.233589,0.156378,0.000183,0.386787,0.110229,-0.301615,0.09288,0.172784,0.042972,-0.054081,-0.332682,0.35035,0.203408,0.138972,-0.052857,0.394092,0.133651,-0.281001,-0.134309,0.133352,0.32213,-0.550977,-0.015914,-0.227144,0.211916,-0.390747,0.012127,0.115357,-0.266856,0.287792,-0.234752,-0.021061,-0.028688,-0.08774,0.109002,0.151427,0.151398,0.442816,-0.180286,-0.215399,-0.34946,0.06152,-0.290795,-0.079098,0.355293,-0.016696,0.048168,0.201398,0.108179,0.03936,-0.426717,0.353509,0.126693,-0.09296,0.210762,-0.177603,0.00682,0.180193,-0.197556
2089,"Kawaguchi, Keiichirou",staff_6726,-0.179066,-0.34869,-0.342579,0.007764,0.336448,-0.057785,0.482801,-0.303846,0.284467,-0.165077,0.656203,1.124944,0.696899,-0.108908,-0.925137,-0.529441,-0.002251,0.851948,-0.179939,0.12345,0.423695,0.314154,0.091512,0.338595,0.406295,-0.250322,0.146919,0.311883,0.296683,-0.353357,0.3389,-0.479877,0.251272,0.249868,-0.29692,0.547849,-0.271019,-0.279652,-0.080212,0.188212,-1.215415,-0.102751,-0.263495,-0.074518,-0.068299,-0.218499,-0.052132,-0.772679,0.615056,-0.730098,0.491853,-0.110981,-0.298631,-0.425067,-0.581112,-0.442916,-0.186408,0.001685,-0.528512,0.23818,-0.054419,0.400522,-0.052443,-0.143767
2090,"Góngora, Abel",staff_51411,-0.098245,-0.426748,-0.314243,0.012583,0.390353,-0.050806,0.533162,-0.340378,0.276258,-0.15714,0.598798,1.13513,0.596444,-0.102218,-0.988406,-0.576115,-0.044046,0.824437,-0.112814,0.077102,0.40717,0.329687,0.114026,0.348466,0.413492,-0.190692,0.046615,0.422186,0.249492,-0.355592,0.34219,-0.463753,0.279957,0.307923,-0.26295,0.482494,-0.294834,-0.258328,-0.023291,0.16894,-1.154745,-0.093624,-0.255251,-0.074617,-0.037196,-0.203312,-0.071763,-0.731147,0.703087,-0.745508,0.463285,-0.174181,-0.211956,-0.397132,-0.605108,-0.462713,-0.157074,-0.042815,-0.535001,0.246236,-0.073254,0.459358,-0.072521,-0.16544
2092,"Itou, Miki",staff_121,0.103934,-0.068889,0.084025,-0.322325,-0.044521,0.237976,0.112808,-0.112854,0.269378,0.106307,-0.20794,0.157567,0.098056,0.052551,0.04979,-0.364889,0.280833,0.105996,0.108517,0.001152,0.158002,0.023981,-0.215479,-0.185282,0.177077,0.256512,-0.465995,0.229058,-0.22182,0.293245,-0.450311,0.043599,0.278186,-0.259416,0.378199,-0.117143,0.069984,-0.028072,-0.140936,0.115077,0.173897,0.073694,0.377927,-0.285911,-0.044694,-0.346952,0.000789,-0.277223,0.028858,0.314969,-0.108234,-0.052915,0.197646,0.228293,0.054849,-0.337421,0.241102,0.201332,-0.170304,0.183639,-0.150197,-0.02392,-0.002476,-0.141855
2093,"Haga, Hitoshi",staff_41229,-0.228973,-0.314942,-0.346832,-0.015293,0.310159,-0.105704,0.495481,-0.294491,0.326195,-0.128833,0.686067,1.072133,0.75142,-0.137999,-0.858191,-0.491151,-0.031866,0.914431,-0.201125,0.146492,0.418413,0.376759,0.037585,0.323966,0.374328,-0.321048,0.156866,0.262121,0.317625,-0.298684,0.403048,-0.531762,0.285866,0.268779,-0.312231,0.600335,-0.200457,-0.295446,-0.122049,0.230486,-1.247638,-0.149995,-0.320925,-0.039469,-0.11081,-0.225796,-0.018821,-0.73521,0.679437,-0.711054,0.515617,-0.05819,-0.304297,-0.478411,-0.504668,-0.373649,-0.251974,0.021962,-0.553098,0.22432,0.002698,0.405906,0.018144,-0.051742
2095,"Miyao, Yoshikazu",staff_39210,-0.214232,-0.474158,-0.297547,0.060587,0.376946,-0.040381,0.550767,-0.375441,0.296913,-0.17197,0.594625,1.131274,0.605758,-0.056665,-1.096347,-0.544542,0.032077,0.856466,-0.107035,0.04031,0.379856,0.36533,0.09202,0.270653,0.457294,-0.136134,0.057355,0.318634,0.192927,-0.374135,0.370856,-0.410889,0.283513,0.260012,-0.225391,0.36215,-0.406796,-0.274037,-0.069372,0.209816,-1.256983,-0.074533,-0.114611,-0.163824,-0.099153,-0.261695,-0.006559,-0.752952,0.617936,-0.768653,0.502571,-0.126815,-0.3237,-0.344973,-0.662343,-0.486635,-0.115523,0.009164,-0.567979,0.321292,-0.146244,0.352289,-0.104367,-0.1595
2096,"Takamoto, Megumi",staff_46,0.105653,-0.100593,0.009257,-0.222476,0.048867,0.138611,0.163006,-0.176769,0.196949,0.091521,-0.050323,0.075295,0.135389,-0.04512,-0.03569,-0.331726,0.201695,-0.012136,0.098595,-0.008351,0.190959,-0.009326,-0.150892,-0.205782,0.11299,0.257121,-0.479757,0.182092,-0.225355,0.213517,-0.382349,0.073883,0.249741,-0.36883,0.368518,-0.200945,0.077997,0.081752,-0.182476,0.100411,0.164005,0.044517,0.303246,-0.284956,0.031117,-0.331986,0.004421,-0.288183,0.096005,0.178111,-0.152482,-0.034777,0.117483,0.314973,-0.01536,-0.297237,0.201798,0.137619,-0.170708,0.256896,-0.243016,0.009418,0.064801,-0.18799
2097,"Sudou, Tomonori",staff_23383,-0.199101,-0.380617,-0.333829,-0.031762,0.359756,-0.103587,0.523826,-0.28744,0.321784,-0.206857,0.694161,1.146276,0.693159,-0.122931,-0.892624,-0.507116,0.087658,0.834008,-0.209775,0.120213,0.343965,0.257255,0.047612,0.32655,0.376221,-0.250089,0.216238,0.358119,0.316779,-0.417038,0.347479,-0.524663,0.287935,0.209576,-0.277077,0.559569,-0.229892,-0.271709,-0.042875,0.22565,-1.238034,-0.144211,-0.258489,-0.063053,-0.062514,-0.205167,0.018102,-0.776211,0.644652,-0.761008,0.533554,-0.11936,-0.324886,-0.432532,-0.620106,-0.424453,-0.161933,0.0232,-0.55329,0.264469,-0.072364,0.470174,-0.021886,-0.144161
2098,"Shitaya, Noriko",staff_120,0.13581,-0.064207,0.099503,-0.299666,-0.021577,0.240482,0.123356,-0.120468,0.22003,0.112789,-0.182083,0.100111,0.091262,0.040503,0.064611,-0.358381,0.268276,0.04486,0.067409,-0.003645,0.213893,0.045756,-0.195205,-0.137501,0.170607,0.241484,-0.482188,0.202193,-0.216218,0.274579,-0.39253,0.022555,0.300556,-0.32054,0.403227,-0.119859,0.125679,-0.000128,-0.110321,0.11274,0.134195,0.100816,0.36635,-0.246657,0.008151,-0.293794,-0.001534,-0.290761,0.036158,0.307076,-0.143704,-0.051353,0.184408,0.23226,0.044599,-0.331432,0.242343,0.197926,-0.195646,0.159977,-0.126781,-0.017607,0.02722,-0.155621
2099,"Tanaka, Rie",staff_60,0.02768,-0.079743,0.050308,-0.256118,0.031177,0.193749,0.212218,-0.068699,0.23274,0.076418,-0.200461,0.081642,0.11549,0.023272,0.022353,-0.335461,0.318874,0.084715,0.132478,-0.022011,0.189208,-0.01895,-0.231699,-0.11746,0.089674,0.266397,-0.474983,0.139587,-0.162103,0.20573,-0.461177,0.03812,0.319765,-0.310634,0.432715,-0.200613,-0.001298,-0.031821,-0.209785,0.135877,0.063869,0.080964,0.459529,-0.273136,-0.074027,-0.315693,0.071263,-0.316452,0.061513,0.346194,-0.069948,-0.066161,0.222069,0.260225,0.040956,-0.392925,0.26977,0.066683,-0.142814,0.267205,-0.232899,-0.071475,0.088601,-0.151688
2101,"Yaginuma, Kazuyoshi",staff_46971,-0.243403,-0.44388,-0.287774,-0.043922,0.355634,-0.113115,0.554614,-0.330419,0.318389,-0.174272,0.659452,1.120328,0.665967,-0.060112,-0.998901,-0.503601,0.034868,0.92627,-0.152477,0.067441,0.38555,0.424906,0.06532,0.276544,0.444024,-0.19768,0.149248,0.273854,0.262737,-0.350373,0.359882,-0.508061,0.262256,0.300919,-0.240678,0.47389,-0.286755,-0.343533,-0.112202,0.284423,-1.287657,-0.132891,-0.171826,-0.132522,-0.103103,-0.210152,0.010265,-0.70336,0.640173,-0.726101,0.575226,-0.077095,-0.372393,-0.420796,-0.642745,-0.416134,-0.153622,0.000231,-0.603918,0.302081,-0.121501,0.40573,-0.024515,-0.109388
2102,"Toyota, Moe",staff_25395,-0.037064,-0.063282,0.05006,-0.334266,-0.131372,0.220296,0.171529,-0.002462,0.336108,0.147985,-0.265422,0.093132,0.129975,0.060449,0.000149,-0.360685,0.359494,0.152812,0.094954,-0.032248,0.353427,0.102601,-0.249003,-0.167259,0.112269,0.31127,-0.513689,0.025305,-0.192595,0.20391,-0.414565,-0.001612,0.193356,-0.294296,0.309409,-0.210087,-0.005325,-0.045669,-0.08587,0.119415,0.103765,0.126139,0.415122,-0.22609,-0.204079,-0.329223,0.049942,-0.253836,-0.053807,0.329886,-0.074744,0.024114,0.218179,0.189753,0.063794,-0.424287,0.282366,0.107685,-0.135272,0.224809,-0.176188,-0.026291,0.150444,-0.15362
2104,"Inoue, Keisuke",staff_42520,-0.167463,-0.429658,-0.30973,-0.047547,0.353484,-0.073012,0.549077,-0.327107,0.249897,-0.149509,0.650616,1.145005,0.674754,-0.052436,-0.919075,-0.536271,-0.051143,0.919233,-0.150874,0.116688,0.463751,0.406956,0.106404,0.354817,0.425136,-0.230112,0.127953,0.319017,0.317258,-0.340281,0.311142,-0.535504,0.239135,0.328243,-0.255955,0.50529,-0.231424,-0.331745,-0.083048,0.238377,-1.222249,-0.134067,-0.246143,-0.046479,-0.043395,-0.16339,-0.074311,-0.73977,0.658036,-0.735805,0.53101,-0.069974,-0.31244,-0.41132,-0.594488,-0.432331,-0.19435,-0.038862,-0.570737,0.231655,-0.075695,0.448267,0.00239,-0.144576
2105,"Aoi, Shouta",staff_14879,0.158084,-0.052402,-0.015054,-0.201124,0.071499,0.267728,0.166213,-0.163699,0.160452,0.137794,-0.173035,0.00722,0.19229,0.101353,-0.036324,-0.261027,0.324219,-0.034219,0.094846,-0.010136,0.270783,0.100547,-0.268697,-0.113711,0.162519,0.380974,-0.504818,0.140264,-0.23775,0.229222,-0.47049,-0.038667,0.383902,-0.354523,0.439228,-0.163214,0.159185,-0.093621,-0.004657,-0.03248,0.227577,-0.070009,0.396706,-0.193063,0.033861,-0.325636,-0.062433,-0.243711,0.017454,0.303828,-0.039865,0.021693,0.192265,0.296932,-0.029416,-0.349716,0.279378,0.059476,-0.326679,0.121801,-0.173488,-0.008706,0.049237,-0.309842
2107,Mina,staff_8930,0.107631,-0.101216,0.012327,-0.223918,0.049657,0.138584,0.164319,-0.177013,0.19537,0.091155,-0.052472,0.073718,0.134402,-0.04646,-0.034481,-0.334777,0.201057,-0.011143,0.099438,-0.00828,0.193307,-0.007745,-0.149794,-0.206281,0.112677,0.254987,-0.478015,0.181748,-0.225519,0.21219,-0.385556,0.074247,0.250523,-0.366467,0.368136,-0.200114,0.078921,0.082239,-0.183843,0.099957,0.163665,0.045395,0.301068,-0.283313,0.029309,-0.331421,0.004625,-0.288228,0.094297,0.176962,-0.153448,-0.033592,0.117529,0.311526,-0.014946,-0.294738,0.199873,0.138655,-0.170038,0.25627,-0.241709,0.007377,0.064892,-0.186868
2108,"Fujita, Saki",staff_504,0.087159,-0.125621,0.101676,-0.234047,0.002334,0.174141,0.137206,-0.033266,0.208259,0.076758,-0.211028,0.11119,0.072877,0.056643,0.005916,-0.400465,0.271417,0.132614,0.123354,-0.045676,0.078341,-0.017817,-0.266318,-0.119867,0.111349,0.238188,-0.512024,0.211691,-0.145939,0.205612,-0.400733,0.050284,0.294525,-0.297443,0.443989,-0.132522,-0.009977,-0.034945,-0.262764,0.193292,0.048072,0.085825,0.458004,-0.283693,-0.041749,-0.268679,0.069914,-0.342635,0.057305,0.354873,-0.130093,-0.120935,0.181099,0.216062,0.081723,-0.410929,0.230596,0.086899,-0.118672,0.228084,-0.196709,-0.02846,-0.009256,-0.120716
2110,"Kinoshita, Baku",staff_53425,-0.197865,-0.413888,-0.390049,-0.010559,0.352799,-0.040855,0.543782,-0.276131,0.297464,-0.153033,0.713452,1.133729,0.734509,-0.149118,-0.868471,-0.521682,0.09244,0.785091,-0.129219,0.099931,0.366992,0.28419,0.057984,0.33783,0.383911,-0.336596,0.127248,0.311918,0.30736,-0.454913,0.386232,-0.501083,0.340169,0.265896,-0.267084,0.553522,-0.219841,-0.311251,-0.044406,0.247874,-1.257645,-0.20099,-0.292672,-0.047034,-0.109922,-0.290401,0.004534,-0.808825,0.587058,-0.766677,0.5549,-0.102019,-0.272557,-0.394622,-0.575615,-0.511666,-0.265293,-0.06558,-0.561669,0.154943,-0.104312,0.452421,-0.027124,-0.193917
2111,"Taniyama, Kishou",staff_196,0.197227,-0.021419,0.061194,-0.379069,-0.039709,0.144761,0.083426,-0.047757,0.170439,0.124451,-0.174949,0.150857,0.159742,0.074916,0.179684,-0.478373,0.369707,0.066581,0.124185,-0.051917,0.21135,-0.004401,-0.161903,-0.098724,0.142405,0.307504,-0.465291,0.239566,-0.120315,0.236756,-0.445912,0.039502,0.366824,-0.324,0.334545,-0.163958,0.099148,-0.083239,-0.099139,0.075469,0.205427,0.021877,0.38239,-0.26974,-0.032734,-0.238876,-0.034142,-0.237917,-0.012879,0.296804,-0.182568,-0.129045,0.211693,0.272386,0.124563,-0.322032,0.283525,0.198902,-0.149393,0.139386,-0.174733,-0.02506,-0.045453,-0.129447
2113,"Itagaki, Shin",staff_5652,-0.16866,-0.347795,-0.349086,-0.02414,0.349244,-0.074704,0.495328,-0.289462,0.305874,-0.157632,0.646147,1.112112,0.710053,-0.124087,-0.924634,-0.51622,-0.005426,0.861194,-0.175585,0.119629,0.407734,0.338428,0.094378,0.321041,0.406246,-0.254734,0.15875,0.305697,0.295614,-0.360879,0.352736,-0.487928,0.266916,0.267119,-0.308635,0.565864,-0.252963,-0.283314,-0.073541,0.198823,-1.235679,-0.104996,-0.252849,-0.081389,-0.101262,-0.237058,-0.049064,-0.72942,0.632859,-0.709531,0.508012,-0.10476,-0.307431,-0.470376,-0.585126,-0.406198,-0.177964,0.014051,-0.54609,0.244595,-0.042295,0.410148,-0.047538,-0.114694
2114,"Morii, Kenshirou",staff_30973,-0.220409,-0.401664,-0.338232,-0.073547,0.410018,-0.079154,0.516265,-0.304545,0.32093,-0.208646,0.710687,1.128956,0.682451,-0.071668,-0.958241,-0.530827,0.082849,0.850952,-0.190902,0.086094,0.372972,0.344064,0.07603,0.299314,0.429642,-0.208033,0.180054,0.294102,0.287716,-0.397665,0.309332,-0.536879,0.226299,0.287157,-0.285975,0.536026,-0.25966,-0.302457,-0.068934,0.265866,-1.262612,-0.15535,-0.232754,-0.11337,-0.047688,-0.211189,0.002184,-0.745195,0.623241,-0.730683,0.575333,-0.135771,-0.326289,-0.428833,-0.685618,-0.462722,-0.15478,-0.000806,-0.55324,0.278809,-0.123273,0.452859,-0.087667,-0.148889
2115,"Nomura, Kazuya",staff_18003,-0.151034,-0.409652,-0.335616,0.000813,0.404582,-0.077727,0.557585,-0.384304,0.305318,-0.158974,0.597413,1.04729,0.639798,-0.119665,-0.973295,-0.567801,-0.0027,0.862447,-0.141368,0.129937,0.393945,0.384033,0.099776,0.333217,0.3983,-0.159238,0.109979,0.346118,0.288049,-0.382708,0.391371,-0.466405,0.317175,0.309124,-0.266209,0.472326,-0.279638,-0.266001,-0.06529,0.180768,-1.247516,-0.051945,-0.199869,-0.116288,-0.111406,-0.24583,0.004419,-0.737591,0.671144,-0.747437,0.461172,-0.080834,-0.241458,-0.437419,-0.619364,-0.415587,-0.164418,-0.023026,-0.54536,0.262825,-0.051246,0.425146,-0.096526,-0.091442
2116,"Shiraishi, Haruka",staff_17629,0.067102,-0.0883,0.040263,-0.238358,0.024976,0.187019,0.192967,-0.148691,0.219023,0.08065,-0.125553,0.06988,0.154421,0.002518,-0.010175,-0.322629,0.248331,0.031811,0.120635,-0.006397,0.22227,-0.010897,-0.194387,-0.139342,0.130058,0.276913,-0.473575,0.15791,-0.20911,0.225992,-0.413107,0.058478,0.269139,-0.330283,0.405024,-0.197158,0.07022,0.022375,-0.162004,0.091893,0.130021,0.053672,0.378102,-0.269291,-0.01783,-0.334211,0.027558,-0.300808,0.084774,0.268623,-0.107305,-0.005867,0.172657,0.271962,-0.009582,-0.335003,0.264012,0.117759,-0.172136,0.238922,-0.227462,-0.03812,0.090184,-0.197943
2118,"Hayamizu, Risa",staff_215,-0.099589,0.033498,0.047833,-0.149971,0.047873,0.037758,0.301681,0.093753,0.287449,0.107094,-0.259549,0.007819,0.138434,0.060805,-0.071215,-0.388205,0.493086,0.129191,0.156042,-0.051879,0.283947,0.03286,-0.215757,-0.069246,-0.034543,0.300748,-0.453697,-0.012877,-0.042174,-0.053777,-0.513607,-0.059831,0.352032,-0.540571,0.439819,-0.340984,-0.127711,-0.090665,-0.260924,0.164304,0.033842,0.155272,0.529789,-0.187371,-0.220506,-0.172773,0.174093,-0.380889,0.03452,0.270192,0.017686,-0.141498,0.269352,0.246397,0.101485,-0.452019,0.296457,-0.04665,-0.001156,0.34015,-0.303654,-0.065367,0.185491,-0.09706
2119,"Hara, Nanoka",staff_59792,0.130134,-0.113929,0.044609,-0.350946,0.023844,0.310129,0.188086,-0.199227,0.329741,0.179983,-0.174193,0.130629,0.044481,-0.049673,0.077214,-0.341734,0.330128,-0.019805,0.119282,0.039415,0.240644,0.07787,-0.239189,-0.25307,0.102378,0.188032,-0.454299,0.122189,-0.273743,0.341231,-0.48185,0.060163,0.309527,-0.319962,0.288768,-0.145029,0.157127,0.016265,-0.137591,0.158596,0.11892,0.021008,0.310097,-0.232403,0.019489,-0.389667,0.044305,-0.298832,0.011118,0.285465,-0.064376,-0.065985,0.227416,0.356081,-0.008545,-0.351575,0.122006,0.213236,-0.279187,0.230102,-0.163177,-0.101408,0.090378,-0.196575
2120,"Matsumura, Hokuto",staff_61286,0.130134,-0.113929,0.044609,-0.350946,0.023844,0.310129,0.188086,-0.199227,0.329741,0.179983,-0.174193,0.130629,0.044481,-0.049673,0.077214,-0.341734,0.330128,-0.019805,0.119282,0.039415,0.240644,0.07787,-0.239189,-0.25307,0.102378,0.188032,-0.454299,0.122189,-0.273743,0.341231,-0.48185,0.060163,0.309527,-0.319962,0.288768,-0.145029,0.157127,0.016265,-0.137591,0.158596,0.11892,0.021008,0.310097,-0.232403,0.019489,-0.389667,0.044305,-0.298832,0.011118,0.285465,-0.064376,-0.065985,0.227416,0.356081,-0.008545,-0.351575,0.122006,0.213236,-0.279187,0.230102,-0.163177,-0.101408,0.090378,-0.196575
2122,"Satou, Junichi",staff_4002,-0.218205,-0.444317,-0.318692,0.066823,0.360736,0.027171,0.530158,-0.340925,0.236723,-0.197389,0.634161,1.131858,0.695017,-0.096466,-1.028415,-0.563206,0.07552,0.806514,-0.112076,0.058503,0.402165,0.313775,0.076965,0.331752,0.448905,-0.198166,0.073833,0.30644,0.235618,-0.422122,0.377572,-0.408044,0.292868,0.197011,-0.243024,0.41051,-0.377923,-0.291921,-0.050472,0.212958,-1.282652,-0.116851,-0.149546,-0.129807,-0.117219,-0.266381,0.009406,-0.802989,0.502075,-0.791196,0.53902,-0.077038,-0.34129,-0.364763,-0.627916,-0.556524,-0.13941,0.001451,-0.576339,0.235768,-0.149637,0.335583,-0.08435,-0.198576
2123,"Shibayama, Tomotaka",staff_39724,-0.217483,-0.485747,-0.387477,-0.056878,0.41095,-0.011842,0.598454,-0.336293,0.283608,-0.174752,0.727035,1.100439,0.689476,-0.077536,-0.973818,-0.575047,0.108435,0.771659,-0.115728,0.09317,0.383183,0.309083,0.031495,0.351752,0.401167,-0.232123,0.057489,0.305507,0.227639,-0.467344,0.397949,-0.506512,0.333041,0.307024,-0.27557,0.472425,-0.266801,-0.281513,-0.009716,0.263511,-1.284833,-0.175845,-0.256969,-0.04813,-0.099807,-0.25368,-0.001458,-0.837357,0.614371,-0.795162,0.518524,-0.102915,-0.247384,-0.347229,-0.629226,-0.56737,-0.233336,-0.06969,-0.531126,0.180863,-0.135627,0.453086,-0.09756,-0.167054
2124,"Ishiodori, Hiroshi",staff_40672,-0.296725,-0.516236,-0.265185,0.106713,0.354789,-0.024751,0.566896,-0.366902,0.295617,-0.17236,0.602592,1.176331,0.629329,0.002562,-1.16592,-0.507827,0.088333,0.883505,-0.12123,0.011069,0.366075,0.375761,0.074785,0.22268,0.510122,-0.118965,0.062787,0.250049,0.14503,-0.395344,0.360045,-0.364548,0.27514,0.219483,-0.193194,0.279245,-0.475886,-0.299712,-0.09548,0.240503,-1.328598,-0.086305,-0.019957,-0.226803,-0.127212,-0.292521,0.019168,-0.752414,0.521772,-0.78114,0.564837,-0.084062,-0.415922,-0.308391,-0.696435,-0.505253,-0.083612,0.034402,-0.605694,0.358399,-0.225576,0.264776,-0.117125,-0.192491
2125,"Koumoto, Keisuke",staff_17915,0.02613,-0.039309,0.035458,-0.202976,0.039591,0.14388,0.227319,-0.070631,0.23693,0.104205,-0.173497,0.040211,0.149487,0.035124,-0.036255,-0.345931,0.345555,0.053126,0.128044,-0.012621,0.246471,0.024187,-0.209979,-0.11738,0.078566,0.296244,-0.465157,0.09809,-0.158713,0.125865,-0.460705,-0.000249,0.317339,-0.424516,0.415418,-0.243677,0.022542,-0.034682,-0.177422,0.098799,0.122515,0.066983,0.423573,-0.230512,-0.074918,-0.27919,0.071351,-0.32289,0.066825,0.256429,-0.052955,-0.055572,0.204784,0.269042,0.023097,-0.369521,0.264447,0.057566,-0.134001,0.256691,-0.240578,-0.045015,0.115352,-0.176799
2126,"Okada, Mari",staff_5978,-0.270661,-0.401028,-0.446175,-0.099949,0.432045,-0.020469,0.547865,-0.307436,0.32429,-0.216751,0.81174,1.050141,0.77301,-0.148072,-0.880293,-0.555521,0.196673,0.750201,-0.168562,0.124202,0.348097,0.27895,0.00803,0.340106,0.366299,-0.297826,0.168303,0.250834,0.303278,-0.497481,0.409137,-0.558726,0.325435,0.262096,-0.32295,0.577194,-0.215136,-0.281247,-0.026653,0.297282,-1.333535,-0.227092,-0.311153,-0.047603,-0.11227,-0.286626,0.077355,-0.871543,0.573379,-0.78842,0.575863,-0.095111,-0.278382,-0.406234,-0.647168,-0.570626,-0.266336,-0.038772,-0.530423,0.171201,-0.111641,0.471887,-0.100584,-0.138795
2128,"Maeda, Mahiro",staff_5392,-0.179017,-0.459692,-0.407959,0.007716,0.410414,0.044251,0.584755,-0.295429,0.237146,-0.154074,0.7274,1.150497,0.73229,-0.109099,-0.88987,-0.555143,0.113857,0.750435,-0.136979,0.128949,0.40839,0.245361,0.069629,0.386443,0.405675,-0.308183,0.078917,0.353337,0.274273,-0.500057,0.332316,-0.461539,0.338204,0.258853,-0.299722,0.496778,-0.247064,-0.261363,0.030294,0.206685,-1.264555,-0.229557,-0.300382,-0.024452,-0.044557,-0.27507,-0.009578,-0.84503,0.53541,-0.796102,0.577162,-0.091086,-0.22624,-0.375048,-0.605168,-0.581602,-0.255887,-0.093663,-0.571731,0.129092,-0.138388,0.43967,-0.078661,-0.255859
2129,"Ishida, Akira",staff_17,0.128263,-0.09388,0.089433,-0.341887,-0.04622,0.189183,0.15773,-0.108479,0.229856,0.139299,-0.147861,0.12001,0.124099,0.018085,0.115968,-0.456695,0.288511,0.076614,0.145026,-0.008529,0.232178,0.016344,-0.222949,-0.121969,0.17608,0.298561,-0.476131,0.168524,-0.144947,0.233921,-0.420797,0.037476,0.287137,-0.363439,0.357613,-0.206529,0.083464,-0.016474,-0.129788,0.124256,0.175457,0.038971,0.362259,-0.283285,-0.012717,-0.287111,0.0265,-0.27254,0.066241,0.236342,-0.148785,-0.074972,0.190069,0.277595,0.055086,-0.326124,0.216514,0.196742,-0.141157,0.189315,-0.191266,-0.04465,0.020878,-0.163457
2130,"Kimura, Juri",staff_33979,0.065191,-0.115444,0.058039,-0.34,-0.011428,0.307369,0.203046,-0.208838,0.259117,0.133313,-0.142934,0.095549,0.139131,-0.016775,0.067466,-0.297991,0.250358,0.026007,0.126865,0.033643,0.304624,0.02301,-0.226465,-0.148224,0.207407,0.300523,-0.442664,0.147306,-0.244427,0.332955,-0.443679,0.042793,0.272064,-0.300559,0.379979,-0.190758,0.136857,0.011158,-0.064237,0.078591,0.17512,0.029501,0.356333,-0.284143,-0.003155,-0.402469,0.014442,-0.265935,0.090321,0.290795,-0.080652,0.051283,0.19836,0.282178,-0.047016,-0.307852,0.233522,0.178051,-0.236193,0.206337,-0.202378,-0.086558,0.097401,-0.220526
2131,"Watanabe, Masaki",staff_11547,-0.096942,-0.428431,-0.313582,0.011359,0.388645,-0.052188,0.530288,-0.339617,0.275314,-0.15557,0.598256,1.132764,0.598698,-0.101703,-0.988754,-0.575025,-0.044771,0.819802,-0.114083,0.079325,0.406535,0.330445,0.112838,0.349134,0.410018,-0.189333,0.04593,0.419796,0.249043,-0.354517,0.343014,-0.463029,0.27735,0.30885,-0.264701,0.482977,-0.294938,-0.260071,-0.025477,0.168184,-1.152597,-0.093415,-0.254323,-0.073875,-0.04014,-0.202067,-0.07103,-0.733198,0.704379,-0.744794,0.461012,-0.172793,-0.211486,-0.394679,-0.60643,-0.460589,-0.157443,-0.042464,-0.535286,0.243682,-0.071238,0.459126,-0.072071,-0.163579
2133,"Miyumi, Shuri",staff_63661,0.083657,-0.129236,0.032392,-0.243719,0.032522,0.160352,0.177929,-0.179917,0.216472,0.113465,-0.064938,0.079619,0.126687,-0.065112,-0.019716,-0.356209,0.200788,0.00386,0.125978,-0.003058,0.219841,0.010735,-0.181927,-0.187172,0.138372,0.267182,-0.483742,0.155327,-0.215821,0.218895,-0.380021,0.074994,0.235469,-0.39396,0.356971,-0.225581,0.084799,0.074477,-0.182191,0.129629,0.17515,0.04566,0.311395,-0.285305,0.034379,-0.330321,0.034728,-0.304256,0.104222,0.165222,-0.13142,-0.035643,0.109123,0.299061,-0.02397,-0.292939,0.188967,0.154162,-0.149253,0.247101,-0.244677,-0.001418,0.076976,-0.197261
2134,"Amano, Satomi",staff_49776,0.083657,-0.129236,0.032392,-0.243719,0.032522,0.160352,0.177929,-0.179917,0.216472,0.113465,-0.064938,0.079619,0.126687,-0.065112,-0.019716,-0.356209,0.200788,0.00386,0.125978,-0.003058,0.219841,0.010735,-0.181927,-0.187172,0.138372,0.267182,-0.483742,0.155327,-0.215821,0.218895,-0.380021,0.074994,0.235469,-0.39396,0.356971,-0.225581,0.084799,0.074477,-0.182191,0.129629,0.17515,0.04566,0.311395,-0.285305,0.034379,-0.330321,0.034728,-0.304256,0.104222,0.165222,-0.13142,-0.035643,0.109123,0.299061,-0.02397,-0.292939,0.188967,0.154162,-0.149253,0.247101,-0.244677,-0.001418,0.076976,-0.197261
2135,"Ono, Tomohiro",staff_51716,0.083657,-0.129236,0.032392,-0.243719,0.032522,0.160352,0.177929,-0.179917,0.216472,0.113465,-0.064938,0.079619,0.126687,-0.065112,-0.019716,-0.356209,0.200788,0.00386,0.125978,-0.003058,0.219841,0.010735,-0.181927,-0.187172,0.138372,0.267182,-0.483742,0.155327,-0.215821,0.218895,-0.380021,0.074994,0.235469,-0.39396,0.356971,-0.225581,0.084799,0.074477,-0.182191,0.129629,0.17515,0.04566,0.311395,-0.285305,0.034379,-0.330321,0.034728,-0.304256,0.104222,0.165222,-0.13142,-0.035643,0.109123,0.299061,-0.02397,-0.292939,0.188967,0.154162,-0.149253,0.247101,-0.244677,-0.001418,0.076976,-0.197261
2136,"Kazama, Mayuko",staff_53752,0.090104,-0.093414,-0.013431,-0.245636,0.069262,0.221204,0.201955,-0.18035,0.168802,0.093786,-0.107974,0.046361,0.159545,-0.014499,0.002624,-0.285481,0.238752,-0.016905,0.112188,-0.00362,0.236304,0.003522,-0.202146,-0.136966,0.14501,0.326874,-0.479122,0.152689,-0.225142,0.247799,-0.436425,0.03964,0.323745,-0.335452,0.417978,-0.209465,0.097025,-3.1e-05,-0.113037,0.039802,0.171928,-0.003034,0.376985,-0.286765,0.022664,-0.36694,-0.00496,-0.253684,0.087801,0.253313,-0.092086,-0.002551,0.152538,0.310657,-0.03406,-0.315205,0.258029,0.082725,-0.227186,0.213426,-0.229169,-0.024557,0.08635,-0.243306
2137,"Shinohara, Masahiro",staff_38963,-0.218606,-0.302352,-0.377431,0.022868,0.313632,-0.059048,0.496588,-0.313571,0.303491,-0.101494,0.679993,1.112146,0.745451,-0.091515,-0.859699,-0.513528,-0.079692,0.908196,-0.216222,0.177937,0.46634,0.33898,0.056125,0.340452,0.375156,-0.323656,0.121237,0.262174,0.306191,-0.289223,0.360477,-0.517673,0.263402,0.272543,-0.331437,0.567194,-0.227599,-0.237903,-0.096695,0.181096,-1.226686,-0.129091,-0.342884,-0.003662,-0.05709,-0.225043,-0.094268,-0.785812,0.685507,-0.729114,0.464898,-0.071223,-0.269148,-0.431527,-0.480347,-0.3985,-0.268,0.021805,-0.49829,0.219483,0.013549,0.386025,-0.018853,-0.082579
2138,"Fujita, Haruka",staff_40506,-0.272727,-0.270394,-0.371418,-0.007018,0.285862,-0.100937,0.484864,-0.291336,0.333987,-0.110521,0.713522,1.073033,0.796567,-0.127148,-0.81453,-0.473759,-0.048127,0.94383,-0.238253,0.181947,0.445704,0.374817,0.019583,0.318619,0.362576,-0.366082,0.174777,0.210497,0.334653,-0.275487,0.399304,-0.544454,0.278368,0.25504,-0.335682,0.622799,-0.185276,-0.277934,-0.14375,0.228622,-1.270639,-0.162331,-0.351659,-0.012496,-0.103285,-0.233907,-0.038405,-0.75725,0.672676,-0.707737,0.511133,-0.026773,-0.319419,-0.48341,-0.458025,-0.355732,-0.286652,0.042955,-0.534289,0.219873,0.031571,0.377573,0.031043,-0.029517
2141,"Asahina, Madoka",staff_39674,0.085702,-0.115285,0.016392,-0.209268,0.039828,0.129062,0.164924,-0.158744,0.202816,0.093823,-0.063938,0.07048,0.152365,-0.041494,-0.052136,-0.336655,0.213946,-0.001738,0.114776,-0.028732,0.214725,-0.002036,-0.166686,-0.190078,0.104386,0.262949,-0.494078,0.160649,-0.213681,0.1966,-0.368199,0.08604,0.228274,-0.36521,0.358554,-0.213327,0.069996,0.07377,-0.190032,0.12045,0.148204,0.048152,0.320758,-0.268387,0.009584,-0.312214,0.018107,-0.307948,0.073823,0.196592,-0.143495,-0.018672,0.112505,0.294585,-0.014755,-0.312486,0.218519,0.121749,-0.152723,0.256826,-0.264952,0.006898,0.081313,-0.196906
2142,"Hirano, Toshiki",staff_2477,-0.100831,-0.427915,-0.313781,0.011359,0.386603,-0.05311,0.53047,-0.341674,0.276148,-0.154282,0.597501,1.132563,0.596539,-0.100747,-0.99024,-0.575944,-0.044513,0.818642,-0.112737,0.076117,0.407356,0.329691,0.113073,0.34778,0.410558,-0.188307,0.046864,0.418462,0.249698,-0.35585,0.341139,-0.461169,0.277005,0.308901,-0.262658,0.484403,-0.293189,-0.259789,-0.02763,0.168277,-1.153481,-0.094669,-0.253006,-0.073926,-0.040368,-0.203707,-0.070754,-0.731726,0.704245,-0.745088,0.460404,-0.174587,-0.210996,-0.39541,-0.604966,-0.462247,-0.157784,-0.041317,-0.535337,0.24278,-0.07229,0.459393,-0.072964,-0.163929
2143,"Simone, Jamie",staff_61847,-0.100831,-0.427915,-0.313781,0.011359,0.386603,-0.05311,0.53047,-0.341674,0.276148,-0.154282,0.597501,1.132563,0.596539,-0.100747,-0.99024,-0.575944,-0.044513,0.818642,-0.112737,0.076117,0.407356,0.329691,0.113073,0.34778,0.410558,-0.188307,0.046864,0.418462,0.249698,-0.35585,0.341139,-0.461169,0.277005,0.308901,-0.262658,0.484403,-0.293189,-0.259789,-0.02763,0.168277,-1.153481,-0.094669,-0.253006,-0.073926,-0.040368,-0.203707,-0.070754,-0.731726,0.704245,-0.745088,0.460404,-0.174587,-0.210996,-0.39541,-0.604966,-0.462247,-0.157784,-0.041317,-0.535337,0.24278,-0.07229,0.459393,-0.072964,-0.163929
2144,"Shimada, Bin",staff_651,0.104625,-0.101827,0.011162,-0.223444,0.049263,0.140305,0.163147,-0.177893,0.195193,0.091861,-0.05211,0.074651,0.132834,-0.048698,-0.036899,-0.331372,0.201173,-0.011935,0.100352,-0.008149,0.193544,-0.009851,-0.150215,-0.204991,0.114872,0.257671,-0.476287,0.180384,-0.227567,0.214199,-0.382578,0.074575,0.250506,-0.369652,0.36908,-0.199673,0.078593,0.080896,-0.181782,0.101476,0.163001,0.044422,0.301296,-0.286019,0.029487,-0.331991,0.006064,-0.287175,0.094893,0.178216,-0.153833,-0.035525,0.115099,0.312799,-0.014992,-0.295671,0.201203,0.136075,-0.169646,0.253918,-0.243338,0.011109,0.062406,-0.187516
2145,"Fudesaka, Akinori",staff_64233,-0.279675,-0.302468,-0.330792,0.026884,0.282222,-0.09353,0.49208,-0.260171,0.334816,-0.117555,0.706282,1.129354,0.761036,-0.084823,-0.895621,-0.454083,-0.005875,0.92859,-0.240932,0.138337,0.417482,0.337747,0.022297,0.291616,0.419061,-0.337909,0.152769,0.241292,0.261207,-0.298703,0.365432,-0.479937,0.265006,0.239019,-0.322073,0.579649,-0.239499,-0.286478,-0.126052,0.223891,-1.265635,-0.157999,-0.307707,-0.069104,-0.072356,-0.232235,-0.046127,-0.720179,0.621247,-0.700871,0.544231,-0.063482,-0.341733,-0.455176,-0.506295,-0.381635,-0.236164,0.033196,-0.553166,0.252089,-0.042568,0.347918,-0.007183,-0.096096
2147,"Li, Haoling",staff_47426,-0.239112,-0.397913,-0.348912,-0.017763,0.339831,-0.095541,0.51474,-0.279255,0.355453,-0.158755,0.697807,1.13937,0.703161,-0.10785,-0.949949,-0.480908,0.09305,0.84259,-0.165474,0.066364,0.339764,0.318008,0.043058,0.269686,0.418085,-0.288581,0.152171,0.27661,0.268604,-0.413434,0.374238,-0.486788,0.285829,0.264657,-0.255435,0.537384,-0.26201,-0.326718,-0.100803,0.273445,-1.271589,-0.16366,-0.239086,-0.124835,-0.12918,-0.276864,0.004308,-0.740501,0.61476,-0.722518,0.554026,-0.120422,-0.343446,-0.412088,-0.612074,-0.439474,-0.190813,-0.012835,-0.556058,0.243417,-0.1092,0.427997,-0.048054,-0.142534
2148,"Sakata, Junichi",staff_61702,-0.189141,-0.328279,-0.386406,0.0168,0.330454,-0.037816,0.513398,-0.324196,0.278139,-0.088733,0.66033,1.12874,0.726421,-0.059714,-0.879929,-0.530745,-0.106375,0.904225,-0.207167,0.18995,0.497462,0.338192,0.087757,0.353388,0.385656,-0.295223,0.106931,0.275653,0.29849,-0.307469,0.329429,-0.501195,0.257055,0.296156,-0.334141,0.540452,-0.236133,-0.222618,-0.073545,0.153531,-1.219246,-0.108277,-0.324947,0.00609,-0.044598,-0.221291,-0.132915,-0.797523,0.685334,-0.735232,0.441119,-0.070009,-0.249898,-0.417398,-0.49729,-0.404761,-0.262231,0.012375,-0.490633,0.212776,0.008721,0.385529,-0.046477,-0.105711
2149,"Iizuka, Shouzou",staff_726,0.099539,-0.127661,0.054045,-0.250793,0.01224,0.194704,0.146799,-0.159551,0.226875,0.126993,-0.106009,0.094212,0.119671,-0.02029,-0.012077,-0.344696,0.227367,0.021988,0.115544,-0.012794,0.21374,0.030656,-0.206317,-0.187505,0.148339,0.263966,-0.484424,0.175047,-0.217358,0.244871,-0.387728,0.062054,0.2436,-0.349273,0.362785,-0.186056,0.09614,0.042442,-0.156359,0.134159,0.164121,0.04369,0.330528,-0.266427,0.015356,-0.32067,0.019993,-0.306822,0.064005,0.227769,-0.127663,-0.021959,0.132291,0.276948,-0.007567,-0.313377,0.192784,0.156238,-0.175547,0.219521,-0.229936,-0.009713,0.047405,-0.190406
2150,"Oonuki, Yuusuke",staff_50370,-0.075788,-0.054788,0.025396,-0.418414,-0.214782,0.222012,0.150992,0.027365,0.36531,0.164751,-0.300816,0.125747,0.154993,0.044663,0.053973,-0.401244,0.379652,0.218898,0.125993,-0.030815,0.407252,0.120216,-0.231236,-0.149445,0.11368,0.354876,-0.516644,-0.017199,-0.17756,0.243045,-0.426786,0.004039,0.159939,-0.256837,0.234149,-0.257681,-0.03793,-0.064264,-0.052025,0.056385,0.184155,0.096056,0.433838,-0.233767,-0.260872,-0.369352,0.037858,-0.18695,-0.094797,0.312824,-0.079864,0.009514,0.222935,0.157004,0.080196,-0.422961,0.329775,0.143879,-0.080795,0.189085,-0.164572,0.014099,0.136877,-0.139011
2151,"Oowada, Hitomi",staff_27839,0.083575,-0.114815,0.112701,-0.336378,-0.044176,0.308157,0.165558,-0.193325,0.320607,0.1869,-0.16757,0.138447,0.093606,0.003879,0.049595,-0.346025,0.284333,0.045169,0.1239,0.053987,0.27751,0.06904,-0.233954,-0.195932,0.204659,0.245806,-0.42114,0.174664,-0.249752,0.331342,-0.444613,0.038866,0.253114,-0.352119,0.336275,-0.157369,0.167609,-0.00225,-0.08991,0.14562,0.191721,0.047394,0.32763,-0.258031,-0.009448,-0.366431,0.050374,-0.318415,0.071398,0.269232,-0.073041,0.021144,0.194733,0.258762,-0.028325,-0.306432,0.171702,0.236377,-0.214554,0.189598,-0.178398,-0.088589,0.061426,-0.177766
2152,"Takano, Asami",staff_33875,0.083575,-0.114815,0.112701,-0.336378,-0.044176,0.308157,0.165558,-0.193325,0.320607,0.1869,-0.16757,0.138447,0.093606,0.003879,0.049595,-0.346025,0.284333,0.045169,0.1239,0.053987,0.27751,0.06904,-0.233954,-0.195932,0.204659,0.245806,-0.42114,0.174664,-0.249752,0.331342,-0.444613,0.038866,0.253114,-0.352119,0.336275,-0.157369,0.167609,-0.00225,-0.08991,0.14562,0.191721,0.047394,0.32763,-0.258031,-0.009448,-0.366431,0.050374,-0.318415,0.071398,0.269232,-0.073041,0.021144,0.194733,0.258762,-0.028325,-0.306432,0.171702,0.236377,-0.214554,0.189598,-0.178398,-0.088589,0.061426,-0.177766
2153,"Yoshimura, Haruka",staff_27405,0.083575,-0.114815,0.112701,-0.336378,-0.044176,0.308157,0.165558,-0.193325,0.320607,0.1869,-0.16757,0.138447,0.093606,0.003879,0.049595,-0.346025,0.284333,0.045169,0.1239,0.053987,0.27751,0.06904,-0.233954,-0.195932,0.204659,0.245806,-0.42114,0.174664,-0.249752,0.331342,-0.444613,0.038866,0.253114,-0.352119,0.336275,-0.157369,0.167609,-0.00225,-0.08991,0.14562,0.191721,0.047394,0.32763,-0.258031,-0.009448,-0.366431,0.050374,-0.318415,0.071398,0.269232,-0.073041,0.021144,0.194733,0.258762,-0.028325,-0.306432,0.171702,0.236377,-0.214554,0.189598,-0.178398,-0.088589,0.061426,-0.177766
2155,"Nanjou, Yoshino",staff_1592,0.02503,-0.043455,0.16675,-0.234885,-0.013616,0.209492,0.166385,-0.011017,0.293781,0.000958,-0.311862,0.127913,0.070598,0.113191,-0.002032,-0.37225,0.348365,0.226815,0.156976,0.007151,0.036756,-0.047421,-0.265539,-0.060874,0.124107,0.194498,-0.444316,0.232334,-0.171212,0.202071,-0.497287,-0.007268,0.337769,-0.302263,0.529485,-0.090371,-0.04035,-0.075136,-0.297766,0.156706,0.058072,0.154276,0.528196,-0.244249,-0.087281,-0.295546,0.112401,-0.408243,0.108407,0.438964,-0.041972,-0.163661,0.284723,0.145403,0.099482,-0.433544,0.318772,0.122139,-0.088273,0.242637,-0.134904,-0.079607,-0.020227,-0.085257
2156,"Iida, Riho",staff_17207,0.02503,-0.043455,0.16675,-0.234885,-0.013616,0.209492,0.166385,-0.011017,0.293781,0.000958,-0.311862,0.127913,0.070598,0.113191,-0.002032,-0.37225,0.348365,0.226815,0.156976,0.007151,0.036756,-0.047421,-0.265539,-0.060874,0.124107,0.194498,-0.444316,0.232334,-0.171212,0.202071,-0.497287,-0.007268,0.337769,-0.302263,0.529485,-0.090371,-0.04035,-0.075136,-0.297766,0.156706,0.058072,0.154276,0.528196,-0.244249,-0.087281,-0.295546,0.112401,-0.408243,0.108407,0.438964,-0.041972,-0.163661,0.284723,0.145403,0.099482,-0.433544,0.318772,0.122139,-0.088273,0.242637,-0.134904,-0.079607,-0.020227,-0.085257
2157,"Kubo, Yurika",staff_17209,0.027897,-0.055828,0.101908,-0.25047,0.015261,0.207154,0.195451,-0.045937,0.262346,0.03982,-0.255288,0.105385,0.087129,0.063012,0.017291,-0.352104,0.334455,0.148064,0.13931,0.001837,0.109147,-0.037622,-0.242298,-0.091179,0.105399,0.228096,-0.449126,0.188068,-0.171286,0.209984,-0.486084,0.014548,0.340858,-0.310051,0.479633,-0.142794,-0.015629,-0.05765,-0.252416,0.140037,0.058788,0.113018,0.491657,-0.266075,-0.079731,-0.315782,0.093616,-0.354305,0.09097,0.387934,-0.055648,-0.121535,0.256006,0.211387,0.067453,-0.4098,0.28854,0.092937,-0.122672,0.253694,-0.177742,-0.081322,0.035406,-0.116693
2158,"Nitta, Emi",staff_14409,0.02503,-0.043455,0.16675,-0.234885,-0.013616,0.209492,0.166385,-0.011017,0.293781,0.000958,-0.311862,0.127913,0.070598,0.113191,-0.002032,-0.37225,0.348365,0.226815,0.156976,0.007151,0.036756,-0.047421,-0.265539,-0.060874,0.124107,0.194498,-0.444316,0.232334,-0.171212,0.202071,-0.497287,-0.007268,0.337769,-0.302263,0.529485,-0.090371,-0.04035,-0.075136,-0.297766,0.156706,0.058072,0.154276,0.528196,-0.244249,-0.087281,-0.295546,0.112401,-0.408243,0.108407,0.438964,-0.041972,-0.163661,0.284723,0.145403,0.099482,-0.433544,0.318772,0.122139,-0.088273,0.242637,-0.134904,-0.079607,-0.020227,-0.085257
2159,Pile,staff_17211,0.02503,-0.043455,0.16675,-0.234885,-0.013616,0.209492,0.166385,-0.011017,0.293781,0.000958,-0.311862,0.127913,0.070598,0.113191,-0.002032,-0.37225,0.348365,0.226815,0.156976,0.007151,0.036756,-0.047421,-0.265539,-0.060874,0.124107,0.194498,-0.444316,0.232334,-0.171212,0.202071,-0.497287,-0.007268,0.337769,-0.302263,0.529485,-0.090371,-0.04035,-0.075136,-0.297766,0.156706,0.058072,0.154276,0.528196,-0.244249,-0.087281,-0.295546,0.112401,-0.408243,0.108407,0.438964,-0.041972,-0.163661,0.284723,0.145403,0.099482,-0.433544,0.318772,0.122139,-0.088273,0.242637,-0.134904,-0.079607,-0.020227,-0.085257
2160,"Kusuda, Aina",staff_17213,0.02503,-0.043455,0.16675,-0.234885,-0.013616,0.209492,0.166385,-0.011017,0.293781,0.000958,-0.311862,0.127913,0.070598,0.113191,-0.002032,-0.37225,0.348365,0.226815,0.156976,0.007151,0.036756,-0.047421,-0.265539,-0.060874,0.124107,0.194498,-0.444316,0.232334,-0.171212,0.202071,-0.497287,-0.007268,0.337769,-0.302263,0.529485,-0.090371,-0.04035,-0.075136,-0.297766,0.156706,0.058072,0.154276,0.528196,-0.244249,-0.087281,-0.295546,0.112401,-0.408243,0.108407,0.438964,-0.041972,-0.163661,0.284723,0.145403,0.099482,-0.433544,0.318772,0.122139,-0.088273,0.242637,-0.134904,-0.079607,-0.020227,-0.085257
2161,"Tokui, Sora",staff_11361,0.02503,-0.043455,0.16675,-0.234885,-0.013616,0.209492,0.166385,-0.011017,0.293781,0.000958,-0.311862,0.127913,0.070598,0.113191,-0.002032,-0.37225,0.348365,0.226815,0.156976,0.007151,0.036756,-0.047421,-0.265539,-0.060874,0.124107,0.194498,-0.444316,0.232334,-0.171212,0.202071,-0.497287,-0.007268,0.337769,-0.302263,0.529485,-0.090371,-0.04035,-0.075136,-0.297766,0.156706,0.058072,0.154276,0.528196,-0.244249,-0.087281,-0.295546,0.112401,-0.408243,0.108407,0.438964,-0.041972,-0.163661,0.284723,0.145403,0.099482,-0.433544,0.318772,0.122139,-0.088273,0.242637,-0.134904,-0.079607,-0.020227,-0.085257
2162,"Hongou, Mitsuru",staff_8366,-0.195331,-0.357417,-0.341945,0.003286,0.332426,-0.071674,0.514833,-0.313395,0.297963,-0.128772,0.660937,1.116204,0.705096,-0.098642,-0.902049,-0.519597,-0.044595,0.889043,-0.178613,0.130917,0.433163,0.35388,0.066982,0.332766,0.393318,-0.281473,0.114019,0.303725,0.290829,-0.32078,0.358659,-0.502779,0.272764,0.282471,-0.297969,0.545437,-0.239959,-0.274469,-0.086978,0.204438,-1.220102,-0.134402,-0.296583,-0.042463,-0.066496,-0.216666,-0.062351,-0.746767,0.676218,-0.727752,0.49509,-0.091289,-0.277765,-0.432788,-0.533481,-0.41274,-0.223558,-0.001728,-0.537475,0.230035,-0.030565,0.413199,-0.016775,-0.106939
2163,"Ogawa, Kouji",staff_47645,-0.104336,-0.435416,-0.31874,0.016584,0.385442,-0.044435,0.539217,-0.342318,0.27246,-0.15052,0.600717,1.137956,0.601222,-0.100455,-0.987957,-0.574658,-0.037764,0.814619,-0.106882,0.076117,0.407676,0.323875,0.110257,0.347161,0.409124,-0.196062,0.042986,0.417731,0.244784,-0.36552,0.341129,-0.455244,0.28618,0.304514,-0.26194,0.479019,-0.295514,-0.258271,-0.022361,0.169424,-1.15854,-0.101232,-0.252462,-0.072041,-0.039555,-0.210903,-0.070144,-0.737005,0.696526,-0.748635,0.464385,-0.172003,-0.210978,-0.389541,-0.600213,-0.471559,-0.163149,-0.045111,-0.537587,0.237332,-0.079006,0.456895,-0.072032,-0.173778
2164,"Tamura, Nao",staff_21243,0.102158,-0.10862,0.018574,-0.231035,0.044332,0.145834,0.167091,-0.181017,0.200697,0.097888,-0.053834,0.077439,0.131969,-0.052017,-0.027596,-0.339086,0.198876,-0.007469,0.10651,-0.003746,0.200502,-0.003156,-0.156965,-0.201879,0.121919,0.259946,-0.478025,0.173706,-0.22432,0.216018,-0.384518,0.07204,0.24689,-0.376999,0.366736,-0.206674,0.081439,0.079176,-0.182504,0.108608,0.168485,0.045431,0.30197,-0.284882,0.031833,-0.33352,0.01237,-0.293239,0.100183,0.170123,-0.147067,-0.03492,0.114714,0.310875,-0.016632,-0.293406,0.196968,0.14526,-0.165229,0.254226,-0.240982,0.005377,0.067295,-0.189895
2165,"Morishita, Yukiko",staff_27495,0.104845,-0.101171,0.009432,-0.223516,0.048813,0.140612,0.162413,-0.177003,0.195675,0.091652,-0.051281,0.07427,0.131478,-0.048,-0.037352,-0.331788,0.201917,-0.012328,0.099971,-0.007285,0.192597,-0.010279,-0.150565,-0.204445,0.11563,0.256419,-0.47616,0.181034,-0.226455,0.213824,-0.382563,0.074467,0.250737,-0.369317,0.369472,-0.199969,0.078187,0.081131,-0.18117,0.100304,0.162911,0.044182,0.300961,-0.285772,0.030481,-0.331355,0.005707,-0.285724,0.095413,0.178899,-0.153317,-0.035584,0.115102,0.312272,-0.015418,-0.295335,0.200925,0.135218,-0.170549,0.253988,-0.243113,0.010623,0.061556,-0.187308
2166,"Yamashita, Yurie",staff_7571,0.123616,-0.157065,0.083813,-0.291092,-0.005841,0.256886,0.143897,-0.163705,0.237555,0.17748,-0.142905,0.107454,0.081582,-0.011798,0.035161,-0.381072,0.234135,0.037803,0.121835,0.002125,0.217805,0.077296,-0.265577,-0.175734,0.191912,0.280812,-0.49823,0.169949,-0.205783,0.279146,-0.396864,0.039196,0.266562,-0.366565,0.360658,-0.178697,0.125666,0.007941,-0.12797,0.156453,0.184301,0.022366,0.342611,-0.270563,0.045382,-0.321361,0.029659,-0.300663,0.062934,0.2309,-0.111519,-0.041025,0.136618,0.272144,-0.007681,-0.317435,0.150302,0.181626,-0.194556,0.174322,-0.18899,-0.019681,0.0242,-0.198997
2167,"Yamazaki, Takumi",staff_346,0.143646,-0.137736,0.092855,-0.314833,-0.025565,0.264421,0.134426,-0.150821,0.230078,0.188198,-0.145773,0.131637,0.063863,0.020958,0.062915,-0.384082,0.236427,0.039047,0.084314,0.017859,0.193457,0.041198,-0.235886,-0.198922,0.18003,0.256263,-0.468218,0.211623,-0.203231,0.313194,-0.395716,0.056599,0.277082,-0.321514,0.359198,-0.133541,0.131051,-0.011209,-0.128236,0.167521,0.131574,0.028669,0.341291,-0.30666,0.006339,-0.328948,0.027703,-0.278907,0.061001,0.269718,-0.153902,-0.01802,0.15481,0.279205,0.011383,-0.331913,0.1431,0.180514,-0.211684,0.180206,-0.174304,-0.049539,0.013821,-0.150102
2168,"Kaneko, Yuuki",staff_19854,0.123616,-0.157065,0.083813,-0.291092,-0.005841,0.256886,0.143897,-0.163705,0.237555,0.17748,-0.142905,0.107454,0.081582,-0.011798,0.035161,-0.381072,0.234135,0.037803,0.121835,0.002125,0.217805,0.077296,-0.265577,-0.175734,0.191912,0.280812,-0.49823,0.169949,-0.205783,0.279146,-0.396864,0.039196,0.266562,-0.366565,0.360658,-0.178697,0.125666,0.007941,-0.12797,0.156453,0.184301,0.022366,0.342611,-0.270563,0.045382,-0.321361,0.029659,-0.300663,0.062934,0.2309,-0.111519,-0.041025,0.136618,0.272144,-0.007681,-0.317435,0.150302,0.181626,-0.194556,0.174322,-0.18899,-0.019681,0.0242,-0.198997
2169,"Kyouda, Tomoki",staff_5405,-0.177705,-0.399912,-0.364446,-0.025721,0.384982,-0.035605,0.539663,-0.298081,0.283718,-0.167678,0.686628,1.105286,0.71185,-0.137858,-0.8999,-0.537696,0.055464,0.815259,-0.151642,0.112862,0.395782,0.313186,0.069896,0.349391,0.397895,-0.280396,0.123141,0.343938,0.293341,-0.419387,0.35973,-0.484394,0.31135,0.268122,-0.29892,0.553925,-0.232634,-0.283091,-0.032158,0.217145,-1.2465,-0.17632,-0.287177,-0.05773,-0.077657,-0.248208,0.000888,-0.762018,0.610654,-0.747656,0.550496,-0.100552,-0.261014,-0.44375,-0.593285,-0.478686,-0.214673,-0.036689,-0.57628,0.192296,-0.08014,0.444761,-0.048848,-0.161099
2170,"Utsunomiya, Satoru",staff_6489,-0.177705,-0.399912,-0.364446,-0.025721,0.384982,-0.035605,0.539663,-0.298081,0.283718,-0.167678,0.686628,1.105286,0.71185,-0.137858,-0.8999,-0.537696,0.055464,0.815259,-0.151642,0.112862,0.395782,0.313186,0.069896,0.349391,0.397895,-0.280396,0.123141,0.343938,0.293341,-0.419387,0.35973,-0.484394,0.31135,0.268122,-0.29892,0.553925,-0.232634,-0.283091,-0.032158,0.217145,-1.2465,-0.17632,-0.287177,-0.05773,-0.077657,-0.248208,0.000888,-0.762018,0.610654,-0.747656,0.550496,-0.100552,-0.261014,-0.44375,-0.593285,-0.478686,-0.214673,-0.036689,-0.57628,0.192296,-0.08014,0.444761,-0.048848,-0.161099
2171,"Neya, Michiko",staff_176,0.108447,-0.121049,0.105736,-0.321938,-0.042269,0.2674,0.15759,-0.177783,0.275535,0.165122,-0.13916,0.122436,0.101571,0.013176,0.050274,-0.370019,0.24843,0.050132,0.113303,0.034774,0.247113,0.046774,-0.234379,-0.187143,0.20715,0.265143,-0.452805,0.183969,-0.225356,0.30093,-0.414565,0.03981,0.246002,-0.342356,0.358777,-0.160047,0.139498,0.011378,-0.10306,0.139601,0.173669,0.047508,0.322823,-0.276537,0.003,-0.345771,0.029076,-0.297513,0.083779,0.251265,-0.116588,0.012942,0.177936,0.267148,-0.00929,-0.311702,0.17544,0.217428,-0.205094,0.195458,-0.178909,-0.065775,0.046258,-0.177428
2172,"Kaida, Yuuko",staff_428,0.102138,-0.073877,0.111982,-0.328614,-0.053017,0.200128,0.221041,-0.091624,0.25907,0.090652,-0.176019,0.082414,0.086385,0.033907,0.105137,-0.45682,0.287436,0.120019,0.129155,0.035065,0.191333,-0.014092,-0.240255,-0.108338,0.149548,0.261152,-0.4666,0.130259,-0.158972,0.20742,-0.446633,-0.006898,0.300385,-0.368665,0.421181,-0.182692,0.033978,-0.003852,-0.179111,0.110756,0.091494,0.078442,0.384826,-0.281748,-0.040475,-0.320326,0.066332,-0.282255,0.130969,0.256467,-0.150714,-0.099645,0.251566,0.282712,0.064066,-0.381149,0.212236,0.168724,-0.152227,0.243749,-0.139362,-0.084952,0.052121,-0.142102
2173,"Kashiyama, Nanami",staff_12799,0.173644,0.014651,0.222074,-0.386074,-0.197583,0.135267,0.273452,0.125838,0.193562,-0.027942,-0.300512,0.042512,0.069583,0.264448,0.262779,-0.682316,0.352502,0.342651,0.113355,0.053138,0.034689,-0.164046,-0.318924,0.091634,0.146196,0.293129,-0.499433,0.142548,-0.001352,0.097869,-0.460872,-0.112423,0.392983,-0.313162,0.60631,-0.093322,-0.128576,-0.145225,-0.245592,0.056683,-0.12171,0.118711,0.545614,-0.334143,-0.172566,-0.238337,0.103075,-0.220443,0.230653,0.407522,-0.298669,-0.215091,0.435053,0.236075,0.25972,-0.576187,0.326853,0.093586,-0.108387,0.249161,0.024584,-0.168421,-0.029697,-0.038423
2175,"Iwanaga, Akira",staff_8931,-0.23021,-0.271257,-0.378964,-0.077563,0.32374,-0.135732,0.436237,-0.241327,0.347622,-0.206404,0.740003,1.081519,0.765299,-0.176402,-0.801236,-0.489486,0.074708,0.851852,-0.228162,0.139157,0.372679,0.301796,0.062848,0.318411,0.368346,-0.33103,0.286743,0.26743,0.398141,-0.388897,0.375182,-0.579445,0.245406,0.246586,-0.29902,0.69499,-0.159319,-0.343021,-0.125979,0.261448,-1.240581,-0.142259,-0.323179,-0.056188,-0.100032,-0.226792,0.024506,-0.792731,0.618835,-0.726464,0.53263,-0.10296,-0.349379,-0.461296,-0.599159,-0.416845,-0.240716,0.023172,-0.524187,0.215928,-0.027575,0.47731,-0.014981,-0.113691
2176,"Kujou, Rion",staff_7004,-0.202969,-0.326636,-0.363483,0.029391,0.323274,-0.055853,0.497877,-0.316125,0.297793,-0.109,0.66349,1.124682,0.716492,-0.080736,-0.891957,-0.520993,-0.07376,0.888187,-0.204604,0.155746,0.455001,0.331984,0.066367,0.335598,0.386145,-0.29298,0.103238,0.285808,0.284231,-0.301747,0.347948,-0.497592,0.257718,0.273669,-0.317961,0.547085,-0.245313,-0.238185,-0.086564,0.175202,-1.207788,-0.121461,-0.32123,-0.020967,-0.05097,-0.222068,-0.098859,-0.774562,0.685661,-0.731427,0.459458,-0.094551,-0.25748,-0.420095,-0.504765,-0.408853,-0.242458,0.016305,-0.501572,0.224991,-0.006458,0.391156,-0.035717,-0.104167
2178,"Kitakubo, Hiroyuki",staff_5654,-0.228045,-0.356824,-0.244682,0.095081,0.304511,-0.059461,0.470183,-0.307271,0.296587,-0.193457,0.572263,1.111547,0.688236,-0.135047,-1.023048,-0.506117,0.005193,0.895425,-0.14901,0.031746,0.375354,0.371212,0.074801,0.27229,0.461659,-0.21097,0.115744,0.310657,0.247485,-0.317943,0.391845,-0.39201,0.265775,0.173629,-0.23707,0.474901,-0.368284,-0.318085,-0.129107,0.207152,-1.247874,-0.086129,-0.143781,-0.185737,-0.136889,-0.255046,0.02351,-0.664586,0.558099,-0.722645,0.548725,-0.08548,-0.3916,-0.458283,-0.588768,-0.417804,-0.09201,0.072046,-0.612758,0.312259,-0.094944,0.310778,-0.02892,-0.123127
2179,"Fujita, Mami",staff_19886,0.074954,-0.108676,-0.00302,-0.297454,0.046917,0.25907,0.22021,-0.214219,0.184108,0.086412,-0.103462,0.054447,0.179024,-0.031964,0.047966,-0.267748,0.217177,-0.011149,0.124429,-0.002209,0.289028,-0.00917,-0.209179,-0.131554,0.184408,0.343058,-0.478191,0.138814,-0.232289,0.292118,-0.438634,0.052963,0.295861,-0.279549,0.415752,-0.220775,0.102165,0.025465,-0.072509,0.033077,0.169429,0.007584,0.368339,-0.301289,0.017745,-0.402083,-0.02449,-0.232422,0.093474,0.274012,-0.093534,0.051762,0.174087,0.315599,-0.051066,-0.302992,0.272207,0.114673,-0.241968,0.223625,-0.236545,-0.053481,0.113725,-0.258256
2180,"Kubooka, Toshiyuki",staff_12701,-0.170182,-0.367057,-0.332138,-0.004026,0.347292,-0.080103,0.513092,-0.318634,0.3031,-0.143744,0.645819,1.099767,0.679219,-0.122863,-0.918786,-0.530424,-0.035932,0.871817,-0.159372,0.11392,0.4132,0.357132,0.07292,0.334806,0.392384,-0.260032,0.106316,0.337139,0.286796,-0.325741,0.375335,-0.499246,0.28252,0.286167,-0.288732,0.546256,-0.244498,-0.280126,-0.077188,0.203534,-1.204384,-0.124954,-0.290251,-0.055909,-0.075697,-0.215271,-0.043244,-0.732251,0.691188,-0.727428,0.492111,-0.11208,-0.263595,-0.441658,-0.552154,-0.415636,-0.205993,-0.008505,-0.545877,0.235522,-0.03212,0.432434,-0.022831,-0.103039
2181,"Hirose, Suzu",staff_37583,0.143008,-0.136493,0.124851,-0.34562,-0.032638,0.349567,0.091748,-0.153811,0.300717,0.181115,-0.236447,0.173661,0.043296,0.045864,0.062739,-0.321721,0.299177,0.07088,0.103269,0.006267,0.18052,0.073433,-0.278864,-0.216223,0.187756,0.212285,-0.456837,0.23559,-0.253462,0.388947,-0.445685,0.046835,0.288473,-0.232235,0.355881,-0.054835,0.141834,-0.030115,-0.104511,0.178429,0.130568,0.041226,0.365068,-0.248465,-0.002918,-0.35581,0.006716,-0.311969,-0.008696,0.396043,-0.093165,-0.027775,0.219313,0.249385,0.023326,-0.363163,0.158448,0.221462,-0.268007,0.160328,-0.148336,-0.07091,-0.030427,-0.14922
2182,"Yakusho, Kouji",staff_37581,0.143008,-0.136493,0.124851,-0.34562,-0.032638,0.349567,0.091748,-0.153811,0.300717,0.181115,-0.236447,0.173661,0.043296,0.045864,0.062739,-0.321721,0.299177,0.07088,0.103269,0.006267,0.18052,0.073433,-0.278864,-0.216223,0.187756,0.212285,-0.456837,0.23559,-0.253462,0.388947,-0.445685,0.046835,0.288473,-0.232235,0.355881,-0.054835,0.141834,-0.030115,-0.104511,0.178429,0.130568,0.041226,0.365068,-0.248465,-0.002918,-0.35581,0.006716,-0.311969,-0.008696,0.396043,-0.093165,-0.027775,0.219313,0.249385,0.023326,-0.363163,0.158448,0.221462,-0.268007,0.160328,-0.148336,-0.07091,-0.030427,-0.14922
2183,"Sometani, Shouta",staff_37582,0.143008,-0.136493,0.124851,-0.34562,-0.032638,0.349567,0.091748,-0.153811,0.300717,0.181115,-0.236447,0.173661,0.043296,0.045864,0.062739,-0.321721,0.299177,0.07088,0.103269,0.006267,0.18052,0.073433,-0.278864,-0.216223,0.187756,0.212285,-0.456837,0.23559,-0.253462,0.388947,-0.445685,0.046835,0.288473,-0.232235,0.355881,-0.054835,0.141834,-0.030115,-0.104511,0.178429,0.130568,0.041226,0.365068,-0.248465,-0.002918,-0.35581,0.006716,-0.311969,-0.008696,0.396043,-0.093165,-0.027775,0.219313,0.249385,0.023326,-0.363163,0.158448,0.221462,-0.268007,0.160328,-0.148336,-0.07091,-0.030427,-0.14922
2185,"Suganuma, Fumihiko",staff_38677,-0.099814,-0.427471,-0.313719,0.010933,0.389328,-0.051213,0.531572,-0.342242,0.276095,-0.157449,0.599438,1.134386,0.597585,-0.101856,-0.98832,-0.57547,-0.043858,0.821608,-0.111989,0.076628,0.407165,0.330801,0.113237,0.347211,0.41012,-0.190718,0.046551,0.422485,0.250678,-0.356135,0.341139,-0.461782,0.278152,0.308728,-0.264232,0.483777,-0.296543,-0.25858,-0.024599,0.168353,-1.154217,-0.093678,-0.254349,-0.074684,-0.037,-0.202804,-0.071587,-0.731601,0.70477,-0.745409,0.462283,-0.174821,-0.212952,-0.394543,-0.606204,-0.462806,-0.155484,-0.042347,-0.535722,0.24615,-0.072116,0.460837,-0.070381,-0.164824
2186,"Koiwai, Kotori",staff_14131,-0.023143,-0.032144,0.082916,-0.156495,-0.011798,0.068318,0.255692,-0.002038,0.260604,0.009642,-0.190241,0.047455,0.182047,0.093535,-0.06204,-0.42527,0.353776,0.136776,0.155546,0.002189,0.157046,-0.072569,-0.212652,-0.049146,0.035626,0.238152,-0.47198,0.11938,-0.13078,0.068391,-0.427675,0.04967,0.270958,-0.406211,0.450086,-0.227496,-0.032181,-0.059042,-0.316299,0.141264,0.020494,0.11833,0.49975,-0.242796,-0.139563,-0.249139,0.160286,-0.403248,0.128352,0.317737,-0.070061,-0.069543,0.233568,0.197328,0.057406,-0.436547,0.354514,0.034912,-0.041912,0.306324,-0.228121,-0.099811,0.150585,-0.144588
2187,"Sakamoto, Azuma",staff_8716,0.106033,-0.100989,0.011646,-0.224349,0.049042,0.139448,0.163076,-0.177608,0.196408,0.091598,-0.050198,0.074254,0.134158,-0.044655,-0.033508,-0.332331,0.202351,-0.011627,0.097684,-0.006948,0.192821,-0.00841,-0.149908,-0.206701,0.113843,0.256336,-0.479559,0.180387,-0.224643,0.213428,-0.384869,0.073203,0.251181,-0.367796,0.369555,-0.201661,0.079061,0.080906,-0.182467,0.099722,0.164532,0.045662,0.301069,-0.283214,0.029547,-0.33204,0.004805,-0.28799,0.094728,0.176803,-0.153108,-0.035019,0.118119,0.313754,-0.01456,-0.295018,0.201513,0.137771,-0.171156,0.256399,-0.242881,0.009074,0.064534,-0.188038
2188,"Ootsuka, Masahiko",staff_9522,-0.252977,-0.318241,-0.333884,0.009646,0.300173,-0.093922,0.496259,-0.282522,0.326401,-0.123106,0.684268,1.118801,0.752826,-0.090298,-0.888518,-0.479145,-0.028179,0.919178,-0.223586,0.134755,0.420531,0.356453,0.036692,0.305332,0.40178,-0.315133,0.149405,0.247156,0.285562,-0.299662,0.362756,-0.504646,0.260654,0.256022,-0.311565,0.573907,-0.227758,-0.285262,-0.121828,0.224282,-1.252407,-0.152299,-0.300586,-0.058023,-0.085873,-0.227205,-0.049744,-0.722856,0.652199,-0.707254,0.526381,-0.066544,-0.324924,-0.46185,-0.512614,-0.374727,-0.228797,0.033413,-0.546654,0.245196,-0.027296,0.37459,-0.002857,-0.080024
2189,"Takahashi, Masanori",staff_33791,-0.252977,-0.318241,-0.333884,0.009646,0.300173,-0.093922,0.496259,-0.282522,0.326401,-0.123106,0.684268,1.118801,0.752826,-0.090298,-0.888518,-0.479145,-0.028179,0.919178,-0.223586,0.134755,0.420531,0.356453,0.036692,0.305332,0.40178,-0.315133,0.149405,0.247156,0.285562,-0.299662,0.362756,-0.504646,0.260654,0.256022,-0.311565,0.573907,-0.227758,-0.285262,-0.121828,0.224282,-1.252407,-0.152299,-0.300586,-0.058023,-0.085873,-0.227205,-0.049744,-0.722856,0.652199,-0.707254,0.526381,-0.066544,-0.324924,-0.46185,-0.512614,-0.374727,-0.228797,0.033413,-0.546654,0.245196,-0.027296,0.37459,-0.002857,-0.080024
2191,"Akai, Toshifumi",staff_15949,-0.143211,-0.356071,-0.400154,-0.06275,0.362873,-0.087123,0.494991,-0.300935,0.304179,-0.168904,0.671526,1.1167,0.705489,-0.166038,-0.916089,-0.522044,0.068552,0.799099,-0.144588,0.126999,0.372086,0.307046,0.104465,0.32864,0.375324,-0.251688,0.207158,0.299784,0.325624,-0.409979,0.375414,-0.510954,0.292635,0.266707,-0.301355,0.573536,-0.236589,-0.293143,-0.057503,0.221072,-1.268428,-0.082212,-0.227364,-0.080927,-0.131401,-0.251278,-0.03838,-0.782757,0.602413,-0.72674,0.509707,-0.118347,-0.307104,-0.459249,-0.622496,-0.448151,-0.177504,-0.018548,-0.5264,0.218091,-0.050828,0.438883,-0.056403,-0.131736
2192,"Yamasaki, Osamu",staff_6617,-0.271702,-0.396863,-0.328646,0.055649,0.336579,-0.055421,0.523097,-0.358188,0.31386,-0.147101,0.634982,1.102207,0.691949,-0.06645,-1.013672,-0.510264,0.007536,0.907874,-0.16385,0.098388,0.409003,0.382555,0.061984,0.269748,0.42748,-0.20994,0.105108,0.233554,0.236995,-0.330665,0.390236,-0.449095,0.276577,0.242753,-0.266382,0.424577,-0.359077,-0.269348,-0.114899,0.220429,-1.292726,-0.091155,-0.167155,-0.122058,-0.119044,-0.268008,-0.007774,-0.776702,0.617158,-0.753372,0.502305,-0.066152,-0.355038,-0.380546,-0.590596,-0.43836,-0.173891,0.047433,-0.552379,0.302651,-0.084303,0.320295,-0.063015,-0.098676
2193,"Sakamoto, Takashi",staff_16231,-0.10481,-0.432077,-0.305749,0.049998,0.369764,-0.0219,0.534105,-0.328787,0.259449,-0.149403,0.544972,1.135166,0.626393,-0.098089,-1.046095,-0.548795,-0.042429,0.846842,-0.105136,0.078852,0.424548,0.344873,0.145885,0.323085,0.456489,-0.162756,0.062777,0.384141,0.222223,-0.380722,0.351537,-0.381572,0.295004,0.266564,-0.266788,0.431816,-0.362342,-0.263055,-0.025739,0.135483,-1.211257,-0.041604,-0.153198,-0.128684,-0.103696,-0.252969,-0.07221,-0.706449,0.609736,-0.734937,0.474981,-0.117696,-0.287578,-0.42206,-0.618923,-0.44154,-0.110301,0.000621,-0.571603,0.270144,-0.085871,0.363833,-0.093217,-0.167415
2195,"Kimura, Nobukage",staff_52327,-0.21235,-0.355405,-0.329111,-0.041198,0.323863,-0.110255,0.513863,-0.301821,0.309602,-0.145644,0.678259,1.079685,0.729817,-0.128947,-0.87331,-0.500448,-0.02332,0.918988,-0.179219,0.128697,0.419797,0.401082,0.054005,0.330868,0.388255,-0.293319,0.160717,0.280568,0.326458,-0.314572,0.389116,-0.540694,0.279571,0.290926,-0.289066,0.583436,-0.200307,-0.326732,-0.117549,0.250142,-1.248817,-0.153029,-0.292209,-0.049491,-0.106492,-0.205328,-0.011928,-0.722457,0.673719,-0.714277,0.536831,-0.056873,-0.31839,-0.472949,-0.539833,-0.385522,-0.231211,0.000116,-0.577141,0.22672,-0.023053,0.429913,0.02682,-0.068821
2196,"Harada, Sayaka",staff_42204,0.08199,-0.063661,0.040728,-0.266596,0.014451,0.264059,0.167946,-0.20647,0.25844,0.125569,-0.138049,0.090897,0.171737,0.029663,-0.017316,-0.255044,0.281358,-0.000529,0.105284,0.026509,0.283057,0.030077,-0.183435,-0.1772,0.168834,0.282394,-0.424293,0.183787,-0.26889,0.30169,-0.449494,0.042316,0.277137,-0.31199,0.376538,-0.155879,0.152646,0.001844,-0.064372,0.049007,0.196503,0.023057,0.342034,-0.241706,-0.016373,-0.378453,-0.012535,-0.288448,0.058988,0.296707,-0.068735,0.066857,0.196518,0.273105,-0.049479,-0.305564,0.26016,0.164139,-0.252469,0.19972,-0.211419,-0.060049,0.080645,-0.217239
2197,"Nishiguchi, Arisa",staff_17549,0.068618,-0.114922,-0.018809,-0.277895,0.07007,0.250117,0.208193,-0.209735,0.175375,0.099895,-0.099628,0.059457,0.16889,-0.042522,0.028143,-0.25762,0.222435,-0.024859,0.118127,-0.002678,0.269813,-0.004815,-0.198895,-0.144457,0.161666,0.333003,-0.473114,0.150937,-0.233819,0.294412,-0.436871,0.064926,0.308047,-0.294297,0.401901,-0.223725,0.10625,0.016076,-0.095556,0.044228,0.176887,-0.004749,0.375271,-0.304792,0.023184,-0.398848,-0.012236,-0.242513,0.084201,0.267062,-0.083251,0.035334,0.15183,0.314123,-0.059009,-0.296487,0.258959,0.095976,-0.23403,0.220341,-0.249934,-0.042165,0.108385,-0.248429
2198,"Molina, Daniela",staff_58691,-0.027443,0.014635,0.043974,-0.196527,0.053757,0.097206,0.227817,-0.016742,0.271219,0.069162,-0.200598,0.066889,0.103832,0.015637,-0.050881,-0.321176,0.380649,0.0937,0.115426,-0.023786,0.202427,-0.019678,-0.148784,-0.144833,0.023291,0.238519,-0.415603,0.118545,-0.138705,0.090252,-0.493509,-0.01028,0.330126,-0.424474,0.441172,-0.232297,-0.071551,-0.005727,-0.24245,0.1313,0.071689,0.152318,0.440901,-0.237755,-0.140649,-0.265364,0.094146,-0.339909,0.064857,0.279101,-0.056196,-0.123171,0.240889,0.262572,0.074486,-0.388056,0.267803,0.047023,-0.071534,0.325696,-0.268935,-0.038416,0.097562,-0.079868
2199,"Ogasawara, Arisa",staff_802,0.112355,-0.133573,0.100697,-0.301675,-0.021351,0.27641,0.134076,-0.170371,0.267243,0.172011,-0.159998,0.122661,0.093208,0.012896,0.028973,-0.351514,0.255387,0.049421,0.11906,0.015506,0.229132,0.072547,-0.25174,-0.1849,0.202446,0.267636,-0.466403,0.190496,-0.227489,0.304405,-0.418035,0.033767,0.261171,-0.341049,0.362367,-0.152384,0.13868,0.000944,-0.106544,0.143455,0.192351,0.034992,0.340471,-0.258004,0.02026,-0.336286,0.022485,-0.310475,0.057911,0.265745,-0.095952,-0.010414,0.165121,0.255258,-0.01046,-0.313642,0.169304,0.203992,-0.209389,0.174752,-0.183603,-0.040859,0.019362,-0.185795
2200,"Wada, Junichi",staff_35957,-0.256293,-0.29309,-0.358343,0.017996,0.295286,-0.083744,0.488253,-0.289938,0.324588,-0.11061,0.69425,1.108954,0.76799,-0.095952,-0.860128,-0.482409,-0.050558,0.923709,-0.235438,0.162233,0.438617,0.351608,0.033687,0.313947,0.38365,-0.33727,0.14739,0.235018,0.299672,-0.287456,0.369777,-0.514324,0.26254,0.254172,-0.329151,0.587442,-0.220083,-0.263496,-0.123836,0.209782,-1.251027,-0.147983,-0.329175,-0.031567,-0.081316,-0.232169,-0.064392,-0.750414,0.665785,-0.712024,0.500724,-0.057513,-0.308892,-0.458584,-0.483471,-0.372079,-0.256069,0.039304,-0.525408,0.232494,0.001241,0.371337,0.000217,-0.067167
2201,"Arai, Ryouhei",staff_17661,0.024028,-0.077042,0.015227,-0.311098,0.035546,0.299717,0.229464,-0.208552,0.231672,0.090437,-0.147014,0.08389,0.171322,-0.00626,0.050409,-0.237953,0.265657,0.009523,0.122916,0.040526,0.287477,-0.027729,-0.192323,-0.121066,0.181594,0.311606,-0.412654,0.164043,-0.248255,0.333826,-0.480862,0.056064,0.316346,-0.269901,0.418957,-0.201384,0.117607,-0.01994,-0.080073,0.033732,0.161091,0.022132,0.406776,-0.304074,-0.03055,-0.430182,0.019398,-0.258255,0.104819,0.331528,-0.045391,0.067187,0.212302,0.279339,-0.062169,-0.306328,0.300789,0.118112,-0.237015,0.224436,-0.227342,-0.104499,0.126169,-0.22349
2202,Machico,staff_36141,0.024028,-0.077042,0.015227,-0.311098,0.035546,0.299717,0.229464,-0.208552,0.231672,0.090437,-0.147014,0.08389,0.171322,-0.00626,0.050409,-0.237953,0.265657,0.009523,0.122916,0.040526,0.287477,-0.027729,-0.192323,-0.121066,0.181594,0.311606,-0.412654,0.164043,-0.248255,0.333826,-0.480862,0.056064,0.316346,-0.269901,0.418957,-0.201384,0.117607,-0.01994,-0.080073,0.033732,0.161091,0.022132,0.406776,-0.304074,-0.03055,-0.430182,0.019398,-0.258255,0.104819,0.331528,-0.045391,0.067187,0.212302,0.279339,-0.062169,-0.306328,0.300789,0.118112,-0.237015,0.224436,-0.227342,-0.104499,0.126169,-0.22349
2203,"Uehara, Akari",staff_42513,0.024028,-0.077042,0.015227,-0.311098,0.035546,0.299717,0.229464,-0.208552,0.231672,0.090437,-0.147014,0.08389,0.171322,-0.00626,0.050409,-0.237953,0.265657,0.009523,0.122916,0.040526,0.287477,-0.027729,-0.192323,-0.121066,0.181594,0.311606,-0.412654,0.164043,-0.248255,0.333826,-0.480862,0.056064,0.316346,-0.269901,0.418957,-0.201384,0.117607,-0.01994,-0.080073,0.033732,0.161091,0.022132,0.406776,-0.304074,-0.03055,-0.430182,0.019398,-0.258255,0.104819,0.331528,-0.045391,0.067187,0.212302,0.279339,-0.062169,-0.306328,0.300789,0.118112,-0.237015,0.224436,-0.227342,-0.104499,0.126169,-0.22349
2204,"Andou, Ryou",staff_42112,-0.18887,-0.374219,-0.233376,0.144586,0.316337,-0.020457,0.457922,-0.334929,0.262554,-0.198289,0.524231,1.121057,0.654825,-0.128871,-1.068579,-0.54174,-0.02509,0.875282,-0.121919,0.022129,0.396558,0.362541,0.112267,0.287143,0.474439,-0.161054,0.076678,0.344141,0.23503,-0.316931,0.387709,-0.354401,0.255123,0.160777,-0.221553,0.413009,-0.43307,-0.29892,-0.108224,0.164397,-1.221114,-0.042084,-0.104672,-0.197381,-0.130443,-0.255204,0.007313,-0.692016,0.541267,-0.747909,0.512448,-0.098968,-0.378955,-0.419402,-0.604124,-0.451812,-0.060187,0.075451,-0.599667,0.316772,-0.103878,0.285238,-0.059109,-0.152351
2205,"Natsukawa, Shiina",staff_23405,-0.029798,-0.068521,0.081507,-0.153091,-0.018957,0.078291,0.232845,-0.014612,0.267449,0.039239,-0.183427,0.050006,0.206601,0.080575,-0.088494,-0.40149,0.347562,0.119268,0.169903,-0.033742,0.211088,-0.039021,-0.229468,-0.063473,0.041241,0.252761,-0.495916,0.101802,-0.136287,0.084682,-0.396489,0.075304,0.223944,-0.383485,0.409374,-0.239654,-0.014207,-0.042071,-0.284844,0.162574,0.033629,0.105836,0.486231,-0.219266,-0.136762,-0.238285,0.141641,-0.412137,0.076752,0.331075,-0.060689,-0.020434,0.207187,0.188739,0.037001,-0.431632,0.353306,0.041413,-0.052708,0.293885,-0.267392,-0.085527,0.16135,-0.171717
2206,"Shinoda, Minami",staff_40399,0.037906,-0.084423,0.046424,-0.18702,0.013799,0.109836,0.198202,-0.09686,0.232605,0.065177,-0.118729,0.062386,0.16924,0.016165,-0.061575,-0.367057,0.274265,0.052869,0.134049,-0.021175,0.202625,-0.021876,-0.188639,-0.134559,0.077997,0.25343,-0.48485,0.141712,-0.181608,0.14867,-0.389905,0.074473,0.236704,-0.374716,0.388085,-0.218337,0.033098,0.020029,-0.233248,0.130799,0.097756,0.075968,0.394692,-0.250508,-0.055756,-0.28612,0.073257,-0.349376,0.085003,0.253147,-0.107942,-0.028045,0.16276,0.249687,0.01173,-0.36342,0.274968,0.089742,-0.111366,0.273171,-0.255735,-0.038505,0.112311,-0.180099
2207,"Chiba, Saeko",staff_135,0.091077,-0.112311,0.016403,-0.211952,0.04207,0.129125,0.166428,-0.16328,0.201347,0.093068,-0.059793,0.071652,0.150969,-0.039961,-0.047928,-0.338161,0.213245,-0.002031,0.112518,-0.024228,0.210569,-0.000579,-0.163056,-0.196868,0.102121,0.262217,-0.495128,0.163991,-0.213668,0.197411,-0.373762,0.083869,0.233594,-0.364357,0.36157,-0.212846,0.069482,0.076975,-0.191485,0.117206,0.153126,0.047734,0.319267,-0.271124,0.0152,-0.316124,0.012895,-0.306541,0.078279,0.193297,-0.143009,-0.020492,0.115682,0.29974,-0.014692,-0.310809,0.214922,0.126133,-0.155783,0.260549,-0.261353,0.005214,0.080452,-0.195212
2209,"Shimizu, Risa",staff_12282,0.178849,-0.189188,0.233352,-0.392224,-0.180241,0.251141,0.132823,0.072929,0.178684,0.002047,-0.305362,0.03969,0.019632,0.14541,0.18657,-0.554269,0.219157,0.333266,0.121462,-0.080058,0.088857,-0.019447,-0.438708,0.046505,0.231785,0.308017,-0.648077,0.1161,-0.07391,0.206667,-0.320288,-0.102496,0.267889,-0.208807,0.572761,-0.051904,-0.114692,-0.006891,-0.171572,0.139328,-0.076825,0.139521,0.495182,-0.255176,-0.029994,-0.245371,0.006121,-0.245937,0.102923,0.464179,-0.299128,-0.19603,0.315651,0.181116,0.208761,-0.560526,0.246401,0.120939,-0.180161,0.186602,-0.012241,-0.027127,-0.108607,-0.126465
2210,"Inoue, Gou",staff_527,0.178849,-0.189188,0.233352,-0.392224,-0.180241,0.251141,0.132823,0.072929,0.178684,0.002047,-0.305362,0.03969,0.019632,0.14541,0.18657,-0.554269,0.219157,0.333266,0.121462,-0.080058,0.088857,-0.019447,-0.438708,0.046505,0.231785,0.308017,-0.648077,0.1161,-0.07391,0.206667,-0.320288,-0.102496,0.267889,-0.208807,0.572761,-0.051904,-0.114692,-0.006891,-0.171572,0.139328,-0.076825,0.139521,0.495182,-0.255176,-0.029994,-0.245371,0.006121,-0.245937,0.102923,0.464179,-0.299128,-0.19603,0.315651,0.181116,0.208761,-0.560526,0.246401,0.120939,-0.180161,0.186602,-0.012241,-0.027127,-0.108607,-0.126465
2211,"Katayama, Fukujuurou",staff_30775,-0.024073,-0.053027,0.086732,-0.164021,-0.02454,0.093931,0.231828,-0.02106,0.275101,0.036902,-0.186501,0.053495,0.199369,0.087881,-0.075129,-0.394979,0.352588,0.118679,0.160126,-0.014909,0.206721,-0.042828,-0.221068,-0.068539,0.051511,0.245933,-0.475824,0.113534,-0.151079,0.099577,-0.413052,0.061781,0.237171,-0.38183,0.417139,-0.22649,-0.001903,-0.049079,-0.270927,0.147827,0.042853,0.107658,0.478587,-0.222721,-0.138464,-0.249302,0.140673,-0.405325,0.087188,0.332199,-0.062252,-0.019462,0.22089,0.191266,0.03777,-0.423363,0.352084,0.054056,-0.06537,0.289349,-0.250236,-0.093336,0.153814,-0.165048
2212,"Nishida, Mitsutaka",staff_33031,-0.024073,-0.053027,0.086732,-0.164021,-0.02454,0.093931,0.231828,-0.02106,0.275101,0.036902,-0.186501,0.053495,0.199369,0.087881,-0.075129,-0.394979,0.352588,0.118679,0.160126,-0.014909,0.206721,-0.042828,-0.221068,-0.068539,0.051511,0.245933,-0.475824,0.113534,-0.151079,0.099577,-0.413052,0.061781,0.237171,-0.38183,0.417139,-0.22649,-0.001903,-0.049079,-0.270927,0.147827,0.042853,0.107658,0.478587,-0.222721,-0.138464,-0.249302,0.140673,-0.405325,0.087188,0.332199,-0.062252,-0.019462,0.22089,0.191266,0.03777,-0.423363,0.352084,0.054056,-0.06537,0.289349,-0.250236,-0.093336,0.153814,-0.165048
2213,"Satomura, Hiroshi",staff_33033,-0.024073,-0.053027,0.086732,-0.164021,-0.02454,0.093931,0.231828,-0.02106,0.275101,0.036902,-0.186501,0.053495,0.199369,0.087881,-0.075129,-0.394979,0.352588,0.118679,0.160126,-0.014909,0.206721,-0.042828,-0.221068,-0.068539,0.051511,0.245933,-0.475824,0.113534,-0.151079,0.099577,-0.413052,0.061781,0.237171,-0.38183,0.417139,-0.22649,-0.001903,-0.049079,-0.270927,0.147827,0.042853,0.107658,0.478587,-0.222721,-0.138464,-0.249302,0.140673,-0.405325,0.087188,0.332199,-0.062252,-0.019462,0.22089,0.191266,0.03777,-0.423363,0.352084,0.054056,-0.06537,0.289349,-0.250236,-0.093336,0.153814,-0.165048
2215,"Misawa, Shin",staff_21923,-0.240053,-0.38023,-0.223067,0.11219,0.309026,-0.057285,0.485532,-0.277839,0.313723,-0.181908,0.581892,1.190122,0.664833,-0.063105,-1.077611,-0.487684,0.0248,0.877497,-0.180063,0.005476,0.350002,0.325603,0.066703,0.241111,0.498937,-0.197781,0.089257,0.322328,0.179318,-0.335174,0.327751,-0.359257,0.237534,0.177357,-0.239556,0.446545,-0.395094,-0.298416,-0.107691,0.199871,-1.236296,-0.101652,-0.130751,-0.214975,-0.085767,-0.252328,-0.026611,-0.629851,0.549121,-0.708745,0.566453,-0.132647,-0.386162,-0.432982,-0.61661,-0.420047,-0.056327,0.065105,-0.600823,0.342829,-0.152,0.300605,-0.070929,-0.176707
2216,"Oonishi, Kenta",staff_51266,-0.196166,-0.341124,-0.345272,-0.002874,0.327557,-0.086921,0.500608,-0.309775,0.30988,-0.130781,0.663336,1.090154,0.714962,-0.122514,-0.888934,-0.513963,-0.043165,0.88727,-0.182837,0.13425,0.42253,0.361539,0.058853,0.331903,0.379362,-0.286227,0.123982,0.297914,0.298539,-0.311263,0.383521,-0.512098,0.276796,0.279449,-0.304711,0.567612,-0.228601,-0.279937,-0.096769,0.208972,-1.217452,-0.133346,-0.306569,-0.041797,-0.087635,-0.219331,-0.042421,-0.74328,0.687823,-0.720856,0.491152,-0.088934,-0.275932,-0.450303,-0.524976,-0.39722,-0.230961,0.007028,-0.539629,0.225916,-0.010743,0.416083,-0.008232,-0.081322
2217,"Aruga, Yukiko",staff_56358,0.013547,-0.15146,-0.059104,-0.34499,0.094225,0.320712,0.273096,-0.24125,0.137428,0.075663,-0.10449,0.047636,0.18327,-0.099184,0.113005,-0.215809,0.185606,-0.032398,0.145324,-0.004966,0.319513,-0.051041,-0.22643,-0.081734,0.204156,0.396515,-0.47612,0.114819,-0.21972,0.358086,-0.460249,0.085247,0.339257,-0.220988,0.439894,-0.279141,0.08534,0.004759,-0.062816,0.017697,0.154795,-0.024006,0.434383,-0.372444,0.025585,-0.471748,-0.009821,-0.184283,0.114487,0.314727,-0.056659,0.071226,0.159916,0.331949,-0.093129,-0.287989,0.301642,0.052047,-0.247403,0.229971,-0.278351,-0.084958,0.162179,-0.290103
2218,"Youmiya, Hina",staff_53824,0.066003,-0.10773,0.006432,-0.245129,0.046152,0.185723,0.192227,-0.17841,0.199981,0.08692,-0.0849,0.069336,0.154104,-0.04284,-0.008681,-0.305661,0.218175,-0.003385,0.117193,-0.009318,0.233423,-0.016957,-0.17605,-0.161625,0.132279,0.286811,-0.470649,0.15815,-0.221369,0.241722,-0.402807,0.076613,0.264687,-0.331609,0.384918,-0.215783,0.078284,0.047188,-0.154984,0.087634,0.149395,0.035935,0.351891,-0.292789,0.003744,-0.357946,0.016177,-0.278427,0.090381,0.232977,-0.117821,-7.9e-05,0.140165,0.298738,-0.030293,-0.307366,0.241049,0.111992,-0.181318,0.246595,-0.254351,-0.025832,0.095946,-0.211708
2219,"Asai, Kiyomi",staff_457,0.081538,-0.165793,0.125288,-0.344367,-0.059989,0.335376,0.110451,-0.152982,0.283575,0.182445,-0.198471,0.124103,0.066668,0.000125,0.042319,-0.325513,0.263723,0.093934,0.108834,0.029784,0.256896,0.08973,-0.2586,-0.15671,0.202564,0.244444,-0.452639,0.177109,-0.249925,0.364479,-0.40083,0.007441,0.2523,-0.328213,0.350438,-0.12436,0.146488,0.005502,-0.092508,0.131123,0.187797,0.044596,0.363877,-0.233603,0.010018,-0.369805,0.039098,-0.31831,0.056477,0.321971,-0.103052,-0.02102,0.178566,0.209478,-0.023623,-0.33585,0.171272,0.208298,-0.221972,0.157622,-0.159316,-0.043597,-0.006252,-0.157121
2220,"Sugishima, Kunihisa",staff_5650,-0.104937,-0.428536,-0.313787,0.009687,0.386557,-0.048138,0.534158,-0.34744,0.273306,-0.156712,0.593601,1.13335,0.596614,-0.103639,-0.990643,-0.577908,-0.044356,0.81632,-0.109553,0.072969,0.410287,0.32906,0.113891,0.344477,0.406477,-0.188462,0.051498,0.417288,0.249876,-0.359073,0.334531,-0.456109,0.277963,0.303777,-0.261668,0.489121,-0.292191,-0.258859,-0.029801,0.169741,-1.155363,-0.095297,-0.251195,-0.073808,-0.037209,-0.205525,-0.071473,-0.729372,0.703548,-0.747011,0.457177,-0.179245,-0.213427,-0.397624,-0.600875,-0.466116,-0.15471,-0.034813,-0.536955,0.244577,-0.072718,0.462372,-0.071843,-0.165645
2221,"Kazama, Shunsuke",staff_628,0.112025,-0.099542,0.015224,-0.224454,0.046222,0.136556,0.165896,-0.178913,0.194228,0.090199,-0.0512,0.074382,0.141201,-0.044368,-0.028867,-0.337566,0.200253,-0.009397,0.098634,-0.005927,0.197015,-0.004239,-0.147313,-0.209825,0.110044,0.255979,-0.48036,0.17806,-0.226498,0.207881,-0.390917,0.069908,0.250975,-0.366673,0.368757,-0.201637,0.080442,0.082711,-0.186381,0.101679,0.167437,0.047885,0.299428,-0.280865,0.029164,-0.332362,0.001834,-0.294589,0.097529,0.173724,-0.155009,-0.027663,0.119727,0.314225,-0.015841,-0.292921,0.200785,0.142333,-0.167722,0.260998,-0.240095,0.003439,0.068663,-0.185798
2222,"Kikuchi, Hidehiro",staff_6136,0.112025,-0.099542,0.015224,-0.224454,0.046222,0.136556,0.165896,-0.178913,0.194228,0.090199,-0.0512,0.074382,0.141201,-0.044368,-0.028867,-0.337566,0.200253,-0.009397,0.098634,-0.005927,0.197015,-0.004239,-0.147313,-0.209825,0.110044,0.255979,-0.48036,0.17806,-0.226498,0.207881,-0.390917,0.069908,0.250975,-0.366673,0.368757,-0.201637,0.080442,0.082711,-0.186381,0.101679,0.167437,0.047885,0.299428,-0.280865,0.029164,-0.332362,0.001834,-0.294589,0.097529,0.173724,-0.155009,-0.027663,0.119727,0.314225,-0.015841,-0.292921,0.200785,0.142333,-0.167722,0.260998,-0.240095,0.003439,0.068663,-0.185798
2223,"Takahashi, Hiroki",staff_64,0.108497,-0.100336,0.01382,-0.223123,0.045451,0.137889,0.16506,-0.177216,0.196466,0.090055,-0.051473,0.073739,0.138901,-0.045054,-0.030174,-0.336363,0.202352,-0.010605,0.097978,-0.007129,0.197243,-0.004318,-0.148838,-0.208481,0.11133,0.255821,-0.480437,0.178494,-0.226491,0.208966,-0.388144,0.070795,0.250095,-0.366275,0.368485,-0.201781,0.080203,0.081412,-0.184251,0.100842,0.166118,0.047512,0.301711,-0.280503,0.027245,-0.331362,0.00383,-0.292495,0.095149,0.175528,-0.155073,-0.029532,0.119639,0.31284,-0.014783,-0.294761,0.201259,0.140064,-0.168492,0.258877,-0.24301,0.004995,0.068371,-0.187772
2224,"Saitou, Maki",staff_12670,0.112025,-0.099542,0.015224,-0.224454,0.046222,0.136556,0.165896,-0.178913,0.194228,0.090199,-0.0512,0.074382,0.141201,-0.044368,-0.028867,-0.337566,0.200253,-0.009397,0.098634,-0.005927,0.197015,-0.004239,-0.147313,-0.209825,0.110044,0.255979,-0.48036,0.17806,-0.226498,0.207881,-0.390917,0.069908,0.250975,-0.366673,0.368757,-0.201637,0.080442,0.082711,-0.186381,0.101679,0.167437,0.047885,0.299428,-0.280865,0.029164,-0.332362,0.001834,-0.294589,0.097529,0.173724,-0.155009,-0.027663,0.119727,0.314225,-0.015841,-0.292921,0.200785,0.142333,-0.167722,0.260998,-0.240095,0.003439,0.068663,-0.185798
2225,"Nagai, Shinpei",staff_11449,-0.238794,-0.322003,-0.315983,0.002189,0.330167,-0.09651,0.423312,-0.239998,0.359239,-0.227306,0.654567,1.154423,0.722112,-0.120469,-0.980471,-0.497267,0.090739,0.819143,-0.191892,0.025262,0.318335,0.302365,0.086947,0.240361,0.449805,-0.236855,0.212896,0.248343,0.288213,-0.398747,0.347136,-0.486242,0.20522,0.206984,-0.251974,0.57005,-0.31332,-0.339884,-0.12917,0.257414,-1.248404,-0.097745,-0.171315,-0.186356,-0.139063,-0.28072,-0.005435,-0.718007,0.551869,-0.713568,0.546312,-0.161806,-0.411631,-0.432479,-0.672257,-0.443418,-0.108962,0.06695,-0.527993,0.301407,-0.127682,0.38945,-0.087936,-0.158627
2226,"Wang, Lihua",staff_61372,-0.206739,-0.366054,-0.346678,0.048469,0.326136,-0.023848,0.517721,-0.31344,0.263952,-0.098428,0.659267,1.210347,0.69863,0.014918,-0.933909,-0.523931,-0.09224,0.906944,-0.220614,0.153926,0.492475,0.321643,0.092162,0.335744,0.433971,-0.266514,0.083819,0.281252,0.260198,-0.310574,0.265046,-0.482154,0.20841,0.287336,-0.305258,0.48295,-0.283152,-0.232655,-0.073618,0.162527,-1.208183,-0.117007,-0.282885,-0.029581,0.009091,-0.196249,-0.168341,-0.779133,0.647804,-0.736874,0.471745,-0.094324,-0.282282,-0.368936,-0.538456,-0.431745,-0.213068,0.001844,-0.490263,0.24521,-0.062361,0.368317,-0.060917,-0.17064
2227,"Hayama, Ikumi",staff_10065,0.070592,-0.087441,-0.001865,-0.265778,0.058538,0.238839,0.210328,-0.188481,0.189068,0.09194,-0.118815,0.058951,0.163802,-0.0111,0.020443,-0.274243,0.246132,-0.006156,0.114101,0.011721,0.249721,-0.008339,-0.196184,-0.134035,0.154179,0.318091,-0.459585,0.156402,-0.229928,0.27237,-0.451084,0.046217,0.319094,-0.313539,0.415979,-0.208461,0.102712,-0.003721,-0.109664,0.039631,0.167416,0.008376,0.384332,-0.291141,0.004031,-0.386196,0.003244,-0.256591,0.094688,0.273658,-0.08005,0.018413,0.173097,0.300024,-0.043149,-0.31083,0.268494,0.097366,-0.22529,0.220791,-0.227023,-0.051746,0.101699,-0.232719
2228,"Sadohara, Kaori",staff_12284,0.070592,-0.087441,-0.001865,-0.265778,0.058538,0.238839,0.210328,-0.188481,0.189068,0.09194,-0.118815,0.058951,0.163802,-0.0111,0.020443,-0.274243,0.246132,-0.006156,0.114101,0.011721,0.249721,-0.008339,-0.196184,-0.134035,0.154179,0.318091,-0.459585,0.156402,-0.229928,0.27237,-0.451084,0.046217,0.319094,-0.313539,0.415979,-0.208461,0.102712,-0.003721,-0.109664,0.039631,0.167416,0.008376,0.384332,-0.291141,0.004031,-0.386196,0.003244,-0.256591,0.094688,0.273658,-0.08005,0.018413,0.173097,0.300024,-0.043149,-0.31083,0.268494,0.097366,-0.22529,0.220791,-0.227023,-0.051746,0.101699,-0.232719
2229,"Kondou, Yui",staff_24189,0.070592,-0.087441,-0.001865,-0.265778,0.058538,0.238839,0.210328,-0.188481,0.189068,0.09194,-0.118815,0.058951,0.163802,-0.0111,0.020443,-0.274243,0.246132,-0.006156,0.114101,0.011721,0.249721,-0.008339,-0.196184,-0.134035,0.154179,0.318091,-0.459585,0.156402,-0.229928,0.27237,-0.451084,0.046217,0.319094,-0.313539,0.415979,-0.208461,0.102712,-0.003721,-0.109664,0.039631,0.167416,0.008376,0.384332,-0.291141,0.004031,-0.386196,0.003244,-0.256591,0.094688,0.273658,-0.08005,0.018413,0.173097,0.300024,-0.043149,-0.31083,0.268494,0.097366,-0.22529,0.220791,-0.227023,-0.051746,0.101699,-0.232719
2230,"Tsuji, Ayumi",staff_383,0.090519,-0.106078,0.026021,-0.314558,0.012855,0.251581,0.177645,-0.172619,0.206429,0.092125,-0.148902,0.094696,0.143414,-0.006722,0.061119,-0.312255,0.227003,0.043792,0.126889,-0.013315,0.229002,0.00196,-0.226199,-0.14607,0.188508,0.324737,-0.490736,0.168132,-0.216225,0.295821,-0.441787,0.052656,0.288594,-0.251816,0.406449,-0.187424,0.071018,0.006117,-0.101792,0.063206,0.170848,0.024756,0.379727,-0.305014,-0.002182,-0.384266,-0.024446,-0.232715,0.061882,0.289443,-0.105,0.000695,0.179291,0.285056,-0.003913,-0.320359,0.258561,0.143295,-0.209773,0.204174,-0.204549,-0.030354,0.06004,-0.218908
2231,"Kakudou, Hiroyuki",staff_40537,-0.260238,-0.373255,-0.356838,-0.070573,0.291298,-0.119583,0.567977,-0.324562,0.354781,-0.225643,0.765783,1.094379,0.82139,-0.111098,-0.728365,-0.561162,0.147835,0.858546,-0.212935,0.174675,0.364306,0.301433,0.041957,0.407872,0.368306,-0.31096,0.324041,0.1638,0.488872,-0.508091,0.304288,-0.666406,0.280409,0.284006,-0.220551,0.673833,-0.079971,-0.396997,-0.167835,0.28892,-1.284054,-0.199678,-0.340476,-0.099653,-0.180212,-0.289477,0.049452,-0.840997,0.551504,-0.723163,0.531895,-0.013627,-0.327069,-0.457525,-0.562835,-0.418461,-0.342858,-0.114595,-0.493413,0.17525,-0.120385,0.51215,-0.012987,-0.112343
2232,"Yamaguchi, Mayumi",staff_316,0.021133,-0.079322,0.096276,-0.264749,-0.054215,0.240684,0.159229,-0.088255,0.317586,0.112665,-0.255132,0.123061,0.123836,0.067862,-0.019321,-0.364643,0.312269,0.129166,0.140796,0.006827,0.203958,0.079069,-0.274225,-0.144585,0.166527,0.27029,-0.499586,0.147506,-0.218525,0.238563,-0.448964,0.036008,0.243357,-0.31164,0.377371,-0.17358,0.06535,-0.063295,-0.166487,0.136988,0.17435,0.089231,0.434865,-0.236468,-0.072606,-0.327951,0.067776,-0.339181,0.022796,0.316477,-0.014269,-0.024774,0.189894,0.168964,0.025592,-0.363746,0.281054,0.170255,-0.124959,0.180061,-0.150856,-0.033088,0.082787,-0.187111
2233,"Kazama, Yuuto",staff_484,0.06034,-0.121195,0.099101,-0.358245,-0.084923,0.384057,0.081843,-0.150141,0.355133,0.191206,-0.315652,0.188123,0.05211,0.036045,0.027012,-0.332537,0.266114,0.132866,0.127504,0.013323,0.212525,0.205289,-0.333788,-0.219634,0.280032,0.302335,-0.534668,0.171588,-0.284651,0.372588,-0.468855,0.017938,0.236531,-0.242644,0.331367,-0.131337,0.128809,-0.073177,-0.059604,0.136398,0.304521,0.067194,0.391522,-0.250281,-0.005777,-0.396262,-0.002687,-0.274533,-0.05305,0.299259,0.029574,-0.025144,0.142659,0.146889,0.0117,-0.306131,0.212101,0.275361,-0.179808,0.070001,-0.070143,0.038589,0.015105,-0.220656
2234,"Tenjin, Umi",staff_486,0.06034,-0.121195,0.099101,-0.358245,-0.084923,0.384057,0.081843,-0.150141,0.355133,0.191206,-0.315652,0.188123,0.05211,0.036045,0.027012,-0.332537,0.266114,0.132866,0.127504,0.013323,0.212525,0.205289,-0.333788,-0.219634,0.280032,0.302335,-0.534668,0.171588,-0.284651,0.372588,-0.468855,0.017938,0.236531,-0.242644,0.331367,-0.131337,0.128809,-0.073177,-0.059604,0.136398,0.304521,0.067194,0.391522,-0.250281,-0.005777,-0.396262,-0.002687,-0.274533,-0.05305,0.299259,0.029574,-0.025144,0.142659,0.146889,0.0117,-0.306131,0.212101,0.275361,-0.179808,0.070001,-0.070143,0.038589,0.015105,-0.220656
2235,"Kikuchi, Masami",staff_488,0.077048,-0.115168,0.057829,-0.285895,-0.021908,0.257485,0.122052,-0.157358,0.278475,0.141475,-0.186627,0.129813,0.099953,-0.00241,-0.007919,-0.335169,0.238159,0.063972,0.117749,-0.003192,0.210404,0.101475,-0.247607,-0.20922,0.193218,0.281831,-0.512041,0.168497,-0.251137,0.286957,-0.421823,0.049035,0.236045,-0.302621,0.346952,-0.170586,0.10068,0.001337,-0.123671,0.125204,0.229574,0.057588,0.3523,-0.261318,0.004749,-0.356934,0.004698,-0.288117,0.013067,0.244285,-0.058898,-0.023466,0.13017,0.224362,-0.001003,-0.305412,0.211499,0.201888,-0.16979,0.163661,-0.162604,0.021405,0.045904,-0.207356
2236,"Yamada, Kinoko",staff_1127,0.06034,-0.121195,0.099101,-0.358245,-0.084923,0.384057,0.081843,-0.150141,0.355133,0.191206,-0.315652,0.188123,0.05211,0.036045,0.027012,-0.332537,0.266114,0.132866,0.127504,0.013323,0.212525,0.205289,-0.333788,-0.219634,0.280032,0.302335,-0.534668,0.171588,-0.284651,0.372588,-0.468855,0.017938,0.236531,-0.242644,0.331367,-0.131337,0.128809,-0.073177,-0.059604,0.136398,0.304521,0.067194,0.391522,-0.250281,-0.005777,-0.396262,-0.002687,-0.274533,-0.05305,0.299259,0.029574,-0.025144,0.142659,0.146889,0.0117,-0.306131,0.212101,0.275361,-0.179808,0.070001,-0.070143,0.038589,0.015105,-0.220656
2237,"Matsumoto, Miwa",staff_937,0.06034,-0.121195,0.099101,-0.358245,-0.084923,0.384057,0.081843,-0.150141,0.355133,0.191206,-0.315652,0.188123,0.05211,0.036045,0.027012,-0.332537,0.266114,0.132866,0.127504,0.013323,0.212525,0.205289,-0.333788,-0.219634,0.280032,0.302335,-0.534668,0.171588,-0.284651,0.372588,-0.468855,0.017938,0.236531,-0.242644,0.331367,-0.131337,0.128809,-0.073177,-0.059604,0.136398,0.304521,0.067194,0.391522,-0.250281,-0.005777,-0.396262,-0.002687,-0.274533,-0.05305,0.299259,0.029574,-0.025144,0.142659,0.146889,0.0117,-0.306131,0.212101,0.275361,-0.179808,0.070001,-0.070143,0.038589,0.015105,-0.220656
2238,"Shigematsu, Atori",staff_1556,0.06034,-0.121195,0.099101,-0.358245,-0.084923,0.384057,0.081843,-0.150141,0.355133,0.191206,-0.315652,0.188123,0.05211,0.036045,0.027012,-0.332537,0.266114,0.132866,0.127504,0.013323,0.212525,0.205289,-0.333788,-0.219634,0.280032,0.302335,-0.534668,0.171588,-0.284651,0.372588,-0.468855,0.017938,0.236531,-0.242644,0.331367,-0.131337,0.128809,-0.073177,-0.059604,0.136398,0.304521,0.067194,0.391522,-0.250281,-0.005777,-0.396262,-0.002687,-0.274533,-0.05305,0.299259,0.029574,-0.025144,0.142659,0.146889,0.0117,-0.306131,0.212101,0.275361,-0.179808,0.070001,-0.070143,0.038589,0.015105,-0.220656
2239,"Maeda, Ai",staff_487,0.083145,-0.110069,0.056324,-0.290013,-0.019983,0.261922,0.122018,-0.1642,0.276467,0.140831,-0.183966,0.13114,0.092967,-0.005673,-0.002458,-0.332912,0.233395,0.059749,0.112666,0.002828,0.203968,0.100028,-0.240923,-0.21365,0.196899,0.278992,-0.504501,0.174947,-0.256361,0.292557,-0.427136,0.045061,0.243087,-0.303609,0.34965,-0.164677,0.104257,0.003894,-0.120874,0.118243,0.234006,0.056806,0.346492,-0.266017,0.00934,-0.364287,0.00083,-0.281493,0.020022,0.236851,-0.063353,-0.029036,0.131053,0.229451,-0.000343,-0.299852,0.204396,0.207757,-0.175076,0.161924,-0.155982,0.022701,0.039633,-0.20428
2240,"Tokumitsu, Yuka",staff_1456,0.06034,-0.121195,0.099101,-0.358245,-0.084923,0.384057,0.081843,-0.150141,0.355133,0.191206,-0.315652,0.188123,0.05211,0.036045,0.027012,-0.332537,0.266114,0.132866,0.127504,0.013323,0.212525,0.205289,-0.333788,-0.219634,0.280032,0.302335,-0.534668,0.171588,-0.284651,0.372588,-0.468855,0.017938,0.236531,-0.242644,0.331367,-0.131337,0.128809,-0.073177,-0.059604,0.136398,0.304521,0.067194,0.391522,-0.250281,-0.005777,-0.396262,-0.002687,-0.274533,-0.05305,0.299259,0.029574,-0.025144,0.142659,0.146889,0.0117,-0.306131,0.212101,0.275361,-0.179808,0.070001,-0.070143,0.038589,0.015105,-0.220656
2241,"Konishi, Hiroko",staff_1545,0.06034,-0.121195,0.099101,-0.358245,-0.084923,0.384057,0.081843,-0.150141,0.355133,0.191206,-0.315652,0.188123,0.05211,0.036045,0.027012,-0.332537,0.266114,0.132866,0.127504,0.013323,0.212525,0.205289,-0.333788,-0.219634,0.280032,0.302335,-0.534668,0.171588,-0.284651,0.372588,-0.468855,0.017938,0.236531,-0.242644,0.331367,-0.131337,0.128809,-0.073177,-0.059604,0.136398,0.304521,0.067194,0.391522,-0.250281,-0.005777,-0.396262,-0.002687,-0.274533,-0.05305,0.299259,0.029574,-0.025144,0.142659,0.146889,0.0117,-0.306131,0.212101,0.275361,-0.179808,0.070001,-0.070143,0.038589,0.015105,-0.220656
2242,"Mizutani, Yuuko",staff_485,0.06034,-0.121195,0.099101,-0.358245,-0.084923,0.384057,0.081843,-0.150141,0.355133,0.191206,-0.315652,0.188123,0.05211,0.036045,0.027012,-0.332537,0.266114,0.132866,0.127504,0.013323,0.212525,0.205289,-0.333788,-0.219634,0.280032,0.302335,-0.534668,0.171588,-0.284651,0.372588,-0.468855,0.017938,0.236531,-0.242644,0.331367,-0.131337,0.128809,-0.073177,-0.059604,0.136398,0.304521,0.067194,0.391522,-0.250281,-0.005777,-0.396262,-0.002687,-0.274533,-0.05305,0.299259,0.029574,-0.025144,0.142659,0.146889,0.0117,-0.306131,0.212101,0.275361,-0.179808,0.070001,-0.070143,0.038589,0.015105,-0.220656
2243,"Fujita, Toshiko",staff_483,0.06034,-0.121195,0.099101,-0.358245,-0.084923,0.384057,0.081843,-0.150141,0.355133,0.191206,-0.315652,0.188123,0.05211,0.036045,0.027012,-0.332537,0.266114,0.132866,0.127504,0.013323,0.212525,0.205289,-0.333788,-0.219634,0.280032,0.302335,-0.534668,0.171588,-0.284651,0.372588,-0.468855,0.017938,0.236531,-0.242644,0.331367,-0.131337,0.128809,-0.073177,-0.059604,0.136398,0.304521,0.067194,0.391522,-0.250281,-0.005777,-0.396262,-0.002687,-0.274533,-0.05305,0.299259,0.029574,-0.025144,0.142659,0.146889,0.0117,-0.306131,0.212101,0.275361,-0.179808,0.070001,-0.070143,0.038589,0.015105,-0.220656
2244,"Araki, Kae",staff_386,0.006566,-0.119122,0.122533,-0.254205,-0.076868,0.240774,0.170421,-0.036231,0.314516,0.139215,-0.291996,0.111839,0.117478,0.086567,-0.006179,-0.420832,0.329532,0.160895,0.16522,-0.01806,0.216204,0.11384,-0.341375,-0.096887,0.162951,0.292013,-0.552254,0.101259,-0.16106,0.205532,-0.422525,0.036705,0.234552,-0.327579,0.380239,-0.209707,0.045598,-0.099799,-0.189387,0.188218,0.141107,0.086968,0.494098,-0.223895,-0.082021,-0.27567,0.107489,-0.364445,0.0004,0.337923,0.000909,-0.038158,0.183036,0.139945,0.041356,-0.404006,0.28327,0.1415,-0.085614,0.160441,-0.155507,-0.037014,0.0995,-0.199685
2245,"Kimura, Ikuya",staff_91759,-0.166865,-0.455848,-0.39566,-0.038711,0.386625,-0.000952,0.581223,-0.306666,0.235575,-0.149685,0.729817,1.151741,0.728191,-0.110234,-0.898202,-0.538139,0.102557,0.787098,-0.137416,0.144711,0.413772,0.279343,0.067558,0.391924,0.391151,-0.291852,0.121199,0.330275,0.285062,-0.458131,0.335486,-0.489533,0.331026,0.265308,-0.309923,0.511718,-0.228818,-0.27793,0.007136,0.224739,-1.282403,-0.200894,-0.283802,-0.024876,-0.066785,-0.234358,-0.025279,-0.827623,0.554885,-0.764864,0.577598,-0.073818,-0.260244,-0.415054,-0.597353,-0.531675,-0.237092,-0.092996,-0.579147,0.15083,-0.113177,0.432371,-0.038637,-0.205291
2246,"Waki, Tomohiro",staff_10168,-0.010792,-0.074805,0.073489,-0.16862,-0.019431,0.103362,0.213606,-0.046925,0.268502,0.055527,-0.165836,0.059179,0.202922,0.067925,-0.078617,-0.377233,0.331756,0.09458,0.155505,-0.028837,0.227437,-0.023022,-0.219274,-0.091224,0.060977,0.252125,-0.489484,0.114992,-0.159733,0.119663,-0.394919,0.074445,0.218215,-0.369651,0.39292,-0.23016,0.015533,-0.024818,-0.245924,0.150104,0.062869,0.094708,0.451855,-0.216589,-0.11617,-0.254049,0.115293,-0.395623,0.067114,0.317046,-0.070507,-0.000918,0.19877,0.203028,0.023536,-0.407981,0.332585,0.065975,-0.082172,0.281182,-0.267581,-0.072895,0.148261,-0.180104
2247,"Oguri, Shun",staff_398,0.047953,-0.087508,0.043536,-0.196278,0.014098,0.12053,0.188095,-0.111779,0.232944,0.072849,-0.108326,0.066548,0.169512,0.011592,-0.054137,-0.355854,0.267067,0.041887,0.126077,-0.017624,0.209803,-0.014477,-0.184412,-0.149561,0.087239,0.25446,-0.484791,0.148022,-0.193469,0.166432,-0.389561,0.072537,0.234544,-0.366759,0.379982,-0.215419,0.048182,0.027905,-0.213993,0.124486,0.11287,0.070282,0.37643,-0.249121,-0.043987,-0.292821,0.059829,-0.342307,0.079624,0.24649,-0.113215,-0.017001,0.159359,0.258474,0.005369,-0.351214,0.266491,0.102834,-0.12671,0.26812,-0.254957,-0.032527,0.106787,-0.18372
2248,"Kuroda, Takaya",staff_1122,-0.010792,-0.074805,0.073489,-0.16862,-0.019431,0.103362,0.213606,-0.046925,0.268502,0.055527,-0.165836,0.059179,0.202922,0.067925,-0.078617,-0.377233,0.331756,0.09458,0.155505,-0.028837,0.227437,-0.023022,-0.219274,-0.091224,0.060977,0.252125,-0.489484,0.114992,-0.159733,0.119663,-0.394919,0.074445,0.218215,-0.369651,0.39292,-0.23016,0.015533,-0.024818,-0.245924,0.150104,0.062869,0.094708,0.451855,-0.216589,-0.11617,-0.254049,0.115293,-0.395623,0.067114,0.317046,-0.070507,-0.000918,0.19877,0.203028,0.023536,-0.407981,0.332585,0.065975,-0.082172,0.281182,-0.267581,-0.072895,0.148261,-0.180104
2249,"Hasome, Tatsuya",staff_6454,-0.010792,-0.074805,0.073489,-0.16862,-0.019431,0.103362,0.213606,-0.046925,0.268502,0.055527,-0.165836,0.059179,0.202922,0.067925,-0.078617,-0.377233,0.331756,0.09458,0.155505,-0.028837,0.227437,-0.023022,-0.219274,-0.091224,0.060977,0.252125,-0.489484,0.114992,-0.159733,0.119663,-0.394919,0.074445,0.218215,-0.369651,0.39292,-0.23016,0.015533,-0.024818,-0.245924,0.150104,0.062869,0.094708,0.451855,-0.216589,-0.11617,-0.254049,0.115293,-0.395623,0.067114,0.317046,-0.070507,-0.000918,0.19877,0.203028,0.023536,-0.407981,0.332585,0.065975,-0.082172,0.281182,-0.267581,-0.072895,0.148261,-0.180104
2250,"Ishii, Katsuhito",staff_7102,-0.180242,-0.40706,-0.347692,-0.016554,0.368826,-0.053004,0.548981,-0.300666,0.292121,-0.154949,0.671369,1.102343,0.701909,-0.135625,-0.913536,-0.52613,0.037864,0.835036,-0.14346,0.103937,0.390409,0.330611,0.063988,0.340377,0.401534,-0.278435,0.108772,0.34296,0.279452,-0.400069,0.376093,-0.479036,0.321503,0.274732,-0.287023,0.538466,-0.236995,-0.292092,-0.045375,0.221927,-1.243903,-0.168879,-0.277398,-0.063001,-0.088773,-0.247438,-0.002861,-0.743091,0.629246,-0.741494,0.544921,-0.09559,-0.266029,-0.443338,-0.577914,-0.459039,-0.212694,-0.037513,-0.582982,0.205001,-0.075318,0.436472,-0.031881,-0.145053
2251,"Koike, Takeshi",staff_10231,-0.180242,-0.40706,-0.347692,-0.016554,0.368826,-0.053004,0.548981,-0.300666,0.292121,-0.154949,0.671369,1.102343,0.701909,-0.135625,-0.913536,-0.52613,0.037864,0.835036,-0.14346,0.103937,0.390409,0.330611,0.063988,0.340377,0.401534,-0.278435,0.108772,0.34296,0.279452,-0.400069,0.376093,-0.479036,0.321503,0.274732,-0.287023,0.538466,-0.236995,-0.292092,-0.045375,0.221927,-1.243903,-0.168879,-0.277398,-0.063001,-0.088773,-0.247438,-0.002861,-0.743091,0.629246,-0.741494,0.544921,-0.09559,-0.266029,-0.443338,-0.577914,-0.459039,-0.212694,-0.037513,-0.582982,0.205001,-0.075318,0.436472,-0.031881,-0.145053
2252,"Aoi, Yuu",staff_1011,0.092952,-0.105821,0.094002,-0.304586,-0.03484,0.254106,0.163785,-0.188247,0.283914,0.150229,-0.127221,0.114522,0.118712,0.004348,0.029168,-0.349783,0.252372,0.038953,0.116854,0.038424,0.259931,0.04028,-0.213067,-0.186799,0.197715,0.260978,-0.439878,0.17578,-0.239594,0.290507,-0.417673,0.04019,0.238414,-0.353542,0.356724,-0.170781,0.142064,0.024341,-0.102832,0.121673,0.185489,0.052307,0.315964,-0.265967,-0.001488,-0.352597,0.028808,-0.303405,0.088159,0.23942,-0.106485,0.021274,0.177581,0.268135,-0.021374,-0.3028,0.192496,0.217452,-0.200524,0.20537,-0.190889,-0.062029,0.062371,-0.187039
2254,"Kawai, Shigeki",staff_58917,-0.256753,-0.384013,-0.296659,-0.022934,0.359655,-0.105704,0.512534,-0.28064,0.349301,-0.188077,0.686341,1.127296,0.698817,-0.083415,-0.982732,-0.484741,0.075795,0.880676,-0.203789,0.065887,0.34396,0.356293,0.039691,0.265069,0.442265,-0.23401,0.15861,0.278733,0.243749,-0.360043,0.347791,-0.488661,0.251529,0.25353,-0.283107,0.530556,-0.279991,-0.312228,-0.101466,0.266794,-1.274927,-0.158605,-0.216746,-0.146692,-0.085951,-0.231303,0.016975,-0.681109,0.617507,-0.706006,0.589569,-0.115943,-0.356429,-0.458598,-0.640042,-0.411325,-0.140171,0.025145,-0.586813,0.303637,-0.117539,0.398046,-0.05258,-0.116797
2255,"Saka, Osamu",staff_147,-0.025585,-0.039115,0.101473,-0.172812,-0.041282,0.106848,0.233817,-0.024525,0.295203,0.035361,-0.199618,0.058732,0.208711,0.112608,-0.068792,-0.393813,0.369528,0.130164,0.160461,-0.004194,0.220272,-0.037814,-0.226554,-0.067121,0.060667,0.245654,-0.469773,0.112714,-0.152959,0.107046,-0.425631,0.053529,0.23445,-0.370931,0.422344,-0.217241,0.0053,-0.057906,-0.255846,0.140506,0.043508,0.11405,0.481976,-0.208632,-0.150766,-0.252196,0.136486,-0.410991,0.087096,0.351817,-0.05155,-0.001134,0.248178,0.183046,0.040686,-0.430348,0.364069,0.069136,-0.075438,0.287481,-0.237226,-0.111541,0.158333,-0.164792
2256,"Higuchi, Chieko",staff_50,0.054674,-0.071307,0.090128,-0.269529,0.048587,0.188559,0.162443,0.05982,0.252179,0.108364,-0.315895,0.124491,-0.023852,0.04216,0.052168,-0.377054,0.401555,0.158491,0.114238,-0.073243,0.070126,0.018668,-0.276722,-0.155774,0.021443,0.203843,-0.491161,0.155589,-0.097331,0.171547,-0.503784,-0.01375,0.396788,-0.303527,0.455372,-0.138625,-0.108434,-0.069957,-0.289569,0.241486,-0.025655,0.138556,0.514267,-0.257106,-0.112585,-0.243872,0.094212,-0.333769,-0.021857,0.41811,-0.074131,-0.242406,0.266968,0.260869,0.159602,-0.473378,0.180647,0.038299,-0.110499,0.279076,-0.20572,-0.044274,-0.016595,-0.037158
2257,"Hiramatsu, Akiko",staff_66,0.054674,-0.071307,0.090128,-0.269529,0.048587,0.188559,0.162443,0.05982,0.252179,0.108364,-0.315895,0.124491,-0.023852,0.04216,0.052168,-0.377054,0.401555,0.158491,0.114238,-0.073243,0.070126,0.018668,-0.276722,-0.155774,0.021443,0.203843,-0.491161,0.155589,-0.097331,0.171547,-0.503784,-0.01375,0.396788,-0.303527,0.455372,-0.138625,-0.108434,-0.069957,-0.289569,0.241486,-0.025655,0.138556,0.514267,-0.257106,-0.112585,-0.243872,0.094212,-0.333769,-0.021857,0.41811,-0.074131,-0.242406,0.266968,0.260869,0.159602,-0.473378,0.180647,0.038299,-0.110499,0.279076,-0.20572,-0.044274,-0.016595,-0.037158
2258,"Nakayama, Katsuichi",staff_37417,-0.178862,-0.459611,-0.407185,0.007528,0.410276,0.043576,0.585199,-0.295009,0.237578,-0.154339,0.728486,1.150887,0.732041,-0.10979,-0.888336,-0.554645,0.114243,0.751838,-0.136951,0.129077,0.407811,0.245807,0.068951,0.38633,0.405846,-0.308967,0.078954,0.354005,0.27451,-0.499286,0.333163,-0.461708,0.338909,0.258871,-0.299692,0.496269,-0.247865,-0.261015,0.031184,0.207555,-1.264761,-0.23,-0.30125,-0.024253,-0.043529,-0.274497,-0.008728,-0.844494,0.535276,-0.796263,0.578563,-0.090682,-0.227261,-0.373807,-0.604718,-0.581935,-0.255519,-0.095492,-0.571882,0.129648,-0.138048,0.439397,-0.076723,-0.254389
2259,"Kuroki, Miyuki",staff_48789,-0.250948,-0.431132,-0.311801,0.040498,0.373584,-0.089185,0.514277,-0.346841,0.374875,-0.186787,0.618464,1.134182,0.609615,-0.062671,-1.113774,-0.516347,0.07698,0.84399,-0.137477,0.018092,0.318764,0.342677,0.074735,0.207554,0.455848,-0.139327,0.104595,0.275184,0.180181,-0.376213,0.380735,-0.427345,0.266541,0.255125,-0.234485,0.400935,-0.415742,-0.268292,-0.094927,0.232724,-1.270497,-0.061064,-0.105331,-0.206998,-0.122725,-0.297244,0.006348,-0.736146,0.635073,-0.744117,0.501095,-0.175162,-0.353716,-0.353263,-0.69373,-0.455647,-0.098457,0.043965,-0.53292,0.370292,-0.152141,0.35401,-0.138952,-0.132403
2260,"Nakayama, Yoshinori",staff_64191,-0.031798,0.019557,0.04445,-0.195564,0.051906,0.098512,0.229938,-0.014215,0.273998,0.065678,-0.202943,0.067414,0.104536,0.017759,-0.05117,-0.317465,0.385048,0.096029,0.116411,-0.022393,0.201942,-0.020704,-0.146465,-0.143925,0.021353,0.238815,-0.408835,0.116255,-0.139749,0.088251,-0.497596,-0.01423,0.332782,-0.426536,0.44395,-0.231665,-0.074418,-0.008779,-0.241847,0.130477,0.069101,0.154907,0.44472,-0.238585,-0.146342,-0.265003,0.096824,-0.342686,0.067137,0.280069,-0.053535,-0.124195,0.245735,0.263481,0.077752,-0.389417,0.270754,0.045648,-0.06957,0.326328,-0.268473,-0.03951,0.097423,-0.077801
2261,"Inoue, Honoka",staff_42268,-0.031798,0.019557,0.04445,-0.195564,0.051906,0.098512,0.229938,-0.014215,0.273998,0.065678,-0.202943,0.067414,0.104536,0.017759,-0.05117,-0.317465,0.385048,0.096029,0.116411,-0.022393,0.201942,-0.020704,-0.146465,-0.143925,0.021353,0.238815,-0.408835,0.116255,-0.139749,0.088251,-0.497596,-0.01423,0.332782,-0.426536,0.44395,-0.231665,-0.074418,-0.008779,-0.241847,0.130477,0.069101,0.154907,0.44472,-0.238585,-0.146342,-0.265003,0.096824,-0.342686,0.067137,0.280069,-0.053535,-0.124195,0.245735,0.263481,0.077752,-0.389417,0.270754,0.045648,-0.06957,0.326328,-0.268473,-0.03951,0.097423,-0.077801
2262,"Yamamoto, Junichi",staff_10540,-0.238122,-0.364169,-0.177764,0.230336,0.285277,0.000412,0.4245,-0.310549,0.261793,-0.214616,0.486473,1.164546,0.668109,-0.098748,-1.148489,-0.511094,-0.004814,0.889975,-0.147251,-0.021556,0.3754,0.350826,0.109833,0.240025,0.532903,-0.137703,0.068488,0.313945,0.184921,-0.306692,0.372575,-0.275445,0.225759,0.083682,-0.199432,0.351961,-0.525926,-0.305943,-0.138874,0.151964,-1.246261,-0.019648,-0.014572,-0.28211,-0.14808,-0.280262,0.01533,-0.651848,0.448072,-0.74088,0.544067,-0.088265,-0.461671,-0.414198,-0.627216,-0.449216,0.01719,0.129964,-0.624547,0.376335,-0.156785,0.184582,-0.080027,-0.18092
2263,"Miyashita, Saki",staff_47669,0.009126,-0.050581,0.061883,-0.174123,0.001456,0.126846,0.22921,-0.047101,0.246001,0.0521,-0.190625,0.044108,0.199173,0.088902,-0.060343,-0.373024,0.347287,0.093913,0.152867,-0.014746,0.213238,-0.024764,-0.230741,-0.06376,0.070464,0.278033,-0.480774,0.117431,-0.158416,0.12252,-0.430157,0.04315,0.277395,-0.377653,0.427699,-0.218759,0.022259,-0.064163,-0.226005,0.108516,0.07261,0.069044,0.474042,-0.223966,-0.105877,-0.269041,0.104011,-0.370445,0.079833,0.328996,-0.054652,-0.020036,0.217988,0.213592,0.025532,-0.412161,0.343115,0.046082,-0.111155,0.257548,-0.234791,-0.080758,0.133847,-0.191791
2264,"Fujimori, Masaya",staff_10818,-0.098294,-0.427987,-0.315406,0.011481,0.389066,-0.05203,0.529164,-0.342816,0.274402,-0.158275,0.596833,1.132683,0.597448,-0.101411,-0.987348,-0.575839,-0.04554,0.819318,-0.112731,0.07717,0.405699,0.332062,0.113793,0.34675,0.408502,-0.188716,0.045685,0.421201,0.249299,-0.355966,0.342223,-0.462445,0.276482,0.305945,-0.26461,0.483347,-0.29676,-0.26053,-0.024867,0.169352,-1.151485,-0.093162,-0.253045,-0.075142,-0.036761,-0.202059,-0.069783,-0.731498,0.705875,-0.743939,0.460549,-0.174341,-0.212724,-0.395004,-0.605302,-0.460543,-0.154093,-0.041312,-0.534206,0.244275,-0.070818,0.460812,-0.071418,-0.164196
2265,"Murakami, Natsumi",staff_40526,0.057432,-0.093755,0.021579,-0.322967,0.01885,0.288804,0.223673,-0.224972,0.222932,0.086671,-0.123983,0.071953,0.184296,-0.017397,0.058146,-0.255677,0.23172,0.006531,0.129136,0.015766,0.313184,-0.017839,-0.206435,-0.127351,0.205631,0.331372,-0.447505,0.145673,-0.246652,0.321041,-0.450729,0.053641,0.280192,-0.258794,0.412741,-0.203314,0.115144,0.021442,-0.050082,0.031679,0.164924,0.024533,0.365664,-0.297053,-0.007696,-0.419149,-0.020857,-0.238024,0.09479,0.305605,-0.080577,0.084147,0.20367,0.297241,-0.055952,-0.302497,0.288909,0.144986,-0.249677,0.222968,-0.225062,-0.083777,0.121233,-0.247715
2266,"Shirai, Yuusuke",staff_19641,0.057432,-0.093755,0.021579,-0.322967,0.01885,0.288804,0.223673,-0.224972,0.222932,0.086671,-0.123983,0.071953,0.184296,-0.017397,0.058146,-0.255677,0.23172,0.006531,0.129136,0.015766,0.313184,-0.017839,-0.206435,-0.127351,0.205631,0.331372,-0.447505,0.145673,-0.246652,0.321041,-0.450729,0.053641,0.280192,-0.258794,0.412741,-0.203314,0.115144,0.021442,-0.050082,0.031679,0.164924,0.024533,0.365664,-0.297053,-0.007696,-0.419149,-0.020857,-0.238024,0.09479,0.305605,-0.080577,0.084147,0.20367,0.297241,-0.055952,-0.302497,0.288909,0.144986,-0.249677,0.222968,-0.225062,-0.083777,0.121233,-0.247715
2267,"Kikuchi, Sayaka",staff_51506,0.057432,-0.093755,0.021579,-0.322967,0.01885,0.288804,0.223673,-0.224972,0.222932,0.086671,-0.123983,0.071953,0.184296,-0.017397,0.058146,-0.255677,0.23172,0.006531,0.129136,0.015766,0.313184,-0.017839,-0.206435,-0.127351,0.205631,0.331372,-0.447505,0.145673,-0.246652,0.321041,-0.450729,0.053641,0.280192,-0.258794,0.412741,-0.203314,0.115144,0.021442,-0.050082,0.031679,0.164924,0.024533,0.365664,-0.297053,-0.007696,-0.419149,-0.020857,-0.238024,0.09479,0.305605,-0.080577,0.084147,0.20367,0.297241,-0.055952,-0.302497,0.288909,0.144986,-0.249677,0.222968,-0.225062,-0.083777,0.121233,-0.247715
2268,"Yoshida, Yuuri",staff_26091,0.018836,-0.089908,0.121372,-0.264423,0.060652,0.215404,0.177285,0.086531,0.311017,0.044579,-0.405836,0.136046,-0.041822,0.036014,0.049223,-0.3855,0.447369,0.221219,0.176625,-0.088546,0.008636,0.016838,-0.345167,-0.10519,-0.004904,0.154361,-0.522218,0.130055,-0.107217,0.173102,-0.538309,-0.008123,0.408933,-0.268153,0.479308,-0.118118,-0.150493,-0.084421,-0.371965,0.275324,-0.067576,0.167115,0.588799,-0.206622,-0.104636,-0.24966,0.140671,-0.406973,-0.037923,0.508446,-0.000633,-0.328292,0.319254,0.219942,0.17951,-0.529865,0.223433,0.043605,-0.087465,0.289865,-0.175231,-0.067469,-0.018163,-0.054472
2269,"Matsui, Eriko",staff_20835,0.07627,-0.0984,0.048993,-0.236316,0.053108,0.164255,0.168893,-0.089958,0.234979,0.076285,-0.17126,0.095268,0.07612,-0.020875,-0.00811,-0.350239,0.283422,0.06693,0.126889,-0.03582,0.133313,-0.000187,-0.214744,-0.17158,0.074032,0.223347,-0.492516,0.163122,-0.187159,0.199149,-0.434191,0.047602,0.302556,-0.336197,0.404899,-0.171527,0.002694,0.025282,-0.247211,0.160628,0.08579,0.085781,0.398376,-0.258882,-0.017152,-0.304857,0.050582,-0.329033,0.049637,0.287435,-0.102328,-0.132195,0.183089,0.281202,0.049599,-0.374425,0.208719,0.106527,-0.141347,0.266118,-0.221376,-0.016621,0.037456,-0.143706
2270,"Kise, Kazuchika",staff_20781,-0.091496,-0.436757,-0.305602,0.006641,0.382725,-0.0655,0.526777,-0.336132,0.285705,-0.163653,0.585866,1.133131,0.610455,-0.090326,-1.005256,-0.567277,-0.040866,0.81816,-0.104587,0.082369,0.419281,0.329917,0.106753,0.360134,0.408025,-0.196996,0.033255,0.41644,0.232754,-0.351385,0.329946,-0.4699,0.265837,0.302807,-0.276296,0.494262,-0.280726,-0.271323,-0.04403,0.172827,-1.154212,-0.098041,-0.246983,-0.085362,-0.037607,-0.195451,-0.072194,-0.723091,0.704383,-0.753164,0.463411,-0.169555,-0.22304,-0.383906,-0.601515,-0.457299,-0.151421,-0.046667,-0.520417,0.239255,-0.081548,0.458157,-0.06906,-0.152046
2271,"Kitagawa, Tomoya",staff_55634,-0.100573,-0.425617,-0.316768,0.011516,0.389926,-0.048738,0.537214,-0.344559,0.277569,-0.159767,0.598871,1.133369,0.59595,-0.103835,-0.988413,-0.576022,-0.040668,0.826728,-0.111255,0.077949,0.408351,0.330868,0.113053,0.349048,0.416169,-0.190184,0.046365,0.423404,0.249971,-0.35555,0.342175,-0.46334,0.27832,0.308524,-0.264184,0.483138,-0.296694,-0.257353,-0.022083,0.169936,-1.155143,-0.09425,-0.256478,-0.073879,-0.032509,-0.203464,-0.072338,-0.730535,0.702863,-0.745529,0.464877,-0.174019,-0.21474,-0.396938,-0.606091,-0.466531,-0.155616,-0.044749,-0.535852,0.248919,-0.073211,0.46334,-0.071132,-0.164059
2272,"Hioka, Natsumi",staff_17777,0.080181,-0.087897,0.028865,-0.255969,0.029999,0.206543,0.173701,-0.195184,0.230774,0.104518,-0.095996,0.08702,0.152261,-0.021279,-0.016323,-0.291296,0.235363,-0.001462,0.106456,0.011963,0.243793,0.000573,-0.161,-0.187951,0.14249,0.265979,-0.442867,0.180565,-0.248518,0.267424,-0.41788,0.066406,0.259648,-0.33062,0.370226,-0.182099,0.11269,0.045997,-0.130214,0.079766,0.172398,0.040445,0.326351,-0.273148,-0.001716,-0.366478,0.004545,-0.289167,0.082646,0.240901,-0.111467,0.021272,0.157288,0.289604,-0.037025,-0.296551,0.232892,0.152539,-0.203493,0.234301,-0.232683,-0.035861,0.081342,-0.196702
2273,"Kitahara, Sayaka",staff_6089,0.104805,-0.103272,0.014252,-0.22208,0.048761,0.137546,0.164588,-0.177351,0.196673,0.092501,-0.054353,0.074666,0.135975,-0.048013,-0.036927,-0.333533,0.202124,-0.008867,0.103773,-0.009444,0.197221,-0.008081,-0.149887,-0.20462,0.112628,0.258014,-0.478662,0.178254,-0.22649,0.211531,-0.382392,0.075928,0.248309,-0.369044,0.368038,-0.199006,0.078544,0.080333,-0.186017,0.104497,0.162191,0.045243,0.303541,-0.2838,0.0257,-0.331123,0.006103,-0.291687,0.092346,0.177754,-0.152478,-0.032025,0.115189,0.310369,-0.015111,-0.297278,0.20239,0.13778,-0.167519,0.255265,-0.244753,0.008149,0.066518,-0.188497
2274,"Nishida, Nozomi",staff_39997,0.104805,-0.103272,0.014252,-0.22208,0.048761,0.137546,0.164588,-0.177351,0.196673,0.092501,-0.054353,0.074666,0.135975,-0.048013,-0.036927,-0.333533,0.202124,-0.008867,0.103773,-0.009444,0.197221,-0.008081,-0.149887,-0.20462,0.112628,0.258014,-0.478662,0.178254,-0.22649,0.211531,-0.382392,0.075928,0.248309,-0.369044,0.368038,-0.199006,0.078544,0.080333,-0.186017,0.104497,0.162191,0.045243,0.303541,-0.2838,0.0257,-0.331123,0.006103,-0.291687,0.092346,0.177754,-0.152478,-0.032025,0.115189,0.310369,-0.015111,-0.297278,0.20239,0.13778,-0.167519,0.255265,-0.244753,0.008149,0.066518,-0.188497
2275,"Nanri, Yuuka",staff_366,0.048463,-0.035269,0.138328,-0.316607,-0.057371,0.201073,0.14912,-0.024129,0.300385,0.088821,-0.276943,0.148876,0.120547,0.090285,0.07594,-0.405982,0.388662,0.17575,0.166127,-0.022033,0.184927,0.000405,-0.236817,-0.085666,0.139701,0.254821,-0.441671,0.191341,-0.137766,0.221353,-0.488296,0.011358,0.311476,-0.310049,0.414353,-0.158163,0.007664,-0.075029,-0.180164,0.140249,0.130696,0.110209,0.471413,-0.237123,-0.109149,-0.27252,0.063484,-0.341613,0.029524,0.38435,-0.066616,-0.107258,0.277216,0.192638,0.100183,-0.389827,0.303153,0.174452,-0.096774,0.209581,-0.185171,-0.073589,0.002319,-0.101068
2276,"Furuki, Nozomi",staff_12388,-0.027696,-0.023017,0.096927,-0.202049,-0.021602,0.08071,0.271275,0.011202,0.275376,0.05663,-0.210131,0.057062,0.151013,0.06692,-0.00388,-0.447563,0.374257,0.147197,0.166207,-0.004072,0.201728,-0.044526,-0.21324,-0.049991,0.041821,0.25709,-0.459531,0.083724,-0.085939,0.066608,-0.451911,0.024476,0.288926,-0.430138,0.438529,-0.268863,-0.055601,-0.054126,-0.286966,0.15454,0.031837,0.127262,0.499427,-0.248895,-0.152731,-0.23333,0.160371,-0.374139,0.109735,0.289243,-0.07007,-0.097472,0.252443,0.2216,0.076796,-0.427567,0.31907,0.057427,-0.017756,0.303068,-0.238868,-0.094413,0.142244,-0.114892
2277,"Tosaka, Shin",staff_40842,-0.177987,-0.346089,-0.356654,0.013244,0.33992,-0.06118,0.506944,-0.317741,0.292043,-0.116411,0.648562,1.109172,0.700332,-0.098096,-0.901968,-0.526284,-0.068879,0.883675,-0.18471,0.149019,0.451885,0.345432,0.07901,0.342231,0.388738,-0.272519,0.102989,0.305971,0.283774,-0.314368,0.358323,-0.499944,0.274371,0.282912,-0.312544,0.545307,-0.239708,-0.252861,-0.078249,0.180172,-1.207971,-0.117274,-0.306959,-0.024315,-0.064713,-0.223353,-0.080184,-0.763251,0.69072,-0.731638,0.463584,-0.095263,-0.251929,-0.431312,-0.519904,-0.408957,-0.233061,0.007711,-0.516488,0.221889,-0.010024,0.407722,-0.033255,-0.10017
2279,"Ashina, Minoru",staff_11987,-0.201679,-0.370551,-0.328944,-0.116961,0.380146,-0.039511,0.513723,-0.271616,0.250979,-0.234179,0.73168,1.07775,0.769819,-0.122901,-0.871413,-0.565252,0.056925,0.843352,-0.177978,0.105115,0.424064,0.358901,0.048675,0.392233,0.41405,-0.267173,0.172395,0.30159,0.341504,-0.405614,0.357691,-0.570853,0.245602,0.269969,-0.297594,0.621117,-0.178237,-0.355846,-0.068674,0.288147,-1.269012,-0.186587,-0.298153,-0.046097,-0.089815,-0.164755,0.00412,-0.746185,0.570198,-0.740152,0.58045,-0.054784,-0.334692,-0.482112,-0.611094,-0.497552,-0.186543,-0.016732,-0.567243,0.176543,-0.082458,0.475443,-0.01518,-0.124868
2280,"Sugahara, Shizutaka",staff_28655,-0.243802,-0.365703,-0.196427,0.180951,0.290721,-0.026755,0.445248,-0.296102,0.284169,-0.202532,0.526202,1.164052,0.676695,-0.093641,-1.112408,-0.498546,0.008084,0.888959,-0.161349,-0.00925,0.364933,0.346872,0.089766,0.24061,0.514859,-0.165468,0.084896,0.308879,0.189037,-0.315506,0.363206,-0.313554,0.232668,0.119076,-0.217353,0.395942,-0.469593,-0.309663,-0.133612,0.17631,-1.248046,-0.053934,-0.060617,-0.254641,-0.134273,-0.270058,0.008321,-0.643843,0.486767,-0.726926,0.555407,-0.097754,-0.438316,-0.427768,-0.618599,-0.432448,-0.015362,0.108196,-0.619413,0.360306,-0.148815,0.228739,-0.067511,-0.170153
2281,"Takahashi, Mikako",staff_132,0.013116,-0.065175,0.062729,-0.225087,-0.010468,0.12671,0.25266,-0.073971,0.236091,0.017444,-0.15718,0.039372,0.198103,0.043629,0.000936,-0.384119,0.292993,0.102717,0.164259,-0.024409,0.232348,-0.054935,-0.22854,-0.059674,0.106157,0.298754,-0.499868,0.096438,-0.147491,0.13147,-0.422469,0.043789,0.254663,-0.337313,0.448443,-0.244801,-0.013777,-0.001927,-0.210755,0.096931,0.063969,0.093315,0.447264,-0.256352,-0.086926,-0.293504,0.072462,-0.326994,0.108559,0.302308,-0.094871,-0.017782,0.229958,0.246519,0.034609,-0.39639,0.340403,0.07565,-0.106192,0.287932,-0.238788,-0.078738,0.144228,-0.200825
2282,"Fukami, Rica",staff_436,-0.047207,-0.117048,0.145966,-0.150164,-0.068813,0.097491,0.258999,0.077679,0.273899,0.087224,-0.268341,0.035555,0.182847,0.13709,-0.03937,-0.509127,0.39295,0.188925,0.202936,-0.049442,0.219882,0.022391,-0.348961,0.02586,0.045871,0.281691,-0.56984,0.030929,-0.037469,0.038477,-0.376195,0.055473,0.232572,-0.412515,0.42911,-0.288077,-0.037613,-0.12642,-0.31917,0.240039,-0.022307,0.106741,0.596673,-0.19751,-0.158264,-0.155079,0.217665,-0.454358,0.05385,0.376588,-0.027757,-0.051172,0.223413,0.133001,0.071013,-0.501881,0.35444,0.007638,0.008581,0.250882,-0.240871,-0.112616,0.183896,-0.178713
2283,"Takato, Yasuhiro",staff_752,-0.047207,-0.117048,0.145966,-0.150164,-0.068813,0.097491,0.258999,0.077679,0.273899,0.087224,-0.268341,0.035555,0.182847,0.13709,-0.03937,-0.509127,0.39295,0.188925,0.202936,-0.049442,0.219882,0.022391,-0.348961,0.02586,0.045871,0.281691,-0.56984,0.030929,-0.037469,0.038477,-0.376195,0.055473,0.232572,-0.412515,0.42911,-0.288077,-0.037613,-0.12642,-0.31917,0.240039,-0.022307,0.106741,0.596673,-0.19751,-0.158264,-0.155079,0.217665,-0.454358,0.05385,0.376588,-0.027757,-0.051172,0.223413,0.133001,0.071013,-0.501881,0.35444,0.007638,0.008581,0.250882,-0.240871,-0.112616,0.183896,-0.178713
2284,"Tomizawa, Michie",staff_437,-0.032487,-0.090238,0.126395,-0.16338,-0.065338,0.100881,0.243164,0.024959,0.285832,0.0623,-0.230177,0.042627,0.207687,0.122974,-0.054746,-0.455157,0.372509,0.160232,0.188904,-0.043365,0.240293,0.000116,-0.299774,-0.016094,0.062394,0.27512,-0.53714,0.057862,-0.091078,0.068255,-0.383389,0.057324,0.212099,-0.381027,0.418631,-0.258329,-0.016905,-0.079117,-0.272006,0.194059,0.006899,0.110925,0.531323,-0.194853,-0.152786,-0.196244,0.164681,-0.429265,0.056184,0.365188,-0.047972,-0.01013,0.232292,0.158819,0.055355,-0.469303,0.361591,0.042881,-0.036877,0.266076,-0.247039,-0.106168,0.175122,-0.187492
2285,"Shinohara, Emi",staff_438,0.029284,-0.108728,0.079526,-0.186661,-0.010788,0.11888,0.211019,-0.050035,0.234839,0.089504,-0.160553,0.054801,0.157856,0.044771,-0.037026,-0.420849,0.296898,0.088102,0.150821,-0.028557,0.207327,0.007808,-0.248671,-0.089936,0.080075,0.268501,-0.522535,0.105245,-0.132278,0.125538,-0.380656,0.064505,0.241521,-0.389706,0.398972,-0.243582,0.020616,-0.022146,-0.250839,0.170118,0.070772,0.076296,0.44888,-0.240298,-0.065506,-0.243598,0.111469,-0.371158,0.074255,0.276328,-0.091511,-0.042794,0.170373,0.222347,0.028255,-0.397976,0.276764,0.072744,-0.080575,0.252764,-0.241708,-0.051795,0.123611,-0.182843
2286,"Han, Keiko",staff_760,-0.047207,-0.117048,0.145966,-0.150164,-0.068813,0.097491,0.258999,0.077679,0.273899,0.087224,-0.268341,0.035555,0.182847,0.13709,-0.03937,-0.509127,0.39295,0.188925,0.202936,-0.049442,0.219882,0.022391,-0.348961,0.02586,0.045871,0.281691,-0.56984,0.030929,-0.037469,0.038477,-0.376195,0.055473,0.232572,-0.412515,0.42911,-0.288077,-0.037613,-0.12642,-0.31917,0.240039,-0.022307,0.106741,0.596673,-0.19751,-0.158264,-0.155079,0.217665,-0.454358,0.05385,0.376588,-0.027757,-0.051172,0.223413,0.133001,0.071013,-0.501881,0.35444,0.007638,0.008581,0.250882,-0.240871,-0.112616,0.183896,-0.178713
2288,"Naya, Gorou",staff_528,-0.027358,-0.061643,0.096666,-0.24064,-0.008068,0.137117,0.272627,-0.058977,0.292227,0.10115,-0.172483,0.064216,0.110588,-0.00191,0.022546,-0.432025,0.327704,0.108702,0.157308,0.034172,0.234612,0.011761,-0.219591,-0.093783,0.09284,0.255354,-0.456923,0.06992,-0.12092,0.115655,-0.455581,0.009581,0.281508,-0.47135,0.411358,-0.301159,0.000901,-0.010072,-0.254308,0.165649,0.10325,0.125453,0.441389,-0.259276,-0.078117,-0.275525,0.15976,-0.368682,0.137443,0.208567,-0.046037,-0.09342,0.212659,0.243316,0.026809,-0.359532,0.242245,0.113559,-0.037441,0.290823,-0.224065,-0.085269,0.153406,-0.135545
2289,"Shimamoto, Sumi",staff_425,0.043826,-0.100851,0.067842,-0.285449,0.004151,0.219529,0.213037,-0.144689,0.254421,0.122499,-0.143121,0.087543,0.115544,-0.017776,0.036732,-0.357944,0.265554,0.052423,0.131867,0.020644,0.247523,0.017564,-0.217877,-0.141821,0.155654,0.27835,-0.456087,0.134778,-0.18855,0.235791,-0.436855,0.037467,0.276725,-0.372537,0.392023,-0.228293,0.072523,0.011366,-0.157519,0.126289,0.147545,0.066252,0.38052,-0.282465,-0.020706,-0.338668,0.064723,-0.304992,0.103557,0.240628,-0.082637,-0.027227,0.182372,0.271282,-0.008394,-0.322809,0.218286,0.146481,-0.14926,0.238905,-0.217893,-0.063482,0.097304,-0.177775
2290,"Saitou, Yuka",staff_8476,0.056704,-0.104497,0.002575,-0.286378,0.048762,0.249357,0.204324,-0.212333,0.204668,0.098285,-0.100701,0.077696,0.162335,-0.039819,0.02487,-0.26023,0.22502,-0.012953,0.117743,0.010653,0.269359,-0.013288,-0.179625,-0.157879,0.162243,0.305133,-0.448195,0.163383,-0.242488,0.303264,-0.439169,0.072112,0.286963,-0.292264,0.392427,-0.211741,0.108813,0.028321,-0.10586,0.057594,0.170978,0.018972,0.362279,-0.301669,0.004474,-0.402261,0.001344,-0.259353,0.092158,0.269602,-0.087427,0.043123,0.161998,0.300701,-0.055165,-0.292243,0.257745,0.12273,-0.220523,0.232997,-0.24758,-0.054618,0.108621,-0.224302
2291,"Kobayashi, Ai",staff_1019,0.100936,-0.072857,0.094044,-0.295639,-0.043954,0.229605,0.176395,-0.199654,0.291387,0.106247,-0.111981,0.091871,0.158378,0.022735,0.019341,-0.341509,0.250091,0.04126,0.118582,0.033626,0.281791,0.025533,-0.200738,-0.180731,0.200934,0.269672,-0.452061,0.161691,-0.248423,0.26203,-0.420085,0.027293,0.219934,-0.336036,0.379004,-0.169425,0.126179,0.055013,-0.080661,0.080175,0.185232,0.069907,0.295066,-0.240348,-0.005453,-0.349728,-0.006377,-0.295438,0.095023,0.238013,-0.11778,0.047048,0.210777,0.277619,-0.013612,-0.307824,0.233044,0.232063,-0.215652,0.226663,-0.183644,-0.060903,0.078835,-0.207096
2292,"Ogihara, Hideki",staff_985,0.070005,-0.142698,0.111318,-0.318532,-0.027547,0.265933,0.17525,-0.200611,0.294824,0.125502,-0.141667,0.110053,0.116206,-0.040873,0.037143,-0.354787,0.222912,0.068783,0.161862,0.013728,0.266527,0.052911,-0.252485,-0.157368,0.229381,0.275551,-0.475057,0.149453,-0.231077,0.286184,-0.41689,0.037221,0.219162,-0.352804,0.375272,-0.200409,0.110555,0.061206,-0.115921,0.135524,0.210289,0.071829,0.327239,-0.255669,0.036359,-0.356204,0.02975,-0.321257,0.099716,0.229832,-0.081893,-0.008947,0.172227,0.253074,-0.027064,-0.292752,0.19733,0.238704,-0.171006,0.209857,-0.196642,-0.042201,0.058113,-0.210877
2293,"Kizaki, Fuminori",staff_12199,-0.038348,-0.43865,-0.389238,0.011136,0.253989,-0.074245,0.533501,-0.321543,0.259434,-0.089654,0.523224,1.20463,0.643678,-0.154786,-1.08443,-0.494329,0.004007,0.797118,-0.017644,0.108199,0.400959,0.287343,0.184984,0.31958,0.412731,-0.186558,0.166209,0.28792,0.227481,-0.415499,0.409585,-0.370472,0.369292,0.23834,-0.26736,0.431828,-0.372842,-0.28068,-0.033725,0.125973,-1.287179,0.085337,-0.053043,-0.131067,-0.282055,-0.320367,-0.16813,-0.788522,0.543117,-0.698674,0.40783,-0.106324,-0.370478,-0.434589,-0.582024,-0.410149,-0.123789,-0.026294,-0.52784,0.250851,-0.060413,0.294708,-0.047092,-0.145656
2294,"Kurihara, Manabu",staff_31763,-0.188456,-0.401133,-0.31835,-0.048733,0.336693,-0.089603,0.534086,-0.310638,0.266673,-0.145041,0.668435,1.122056,0.697896,-0.074519,-0.89838,-0.51693,-0.041915,0.925891,-0.167471,0.128697,0.457434,0.40539,0.087018,0.350324,0.415072,-0.258325,0.14578,0.300587,0.319914,-0.329441,0.336697,-0.538877,0.249753,0.316998,-0.272396,0.539049,-0.214791,-0.336035,-0.099575,0.24405,-1.233973,-0.141159,-0.267425,-0.04228,-0.061856,-0.171596,-0.051891,-0.739754,0.657934,-0.725922,0.535594,-0.059421,-0.31886,-0.430199,-0.575252,-0.415771,-0.214712,-0.02738,-0.575542,0.225379,-0.056907,0.43736,0.013941,-0.121387
2295,"Nagai, Arata",staff_44638,0.115218,-0.070447,0.010843,-0.235937,0.046491,0.227016,0.168627,-0.182092,0.203175,0.120547,-0.128563,0.058339,0.172225,0.029119,-0.021892,-0.282731,0.274874,-0.012815,0.106245,0.000276,0.253867,0.038384,-0.201342,-0.155829,0.148586,0.313083,-0.466486,0.167027,-0.23949,0.251753,-0.441252,0.026105,0.310552,-0.339965,0.392907,-0.176773,0.130486,-0.010948,-0.078368,0.032056,0.198828,-0.008856,0.353498,-0.239749,0.012059,-0.347823,-0.025757,-0.269654,0.051323,0.264831,-0.083349,0.019339,0.172269,0.29445,-0.032293,-0.316785,0.253471,0.118922,-0.250352,0.187494,-0.213071,-0.022662,0.062556,-0.239479
2297,"Takada, Misato",staff_63502,-0.210297,-0.315342,-0.364061,-0.016746,0.323014,-0.088376,0.510211,-0.293307,0.315298,-0.113001,0.671125,1.07942,0.755069,-0.118136,-0.869531,-0.492301,-0.053757,0.926756,-0.206811,0.170366,0.447153,0.377032,0.064881,0.326793,0.38835,-0.307547,0.155324,0.260997,0.303102,-0.313474,0.386619,-0.514814,0.288723,0.281613,-0.33453,0.585112,-0.20874,-0.277458,-0.096526,0.205426,-1.260795,-0.129612,-0.310164,-0.031521,-0.108434,-0.236994,-0.052632,-0.734813,0.671102,-0.709172,0.501939,-0.043262,-0.301929,-0.48487,-0.505793,-0.361102,-0.252773,0.025693,-0.546327,0.223834,0.009479,0.388184,-0.006366,-0.054578
2299,"Saitou, Momoko",staff_172,0.033171,-0.062808,0.038302,-0.260933,-0.026194,0.1569,0.177065,-0.054378,0.251327,0.062955,-0.202646,0.12253,0.090673,0.040755,-0.001738,-0.415826,0.264123,0.125134,0.103974,0.01145,0.099668,-0.009308,-0.218654,-0.170309,0.117595,0.26132,-0.502324,0.174765,-0.197155,0.193911,-0.438796,0.061823,0.27413,-0.313411,0.39451,-0.176514,-0.003785,-0.055254,-0.255497,0.139909,0.115702,0.098733,0.425962,-0.331498,-0.089261,-0.344724,0.083158,-0.286353,0.073539,0.257551,-0.09104,-0.095534,0.15533,0.213986,0.066699,-0.368471,0.260819,0.108285,-0.085589,0.233652,-0.146552,-0.01595,0.081621,-0.143076
2300,"Kondou, Yoshifumi",staff_6820,-0.334245,-0.522814,-0.327443,0.12846,0.353193,-0.037216,0.590737,-0.372081,0.373681,-0.147614,0.62669,1.168976,0.616762,-0.018912,-1.192082,-0.488641,0.158862,0.814799,-0.101504,-0.00598,0.287427,0.31165,0.033834,0.164053,0.479173,-0.151696,0.031423,0.223752,0.082877,-0.442725,0.417007,-0.336375,0.342725,0.219213,-0.198408,0.266697,-0.500505,-0.253168,-0.076822,0.243967,-1.343399,-0.089892,-0.031956,-0.23775,-0.164356,-0.386666,0.031953,-0.793468,0.55773,-0.794097,0.522409,-0.141667,-0.370687,-0.260117,-0.684955,-0.528323,-0.129581,0.02654,-0.559933,0.362924,-0.234298,0.266714,-0.167435,-0.187928
2301,"Takahashi, Issei",staff_432,-0.127354,0.007494,0.088696,-0.23168,0.027374,0.099418,0.309108,0.030092,0.342208,0.102045,-0.249476,0.059081,0.083717,-0.020461,-0.00201,-0.389383,0.440569,0.154573,0.175013,-0.001204,0.27339,0.021074,-0.200672,-0.094869,0.02965,0.259407,-0.408747,0.015203,-0.075562,0.028474,-0.539108,-0.053196,0.331735,-0.530079,0.434828,-0.34596,-0.115018,-0.029765,-0.275654,0.190528,0.081615,0.197636,0.49546,-0.230335,-0.179275,-0.242273,0.194995,-0.387437,0.098672,0.232163,0.025669,-0.164554,0.271529,0.241435,0.077763,-0.389946,0.248009,0.055203,0.027152,0.357217,-0.28384,-0.086737,0.169695,-0.064
2302,"Honna, Youko",staff_769,-0.127354,0.007494,0.088696,-0.23168,0.027374,0.099418,0.309108,0.030092,0.342208,0.102045,-0.249476,0.059081,0.083717,-0.020461,-0.00201,-0.389383,0.440569,0.154573,0.175013,-0.001204,0.27339,0.021074,-0.200672,-0.094869,0.02965,0.259407,-0.408747,0.015203,-0.075562,0.028474,-0.539108,-0.053196,0.331735,-0.530079,0.434828,-0.34596,-0.115018,-0.029765,-0.275654,0.190528,0.081615,0.197636,0.49546,-0.230335,-0.179275,-0.242273,0.194995,-0.387437,0.098672,0.232163,0.025669,-0.164554,0.271529,0.241435,0.077763,-0.389946,0.248009,0.055203,0.027152,0.357217,-0.28384,-0.086737,0.169695,-0.064
2303,"Iguchi, Yuuichi",staff_10064,0.016015,-0.061547,0.062239,-0.179678,0.001613,0.101826,0.217966,-0.064793,0.246562,0.045615,-0.147781,0.05946,0.173499,0.047132,-0.05861,-0.385308,0.305878,0.084342,0.139775,-0.007936,0.188413,-0.0409,-0.19567,-0.103731,0.066295,0.246462,-0.473352,0.135728,-0.167868,0.125024,-0.407945,0.061773,0.251382,-0.38532,0.411626,-0.217772,0.014408,-0.011708,-0.257141,0.131877,0.071442,0.092294,0.429989,-0.246704,-0.088093,-0.275816,0.105114,-0.368924,0.101309,0.279606,-0.093429,-0.039489,0.192197,0.229231,0.0278,-0.388042,0.305265,0.073257,-0.089916,0.282839,-0.241555,-0.063457,0.124093,-0.16594
2304,"Kadowaki, Mai",staff_117,0.075809,-0.061645,0.101619,-0.258384,-0.041561,0.153165,0.190861,-0.073389,0.239751,0.059238,-0.171202,0.061676,0.158676,0.058611,0.032291,-0.422284,0.292064,0.084422,0.123871,-0.025214,0.23913,0.006115,-0.22824,-0.079116,0.144683,0.272294,-0.514385,0.127844,-0.165291,0.158235,-0.38329,0.032098,0.253211,-0.361537,0.414796,-0.194593,0.058771,-0.004547,-0.166439,0.128317,0.089035,0.120083,0.400655,-0.234275,-0.045455,-0.254048,0.050051,-0.329598,0.06797,0.287951,-0.124059,-0.038981,0.204799,0.222957,0.058467,-0.370638,0.299963,0.149779,-0.126745,0.220087,-0.16868,-0.052175,0.10693,-0.189593
2305,"Hara, Yuuko",staff_29295,0.047784,-0.114898,-0.007438,-0.323797,0.046116,0.285501,0.23619,-0.225873,0.189296,0.080485,-0.108167,0.061945,0.179916,-0.045559,0.072869,-0.250819,0.210692,-0.00822,0.131511,0.00574,0.304342,-0.028841,-0.210097,-0.117032,0.198715,0.34923,-0.463915,0.135607,-0.23197,0.323269,-0.448375,0.065082,0.297456,-0.251389,0.420935,-0.232204,0.099528,0.023196,-0.064553,0.029412,0.160072,0.010095,0.38327,-0.321268,0.008356,-0.428742,-0.01635,-0.221109,0.103439,0.296979,-0.081583,0.069448,0.183868,0.312351,-0.064047,-0.296451,0.286248,0.110334,-0.243094,0.229512,-0.243385,-0.076142,0.131806,-0.258958
2306,"Fujisaku, Junichi",staff_5423,-0.162629,-0.359362,-0.396937,-0.085444,0.395631,-0.0479,0.498126,-0.275333,0.289943,-0.201093,0.708328,1.104785,0.73908,-0.157324,-0.849053,-0.548927,0.070229,0.798689,-0.161447,0.119419,0.399106,0.304745,0.10567,0.352482,0.388188,-0.287094,0.207682,0.314847,0.36937,-0.44854,0.332617,-0.546766,0.264462,0.280376,-0.302078,0.621065,-0.195011,-0.313317,-0.045635,0.238124,-1.244703,-0.166914,-0.291771,-0.051776,-0.082751,-0.246849,-0.005912,-0.789965,0.590852,-0.742163,0.552915,-0.115894,-0.293684,-0.455766,-0.634413,-0.487543,-0.21679,-0.026586,-0.544927,0.183831,-0.072336,0.491221,-0.0593,-0.170528
2308,"Yoshioka, Mayu",staff_24273,0.045912,-0.053523,0.01156,-0.236484,0.05494,0.174772,0.213278,-0.126977,0.212975,0.094532,-0.135457,0.059976,0.145929,-0.001071,-0.010471,-0.301511,0.290217,0.020223,0.108467,-0.005025,0.237516,-0.007953,-0.173413,-0.149369,0.098845,0.290486,-0.447583,0.140567,-0.19469,0.19839,-0.453643,0.031297,0.314444,-0.361209,0.408791,-0.218853,0.046075,0.000683,-0.155768,0.078153,0.128896,0.054028,0.389658,-0.272911,-0.047738,-0.334296,0.031969,-0.284427,0.076424,0.259494,-0.084903,-0.025084,0.18699,0.295043,-0.000543,-0.335997,0.255855,0.077922,-0.171911,0.258158,-0.246025,-0.042926,0.103096,-0.176792
2309,"Hasegawa, Yoshiaki",staff_30495,0.052661,-0.109483,-0.00579,-0.285486,0.059799,0.243049,0.212508,-0.208502,0.191864,0.091229,-0.098492,0.073612,0.159449,-0.049564,0.030699,-0.265368,0.218784,-0.011334,0.119597,0.008014,0.259479,-0.022966,-0.182695,-0.147756,0.158853,0.312143,-0.454146,0.15838,-0.233138,0.29566,-0.436369,0.07359,0.295724,-0.2948,0.398999,-0.220289,0.097113,0.026374,-0.116963,0.057917,0.16147,0.017298,0.371482,-0.313884,0.008389,-0.405056,0.00471,-0.252516,0.098416,0.265875,-0.088351,0.029212,0.156487,0.305744,-0.054683,-0.294015,0.259222,0.107761,-0.214014,0.235408,-0.249532,-0.053517,0.110693,-0.226
2311,"Yukinari, Toa",staff_13551,-0.021202,0.004999,0.114497,-0.189965,-0.040059,0.134596,0.243225,-0.032911,0.312457,0.028909,-0.225531,0.072,0.183919,0.129713,-0.050211,-0.385678,0.386695,0.140808,0.143353,0.039905,0.187129,-0.057566,-0.201635,-0.064286,0.071454,0.223614,-0.412692,0.146557,-0.175756,0.130977,-0.467262,0.0274,0.278689,-0.382388,0.443675,-0.17913,0.022976,-0.082296,-0.252663,0.11299,0.047349,0.121957,0.483547,-0.224605,-0.161479,-0.284989,0.146807,-0.402879,0.119647,0.35864,-0.044446,-0.023323,0.279329,0.181348,0.043031,-0.420407,0.361023,0.087517,-0.089978,0.27783,-0.192668,-0.136071,0.138283,-0.135037
2312,"Iwanaga, Hiroaki",staff_13553,-0.025578,-0.001251,0.113812,-0.182967,-0.03566,0.121115,0.246476,-0.024885,0.30721,0.02763,-0.225272,0.067905,0.188614,0.12797,-0.056063,-0.393034,0.387175,0.145106,0.149219,0.031186,0.185646,-0.059583,-0.207416,-0.05942,0.062822,0.227574,-0.42613,0.138701,-0.165756,0.118773,-0.46028,0.03348,0.274742,-0.385296,0.442694,-0.188367,0.012652,-0.081645,-0.266165,0.122017,0.040297,0.122481,0.491073,-0.224434,-0.161614,-0.27723,0.151065,-0.408081,0.116659,0.358877,-0.043104,-0.0267,0.274416,0.180083,0.044156,-0.426746,0.36397,0.078464,-0.079051,0.283458,-0.200089,-0.13381,0.144621,-0.135799
2313,"Mizuhara, Kaoru",staff_579,-0.025578,-0.001251,0.113812,-0.182967,-0.03566,0.121115,0.246476,-0.024885,0.30721,0.02763,-0.225272,0.067905,0.188614,0.12797,-0.056063,-0.393034,0.387175,0.145106,0.149219,0.031186,0.185646,-0.059583,-0.207416,-0.05942,0.062822,0.227574,-0.42613,0.138701,-0.165756,0.118773,-0.46028,0.03348,0.274742,-0.385296,0.442694,-0.188367,0.012652,-0.081645,-0.266165,0.122017,0.040297,0.122481,0.491073,-0.224434,-0.161614,-0.27723,0.151065,-0.408081,0.116659,0.358877,-0.043104,-0.0267,0.274416,0.180083,0.044156,-0.426746,0.36397,0.078464,-0.079051,0.283458,-0.200089,-0.13381,0.144621,-0.135799
2315,"Nigorikawa, Atsushi",staff_38857,-0.229646,-0.453316,-0.29235,0.011369,0.381281,-0.074834,0.535002,-0.354941,0.316022,-0.184606,0.62543,1.127144,0.626669,-0.050049,-1.069937,-0.528892,0.041481,0.874423,-0.144196,0.049364,0.372645,0.383393,0.080911,0.261724,0.451906,-0.142806,0.101472,0.295384,0.215058,-0.362855,0.353576,-0.453021,0.252945,0.272909,-0.241544,0.411786,-0.369457,-0.294172,-0.088631,0.238156,-1.264318,-0.092792,-0.132176,-0.164346,-0.090988,-0.235785,0.001112,-0.730645,0.63066,-0.745212,0.529396,-0.124092,-0.344043,-0.37837,-0.676693,-0.453291,-0.110415,0.019271,-0.572146,0.331009,-0.138073,0.373986,-0.092809,-0.136658
2316,"Nagano, Yuki",staff_44244,0.039164,0.002437,0.02891,-0.187482,0.050082,0.106494,0.214048,-0.045452,0.234086,0.097833,-0.172422,0.04634,0.132409,0.047421,-0.051642,-0.337654,0.36165,0.05178,0.097336,-0.018064,0.215553,0.007061,-0.164131,-0.150983,0.038837,0.268829,-0.441019,0.122753,-0.156243,0.10112,-0.470916,-0.010995,0.333163,-0.427617,0.418583,-0.217416,-0.004963,-0.025008,-0.194574,0.098388,0.096322,0.090757,0.407835,-0.231938,-0.103864,-0.263537,0.059228,-0.316339,0.054434,0.253113,-0.081455,-0.079381,0.217494,0.284343,0.053597,-0.377979,0.252489,0.048082,-0.129807,0.280909,-0.242517,-0.032335,0.095499,-0.127585
2317,"Inoue, Kikuko",staff_195,0.06337,-0.101716,0.010245,-0.299529,0.035459,0.257088,0.213458,-0.21535,0.208024,0.088117,-0.103847,0.070822,0.169285,-0.034544,0.039606,-0.269462,0.222884,-0.005066,0.120657,0.009391,0.285114,-0.016151,-0.192353,-0.147081,0.179789,0.316223,-0.455745,0.153642,-0.24029,0.299554,-0.438712,0.063559,0.281097,-0.282392,0.40474,-0.210022,0.103777,0.034284,-0.086978,0.047496,0.167596,0.024385,0.358823,-0.301129,0.004569,-0.404113,-0.011673,-0.246113,0.096963,0.274632,-0.094135,0.0522,0.177622,0.303609,-0.050247,-0.297937,0.266422,0.132671,-0.229866,0.232862,-0.237283,-0.062548,0.11199,-0.235956
2318,"Kouda, Mariko",staff_275,0.066754,-0.105363,0.032445,-0.298778,0.014633,0.265412,0.16437,-0.192073,0.239054,0.098858,-0.144068,0.106994,0.136667,-0.019711,0.022221,-0.276042,0.230815,0.028752,0.115171,0.000623,0.239648,0.014611,-0.205726,-0.176996,0.1844,0.288462,-0.463676,0.18387,-0.252967,0.313432,-0.437894,0.062562,0.266349,-0.262264,0.387684,-0.171434,0.096409,0.023898,-0.104902,0.079703,0.182433,0.044465,0.360866,-0.288901,-0.003789,-0.39473,-0.011921,-0.265033,0.059528,0.291305,-0.085157,0.021804,0.168897,0.266982,-0.02684,-0.303508,0.247445,0.160543,-0.213319,0.211165,-0.213682,-0.034992,0.069205,-0.209392
2319,"Kozakura, Etsuko",staff_782,0.06337,-0.101716,0.010245,-0.299529,0.035459,0.257088,0.213458,-0.21535,0.208024,0.088117,-0.103847,0.070822,0.169285,-0.034544,0.039606,-0.269462,0.222884,-0.005066,0.120657,0.009391,0.285114,-0.016151,-0.192353,-0.147081,0.179789,0.316223,-0.455745,0.153642,-0.24029,0.299554,-0.438712,0.063559,0.281097,-0.282392,0.40474,-0.210022,0.103777,0.034284,-0.086978,0.047496,0.167596,0.024385,0.358823,-0.301129,0.004569,-0.404113,-0.011673,-0.246113,0.096963,0.274632,-0.094135,0.0522,0.177622,0.303609,-0.050247,-0.297937,0.266422,0.132671,-0.229866,0.232862,-0.237283,-0.062548,0.11199,-0.235956
2320,"Yokoyama, Chisa",staff_904,0.06337,-0.101716,0.010245,-0.299529,0.035459,0.257088,0.213458,-0.21535,0.208024,0.088117,-0.103847,0.070822,0.169285,-0.034544,0.039606,-0.269462,0.222884,-0.005066,0.120657,0.009391,0.285114,-0.016151,-0.192353,-0.147081,0.179789,0.316223,-0.455745,0.153642,-0.24029,0.299554,-0.438712,0.063559,0.281097,-0.282392,0.40474,-0.210022,0.103777,0.034284,-0.086978,0.047496,0.167596,0.024385,0.358823,-0.301129,0.004569,-0.404113,-0.011673,-0.246113,0.096963,0.274632,-0.094135,0.0522,0.177622,0.303609,-0.050247,-0.297937,0.266422,0.132671,-0.229866,0.232862,-0.237283,-0.062548,0.11199,-0.235956
2321,"Sakuma, Rei",staff_1111,0.06337,-0.101716,0.010245,-0.299529,0.035459,0.257088,0.213458,-0.21535,0.208024,0.088117,-0.103847,0.070822,0.169285,-0.034544,0.039606,-0.269462,0.222884,-0.005066,0.120657,0.009391,0.285114,-0.016151,-0.192353,-0.147081,0.179789,0.316223,-0.455745,0.153642,-0.24029,0.299554,-0.438712,0.063559,0.281097,-0.282392,0.40474,-0.210022,0.103777,0.034284,-0.086978,0.047496,0.167596,0.024385,0.358823,-0.301129,0.004569,-0.404113,-0.011673,-0.246113,0.096963,0.274632,-0.094135,0.0522,0.177622,0.303609,-0.050247,-0.297937,0.266422,0.132671,-0.229866,0.232862,-0.237283,-0.062548,0.11199,-0.235956
2322,"Kitaoka, Chiharu",staff_8929,0.06337,-0.101716,0.010245,-0.299529,0.035459,0.257088,0.213458,-0.21535,0.208024,0.088117,-0.103847,0.070822,0.169285,-0.034544,0.039606,-0.269462,0.222884,-0.005066,0.120657,0.009391,0.285114,-0.016151,-0.192353,-0.147081,0.179789,0.316223,-0.455745,0.153642,-0.24029,0.299554,-0.438712,0.063559,0.281097,-0.282392,0.40474,-0.210022,0.103777,0.034284,-0.086978,0.047496,0.167596,0.024385,0.358823,-0.301129,0.004569,-0.404113,-0.011673,-0.246113,0.096963,0.274632,-0.094135,0.0522,0.177622,0.303609,-0.050247,-0.297937,0.266422,0.132671,-0.229866,0.232862,-0.237283,-0.062548,0.11199,-0.235956
2323,"Yoshida, Risako",staff_49733,-0.226162,-0.304685,-0.374003,0.043474,0.310235,-0.050641,0.491038,-0.307659,0.302285,-0.095059,0.675702,1.135028,0.741417,-0.064638,-0.878069,-0.507613,-0.082112,0.904761,-0.231315,0.175124,0.466887,0.325664,0.05771,0.332574,0.386157,-0.315156,0.107404,0.256126,0.283505,-0.288573,0.339936,-0.499736,0.248905,0.264459,-0.333829,0.550925,-0.244236,-0.224727,-0.095963,0.169651,-1.21889,-0.125344,-0.333269,-0.010219,-0.043675,-0.22647,-0.115014,-0.785816,0.677588,-0.72773,0.456433,-0.07944,-0.268315,-0.418757,-0.484288,-0.398852,-0.254578,0.028219,-0.488123,0.225137,0.002119,0.3686,-0.033838,-0.097764
2326,"Ouyang, Shixuan",staff_63077,-0.270189,-0.394154,-0.314632,-0.007534,0.311764,-0.15666,0.492665,-0.281906,0.425237,-0.147103,0.665914,1.16056,0.656986,-0.068212,-1.041564,-0.439095,0.087514,0.884174,-0.177512,0.020289,0.296303,0.340403,0.032508,0.188052,0.444608,-0.249114,0.157416,0.244251,0.216112,-0.382934,0.378152,-0.458858,0.253858,0.272286,-0.226772,0.505672,-0.316594,-0.34048,-0.155335,0.294669,-1.276795,-0.111412,-0.174018,-0.203362,-0.169219,-0.289433,-0.009427,-0.684681,0.656404,-0.68324,0.526708,-0.154738,-0.402902,-0.399575,-0.634667,-0.370011,-0.129888,0.029573,-0.536669,0.323137,-0.11847,0.40222,-0.07175,-0.102486
2327,"Hiiragi, Yuuka",staff_63796,0.004365,0.057741,0.105668,-0.242202,0.031124,0.179198,0.21678,-0.077908,0.344414,0.032686,-0.240059,0.099267,0.102446,0.058984,-0.059216,-0.279727,0.380589,0.112822,0.119476,0.024776,0.177597,-0.03603,-0.160764,-0.126774,0.09589,0.205992,-0.367693,0.171731,-0.211262,0.196607,-0.533949,-0.042673,0.344809,-0.374161,0.448394,-0.170214,0.004884,0.002717,-0.210293,0.085698,0.141681,0.149316,0.412359,-0.225008,-0.117135,-0.326816,0.08139,-0.371602,0.094652,0.331763,-0.007036,-0.085104,0.275608,0.239007,0.027282,-0.362747,0.292113,0.139503,-0.109592,0.271941,-0.185387,-0.060988,0.063054,-0.077016
2328,"Hirahata, Shigeki",staff_91636,0.004365,0.057741,0.105668,-0.242202,0.031124,0.179198,0.21678,-0.077908,0.344414,0.032686,-0.240059,0.099267,0.102446,0.058984,-0.059216,-0.279727,0.380589,0.112822,0.119476,0.024776,0.177597,-0.03603,-0.160764,-0.126774,0.09589,0.205992,-0.367693,0.171731,-0.211262,0.196607,-0.533949,-0.042673,0.344809,-0.374161,0.448394,-0.170214,0.004884,0.002717,-0.210293,0.085698,0.141681,0.149316,0.412359,-0.225008,-0.117135,-0.326816,0.08139,-0.371602,0.094652,0.331763,-0.007036,-0.085104,0.275608,0.239007,0.027282,-0.362747,0.292113,0.139503,-0.109592,0.271941,-0.185387,-0.060988,0.063054,-0.077016
2329,"Ootsuki, Atsushi",staff_16707,-0.121375,-0.369171,-0.335207,0.015309,0.39449,-0.024322,0.458742,-0.304202,0.278281,-0.214129,0.615299,1.160723,0.641587,-0.113759,-0.972735,-0.580265,0.013658,0.778169,-0.144414,0.057541,0.390191,0.277551,0.141174,0.32733,0.429178,-0.191632,0.123663,0.379225,0.295407,-0.401747,0.29765,-0.468567,0.214104,0.248432,-0.26498,0.523218,-0.318853,-0.27102,-0.040407,0.176231,-1.163574,-0.086787,-0.223041,-0.11343,-0.036007,-0.230348,-0.06279,-0.762081,0.607596,-0.748849,0.485726,-0.198608,-0.276127,-0.396588,-0.663645,-0.502725,-0.114296,0.001539,-0.505771,0.25546,-0.10162,0.448267,-0.114873,-0.21355
2331,"Xiong, Ke",staff_46335,-0.219807,-0.328762,-0.352847,-0.071597,0.267727,-0.234284,0.434445,-0.260198,0.378368,-0.10677,0.672657,1.113873,0.662176,-0.124388,-0.920808,-0.431279,0.019569,0.873198,-0.157177,0.092652,0.297412,0.321042,0.107684,0.206538,0.387732,-0.354826,0.275575,0.251554,0.36845,-0.401992,0.460175,-0.523124,0.290965,0.330425,-0.187036,0.54827,-0.241197,-0.433836,-0.25698,0.339411,-1.283364,0.007179,-0.145336,-0.162856,-0.251949,-0.311129,-0.070837,-0.727045,0.681367,-0.677055,0.475052,-0.090567,-0.445252,-0.404268,-0.57731,-0.331514,-0.169138,0.009853,-0.469609,0.23361,-0.030089,0.504063,-0.043493,-0.141055
2332,"Yonebayashi, Hiromasa",staff_9595,-0.247976,-0.305479,-0.350984,-0.025715,0.452055,-0.078609,0.542417,-0.381889,0.296766,-0.203956,0.63632,0.944926,0.746354,-0.108111,-0.974293,-0.569776,0.112922,0.853934,-0.272645,0.210813,0.367175,0.405462,0.047188,0.338528,0.425982,-0.095555,0.208472,0.253491,0.309642,-0.451069,0.448286,-0.442651,0.310737,0.269013,-0.289479,0.503958,-0.226924,-0.295457,-0.115025,0.208056,-1.416184,0.050412,-0.106942,-0.198936,-0.169807,-0.240463,0.079233,-0.718132,0.495269,-0.772182,0.47798,0.070844,-0.292997,-0.510578,-0.685431,-0.41741,-0.092265,0.039164,-0.516794,0.242219,-0.055932,0.358847,-0.215687,-0.046539
2333,"Satou, Tatsuo",staff_5391,-0.202378,-0.331774,-0.351287,-0.003853,0.326338,-0.084752,0.503389,-0.307271,0.311048,-0.129275,0.665667,1.088905,0.723965,-0.121978,-0.881357,-0.50983,-0.04568,0.898436,-0.189033,0.141776,0.428224,0.362606,0.059291,0.328911,0.38068,-0.294718,0.130782,0.288068,0.300645,-0.31108,0.380857,-0.513724,0.280016,0.276838,-0.311449,0.572494,-0.223402,-0.276215,-0.097767,0.209169,-1.228112,-0.132707,-0.310286,-0.037997,-0.086678,-0.223648,-0.048015,-0.742496,0.685338,-0.719519,0.491311,-0.079659,-0.280831,-0.457162,-0.51779,-0.391083,-0.236193,0.012968,-0.539011,0.226004,-0.004921,0.410869,-0.005905,-0.077746
2335,"Makino, Tomoe",staff_55000,-0.100076,-0.429204,-0.31637,0.011761,0.388045,-0.052095,0.529746,-0.341772,0.275409,-0.156814,0.596612,1.131357,0.596665,-0.101653,-0.987563,-0.574427,-0.044599,0.818966,-0.112796,0.076525,0.407269,0.331454,0.114118,0.347037,0.409107,-0.187183,0.045638,0.418966,0.24917,-0.356756,0.341638,-0.461727,0.277236,0.306018,-0.263981,0.483837,-0.295407,-0.260421,-0.028675,0.168787,-1.150933,-0.094592,-0.251111,-0.075088,-0.038343,-0.202758,-0.068994,-0.730753,0.703829,-0.742351,0.459023,-0.17502,-0.211738,-0.396181,-0.604885,-0.461448,-0.154732,-0.042254,-0.534159,0.244431,-0.071146,0.460425,-0.070696,-0.163341
2336,"Satou, Yuuzou",staff_6498,-0.189901,-0.365054,-0.237363,0.146032,0.313329,-0.016197,0.451781,-0.343632,0.255647,-0.206222,0.516579,1.098784,0.662985,-0.152302,-1.057106,-0.544667,-0.029363,0.882432,-0.112017,0.024817,0.402264,0.374903,0.114859,0.292329,0.46533,-0.16479,0.082726,0.33789,0.254797,-0.313093,0.404662,-0.356884,0.262925,0.152528,-0.220369,0.416662,-0.432834,-0.303782,-0.119695,0.165797,-1.227296,-0.035595,-0.099922,-0.195944,-0.144542,-0.259674,0.021751,-0.698403,0.536092,-0.750717,0.505096,-0.083623,-0.385857,-0.427554,-0.598423,-0.452618,-0.062357,0.08142,-0.605592,0.314941,-0.088804,0.284001,-0.043391,-0.138666
2337,"Hagiwara, Masato",staff_687,-0.037735,-0.076714,0.08289,-0.148116,-0.030601,0.080324,0.222587,-0.011579,0.278238,0.045993,-0.184199,0.052154,0.221874,0.088835,-0.093172,-0.394219,0.355215,0.118901,0.172768,-0.042605,0.231957,-0.026533,-0.239501,-0.064764,0.042503,0.257138,-0.504532,0.09162,-0.135426,0.08788,-0.386211,0.080225,0.204683,-0.370147,0.394728,-0.245965,-0.007233,-0.04488,-0.271672,0.169827,0.033436,0.104649,0.487734,-0.202747,-0.146125,-0.228179,0.139576,-0.42085,0.056346,0.343683,-0.054892,0.003457,0.209155,0.180655,0.032809,-0.435015,0.359403,0.041919,-0.054028,0.289158,-0.279025,-0.086885,0.170276,-0.181425
2338,"Satake, Uki",staff_25999,0.095866,-0.05581,0.089172,-0.286435,-0.040562,0.23746,0.17056,-0.202024,0.298976,0.107612,-0.123525,0.096661,0.165463,0.034498,-0.001721,-0.314124,0.265544,0.034166,0.111444,0.033983,0.283301,0.021731,-0.185507,-0.186513,0.191795,0.259594,-0.429624,0.176838,-0.263676,0.273171,-0.428732,0.031151,0.224258,-0.328744,0.373506,-0.1497,0.138687,0.043952,-0.072376,0.070482,0.183861,0.068712,0.297954,-0.232992,-0.021574,-0.357166,-0.009376,-0.299855,0.083892,0.260954,-0.108254,0.061074,0.216184,0.269948,-0.01879,-0.308699,0.245323,0.22868,-0.226322,0.22126,-0.186973,-0.065373,0.076184,-0.19969
2340,"Tokoro, Toshikatsu",staff_41129,-0.197238,-0.385199,-0.217663,0.165524,0.315337,-0.017614,0.454651,-0.315554,0.267543,-0.194761,0.520935,1.158588,0.647588,-0.09497,-1.101978,-0.526509,-0.016,0.866132,-0.141945,0.006323,0.380779,0.343112,0.108446,0.267442,0.49456,-0.150606,0.060425,0.34274,0.197771,-0.323044,0.359733,-0.330799,0.238162,0.151061,-0.221503,0.393271,-0.457587,-0.293478,-0.106633,0.159634,-1.215826,-0.04422,-0.083713,-0.221157,-0.114722,-0.256705,-0.011792,-0.672648,0.526694,-0.738403,0.519113,-0.117295,-0.385008,-0.407662,-0.619935,-0.449236,-0.033012,0.080244,-0.596977,0.335114,-0.133221,0.26749,-0.077457,-0.178651
2341,"Yamamoto, Kazutomi",staff_9790,-0.034255,-0.048586,0.086061,-0.146988,-0.012546,0.059554,0.25328,0.008283,0.260849,0.015168,-0.194794,0.043388,0.196237,0.092583,-0.077532,-0.426478,0.353561,0.139776,0.167877,-0.020542,0.17252,-0.06604,-0.223799,-0.041356,0.027555,0.244804,-0.486065,0.104617,-0.121199,0.059892,-0.412556,0.062986,0.251647,-0.400908,0.436374,-0.239952,-0.036914,-0.057766,-0.319911,0.15742,0.010534,0.117827,0.506883,-0.233262,-0.148395,-0.235368,0.166158,-0.415349,0.106997,0.326944,-0.065696,-0.056941,0.223635,0.18709,0.053665,-0.442484,0.360955,0.024081,-0.031566,0.305896,-0.246529,-0.096044,0.161482,-0.153704
2342,"Ookubo, Masao",staff_31665,-0.238755,-0.366907,-0.228707,0.109381,0.302608,-0.066164,0.469454,-0.280112,0.309575,-0.186756,0.580004,1.149266,0.688389,-0.096196,-1.051953,-0.484067,0.019501,0.887781,-0.176876,0.019869,0.353163,0.351219,0.066811,0.253893,0.484195,-0.206018,0.103696,0.305999,0.207443,-0.322999,0.364494,-0.376919,0.24504,0.172963,-0.242164,0.458743,-0.385101,-0.31729,-0.123261,0.208046,-1.243996,-0.094673,-0.133904,-0.20671,-0.12118,-0.252474,0.002654,-0.64332,0.548913,-0.710469,0.563589,-0.104537,-0.400696,-0.446551,-0.606497,-0.409534,-0.071141,0.071295,-0.609942,0.328558,-0.125148,0.296411,-0.045147,-0.143341
2345,"Hoshino, Makoto",staff_35277,-0.230409,-0.348271,-0.350369,0.000562,0.312436,-0.061458,0.516604,-0.306282,0.275811,-0.109025,0.684732,1.153103,0.742117,-0.034451,-0.875599,-0.504094,-0.076038,0.94009,-0.219756,0.166973,0.486401,0.369828,0.072419,0.342227,0.410433,-0.298825,0.135734,0.246289,0.309775,-0.302877,0.312762,-0.531396,0.228227,0.292409,-0.307156,0.537247,-0.224937,-0.278952,-0.107398,0.211131,-1.240765,-0.139913,-0.301857,-0.014155,-0.039461,-0.194044,-0.110882,-0.772809,0.654256,-0.728239,0.503613,-0.048134,-0.314091,-0.415243,-0.520804,-0.402033,-0.245255,0.007306,-0.523281,0.225845,-0.02972,0.387248,-0.002804,-0.114279
2346,"Takao, Kanon",staff_39009,0.063158,-0.07829,0.012928,-0.27824,0.040736,0.270675,0.202168,-0.201042,0.219541,0.104263,-0.137749,0.072804,0.169177,0.001702,0.017878,-0.255435,0.263588,-0.00356,0.112961,0.020374,0.275709,0.003544,-0.195923,-0.140185,0.168914,0.310392,-0.435694,0.164407,-0.248624,0.300105,-0.459271,0.045151,0.3099,-0.29771,0.403794,-0.188411,0.1265,-0.010271,-0.077905,0.03619,0.176267,0.011295,0.378553,-0.276745,-0.010355,-0.397281,-0.001611,-0.262244,0.079525,0.300626,-0.06557,0.049247,0.189922,0.285174,-0.052243,-0.306678,0.272777,0.119507,-0.24353,0.206799,-0.221583,-0.068305,0.099425,-0.231575
2347,"Hirata, Mana",staff_9789,0.041813,-0.095842,0.001389,-0.314766,0.044002,0.269309,0.25099,-0.203564,0.191977,0.063319,-0.121072,0.05841,0.174126,-0.032307,0.076565,-0.271162,0.227011,0.009665,0.129579,0.01946,0.279385,-0.044739,-0.204181,-0.104138,0.183706,0.336198,-0.454466,0.139266,-0.225284,0.299287,-0.46398,0.053341,0.315378,-0.270668,0.440085,-0.228969,0.0845,0.006286,-0.095394,0.029785,0.146103,0.022747,0.402274,-0.324878,-0.008434,-0.421969,0.006688,-0.234559,0.124091,0.296257,-0.080873,0.044989,0.197722,0.305017,-0.047883,-0.309892,0.296958,0.102619,-0.22351,0.241543,-0.231245,-0.088028,0.134169,-0.2419
2348,"Horie, Kazuma",staff_456,-0.093648,0.032538,0.04533,-0.146254,0.044812,0.036213,0.295427,0.09261,0.283984,0.102373,-0.254016,0.007823,0.14223,0.063993,-0.07286,-0.385785,0.488759,0.124627,0.152924,-0.053989,0.282816,0.034101,-0.211972,-0.072657,-0.036207,0.297604,-0.455464,-0.010786,-0.04483,-0.053114,-0.51087,-0.057784,0.347758,-0.529322,0.438621,-0.337707,-0.124184,-0.086059,-0.258742,0.159958,0.03301,0.153946,0.526248,-0.184435,-0.220392,-0.171944,0.168024,-0.380762,0.031042,0.271924,0.010765,-0.133705,0.268525,0.24678,0.100468,-0.449847,0.297509,-0.048108,-0.005544,0.339274,-0.304909,-0.064366,0.183506,-0.1
2349,"Satou, Yuuko",staff_391,0.10852,-0.098664,0.013899,-0.223505,0.045874,0.137884,0.162905,-0.177379,0.196433,0.09052,-0.050255,0.073354,0.136126,-0.045085,-0.030222,-0.33555,0.202154,-0.012039,0.097268,-0.005699,0.195419,-0.005606,-0.148812,-0.20968,0.112752,0.256242,-0.478599,0.179262,-0.227625,0.211864,-0.387967,0.070712,0.250785,-0.365036,0.369545,-0.20122,0.079871,0.081597,-0.183519,0.099663,0.166382,0.046509,0.300411,-0.281648,0.028308,-0.331506,0.003411,-0.289161,0.095131,0.175603,-0.155627,-0.031086,0.120287,0.313425,-0.013608,-0.293917,0.199105,0.141216,-0.170066,0.257735,-0.241076,0.005696,0.066312,-0.186941
2350,"Inuyama, Inuko",staff_1024,0.106644,-0.099817,0.014036,-0.223031,0.04701,0.138839,0.162694,-0.177922,0.196916,0.091242,-0.05331,0.073983,0.13432,-0.047409,-0.032837,-0.334271,0.200305,-0.012217,0.098305,-0.00829,0.194985,-0.006903,-0.148265,-0.206359,0.113992,0.255752,-0.475408,0.179422,-0.227647,0.212954,-0.385446,0.072795,0.250005,-0.365988,0.367684,-0.198811,0.080293,0.081247,-0.183012,0.10033,0.163291,0.046231,0.300349,-0.281941,0.026108,-0.332229,0.004942,-0.288688,0.093397,0.175567,-0.156438,-0.033342,0.118135,0.311476,-0.013913,-0.293619,0.19779,0.139555,-0.16961,0.254414,-0.241633,0.007263,0.064509,-0.186842
2351,"Kaburagi, Kaichi",staff_11472,-0.072859,-0.129649,0.150908,-0.220158,-0.052732,0.15518,0.277077,-0.038766,0.322648,0.081192,-0.219589,0.066687,0.142361,0.011125,-4.7e-05,-0.474662,0.319304,0.168215,0.2259,0.009662,0.239512,0.018803,-0.304476,-0.011005,0.122425,0.261075,-0.505582,0.043365,-0.107417,0.115739,-0.406343,0.048126,0.217324,-0.458058,0.413001,-0.313306,0.002647,-0.035232,-0.296742,0.220232,0.082516,0.129398,0.509595,-0.231831,-0.078787,-0.249405,0.21896,-0.442514,0.135529,0.267719,-0.008854,-0.077942,0.199052,0.159848,0.016222,-0.397939,0.298504,0.119211,0.015268,0.261248,-0.226819,-0.099635,0.173357,-0.182662
2352,"Iino, Mayu",staff_9211,-0.072859,-0.129649,0.150908,-0.220158,-0.052732,0.15518,0.277077,-0.038766,0.322648,0.081192,-0.219589,0.066687,0.142361,0.011125,-4.7e-05,-0.474662,0.319304,0.168215,0.2259,0.009662,0.239512,0.018803,-0.304476,-0.011005,0.122425,0.261075,-0.505582,0.043365,-0.107417,0.115739,-0.406343,0.048126,0.217324,-0.458058,0.413001,-0.313306,0.002647,-0.035232,-0.296742,0.220232,0.082516,0.129398,0.509595,-0.231831,-0.078787,-0.249405,0.21896,-0.442514,0.135529,0.267719,-0.008854,-0.077942,0.199052,0.159848,0.016222,-0.397939,0.298504,0.119211,0.015268,0.261248,-0.226819,-0.099635,0.173357,-0.182662
2353,"Takimoto, Miori",staff_22595,-0.072859,-0.129649,0.150908,-0.220158,-0.052732,0.15518,0.277077,-0.038766,0.322648,0.081192,-0.219589,0.066687,0.142361,0.011125,-4.7e-05,-0.474662,0.319304,0.168215,0.2259,0.009662,0.239512,0.018803,-0.304476,-0.011005,0.122425,0.261075,-0.505582,0.043365,-0.107417,0.115739,-0.406343,0.048126,0.217324,-0.458058,0.413001,-0.313306,0.002647,-0.035232,-0.296742,0.220232,0.082516,0.129398,0.509595,-0.231831,-0.078787,-0.249405,0.21896,-0.442514,0.135529,0.267719,-0.008854,-0.077942,0.199052,0.159848,0.016222,-0.397939,0.298504,0.119211,0.015268,0.261248,-0.226819,-0.099635,0.173357,-0.182662
2354,"Itano, Ichirou",staff_8268,-0.215513,-0.371185,-0.231356,0.12614,0.309318,-0.042255,0.465328,-0.309429,0.285655,-0.19199,0.550385,1.136703,0.671938,-0.112567,-1.061381,-0.513496,-0.002599,0.881337,-0.148684,0.019353,0.374669,0.35674,0.089183,0.268942,0.475645,-0.18427,0.090565,0.322912,0.221767,-0.321376,0.373447,-0.363855,0.250919,0.166292,-0.231668,0.438241,-0.407102,-0.306645,-0.117514,0.186294,-1.232096,-0.069487,-0.117941,-0.202155,-0.124904,-0.254798,0.003498,-0.667825,0.545792,-0.728584,0.534606,-0.102763,-0.387471,-0.43605,-0.604041,-0.431814,-0.064629,0.07566,-0.606078,0.322805,-0.1146,0.292953,-0.05235,-0.149877
2355,"Oosato, Masashi",staff_533,-0.018073,-0.037448,0.093451,-0.171253,-0.023507,0.09731,0.236615,-0.026369,0.280038,0.034124,-0.194612,0.057998,0.195562,0.09968,-0.065655,-0.396749,0.358424,0.125466,0.154089,0.000331,0.195392,-0.047151,-0.214663,-0.069536,0.053022,0.238246,-0.464503,0.123424,-0.152398,0.104537,-0.429073,0.054078,0.250182,-0.380635,0.423376,-0.215822,0.001892,-0.053413,-0.27337,0.137577,0.044179,0.111269,0.478208,-0.222655,-0.139435,-0.25964,0.138238,-0.403829,0.098642,0.333696,-0.058112,-0.024403,0.237129,0.19104,0.039484,-0.421362,0.350007,0.065149,-0.070111,0.29012,-0.231568,-0.104765,0.150468,-0.153567
2356,"Tanabe, Shingo",staff_64291,-0.202213,-0.333959,-0.348792,-0.002722,0.325063,-0.087293,0.499296,-0.30779,0.310874,-0.129101,0.66625,1.087563,0.72302,-0.122207,-0.88109,-0.510662,-0.045092,0.892208,-0.188758,0.141147,0.424958,0.36348,0.056178,0.331607,0.375969,-0.295772,0.127154,0.28993,0.302987,-0.306986,0.383574,-0.515839,0.277434,0.277217,-0.309163,0.57228,-0.22403,-0.278315,-0.101375,0.2095,-1.222469,-0.135407,-0.311047,-0.037439,-0.089283,-0.219286,-0.043119,-0.746829,0.686886,-0.719244,0.490407,-0.081253,-0.278922,-0.453681,-0.518905,-0.392536,-0.235569,0.009637,-0.537803,0.225154,-0.006894,0.413724,-0.00352,-0.077793
2357,"Maeda, Kaori",staff_48147,0.057505,-0.087852,0.023952,-0.285702,0.031714,0.259685,0.192676,-0.21408,0.237647,0.107651,-0.120098,0.091579,0.166602,-0.018275,0.011144,-0.256013,0.247192,-0.002401,0.114812,0.021899,0.279756,-0.004407,-0.176108,-0.165813,0.167718,0.289487,-0.428011,0.173973,-0.256459,0.31098,-0.444179,0.066938,0.277614,-0.296575,0.382372,-0.185247,0.127545,0.019704,-0.092449,0.061018,0.177366,0.028653,0.354047,-0.283709,-0.012569,-0.401116,0.001138,-0.274976,0.082775,0.285613,-0.077996,0.058218,0.180024,0.285902,-0.058473,-0.294376,0.260385,0.147266,-0.228638,0.223043,-0.232857,-0.068019,0.101339,-0.21438
2358,"Koshida, Tomoaki",staff_47717,-0.170543,-0.364448,-0.323683,-0.010672,0.403378,-0.038745,0.480415,-0.282517,0.293602,-0.209103,0.672941,1.145434,0.679407,-0.095,-0.954743,-0.546806,0.049327,0.804636,-0.199417,0.081336,0.376548,0.286071,0.08564,0.327019,0.429772,-0.220754,0.132886,0.361599,0.271628,-0.386778,0.290733,-0.478979,0.218928,0.243837,-0.306985,0.551752,-0.280133,-0.2658,-0.040193,0.201534,-1.20181,-0.149852,-0.264718,-0.110295,-0.016256,-0.206848,-0.026789,-0.722158,0.606163,-0.723393,0.549465,-0.167863,-0.278761,-0.446472,-0.653911,-0.471151,-0.127148,0.003173,-0.543499,0.260034,-0.10622,0.441038,-0.099171,-0.182039
2359,"Matsumoto, Sara",staff_44870,0.113999,-0.084265,0.044289,-0.244691,0.022234,0.168686,0.162078,-0.141968,0.205301,0.101397,-0.103142,0.091909,0.106796,0.006217,-0.002547,-0.35772,0.234828,0.024955,0.086647,0.011132,0.162102,-0.017602,-0.169869,-0.187258,0.121584,0.247206,-0.456006,0.203633,-0.211508,0.228678,-0.405643,0.055943,0.283879,-0.352244,0.392521,-0.158312,0.076124,0.02381,-0.185384,0.113325,0.124442,0.050162,0.339141,-0.296561,-0.008086,-0.327079,0.026335,-0.287988,0.097292,0.230202,-0.156026,-0.047887,0.154639,0.292434,0.016717,-0.328862,0.20163,0.13168,-0.178055,0.238214,-0.204407,-0.025475,0.041106,-0.154561
2360,"Katou, Makoto",staff_38339,-0.278634,-0.479746,-0.285932,0.12963,0.324817,-0.039767,0.557871,-0.350778,0.328915,-0.146596,0.604494,1.192626,0.633937,-0.031192,-1.206562,-0.470536,0.12557,0.839825,-0.135835,0.027782,0.315236,0.304878,0.040246,0.208273,0.485228,-0.136427,0.054367,0.250214,0.072363,-0.377925,0.38594,-0.308757,0.318529,0.165854,-0.252081,0.295218,-0.501188,-0.23741,-0.069093,0.20146,-1.339669,-0.057745,-0.030284,-0.243216,-0.15778,-0.316793,-0.010443,-0.734041,0.519622,-0.738954,0.542148,-0.117441,-0.395,-0.36085,-0.653223,-0.467096,-0.060016,0.043861,-0.586173,0.376922,-0.197863,0.212736,-0.127687,-0.160093
2361,"Haibara, Yuuji",staff_51046,-0.098163,-0.42612,-0.313101,0.018059,0.386926,-0.048745,0.526271,-0.346176,0.27036,-0.160461,0.588713,1.123657,0.599829,-0.10807,-0.989159,-0.577239,-0.048046,0.821831,-0.108581,0.076466,0.408411,0.33599,0.117366,0.349787,0.410342,-0.18453,0.044928,0.417833,0.254325,-0.354256,0.348688,-0.458112,0.277711,0.301116,-0.262176,0.477291,-0.302942,-0.262866,-0.029084,0.167392,-1.152527,-0.086641,-0.245538,-0.076003,-0.04349,-0.204847,-0.064902,-0.734934,0.699713,-0.74734,0.457602,-0.168586,-0.217746,-0.395284,-0.604753,-0.464362,-0.151007,-0.038025,-0.536574,0.244245,-0.065386,0.454649,-0.067331,-0.159273
2362,"Itou, Masahiro",staff_49909,0.039367,-0.093945,0.004867,-0.304459,0.042015,0.293842,0.2174,-0.218819,0.217863,0.101568,-0.132185,0.080872,0.17135,-0.026098,0.040966,-0.235981,0.247547,-0.006651,0.12204,0.02365,0.29572,-0.013257,-0.191864,-0.134914,0.181516,0.316949,-0.426586,0.160895,-0.25289,0.330787,-0.463141,0.062351,0.304464,-0.273001,0.402558,-0.203681,0.124889,-0.002211,-0.072478,0.03971,0.172761,0.013035,0.386105,-0.300995,-0.012881,-0.424796,0.003443,-0.252669,0.089742,0.311819,-0.059157,0.069744,0.186019,0.2876,-0.068306,-0.296045,0.282195,0.119022,-0.240327,0.217452,-0.239366,-0.082431,0.118426,-0.233902
2363,Aimi,staff_14519,0.039367,-0.093945,0.004867,-0.304459,0.042015,0.293842,0.2174,-0.218819,0.217863,0.101568,-0.132185,0.080872,0.17135,-0.026098,0.040966,-0.235981,0.247547,-0.006651,0.12204,0.02365,0.29572,-0.013257,-0.191864,-0.134914,0.181516,0.316949,-0.426586,0.160895,-0.25289,0.330787,-0.463141,0.062351,0.304464,-0.273001,0.402558,-0.203681,0.124889,-0.002211,-0.072478,0.03971,0.172761,0.013035,0.386105,-0.300995,-0.012881,-0.424796,0.003443,-0.252669,0.089742,0.311819,-0.059157,0.069744,0.186019,0.2876,-0.068306,-0.296045,0.282195,0.119022,-0.240327,0.217452,-0.239366,-0.082431,0.118426,-0.233902
2364,"Ishiya, Haruki",staff_29667,0.069157,-0.09633,0.014362,-0.27758,0.038,0.233786,0.197458,-0.205418,0.212809,0.094824,-0.101604,0.077216,0.160048,-0.032344,0.015402,-0.278377,0.226163,-0.00496,0.114813,0.009477,0.262475,-0.011062,-0.177706,-0.161191,0.161477,0.295791,-0.448558,0.164825,-0.242727,0.283728,-0.430117,0.065131,0.277007,-0.305702,0.390614,-0.199399,0.106273,0.035982,-0.109547,0.062143,0.167442,0.029282,0.347716,-0.292129,0.001866,-0.388283,-0.001535,-0.264322,0.09147,0.258229,-0.101861,0.033855,0.164523,0.297913,-0.045084,-0.296324,0.250834,0.13415,-0.215494,0.23194,-0.236492,-0.048685,0.097825,-0.218624
2365,"Fukuoka, Daiki",staff_42541,-0.156786,-0.350394,-0.346928,-0.041125,0.340786,-0.099878,0.496168,-0.308717,0.32336,-0.207198,0.692967,1.090218,0.682685,-0.137382,-0.885712,-0.554931,0.071295,0.811754,-0.17972,0.134801,0.380798,0.277294,0.086401,0.374988,0.389988,-0.237522,0.202951,0.327854,0.339152,-0.414123,0.331401,-0.527226,0.264433,0.279556,-0.286948,0.622659,-0.207969,-0.311979,-0.085162,0.19732,-1.192091,-0.104935,-0.314537,-0.097866,-0.084745,-0.22302,-0.009653,-0.791271,0.620651,-0.712373,0.475723,-0.14017,-0.256752,-0.439399,-0.608368,-0.444684,-0.22479,-0.067624,-0.500355,0.224564,-0.075308,0.475078,-0.079252,-0.143027
2366,"Takata, Masahiro",staff_32593,-0.153924,-0.356998,-0.335039,-0.027195,0.367857,-0.067233,0.453801,-0.269151,0.30052,-0.215023,0.646654,1.169136,0.684686,-0.112531,-0.934388,-0.545704,0.035631,0.805965,-0.162018,0.059044,0.375786,0.301843,0.132578,0.309899,0.430198,-0.230387,0.18522,0.325084,0.331608,-0.409232,0.298869,-0.516573,0.200191,0.262509,-0.254709,0.569227,-0.271921,-0.326629,-0.078353,0.225672,-1.193592,-0.105976,-0.221287,-0.117373,-0.069774,-0.231015,-0.054984,-0.752987,0.593982,-0.731222,0.5215,-0.173791,-0.334244,-0.413917,-0.669205,-0.474606,-0.135881,0.003668,-0.518199,0.252763,-0.109291,0.460747,-0.079065,-0.200564
2367,"Aoki, Shiki",staff_44513,0.100575,-0.098746,0.055715,-0.228479,0.030224,0.174166,0.145968,-0.13072,0.217071,0.088153,-0.133369,0.091835,0.112495,0.005057,-0.025138,-0.340439,0.242187,0.047919,0.109598,-0.016811,0.155814,0.000962,-0.197979,-0.169813,0.126157,0.248709,-0.479077,0.199816,-0.21108,0.223941,-0.403231,0.051054,0.274917,-0.337381,0.402148,-0.155023,0.059742,0.027937,-0.19171,0.121585,0.135131,0.060156,0.362064,-0.266402,0.001338,-0.315473,0.020868,-0.312497,0.07167,0.260642,-0.128133,-0.063135,0.156116,0.265882,0.01798,-0.337923,0.219203,0.132309,-0.167824,0.228413,-0.212167,-0.006662,0.024581,-0.167612
2368,"Kubota, Takehiro",staff_40172,-0.320467,-0.331693,-0.326925,0.019353,0.395044,-0.111513,0.554995,-0.423363,0.395372,-0.232096,0.655369,0.918129,0.781858,-0.131283,-0.922282,-0.553557,0.143986,0.9307,-0.265135,0.205592,0.339821,0.414679,0.030585,0.311763,0.403468,-0.126389,0.28041,0.14782,0.375026,-0.438608,0.424103,-0.50777,0.323912,0.227955,-0.274039,0.511419,-0.259966,-0.292901,-0.182073,0.216102,-1.408845,-0.045224,-0.150473,-0.246564,-0.245955,-0.338397,0.188638,-0.754886,0.537222,-0.727234,0.509251,0.070628,-0.349017,-0.532953,-0.643854,-0.332418,-0.188115,0.040549,-0.545617,0.329648,-0.071859,0.33425,-0.153604,0.032232
2369,"Fukumoto, Shinichi",staff_55972,-0.244462,-0.319964,-0.35596,0.01805,0.303985,-0.066252,0.500062,-0.296214,0.29669,-0.105077,0.689519,1.141109,0.758497,-0.053226,-0.86925,-0.492746,-0.069841,0.933508,-0.237018,0.170732,0.467325,0.355666,0.054505,0.326825,0.397977,-0.318691,0.134032,0.234764,0.300274,-0.292439,0.331376,-0.5182,0.239243,0.272404,-0.322303,0.555077,-0.229955,-0.263902,-0.115178,0.205472,-1.244004,-0.140981,-0.315481,-0.019341,-0.05206,-0.211922,-0.102575,-0.768566,0.658529,-0.721539,0.495551,-0.05204,-0.310373,-0.42887,-0.500046,-0.386862,-0.249284,0.02414,-0.516643,0.229505,-0.013753,0.37076,-0.005184,-0.096229
2370,"Akao, Hikaru",staff_45243,0.040028,-0.086678,-0.009157,-0.29234,0.061852,0.285073,0.236907,-0.196148,0.187679,0.084874,-0.143974,0.057832,0.172642,-0.010532,0.051987,-0.248022,0.255763,-0.001541,0.122882,0.022019,0.272673,-0.0221,-0.210726,-0.100495,0.173536,0.34123,-0.440412,0.146743,-0.231479,0.305899,-0.476568,0.043693,0.343801,-0.283892,0.435975,-0.216754,0.103962,-0.033712,-0.08444,0.020979,0.157818,-0.000373,0.421718,-0.307342,-0.011425,-0.4175,0.012464,-0.24154,0.103373,0.31586,-0.051243,0.038944,0.195222,0.293545,-0.054758,-0.314114,0.298735,0.0782,-0.239795,0.213018,-0.226618,-0.082496,0.121461,-0.246575
2371,"Morishita, Shuusei",staff_62598,-0.245061,-0.441514,-0.3108,0.096409,0.369073,-0.008608,0.520975,-0.346301,0.300414,-0.18722,0.632665,1.164783,0.65172,-0.064464,-1.1155,-0.522431,0.113926,0.801712,-0.148032,0.044035,0.341663,0.283424,0.062282,0.261009,0.458975,-0.157366,0.076607,0.291531,0.157207,-0.395455,0.354351,-0.366537,0.279724,0.176232,-0.265633,0.36723,-0.445985,-0.238231,-0.052299,0.197244,-1.291154,-0.092113,-0.108471,-0.193154,-0.099682,-0.285899,0.004359,-0.772637,0.528434,-0.760299,0.539486,-0.141529,-0.34814,-0.364548,-0.665927,-0.514113,-0.08441,0.031285,-0.560363,0.32833,-0.17276,0.292385,-0.134309,-0.184497
2372,"Kamanaka, Nobuharu",staff_39389,-0.104997,-0.425454,-0.316868,0.008339,0.386394,-0.048401,0.536153,-0.349063,0.275251,-0.160553,0.596096,1.131821,0.595967,-0.101405,-0.987629,-0.578204,-0.042281,0.820668,-0.108632,0.072666,0.407516,0.328874,0.112203,0.34275,0.408756,-0.188316,0.049236,0.419676,0.249323,-0.358861,0.336279,-0.457242,0.276708,0.303814,-0.262332,0.484982,-0.294717,-0.257216,-0.026129,0.171086,-1.152779,-0.096017,-0.252375,-0.075558,-0.030319,-0.203992,-0.073783,-0.728859,0.703483,-0.744755,0.46016,-0.175552,-0.212407,-0.397285,-0.60245,-0.465191,-0.15286,-0.039366,-0.535446,0.248041,-0.07086,0.463848,-0.072491,-0.167085
2373,"Kodama, Kenji",staff_6164,-0.104997,-0.425454,-0.316868,0.008339,0.386394,-0.048401,0.536153,-0.349063,0.275251,-0.160553,0.596096,1.131821,0.595967,-0.101405,-0.987629,-0.578204,-0.042281,0.820668,-0.108632,0.072666,0.407516,0.328874,0.112203,0.34275,0.408756,-0.188316,0.049236,0.419676,0.249323,-0.358861,0.336279,-0.457242,0.276708,0.303814,-0.262332,0.484982,-0.294717,-0.257216,-0.026129,0.171086,-1.152779,-0.096017,-0.252375,-0.075558,-0.030319,-0.203992,-0.073783,-0.728859,0.703483,-0.744755,0.46016,-0.175552,-0.212407,-0.397285,-0.60245,-0.465191,-0.15286,-0.039366,-0.535446,0.248041,-0.07086,0.463848,-0.072491,-0.167085
2374,"Ochi, Koujin",staff_37397,-0.104997,-0.425454,-0.316868,0.008339,0.386394,-0.048401,0.536153,-0.349063,0.275251,-0.160553,0.596096,1.131821,0.595967,-0.101405,-0.987629,-0.578204,-0.042281,0.820668,-0.108632,0.072666,0.407516,0.328874,0.112203,0.34275,0.408756,-0.188316,0.049236,0.419676,0.249323,-0.358861,0.336279,-0.457242,0.276708,0.303814,-0.262332,0.484982,-0.294717,-0.257216,-0.026129,0.171086,-1.152779,-0.096017,-0.252375,-0.075558,-0.030319,-0.203992,-0.073783,-0.728859,0.703483,-0.744755,0.46016,-0.175552,-0.212407,-0.397285,-0.60245,-0.465191,-0.15286,-0.039366,-0.535446,0.248041,-0.07086,0.463848,-0.072491,-0.167085
2375,"Satou, Masato",staff_36941,-0.104997,-0.425454,-0.316868,0.008339,0.386394,-0.048401,0.536153,-0.349063,0.275251,-0.160553,0.596096,1.131821,0.595967,-0.101405,-0.987629,-0.578204,-0.042281,0.820668,-0.108632,0.072666,0.407516,0.328874,0.112203,0.34275,0.408756,-0.188316,0.049236,0.419676,0.249323,-0.358861,0.336279,-0.457242,0.276708,0.303814,-0.262332,0.484982,-0.294717,-0.257216,-0.026129,0.171086,-1.152779,-0.096017,-0.252375,-0.075558,-0.030319,-0.203992,-0.073783,-0.728859,0.703483,-0.744755,0.46016,-0.175552,-0.212407,-0.397285,-0.60245,-0.465191,-0.15286,-0.039366,-0.535446,0.248041,-0.07086,0.463848,-0.072491,-0.167085
2376,"Yamamoto, Yasuichiro",staff_20921,-0.104997,-0.425454,-0.316868,0.008339,0.386394,-0.048401,0.536153,-0.349063,0.275251,-0.160553,0.596096,1.131821,0.595967,-0.101405,-0.987629,-0.578204,-0.042281,0.820668,-0.108632,0.072666,0.407516,0.328874,0.112203,0.34275,0.408756,-0.188316,0.049236,0.419676,0.249323,-0.358861,0.336279,-0.457242,0.276708,0.303814,-0.262332,0.484982,-0.294717,-0.257216,-0.026129,0.171086,-1.152779,-0.096017,-0.252375,-0.075558,-0.030319,-0.203992,-0.073783,-0.728859,0.703483,-0.744755,0.46016,-0.175552,-0.212407,-0.397285,-0.60245,-0.465191,-0.15286,-0.039366,-0.535446,0.248041,-0.07086,0.463848,-0.072491,-0.167085
2377,"Ogata, Kenichi",staff_481,0.107107,-0.097708,0.012436,-0.223387,0.044532,0.13777,0.16152,-0.17635,0.198024,0.089843,-0.047868,0.072104,0.135532,-0.042729,-0.02775,-0.334102,0.204311,-0.012667,0.096113,-0.00397,0.194117,-0.006579,-0.150061,-0.210302,0.113529,0.255835,-0.48005,0.178904,-0.227393,0.213448,-0.387574,0.069634,0.250956,-0.36321,0.369948,-0.20253,0.079827,0.079608,-0.18114,0.098308,0.166886,0.045952,0.300678,-0.280968,0.027557,-0.330596,0.003973,-0.287708,0.093686,0.175419,-0.154616,-0.030582,0.121878,0.314118,-0.011703,-0.293885,0.199483,0.141685,-0.172505,0.257849,-0.24181,0.005975,0.066392,-0.18837
2378,"Tanaka, Kazunari",staff_738,0.020394,-0.04851,0.071518,-0.191773,-0.01115,0.122199,0.210664,-0.075561,0.264744,0.052337,-0.153637,0.066191,0.176404,0.063146,-0.049117,-0.372297,0.317833,0.083274,0.132395,0.006635,0.199731,-0.031097,-0.192753,-0.114745,0.077667,0.240333,-0.45888,0.144194,-0.182353,0.146575,-0.422858,0.052106,0.251995,-0.370116,0.407317,-0.205238,0.034963,-0.016895,-0.232888,0.119185,0.085574,0.092665,0.421741,-0.236461,-0.093024,-0.286324,0.094992,-0.367435,0.095378,0.291972,-0.085115,-0.018368,0.210205,0.225984,0.023357,-0.380169,0.305061,0.095706,-0.109659,0.275555,-0.229931,-0.077178,0.122335,-0.164252
2379,"Kamiya, Akira",staff_416,0.107107,-0.097708,0.012436,-0.223387,0.044532,0.13777,0.16152,-0.17635,0.198024,0.089843,-0.047868,0.072104,0.135532,-0.042729,-0.02775,-0.334102,0.204311,-0.012667,0.096113,-0.00397,0.194117,-0.006579,-0.150061,-0.210302,0.113529,0.255835,-0.48005,0.178904,-0.227393,0.213448,-0.387574,0.069634,0.250956,-0.36321,0.369948,-0.20253,0.079827,0.079608,-0.18114,0.098308,0.166886,0.045952,0.300678,-0.280968,0.027557,-0.330596,0.003973,-0.287708,0.093686,0.175419,-0.154616,-0.030582,0.121878,0.314118,-0.011703,-0.293885,0.199483,0.141685,-0.172505,0.257849,-0.24181,0.005975,0.066392,-0.18837
2380,"Orikasa, Ai",staff_208,0.107107,-0.097708,0.012436,-0.223387,0.044532,0.13777,0.16152,-0.17635,0.198024,0.089843,-0.047868,0.072104,0.135532,-0.042729,-0.02775,-0.334102,0.204311,-0.012667,0.096113,-0.00397,0.194117,-0.006579,-0.150061,-0.210302,0.113529,0.255835,-0.48005,0.178904,-0.227393,0.213448,-0.387574,0.069634,0.250956,-0.36321,0.369948,-0.20253,0.079827,0.079608,-0.18114,0.098308,0.166886,0.045952,0.300678,-0.280968,0.027557,-0.330596,0.003973,-0.287708,0.093686,0.175419,-0.154616,-0.030582,0.121878,0.314118,-0.011703,-0.293885,0.199483,0.141685,-0.172505,0.257849,-0.24181,0.005975,0.066392,-0.18837
2381,"Iwai, Yukiko",staff_517,0.107107,-0.097708,0.012436,-0.223387,0.044532,0.13777,0.16152,-0.17635,0.198024,0.089843,-0.047868,0.072104,0.135532,-0.042729,-0.02775,-0.334102,0.204311,-0.012667,0.096113,-0.00397,0.194117,-0.006579,-0.150061,-0.210302,0.113529,0.255835,-0.48005,0.178904,-0.227393,0.213448,-0.387574,0.069634,0.250956,-0.36321,0.369948,-0.20253,0.079827,0.079608,-0.18114,0.098308,0.166886,0.045952,0.300678,-0.280968,0.027557,-0.330596,0.003973,-0.287708,0.093686,0.175419,-0.154616,-0.030582,0.121878,0.314118,-0.011703,-0.293885,0.199483,0.141685,-0.172505,0.257849,-0.24181,0.005975,0.066392,-0.18837
2382,"Tsukada, Takurou",staff_47340,-0.113633,-0.426057,-0.303499,0.024559,0.381432,-0.051271,0.526091,-0.33432,0.280087,-0.159369,0.593698,1.141358,0.601596,-0.094965,-1.00186,-0.565203,-0.036174,0.823748,-0.122105,0.068617,0.40137,0.3295,0.110343,0.333601,0.420912,-0.183908,0.048049,0.409949,0.23549,-0.353931,0.336493,-0.447673,0.270937,0.291734,-0.26079,0.476748,-0.309569,-0.262232,-0.034638,0.170843,-1.157826,-0.094536,-0.236821,-0.090228,-0.040938,-0.206434,-0.069589,-0.720288,0.686773,-0.741426,0.470252,-0.172853,-0.229536,-0.39714,-0.607964,-0.458151,-0.139928,-0.029791,-0.54036,0.256205,-0.082521,0.441197,-0.073885,-0.168692
2383,"Nagasawa, Tsuyoshi",staff_11483,-0.148612,-0.394176,-0.338318,-0.032104,0.365432,-0.072095,0.545219,-0.302153,0.293874,-0.127002,0.621545,1.107147,0.685138,-0.089517,-0.945199,-0.517846,-0.047607,0.895029,-0.162557,0.132072,0.4373,0.375201,0.106495,0.328187,0.422292,-0.233271,0.117039,0.329866,0.26971,-0.36095,0.347508,-0.468126,0.290263,0.314251,-0.308701,0.527762,-0.250847,-0.276137,-0.051984,0.182421,-1.235828,-0.100541,-0.244363,-0.067915,-0.09045,-0.228464,-0.06887,-0.701448,0.665296,-0.707951,0.500961,-0.080704,-0.281747,-0.468019,-0.580368,-0.384696,-0.184327,-0.006733,-0.568318,0.241847,-0.039619,0.411467,-0.048954,-0.109567
2384,"Oohata, Shintarou",staff_1818,0.108021,-0.100078,0.012561,-0.224535,0.046909,0.139637,0.162817,-0.176941,0.196033,0.090149,-0.050105,0.073058,0.133252,-0.047076,-0.030336,-0.333933,0.202727,-0.012076,0.097529,-0.004598,0.195576,-0.006916,-0.149087,-0.20769,0.115251,0.255131,-0.477653,0.179919,-0.227738,0.212044,-0.386473,0.070338,0.251169,-0.366405,0.369899,-0.200456,0.08122,0.079311,-0.18157,0.098351,0.165215,0.046367,0.299235,-0.281711,0.027522,-0.331115,0.004652,-0.286964,0.094268,0.175338,-0.154554,-0.032613,0.117872,0.311835,-0.012861,-0.29381,0.200742,0.14012,-0.170713,0.255519,-0.241915,0.006876,0.064714,-0.187839
2385,"Ueno, Yuuma",staff_5217,0.108021,-0.100078,0.012561,-0.224535,0.046909,0.139637,0.162817,-0.176941,0.196033,0.090149,-0.050105,0.073058,0.133252,-0.047076,-0.030336,-0.333933,0.202727,-0.012076,0.097529,-0.004598,0.195576,-0.006916,-0.149087,-0.20769,0.115251,0.255131,-0.477653,0.179919,-0.227738,0.212044,-0.386473,0.070338,0.251169,-0.366405,0.369899,-0.200456,0.08122,0.079311,-0.18157,0.098351,0.165215,0.046367,0.299235,-0.281711,0.027522,-0.331115,0.004652,-0.286964,0.094268,0.175338,-0.154554,-0.032613,0.117872,0.311835,-0.012861,-0.29381,0.200742,0.14012,-0.170713,0.255519,-0.241915,0.006876,0.064714,-0.187839
2386,"Saiki, Miho",staff_365,0.108021,-0.100078,0.012561,-0.224535,0.046909,0.139637,0.162817,-0.176941,0.196033,0.090149,-0.050105,0.073058,0.133252,-0.047076,-0.030336,-0.333933,0.202727,-0.012076,0.097529,-0.004598,0.195576,-0.006916,-0.149087,-0.20769,0.115251,0.255131,-0.477653,0.179919,-0.227738,0.212044,-0.386473,0.070338,0.251169,-0.366405,0.369899,-0.200456,0.08122,0.079311,-0.18157,0.098351,0.165215,0.046367,0.299235,-0.281711,0.027522,-0.331115,0.004652,-0.286964,0.094268,0.175338,-0.154554,-0.032613,0.117872,0.311835,-0.012861,-0.29381,0.200742,0.14012,-0.170713,0.255519,-0.241915,0.006876,0.064714,-0.187839
2387,"Nara, Tooru",staff_1659,0.108021,-0.100078,0.012561,-0.224535,0.046909,0.139637,0.162817,-0.176941,0.196033,0.090149,-0.050105,0.073058,0.133252,-0.047076,-0.030336,-0.333933,0.202727,-0.012076,0.097529,-0.004598,0.195576,-0.006916,-0.149087,-0.20769,0.115251,0.255131,-0.477653,0.179919,-0.227738,0.212044,-0.386473,0.070338,0.251169,-0.366405,0.369899,-0.200456,0.08122,0.079311,-0.18157,0.098351,0.165215,0.046367,0.299235,-0.281711,0.027522,-0.331115,0.004652,-0.286964,0.094268,0.175338,-0.154554,-0.032613,0.117872,0.311835,-0.012861,-0.29381,0.200742,0.14012,-0.170713,0.255519,-0.241915,0.006876,0.064714,-0.187839
2388,"Tagashira, Shinobu",staff_16401,-0.255249,-0.347178,-0.326276,-0.122321,0.349264,-0.146117,0.472484,-0.134205,0.245702,-0.266849,0.883303,1.043967,0.637696,-0.119766,-0.898549,-0.369554,0.286479,0.868732,-0.323533,0.255086,0.433285,0.131951,0.065809,0.374313,0.483621,-0.263852,0.381897,0.505456,0.239611,-0.545833,0.360128,-0.323363,0.311359,0.18909,-0.40012,0.675005,-0.22028,-0.370071,0.024927,0.145575,-1.25895,-0.080271,-0.307789,-0.045703,0.121169,-0.057851,0.182947,-0.887595,0.420597,-0.789068,0.622293,-0.073739,-0.384147,-0.353656,-0.801467,-0.527965,-0.212463,-0.024481,-0.684326,0.235841,-0.114479,0.420324,-0.121895,-0.327646
2389,"Suegara, Rie",staff_23919,0.258455,0.055211,0.110346,-0.54501,-0.127744,0.11621,0.049992,0.028426,0.159812,0.115814,-0.235458,0.21145,0.203321,0.153542,0.404328,-0.636521,0.495182,0.155201,0.165915,-0.065366,0.27827,-0.037531,-0.126125,-0.008275,0.159966,0.33841,-0.443729,0.247522,-0.006957,0.226391,-0.491335,0.024017,0.431223,-0.293914,0.294577,-0.172686,0.101273,-0.192706,-0.035156,0.031639,0.254753,0.019319,0.440167,-0.265678,-0.115023,-0.167245,-0.048938,-0.18905,-0.052651,0.34507,-0.230155,-0.181803,0.306375,0.249772,0.246772,-0.340653,0.392036,0.294744,-0.099365,0.083403,-0.120701,-0.085638,-0.095964,-0.086055
2390,"Nishigaki, Yuka",staff_10045,0.258455,0.055211,0.110346,-0.54501,-0.127744,0.11621,0.049992,0.028426,0.159812,0.115814,-0.235458,0.21145,0.203321,0.153542,0.404328,-0.636521,0.495182,0.155201,0.165915,-0.065366,0.27827,-0.037531,-0.126125,-0.008275,0.159966,0.33841,-0.443729,0.247522,-0.006957,0.226391,-0.491335,0.024017,0.431223,-0.293914,0.294577,-0.172686,0.101273,-0.192706,-0.035156,0.031639,0.254753,0.019319,0.440167,-0.265678,-0.115023,-0.167245,-0.048938,-0.18905,-0.052651,0.34507,-0.230155,-0.181803,0.306375,0.249772,0.246772,-0.340653,0.392036,0.294744,-0.099365,0.083403,-0.120701,-0.085638,-0.095964,-0.086055
2391,"Sasajima, Kaoru",staff_1013,0.258455,0.055211,0.110346,-0.54501,-0.127744,0.11621,0.049992,0.028426,0.159812,0.115814,-0.235458,0.21145,0.203321,0.153542,0.404328,-0.636521,0.495182,0.155201,0.165915,-0.065366,0.27827,-0.037531,-0.126125,-0.008275,0.159966,0.33841,-0.443729,0.247522,-0.006957,0.226391,-0.491335,0.024017,0.431223,-0.293914,0.294577,-0.172686,0.101273,-0.192706,-0.035156,0.031639,0.254753,0.019319,0.440167,-0.265678,-0.115023,-0.167245,-0.048938,-0.18905,-0.052651,0.34507,-0.230155,-0.181803,0.306375,0.249772,0.246772,-0.340653,0.392036,0.294744,-0.099365,0.083403,-0.120701,-0.085638,-0.095964,-0.086055
2392,"Sasamoto, Yuuko",staff_503,0.258455,0.055211,0.110346,-0.54501,-0.127744,0.11621,0.049992,0.028426,0.159812,0.115814,-0.235458,0.21145,0.203321,0.153542,0.404328,-0.636521,0.495182,0.155201,0.165915,-0.065366,0.27827,-0.037531,-0.126125,-0.008275,0.159966,0.33841,-0.443729,0.247522,-0.006957,0.226391,-0.491335,0.024017,0.431223,-0.293914,0.294577,-0.172686,0.101273,-0.192706,-0.035156,0.031639,0.254753,0.019319,0.440167,-0.265678,-0.115023,-0.167245,-0.048938,-0.18905,-0.052651,0.34507,-0.230155,-0.181803,0.306375,0.249772,0.246772,-0.340653,0.392036,0.294744,-0.099365,0.083403,-0.120701,-0.085638,-0.095964,-0.086055
2393,"Ushida, Hiroko",staff_11362,0.258455,0.055211,0.110346,-0.54501,-0.127744,0.11621,0.049992,0.028426,0.159812,0.115814,-0.235458,0.21145,0.203321,0.153542,0.404328,-0.636521,0.495182,0.155201,0.165915,-0.065366,0.27827,-0.037531,-0.126125,-0.008275,0.159966,0.33841,-0.443729,0.247522,-0.006957,0.226391,-0.491335,0.024017,0.431223,-0.293914,0.294577,-0.172686,0.101273,-0.192706,-0.035156,0.031639,0.254753,0.019319,0.440167,-0.265678,-0.115023,-0.167245,-0.048938,-0.18905,-0.052651,0.34507,-0.230155,-0.181803,0.306375,0.249772,0.246772,-0.340653,0.392036,0.294744,-0.099365,0.083403,-0.120701,-0.085638,-0.095964,-0.086055
2395,"Naoya, Takashi",staff_39632,-0.201998,-0.429851,-0.311142,0.04767,0.35757,-0.051947,0.528221,-0.343539,0.301244,-0.157774,0.615004,1.137309,0.654628,-0.057161,-1.034115,-0.529851,0.007221,0.858561,-0.140061,0.080352,0.40412,0.345862,0.078326,0.299933,0.432232,-0.196719,0.063488,0.31036,0.211803,-0.35233,0.350396,-0.440205,0.266798,0.257842,-0.267628,0.430931,-0.34708,-0.268567,-0.077742,0.201396,-1.239583,-0.09976,-0.181517,-0.123756,-0.07607,-0.241494,-0.037364,-0.752166,0.630924,-0.757463,0.499566,-0.115178,-0.30846,-0.365047,-0.609798,-0.459447,-0.147831,0.003076,-0.539764,0.281871,-0.110036,0.363739,-0.079132,-0.142067
2396,"Uenishi, Teppei",staff_47865,-0.104471,0.019679,0.080821,-0.180256,0.018802,0.061591,0.307602,0.083888,0.301748,0.100276,-0.267373,0.032454,0.11874,0.058046,-0.03456,-0.414846,0.468511,0.152627,0.156917,-0.026542,0.258097,0.005213,-0.216446,-0.058451,-0.01275,0.274909,-0.436008,0.010649,-0.045833,-0.014602,-0.505781,-0.038492,0.339589,-0.51704,0.442427,-0.32218,-0.117174,-0.091121,-0.285273,0.186968,0.010119,0.169959,0.537397,-0.217904,-0.22392,-0.193561,0.201372,-0.388685,0.066422,0.283923,-0.000358,-0.140063,0.275095,0.227608,0.102176,-0.449798,0.291954,-0.015731,0.015292,0.337528,-0.279223,-0.093843,0.182997,-0.074787
2397,"Kamegaki, Hajime",staff_7502,-0.136299,-0.432607,-0.318052,0.023906,0.391848,-0.042249,0.530708,-0.353691,0.283962,-0.170203,0.600394,1.124127,0.604358,-0.09524,-1.015712,-0.569629,-0.012134,0.819986,-0.115826,0.067331,0.39423,0.332092,0.105443,0.323496,0.418784,-0.171749,0.053717,0.387702,0.235503,-0.36755,0.34736,-0.444977,0.275068,0.285543,-0.260885,0.454507,-0.331275,-0.255526,-0.035877,0.180097,-1.182222,-0.089762,-0.215667,-0.100776,-0.050451,-0.224014,-0.046604,-0.744212,0.675004,-0.752347,0.471293,-0.166327,-0.241355,-0.383394,-0.626957,-0.47659,-0.138849,-0.021474,-0.539576,0.267525,-0.088733,0.431656,-0.088834,-0.162325
2398,"Kamakari, Kenta",staff_680,0.093757,-0.109141,0.016557,-0.213544,0.041107,0.130912,0.162261,-0.164575,0.201817,0.091743,-0.057603,0.071503,0.147796,-0.040865,-0.042851,-0.337801,0.210205,-0.004922,0.107994,-0.019708,0.208282,-0.00234,-0.161425,-0.198806,0.106405,0.261328,-0.489414,0.165406,-0.217623,0.201326,-0.374791,0.080131,0.235558,-0.362598,0.362538,-0.209834,0.072552,0.075852,-0.187737,0.114011,0.154627,0.047982,0.313078,-0.272355,0.015273,-0.317605,0.012084,-0.301701,0.079184,0.189311,-0.14737,-0.021788,0.117682,0.301835,-0.013707,-0.304693,0.210897,0.128416,-0.159771,0.257322,-0.255064,0.004221,0.076704,-0.194057
2399,"Nanao, Haruhi",staff_1501,0.093757,-0.109141,0.016557,-0.213544,0.041107,0.130912,0.162261,-0.164575,0.201817,0.091743,-0.057603,0.071503,0.147796,-0.040865,-0.042851,-0.337801,0.210205,-0.004922,0.107994,-0.019708,0.208282,-0.00234,-0.161425,-0.198806,0.106405,0.261328,-0.489414,0.165406,-0.217623,0.201326,-0.374791,0.080131,0.235558,-0.362598,0.362538,-0.209834,0.072552,0.075852,-0.187737,0.114011,0.154627,0.047982,0.313078,-0.272355,0.015273,-0.317605,0.012084,-0.301701,0.079184,0.189311,-0.14737,-0.021788,0.117682,0.301835,-0.013707,-0.304693,0.210897,0.128416,-0.159771,0.257322,-0.255064,0.004221,0.076704,-0.194057
2400,"Aiura, Kazuya",staff_49298,-0.260415,-0.259101,-0.397209,-0.029028,0.34285,-0.044155,0.451159,-0.27595,0.294163,-0.158171,0.753134,1.104014,0.818028,-0.095137,-0.801336,-0.508074,-0.005465,0.890413,-0.281356,0.195626,0.461992,0.319959,0.049505,0.349485,0.377356,-0.339279,0.211754,0.21633,0.361564,-0.326788,0.312132,-0.563732,0.203071,0.235775,-0.367641,0.63844,-0.189931,-0.259671,-0.1061,0.218053,-1.262019,-0.180274,-0.360353,-0.010816,-0.036688,-0.20721,-0.049418,-0.80389,0.606696,-0.72122,0.536535,-0.053939,-0.317588,-0.47399,-0.535131,-0.419205,-0.254554,0.046092,-0.50732,0.207337,-0.004422,0.39894,-0.03129,-0.096767
2401,"Yabuuchi, Marina",staff_49710,0.084587,-0.103768,0.036093,-0.342493,0.020179,0.341254,0.19785,-0.164348,0.191459,0.140671,-0.196573,0.100859,0.125039,0.049442,0.101681,-0.276607,0.274801,0.031385,0.097098,0.025142,0.240296,-0.008305,-0.248274,-0.115459,0.196444,0.330072,-0.43697,0.194867,-0.213238,0.365585,-0.474853,0.042756,0.362463,-0.227541,0.428653,-0.146897,0.12444,-0.088618,-0.062878,0.065647,0.115418,-0.010677,0.440998,-0.332727,-0.036201,-0.40994,0.007221,-0.226721,0.067556,0.390819,-0.077543,0.047973,0.215971,0.278646,-0.024483,-0.345371,0.257216,0.09193,-0.274782,0.173448,-0.187383,-0.113718,0.068834,-0.200962
2404,"Ono, Katsumi",staff_22933,-0.218156,-0.328584,-0.339225,-0.019587,0.318756,-0.109135,0.499974,-0.299185,0.324742,-0.139223,0.674902,1.0699,0.738241,-0.143764,-0.870438,-0.496892,-0.023377,0.904937,-0.190133,0.132812,0.405258,0.380428,0.042651,0.321871,0.375477,-0.305398,0.151069,0.278279,0.313229,-0.3075,0.404661,-0.525107,0.286932,0.271786,-0.305564,0.592157,-0.208476,-0.302773,-0.114955,0.236618,-1.241756,-0.146869,-0.308357,-0.049501,-0.107886,-0.222077,-0.010674,-0.724497,0.681576,-0.712273,0.518285,-0.06756,-0.303279,-0.478171,-0.519869,-0.378846,-0.233169,0.013527,-0.561753,0.228138,-0.004807,0.416928,0.017044,-0.056217
2405,"Hieda, Nene",staff_48790,0.056605,-0.067885,0.044523,-0.286374,0.008344,0.274155,0.180547,-0.2143,0.269558,0.117974,-0.1375,0.101034,0.167193,0.00673,-0.000592,-0.248972,0.272792,0.005498,0.109206,0.034597,0.289875,0.008768,-0.172579,-0.175781,0.173896,0.272526,-0.404617,0.185892,-0.273809,0.321568,-0.452161,0.056824,0.267907,-0.297103,0.372295,-0.160972,0.147202,0.010233,-0.073827,0.058126,0.185061,0.037213,0.346374,-0.261353,-0.029774,-0.399573,0.001397,-0.286777,0.071935,0.303642,-0.06835,0.073829,0.199145,0.2679,-0.055392,-0.297928,0.262502,0.173462,-0.238751,0.212955,-0.220503,-0.078671,0.093804,-0.204126
2406,"Nakazawa, Kazuto",staff_6474,-0.131464,-0.424596,-0.390762,-0.05813,0.433675,0.006531,0.549357,-0.29679,0.240851,-0.180142,0.687835,1.12652,0.710522,-0.105075,-0.898997,-0.567794,0.05454,0.796422,-0.15324,0.138432,0.434969,0.29904,0.121589,0.382972,0.415417,-0.246094,0.135211,0.359034,0.313524,-0.46709,0.300407,-0.496911,0.279517,0.293569,-0.315291,0.535643,-0.234043,-0.273973,0.013657,0.196652,-1.244712,-0.164588,-0.274718,-0.042109,-0.040776,-0.231748,-0.033895,-0.796342,0.575861,-0.75809,0.551409,-0.099302,-0.252997,-0.430564,-0.650364,-0.514413,-0.200374,-0.057459,-0.561624,0.176102,-0.099613,0.464898,-0.092153,-0.209906
2408,"Yoshioka, Shinobu",staff_8128,-0.208309,-0.332872,-0.314642,0.005173,0.318801,-0.09434,0.432223,-0.126849,0.390232,-0.193722,0.618298,1.317272,0.717797,-0.013971,-1.052887,-0.436464,0.103573,0.803835,-0.233566,-0.00466,0.303383,0.22246,0.162301,0.169448,0.554907,-0.230975,0.255367,0.240941,0.221888,-0.491903,0.210231,-0.40697,0.15519,0.227833,-0.255576,0.565111,-0.342599,-0.338405,-0.087962,0.209488,-1.252886,-0.061096,-0.088855,-0.259154,-0.120143,-0.340699,-0.143591,-0.629312,0.465581,-0.659301,0.573096,-0.217726,-0.472333,-0.436436,-0.750095,-0.400458,-0.038349,0.076267,-0.511944,0.34623,-0.219153,0.354057,-0.182044,-0.278578
2409,"Stahl, Laura",staff_47410,0.104221,-0.099548,0.011776,-0.222679,0.047532,0.141372,0.163841,-0.177185,0.198726,0.089836,-0.054029,0.075514,0.131192,-0.04806,-0.035679,-0.33324,0.202248,-0.010518,0.100581,-0.006611,0.193893,-0.010692,-0.148596,-0.202956,0.115674,0.256284,-0.472311,0.179267,-0.226492,0.212718,-0.384052,0.072627,0.251516,-0.371906,0.372318,-0.196806,0.079078,0.078033,-0.183958,0.101456,0.161196,0.046965,0.303179,-0.285095,0.024422,-0.333289,0.007596,-0.288341,0.096208,0.177378,-0.153502,-0.037321,0.11679,0.311015,-0.013096,-0.297035,0.201553,0.137102,-0.169505,0.253364,-0.241763,0.006816,0.062664,-0.188752
2410,"Itou, Sairi",staff_50191,-0.021139,-0.030739,0.091755,-0.169494,-0.023832,0.100116,0.241833,-0.021398,0.279563,0.026624,-0.198687,0.058017,0.187423,0.097962,-0.064374,-0.401533,0.358397,0.127928,0.152784,0.005608,0.185425,-0.056092,-0.211397,-0.061196,0.052842,0.235723,-0.454101,0.126866,-0.152671,0.100148,-0.431913,0.049909,0.259795,-0.389092,0.434036,-0.211643,-0.004583,-0.057752,-0.278454,0.13536,0.037625,0.113837,0.483572,-0.230811,-0.142626,-0.260773,0.146728,-0.401865,0.10965,0.332669,-0.061709,-0.037164,0.239639,0.190894,0.044723,-0.424297,0.352031,0.057497,-0.066518,0.290177,-0.225937,-0.105344,0.14524,-0.149639
2411,"Matsuoka, Misato",staff_50192,-0.021139,-0.030739,0.091755,-0.169494,-0.023832,0.100116,0.241833,-0.021398,0.279563,0.026624,-0.198687,0.058017,0.187423,0.097962,-0.064374,-0.401533,0.358397,0.127928,0.152784,0.005608,0.185425,-0.056092,-0.211397,-0.061196,0.052842,0.235723,-0.454101,0.126866,-0.152671,0.100148,-0.431913,0.049909,0.259795,-0.389092,0.434036,-0.211643,-0.004583,-0.057752,-0.278454,0.13536,0.037625,0.113837,0.483572,-0.230811,-0.142626,-0.260773,0.146728,-0.401865,0.10965,0.332669,-0.061709,-0.037164,0.239639,0.190894,0.044723,-0.424297,0.352031,0.057497,-0.066518,0.290177,-0.225937,-0.105344,0.14524,-0.149639
2412,"Osedo, Satoshi",staff_22613,-0.101194,-0.427414,-0.315488,0.010322,0.387747,-0.050405,0.534611,-0.344402,0.275636,-0.159335,0.596467,1.13095,0.597235,-0.101669,-0.987099,-0.575527,-0.043397,0.821183,-0.112367,0.076074,0.405579,0.330482,0.112356,0.346454,0.410202,-0.188467,0.046162,0.419345,0.24937,-0.356513,0.340375,-0.459985,0.276039,0.306423,-0.2635,0.483941,-0.295568,-0.258587,-0.025458,0.170252,-1.150982,-0.094363,-0.253458,-0.073994,-0.033794,-0.202769,-0.072185,-0.731104,0.703641,-0.744906,0.460283,-0.174634,-0.212215,-0.395801,-0.604097,-0.464085,-0.154178,-0.041902,-0.535144,0.246705,-0.0697,0.46278,-0.071449,-0.163626
2413,"Nakamura, Kenji",staff_7217,-0.184859,-0.422668,-0.402595,-0.035323,0.375728,-0.015632,0.549736,-0.290662,0.263275,-0.167408,0.730137,1.139379,0.740818,-0.135457,-0.864996,-0.537341,0.106473,0.774723,-0.139445,0.121515,0.389634,0.275211,0.067955,0.368188,0.381873,-0.316335,0.140515,0.316258,0.317636,-0.466591,0.348435,-0.508824,0.316427,0.260864,-0.290923,0.551529,-0.216942,-0.299164,-0.021453,0.243774,-1.262953,-0.206347,-0.29532,-0.031568,-0.076491,-0.258106,-0.008489,-0.830369,0.56318,-0.768885,0.568063,-0.095222,-0.270288,-0.405017,-0.597227,-0.535714,-0.24804,-0.076787,-0.562114,0.147638,-0.106599,0.458778,-0.035736,-0.207403
2416,"Itazu, Yoshimi",staff_11501,-0.099104,-0.421245,-0.311959,0.026949,0.383686,-0.039733,0.521653,-0.35527,0.263712,-0.165112,0.577781,1.114888,0.599894,-0.12018,-0.989853,-0.583694,-0.05218,0.825927,-0.099514,0.074952,0.416382,0.341836,0.120895,0.351171,0.409519,-0.181673,0.047398,0.418191,0.262518,-0.34988,0.357122,-0.451251,0.281468,0.28973,-0.256757,0.473134,-0.313373,-0.2616,-0.034237,0.163068,-1.157093,-0.078537,-0.234733,-0.079132,-0.052158,-0.209414,-0.055507,-0.739158,0.688626,-0.752025,0.454958,-0.159011,-0.225919,-0.39774,-0.600418,-0.468567,-0.145582,-0.029819,-0.541522,0.247192,-0.063319,0.445277,-0.065173,-0.158219
2417,"Tsuchiya, Simba",staff_41648,0.087,-0.113129,0.015185,-0.209472,0.039066,0.131908,0.162335,-0.161681,0.203968,0.09264,-0.060602,0.071509,0.148995,-0.042813,-0.048536,-0.33611,0.212266,-0.005078,0.111018,-0.024054,0.213452,-0.001953,-0.164228,-0.193062,0.107115,0.262208,-0.49038,0.163516,-0.216894,0.199735,-0.368698,0.084113,0.230741,-0.365084,0.361167,-0.210313,0.069918,0.073718,-0.187015,0.117865,0.15086,0.047501,0.318563,-0.269684,0.010785,-0.313684,0.017044,-0.304513,0.076824,0.192557,-0.146029,-0.020601,0.114929,0.297074,-0.013022,-0.310881,0.215894,0.123376,-0.156988,0.256146,-0.262267,0.007313,0.078736,-0.197267
2418,"Murata, Kazuya",staff_12077,-0.157756,-0.407704,-0.38238,-0.053053,0.403884,-0.026924,0.563553,-0.280335,0.281151,-0.152297,0.674679,1.092247,0.731702,-0.128862,-0.90836,-0.524785,0.049084,0.833853,-0.159119,0.143028,0.418097,0.327596,0.09738,0.350184,0.417943,-0.26675,0.143025,0.334431,0.285153,-0.44937,0.351504,-0.465888,0.32472,0.288337,-0.330624,0.551763,-0.229175,-0.276424,-0.006145,0.196298,-1.279683,-0.158113,-0.263876,-0.061377,-0.099544,-0.264883,-0.012666,-0.739212,0.587245,-0.729629,0.560349,-0.066517,-0.275551,-0.482259,-0.612543,-0.450071,-0.207319,-0.031562,-0.59409,0.193082,-0.073462,0.427026,-0.070472,-0.153078
2419,"Kobayashi, Daiki",staff_41187,0.03931,0.004355,0.055439,-0.23374,0.036468,0.162321,0.202088,-0.121289,0.272946,0.066862,-0.156835,0.087014,0.115814,0.014249,-0.026859,-0.30327,0.316306,0.058203,0.099757,0.0328,0.190718,-0.021418,-0.131327,-0.176033,0.094284,0.226246,-0.390464,0.180203,-0.221748,0.188947,-0.489873,0.001544,0.316456,-0.390881,0.425922,-0.174483,0.035385,0.017803,-0.186495,0.078429,0.140924,0.112095,0.367208,-0.253118,-0.066677,-0.335565,0.048923,-0.320492,0.108101,0.251605,-0.080154,-0.069745,0.22809,0.274109,0.025227,-0.329013,0.251185,0.137432,-0.145923,0.279498,-0.207766,-0.048193,0.067983,-0.117218
2420,"Shiozaki, Ire",staff_41186,0.03931,0.004355,0.055439,-0.23374,0.036468,0.162321,0.202088,-0.121289,0.272946,0.066862,-0.156835,0.087014,0.115814,0.014249,-0.026859,-0.30327,0.316306,0.058203,0.099757,0.0328,0.190718,-0.021418,-0.131327,-0.176033,0.094284,0.226246,-0.390464,0.180203,-0.221748,0.188947,-0.489873,0.001544,0.316456,-0.390881,0.425922,-0.174483,0.035385,0.017803,-0.186495,0.078429,0.140924,0.112095,0.367208,-0.253118,-0.066677,-0.335565,0.048923,-0.320492,0.108101,0.251605,-0.080154,-0.069745,0.22809,0.274109,0.025227,-0.329013,0.251185,0.137432,-0.145923,0.279498,-0.207766,-0.048193,0.067983,-0.117218
2423,"Tahara, Masatoshi",staff_87396,-0.315061,-0.348946,-0.307107,0.017497,0.347816,-0.143483,0.585087,-0.355485,0.378126,-0.139548,0.593186,0.997252,0.766871,-0.112781,-1.030465,-0.440145,0.110779,0.985061,-0.238751,0.171127,0.340367,0.458451,0.042503,0.22318,0.45657,-0.148983,0.258625,0.155204,0.254659,-0.399727,0.449063,-0.381471,0.369342,0.226744,-0.288326,0.454753,-0.298015,-0.304326,-0.165004,0.223555,-1.48621,0.003438,-0.024563,-0.266836,-0.275821,-0.340026,0.104345,-0.622376,0.499375,-0.687524,0.569593,0.102348,-0.433942,-0.580656,-0.629363,-0.26877,-0.101514,0.088578,-0.641324,0.354468,-0.073059,0.235169,-0.107369,0.015385
2424,"Ishiguro, Noboru",staff_5095,-0.315061,-0.348946,-0.307107,0.017497,0.347816,-0.143483,0.585087,-0.355485,0.378126,-0.139548,0.593186,0.997252,0.766871,-0.112781,-1.030465,-0.440145,0.110779,0.985061,-0.238751,0.171127,0.340367,0.458451,0.042503,0.22318,0.45657,-0.148983,0.258625,0.155204,0.254659,-0.399727,0.449063,-0.381471,0.369342,0.226744,-0.288326,0.454753,-0.298015,-0.304326,-0.165004,0.223555,-1.48621,0.003438,-0.024563,-0.266836,-0.275821,-0.340026,0.104345,-0.622376,0.499375,-0.687524,0.569593,0.102348,-0.433942,-0.580656,-0.629363,-0.26877,-0.101514,0.088578,-0.641324,0.354468,-0.073059,0.235169,-0.107369,0.015385
2425,"Hironaka, Masashi",staff_5247,-0.05769,0.041844,0.138448,-0.299012,-0.179999,0.204953,0.2586,0.001817,0.387322,0.059145,-0.291867,0.029968,0.19572,0.147492,0.019668,-0.375674,0.416879,0.202398,0.109822,0.032275,0.39579,0.058485,-0.227153,-0.053208,0.109869,0.280092,-0.465878,-0.01312,-0.179123,0.136928,-0.456414,-0.075468,0.205383,-0.334484,0.413179,-0.216682,-0.003954,-0.036567,-0.081225,0.034235,0.061949,0.19019,0.459958,-0.147423,-0.236886,-0.301905,0.076389,-0.312752,0.040066,0.372966,-0.061634,0.056385,0.357901,0.15863,0.0683,-0.458676,0.39733,0.150189,-0.120644,0.257197,-0.122381,-0.108855,0.204285,-0.148944
2426,"Mori, Katsuji",staff_921,-0.05769,0.041844,0.138448,-0.299012,-0.179999,0.204953,0.2586,0.001817,0.387322,0.059145,-0.291867,0.029968,0.19572,0.147492,0.019668,-0.375674,0.416879,0.202398,0.109822,0.032275,0.39579,0.058485,-0.227153,-0.053208,0.109869,0.280092,-0.465878,-0.01312,-0.179123,0.136928,-0.456414,-0.075468,0.205383,-0.334484,0.413179,-0.216682,-0.003954,-0.036567,-0.081225,0.034235,0.061949,0.19019,0.459958,-0.147423,-0.236886,-0.301905,0.076389,-0.312752,0.040066,0.372966,-0.061634,0.056385,0.357901,0.15863,0.0683,-0.458676,0.39733,0.150189,-0.120644,0.257197,-0.122381,-0.108855,0.204285,-0.148944
2427,"Narahashi, Miki",staff_1600,-0.05769,0.041844,0.138448,-0.299012,-0.179999,0.204953,0.2586,0.001817,0.387322,0.059145,-0.291867,0.029968,0.19572,0.147492,0.019668,-0.375674,0.416879,0.202398,0.109822,0.032275,0.39579,0.058485,-0.227153,-0.053208,0.109869,0.280092,-0.465878,-0.01312,-0.179123,0.136928,-0.456414,-0.075468,0.205383,-0.334484,0.413179,-0.216682,-0.003954,-0.036567,-0.081225,0.034235,0.061949,0.19019,0.459958,-0.147423,-0.236886,-0.301905,0.076389,-0.312752,0.040066,0.372966,-0.061634,0.056385,0.357901,0.15863,0.0683,-0.458676,0.39733,0.150189,-0.120644,0.257197,-0.122381,-0.108855,0.204285,-0.148944
2428,"Katsuki, Masako",staff_342,-0.05769,0.041844,0.138448,-0.299012,-0.179999,0.204953,0.2586,0.001817,0.387322,0.059145,-0.291867,0.029968,0.19572,0.147492,0.019668,-0.375674,0.416879,0.202398,0.109822,0.032275,0.39579,0.058485,-0.227153,-0.053208,0.109869,0.280092,-0.465878,-0.01312,-0.179123,0.136928,-0.456414,-0.075468,0.205383,-0.334484,0.413179,-0.216682,-0.003954,-0.036567,-0.081225,0.034235,0.061949,0.19019,0.459958,-0.147423,-0.236886,-0.301905,0.076389,-0.312752,0.040066,0.372966,-0.061634,0.056385,0.357901,0.15863,0.0683,-0.458676,0.39733,0.150189,-0.120644,0.257197,-0.122381,-0.108855,0.204285,-0.148944
2429,"Shiozawa, Kaneto",staff_424,-0.05769,0.041844,0.138448,-0.299012,-0.179999,0.204953,0.2586,0.001817,0.387322,0.059145,-0.291867,0.029968,0.19572,0.147492,0.019668,-0.375674,0.416879,0.202398,0.109822,0.032275,0.39579,0.058485,-0.227153,-0.053208,0.109869,0.280092,-0.465878,-0.01312,-0.179123,0.136928,-0.456414,-0.075468,0.205383,-0.334484,0.413179,-0.216682,-0.003954,-0.036567,-0.081225,0.034235,0.061949,0.19019,0.459958,-0.147423,-0.236886,-0.301905,0.076389,-0.312752,0.040066,0.372966,-0.061634,0.056385,0.357901,0.15863,0.0683,-0.458676,0.39733,0.150189,-0.120644,0.257197,-0.122381,-0.108855,0.204285,-0.148944
2430,"Hazama, Michio",staff_1158,-0.05769,0.041844,0.138448,-0.299012,-0.179999,0.204953,0.2586,0.001817,0.387322,0.059145,-0.291867,0.029968,0.19572,0.147492,0.019668,-0.375674,0.416879,0.202398,0.109822,0.032275,0.39579,0.058485,-0.227153,-0.053208,0.109869,0.280092,-0.465878,-0.01312,-0.179123,0.136928,-0.456414,-0.075468,0.205383,-0.334484,0.413179,-0.216682,-0.003954,-0.036567,-0.081225,0.034235,0.061949,0.19019,0.459958,-0.147423,-0.236886,-0.301905,0.076389,-0.312752,0.040066,0.372966,-0.061634,0.056385,0.357901,0.15863,0.0683,-0.458676,0.39733,0.150189,-0.120644,0.257197,-0.122381,-0.108855,0.204285,-0.148944
2431,"Tomiyama, Kei",staff_870,-0.05769,0.041844,0.138448,-0.299012,-0.179999,0.204953,0.2586,0.001817,0.387322,0.059145,-0.291867,0.029968,0.19572,0.147492,0.019668,-0.375674,0.416879,0.202398,0.109822,0.032275,0.39579,0.058485,-0.227153,-0.053208,0.109869,0.280092,-0.465878,-0.01312,-0.179123,0.136928,-0.456414,-0.075468,0.205383,-0.334484,0.413179,-0.216682,-0.003954,-0.036567,-0.081225,0.034235,0.061949,0.19019,0.459958,-0.147423,-0.236886,-0.301905,0.076389,-0.312752,0.040066,0.372966,-0.061634,0.056385,0.357901,0.15863,0.0683,-0.458676,0.39733,0.150189,-0.120644,0.257197,-0.122381,-0.108855,0.204285,-0.148944
2432,"Imazaki, Itsuki",staff_30623,-0.168992,-0.377433,-0.33779,-0.006435,0.346284,-0.067173,0.518457,-0.325474,0.280283,-0.132335,0.647473,1.12077,0.684051,-0.084653,-0.909738,-0.535763,-0.0609,0.884663,-0.169479,0.13237,0.446226,0.364082,0.086812,0.344428,0.392285,-0.254964,0.103116,0.319254,0.295418,-0.321383,0.343153,-0.510044,0.25967,0.300132,-0.289528,0.52912,-0.243806,-0.276109,-0.077139,0.197913,-1.202089,-0.121975,-0.287335,-0.034822,-0.053094,-0.197026,-0.076393,-0.757985,0.686175,-0.734367,0.481128,-0.097059,-0.264413,-0.416773,-0.548074,-0.420586,-0.214387,-0.012497,-0.532725,0.224143,-0.032646,0.427545,-0.022548,-0.119271
2433,"Minami, Wakana",staff_41200,0.085454,-0.099035,0.000869,-0.256459,0.056259,0.222691,0.189188,-0.196544,0.192752,0.103056,-0.101465,0.065411,0.159579,-0.02637,0.000511,-0.281259,0.230875,-0.015802,0.110022,-0.001077,0.249709,0.00444,-0.186146,-0.161098,0.149251,0.305086,-0.46577,0.164662,-0.238288,0.267894,-0.42661,0.056898,0.292878,-0.322199,0.390286,-0.201312,0.109497,0.024642,-0.110888,0.056542,0.175926,0.011403,0.35111,-0.282699,0.016719,-0.373941,-0.007155,-0.262841,0.078356,0.249241,-0.100059,0.017879,0.150281,0.302927,-0.042953,-0.300957,0.24388,0.114751,-0.222322,0.219754,-0.236727,-0.029073,0.087669,-0.228829
2435,"Kamo, Ayumi",staff_9309,-0.169927,-0.39953,-0.365585,-0.02492,0.360671,-0.057666,0.534899,-0.261792,0.313014,-0.158974,0.662741,1.151193,0.713601,-0.11251,-0.921239,-0.515951,0.057113,0.811239,-0.151567,0.093283,0.374009,0.294631,0.099975,0.311812,0.42404,-0.277736,0.150221,0.315352,0.285967,-0.45375,0.33678,-0.473736,0.296872,0.282487,-0.279006,0.552877,-0.245104,-0.30414,-0.042705,0.215409,-1.245731,-0.140729,-0.243561,-0.092868,-0.107946,-0.286546,-0.045247,-0.744359,0.591425,-0.729063,0.533752,-0.12143,-0.299018,-0.430275,-0.617484,-0.455036,-0.199091,-0.033103,-0.55193,0.213946,-0.105235,0.43705,-0.072515,-0.186451
2436,"Mashimo, Kouichi",staff_5094,-0.169927,-0.39953,-0.365585,-0.02492,0.360671,-0.057666,0.534899,-0.261792,0.313014,-0.158974,0.662741,1.151193,0.713601,-0.11251,-0.921239,-0.515951,0.057113,0.811239,-0.151567,0.093283,0.374009,0.294631,0.099975,0.311812,0.42404,-0.277736,0.150221,0.315352,0.285967,-0.45375,0.33678,-0.473736,0.296872,0.282487,-0.279006,0.552877,-0.245104,-0.30414,-0.042705,0.215409,-1.245731,-0.140729,-0.243561,-0.092868,-0.107946,-0.286546,-0.045247,-0.744359,0.591425,-0.729063,0.533752,-0.12143,-0.299018,-0.430275,-0.617484,-0.455036,-0.199091,-0.033103,-0.55193,0.213946,-0.105235,0.43705,-0.072515,-0.186451
2437,"Yoshitani, Ayako",staff_16073,-0.118853,-0.036336,0.120441,-0.096518,-0.054878,0.011972,0.294576,0.113022,0.299394,-0.019375,-0.267574,0.024316,0.243388,0.165217,-0.109905,-0.474148,0.440276,0.216021,0.209734,-0.044619,0.184081,-0.083508,-0.277913,0.046249,-0.022175,0.244457,-0.51159,0.049958,-0.059143,-0.028563,-0.410409,0.067338,0.228382,-0.409808,0.457827,-0.275319,-0.10069,-0.127921,-0.387495,0.199377,-0.070841,0.154073,0.622272,-0.191301,-0.246378,-0.171005,0.249083,-0.490347,0.092303,0.416611,-0.013439,-0.05016,0.271938,0.11327,0.087207,-0.52858,0.452291,-0.043227,0.046684,0.333906,-0.271951,-0.148378,0.225906,-0.149032
2439,"Aigase, Ryuji",staff_5573,0.048314,-0.063395,0.046139,-0.302298,0.001014,0.301583,0.188467,-0.220057,0.276919,0.116848,-0.146251,0.102472,0.175958,0.01919,0.019131,-0.232613,0.284828,0.005524,0.109613,0.045805,0.308943,0.012589,-0.178944,-0.169889,0.185864,0.278595,-0.39832,0.184679,-0.278922,0.34219,-0.472463,0.050615,0.276163,-0.272978,0.381057,-0.164008,0.157143,-0.002836,-0.051331,0.042611,0.192095,0.034214,0.359771,-0.258889,-0.037604,-0.412722,-0.000325,-0.282378,0.073036,0.327725,-0.051415,0.099439,0.219409,0.264372,-0.061685,-0.297324,0.280263,0.176333,-0.254039,0.211417,-0.218624,-0.098276,0.106578,-0.212523
2440,"Maeda, Ai",staff_647,0.048314,-0.063395,0.046139,-0.302298,0.001014,0.301583,0.188467,-0.220057,0.276919,0.116848,-0.146251,0.102472,0.175958,0.01919,0.019131,-0.232613,0.284828,0.005524,0.109613,0.045805,0.308943,0.012589,-0.178944,-0.169889,0.185864,0.278595,-0.39832,0.184679,-0.278922,0.34219,-0.472463,0.050615,0.276163,-0.272978,0.381057,-0.164008,0.157143,-0.002836,-0.051331,0.042611,0.192095,0.034214,0.359771,-0.258889,-0.037604,-0.412722,-0.000325,-0.282378,0.073036,0.327725,-0.051415,0.099439,0.219409,0.264372,-0.061685,-0.297324,0.280263,0.176333,-0.254039,0.211417,-0.218624,-0.098276,0.106578,-0.212523
2441,"Chinen, Yuuri",staff_6494,0.079324,-0.127849,0.105322,-0.310289,-0.038855,0.275596,0.141131,-0.179336,0.288013,0.139601,-0.15345,0.113689,0.10588,-0.010417,0.023154,-0.330668,0.247053,0.064765,0.122567,0.024363,0.256628,0.056949,-0.22812,-0.171294,0.199019,0.251732,-0.45184,0.172681,-0.248836,0.309742,-0.410704,0.028142,0.233975,-0.335404,0.362831,-0.156582,0.126204,0.039394,-0.106436,0.119549,0.193515,0.061377,0.332615,-0.241605,0.010092,-0.358202,0.023889,-0.317028,0.075376,0.269689,-0.102697,-0.003298,0.180445,0.240277,-0.02195,-0.311177,0.1955,0.217721,-0.200695,0.195847,-0.184723,-0.042073,0.033453,-0.180935
2442,"Nagase, Tomoya",staff_5030,0.079324,-0.127849,0.105322,-0.310289,-0.038855,0.275596,0.141131,-0.179336,0.288013,0.139601,-0.15345,0.113689,0.10588,-0.010417,0.023154,-0.330668,0.247053,0.064765,0.122567,0.024363,0.256628,0.056949,-0.22812,-0.171294,0.199019,0.251732,-0.45184,0.172681,-0.248836,0.309742,-0.410704,0.028142,0.233975,-0.335404,0.362831,-0.156582,0.126204,0.039394,-0.106436,0.119549,0.193515,0.061377,0.332615,-0.241605,0.010092,-0.358202,0.023889,-0.317028,0.075376,0.269689,-0.102697,-0.003298,0.180445,0.240277,-0.02195,-0.311177,0.1955,0.217721,-0.200695,0.195847,-0.184723,-0.042073,0.033453,-0.180935
2443,"Ootsubo, Yuka",staff_12452,-0.020733,-0.046426,0.090171,-0.177324,-0.008833,0.098377,0.267731,-0.03671,0.268009,0.07466,-0.180834,0.035044,0.151008,0.027688,-0.028763,-0.408134,0.325313,0.096824,0.149759,-0.013854,0.249162,0.002306,-0.205397,-0.069303,0.050798,0.251207,-0.492822,0.058807,-0.110437,0.082174,-0.406314,0.040341,0.251497,-0.427927,0.424785,-0.2851,-0.018772,0.002239,-0.257763,0.156348,0.046376,0.135178,0.467741,-0.224785,-0.104654,-0.229384,0.134876,-0.374579,0.08889,0.257914,-0.07279,-0.055236,0.211807,0.224294,0.038834,-0.401807,0.306406,0.08036,-0.031787,0.286882,-0.245713,-0.056218,0.174129,-0.148531
2444,"Ishii, Hisashi",staff_48890,-0.179558,-0.366038,-0.329124,-0.039695,0.344805,-0.105174,0.52469,-0.295459,0.319745,-0.144723,0.646048,1.069451,0.708125,-0.140338,-0.910299,-0.502159,-0.018056,0.896387,-0.164757,0.11952,0.402855,0.388144,0.070664,0.319669,0.398784,-0.265068,0.142848,0.313757,0.292577,-0.340786,0.394336,-0.497416,0.301619,0.293,-0.30175,0.570719,-0.224668,-0.305639,-0.085896,0.22204,-1.243266,-0.128347,-0.26871,-0.072001,-0.119488,-0.228851,-0.012028,-0.692166,0.673962,-0.703313,0.525045,-0.076487,-0.299669,-0.490751,-0.55964,-0.37522,-0.200943,0.001654,-0.584062,0.239108,-0.024444,0.424091,-0.006001,-0.071109
2445,"Nobuta, Yuu",staff_40215,-0.168456,-0.369328,-0.333899,-0.01435,0.34779,-0.086759,0.516902,-0.309915,0.306179,-0.141259,0.640895,1.08872,0.688949,-0.124538,-0.916731,-0.520579,-0.034708,0.877983,-0.162623,0.119797,0.41167,0.36767,0.076413,0.330318,0.392433,-0.257373,0.113369,0.327324,0.285917,-0.332481,0.378174,-0.495368,0.286568,0.29058,-0.297433,0.551079,-0.240772,-0.284375,-0.078407,0.205113,-1.212993,-0.121643,-0.279957,-0.058689,-0.089662,-0.219389,-0.037955,-0.721572,0.686548,-0.717684,0.49529,-0.099863,-0.271758,-0.455717,-0.555841,-0.400368,-0.202026,-0.005463,-0.555225,0.233793,-0.026372,0.428521,-0.018833,-0.093204
2446,"Suyama, Akio",staff_583,0.098435,-0.145394,0.132403,-0.32827,-0.040497,0.310867,0.115274,-0.166462,0.296897,0.173059,-0.192446,0.15505,0.072856,0.016286,0.046874,-0.342756,0.259037,0.082033,0.124123,0.015579,0.215974,0.071383,-0.263816,-0.187588,0.220998,0.246356,-0.453935,0.214334,-0.231102,0.344497,-0.42466,0.039971,0.251858,-0.300095,0.365047,-0.125806,0.132302,0.00084,-0.110556,0.169924,0.183757,0.05789,0.356203,-0.261462,0.008715,-0.347496,0.027592,-0.324352,0.048114,0.312389,-0.088075,-0.012319,0.183406,0.229335,-0.004689,-0.318234,0.167051,0.229812,-0.20432,0.17078,-0.176917,-0.054902,-0.002837,-0.161545
2447,"Shimowada, Hiroki",staff_586,0.098435,-0.145394,0.132403,-0.32827,-0.040497,0.310867,0.115274,-0.166462,0.296897,0.173059,-0.192446,0.15505,0.072856,0.016286,0.046874,-0.342756,0.259037,0.082033,0.124123,0.015579,0.215974,0.071383,-0.263816,-0.187588,0.220998,0.246356,-0.453935,0.214334,-0.231102,0.344497,-0.42466,0.039971,0.251858,-0.300095,0.365047,-0.125806,0.132302,0.00084,-0.110556,0.169924,0.183757,0.05789,0.356203,-0.261462,0.008715,-0.347496,0.027592,-0.324352,0.048114,0.312389,-0.088075,-0.012319,0.183406,0.229335,-0.004689,-0.318234,0.167051,0.229812,-0.20432,0.17078,-0.176917,-0.054902,-0.002837,-0.161545
2449,"Hori, Motonobu",staff_42313,-0.226433,-0.421431,-0.352384,0.004072,0.334584,-0.060854,0.5655,-0.285063,0.301625,-0.137823,0.702951,1.101017,0.740501,-0.148694,-0.883438,-0.493427,0.075852,0.835817,-0.141632,0.10473,0.367218,0.33182,0.023958,0.330199,0.388936,-0.334576,0.102647,0.305791,0.27372,-0.409073,0.416178,-0.477889,0.36101,0.256798,-0.275294,0.537414,-0.223296,-0.316691,-0.063427,0.256896,-1.275276,-0.213282,-0.288475,-0.05449,-0.122379,-0.272994,0.031753,-0.756708,0.604488,-0.750081,0.576837,-0.06159,-0.286186,-0.429246,-0.54021,-0.466832,-0.2572,-0.053546,-0.606153,0.173669,-0.086612,0.41769,0.012101,-0.141373
2452,"Mizuno, Ryouma",staff_49098,-0.099865,-0.429101,-0.315676,0.010556,0.389247,-0.051002,0.532306,-0.343,0.276124,-0.157944,0.596218,1.130083,0.595496,-0.102344,-0.986497,-0.574418,-0.044025,0.819686,-0.112284,0.076681,0.406941,0.331662,0.113535,0.345523,0.410023,-0.187526,0.044797,0.419768,0.249619,-0.356475,0.340956,-0.461561,0.278456,0.306153,-0.263364,0.483034,-0.295961,-0.259812,-0.02697,0.169393,-1.151149,-0.094722,-0.251837,-0.073254,-0.034411,-0.202873,-0.071296,-0.729569,0.704829,-0.743991,0.460952,-0.175003,-0.211675,-0.395938,-0.603967,-0.462612,-0.152754,-0.042111,-0.534032,0.245311,-0.069752,0.462211,-0.069584,-0.164421
2453,"Kondou, Hikaru",staff_8076,-0.096392,-0.42609,-0.317069,0.013238,0.389137,-0.052088,0.532202,-0.340088,0.276233,-0.159272,0.599293,1.133067,0.594898,-0.104397,-0.988072,-0.57329,-0.044633,0.824439,-0.111621,0.079261,0.408443,0.332887,0.118094,0.348971,0.41585,-0.187096,0.048341,0.422312,0.246683,-0.35682,0.345221,-0.464941,0.278135,0.306908,-0.265269,0.480752,-0.29556,-0.261523,-0.021241,0.170634,-1.15274,-0.094493,-0.254891,-0.073506,-0.035783,-0.20346,-0.074581,-0.727547,0.703905,-0.745255,0.464189,-0.174378,-0.215062,-0.397451,-0.60841,-0.46455,-0.156593,-0.043939,-0.533885,0.246361,-0.069385,0.460696,-0.070176,-0.161976
2454,"Sawai, Miyuu",staff_10207,0.106698,-0.100211,0.013583,-0.223935,0.047628,0.137697,0.162584,-0.176633,0.197386,0.09017,-0.050817,0.073917,0.136102,-0.044741,-0.029658,-0.334474,0.202377,-0.010807,0.096649,-0.006412,0.192168,-0.005933,-0.149549,-0.207898,0.113502,0.256795,-0.480097,0.181052,-0.227205,0.213201,-0.384203,0.070629,0.250873,-0.363867,0.367045,-0.200677,0.080831,0.080627,-0.182062,0.098868,0.162871,0.045856,0.301004,-0.281652,0.028195,-0.331594,0.004364,-0.288991,0.092135,0.175933,-0.155922,-0.033083,0.119948,0.313919,-0.012799,-0.294446,0.200398,0.139694,-0.171249,0.255057,-0.242334,0.00784,0.065313,-0.187336
2455,"Ichimura, Tetsuo",staff_31581,-0.206643,-0.307721,-0.398369,-0.014742,0.326242,-0.059582,0.523653,-0.292244,0.305987,-0.08051,0.666293,1.090347,0.77193,-0.084398,-0.86221,-0.489305,-0.090434,0.941306,-0.22573,0.212912,0.492819,0.367502,0.082602,0.333181,0.393603,-0.315552,0.149866,0.2397,0.300926,-0.320053,0.35761,-0.495903,0.287281,0.296892,-0.365661,0.576431,-0.212608,-0.234189,-0.08187,0.162282,-1.272347,-0.108094,-0.313397,-0.006389,-0.096199,-0.250393,-0.106187,-0.753418,0.665688,-0.703925,0.471685,-0.022156,-0.289705,-0.48381,-0.49207,-0.348924,-0.265399,0.034069,-0.524275,0.21834,0.029984,0.363801,-0.030883,-0.06021
2456,"Kanemoto, Ryousuke",staff_22275,0.057617,-0.101764,0.014269,-0.341905,0.014492,0.301304,0.242885,-0.23079,0.209382,0.069991,-0.11955,0.058569,0.192944,-0.022462,0.090296,-0.260122,0.217238,0.008358,0.133881,0.009979,0.329254,-0.025594,-0.224187,-0.105641,0.22562,0.357175,-0.465127,0.127305,-0.236371,0.322333,-0.451051,0.046852,0.283584,-0.23637,0.432665,-0.218649,0.102627,0.026981,-0.029114,0.013773,0.15712,0.022183,0.374301,-0.307451,-0.001082,-0.429006,-0.033717,-0.212686,0.10552,0.310654,-0.08862,0.092332,0.215768,0.308701,-0.053971,-0.306825,0.302029,0.136754,-0.26018,0.225284,-0.223216,-0.089876,0.134137,-0.270647
2457,"Nogawa, Sakura",staff_204,0.108169,-0.100006,0.013309,-0.222944,0.045902,0.140055,0.16235,-0.177375,0.196295,0.09107,-0.051715,0.074575,0.13457,-0.045082,-0.031647,-0.335396,0.200268,-0.011311,0.098175,-0.006789,0.194497,-0.00505,-0.147657,-0.206533,0.113244,0.255036,-0.476142,0.180248,-0.226523,0.211838,-0.386384,0.071314,0.250334,-0.36487,0.368592,-0.199912,0.080087,0.082384,-0.182944,0.099477,0.163733,0.046633,0.300596,-0.281604,0.027256,-0.331855,0.00463,-0.289264,0.094036,0.175302,-0.156491,-0.031478,0.118891,0.31126,-0.014446,-0.293985,0.199561,0.138577,-0.170311,0.255839,-0.241456,0.00748,0.065043,-0.187729
2458,"Momoi, Haruko",staff_258,0.108169,-0.100006,0.013309,-0.222944,0.045902,0.140055,0.16235,-0.177375,0.196295,0.09107,-0.051715,0.074575,0.13457,-0.045082,-0.031647,-0.335396,0.200268,-0.011311,0.098175,-0.006789,0.194497,-0.00505,-0.147657,-0.206533,0.113244,0.255036,-0.476142,0.180248,-0.226523,0.211838,-0.386384,0.071314,0.250334,-0.36487,0.368592,-0.199912,0.080087,0.082384,-0.182944,0.099477,0.163733,0.046633,0.300596,-0.281604,0.027256,-0.331855,0.00463,-0.289264,0.094036,0.175302,-0.156491,-0.031478,0.118891,0.31126,-0.014446,-0.293985,0.199561,0.138577,-0.170311,0.255839,-0.241456,0.00748,0.065043,-0.187729
2459,"Konishi, Ryousei",staff_993,0.104969,-0.101131,0.012417,-0.221791,0.044679,0.139221,0.164224,-0.175519,0.198704,0.089912,-0.051746,0.073096,0.136601,-0.045739,-0.031481,-0.33516,0.20445,-0.011812,0.097322,-0.008332,0.197472,-0.004398,-0.150363,-0.207138,0.112617,0.255663,-0.480513,0.178929,-0.226484,0.210052,-0.385371,0.071682,0.249216,-0.365878,0.368214,-0.201926,0.079963,0.080113,-0.18212,0.100005,0.164799,0.047139,0.303994,-0.28014,0.025326,-0.330362,0.005826,-0.2904,0.092769,0.177332,-0.155137,-0.031401,0.119551,0.311456,-0.013725,-0.296601,0.201732,0.137795,-0.169262,0.256757,-0.245924,0.00655,0.068079,-0.189746
2460,"Ishii, Mark",staff_33899,0.080087,-0.120035,0.017939,-0.20469,0.035417,0.128538,0.164122,-0.152049,0.204904,0.092719,-0.066307,0.069789,0.155907,-0.03985,-0.055651,-0.337982,0.216028,0.000969,0.118398,-0.034343,0.219118,0.001629,-0.169507,-0.185864,0.101242,0.263454,-0.494525,0.155329,-0.211319,0.191789,-0.363322,0.087397,0.222802,-0.362036,0.356009,-0.215966,0.067575,0.073698,-0.189757,0.124654,0.143165,0.049783,0.326496,-0.266296,0.002925,-0.307325,0.022353,-0.312477,0.067419,0.201781,-0.143383,-0.01501,0.111728,0.290152,-0.015249,-0.315261,0.222382,0.114926,-0.149121,0.255367,-0.270548,0.006717,0.084171,-0.201163
2461,"Kahara, Moe",staff_53530,0.103552,-0.102221,0.011906,-0.222253,0.0481,0.142535,0.161894,-0.180823,0.197926,0.091572,-0.054111,0.076401,0.131216,-0.050287,-0.037322,-0.332503,0.199949,-0.013023,0.099726,-0.008072,0.196456,-0.008235,-0.148425,-0.204345,0.116732,0.256757,-0.472782,0.179378,-0.227365,0.214789,-0.381567,0.076209,0.249934,-0.369822,0.369421,-0.196236,0.078751,0.081324,-0.181745,0.102662,0.161804,0.045277,0.301004,-0.284058,0.026125,-0.333109,0.006503,-0.288062,0.094321,0.176046,-0.155994,-0.03632,0.116488,0.311238,-0.014798,-0.294965,0.198621,0.134808,-0.170614,0.251526,-0.243529,0.010116,0.061257,-0.188601
2462,"Iwasaki, Tarou",staff_28891,-0.173397,-0.378509,-0.245575,0.024745,0.303467,-0.055855,0.472254,-0.258752,0.307362,-0.217544,0.566407,1.168566,0.653008,-0.06674,-1.098846,-0.558448,-0.012565,0.804034,-0.12439,-0.026784,0.354989,0.31429,0.079998,0.284043,0.493121,-0.162298,0.05361,0.326136,0.17731,-0.375806,0.384014,-0.421694,0.225483,0.237263,-0.216854,0.498999,-0.364026,-0.336089,-0.094565,0.21871,-1.190385,-0.021077,-0.140937,-0.177615,-0.15434,-0.232689,-0.113381,-0.662606,0.587675,-0.724509,0.439191,-0.172729,-0.366126,-0.391442,-0.621648,-0.47655,-0.053533,0.04923,-0.491466,0.289521,-0.13395,0.379351,-0.101869,-0.15591
2463,"Endou, Rina",staff_31391,-0.006233,-0.044528,0.084919,-0.172151,-0.020598,0.089282,0.238128,-0.029728,0.265289,0.024745,-0.178202,0.051304,0.189837,0.084785,-0.058497,-0.407245,0.33492,0.119749,0.152878,-0.00784,0.187266,-0.053136,-0.213501,-0.067302,0.058999,0.246576,-0.474425,0.118667,-0.14775,0.095232,-0.416694,0.051843,0.249131,-0.385096,0.429999,-0.220268,-0.007483,-0.037467,-0.273062,0.134353,0.039324,0.110831,0.466406,-0.233472,-0.125649,-0.257784,0.130445,-0.389804,0.108322,0.311326,-0.080929,-0.038175,0.226813,0.206059,0.045305,-0.417918,0.340736,0.060911,-0.069714,0.291329,-0.230794,-0.089551,0.14321,-0.161192
2464,"Andou, Saaya",staff_41572,-0.006233,-0.044528,0.084919,-0.172151,-0.020598,0.089282,0.238128,-0.029728,0.265289,0.024745,-0.178202,0.051304,0.189837,0.084785,-0.058497,-0.407245,0.33492,0.119749,0.152878,-0.00784,0.187266,-0.053136,-0.213501,-0.067302,0.058999,0.246576,-0.474425,0.118667,-0.14775,0.095232,-0.416694,0.051843,0.249131,-0.385096,0.429999,-0.220268,-0.007483,-0.037467,-0.273062,0.134353,0.039324,0.110831,0.466406,-0.233472,-0.125649,-0.257784,0.130445,-0.389804,0.108322,0.311326,-0.080929,-0.038175,0.226813,0.206059,0.045305,-0.417918,0.340736,0.060911,-0.069714,0.291329,-0.230794,-0.089551,0.14321,-0.161192
2465,"Ichiki, Mitsuhiro",staff_1527,-0.004638,-0.018037,0.07664,-0.167487,-0.001696,0.094576,0.237387,-0.023363,0.266435,0.042981,-0.195659,0.049331,0.177739,0.091319,-0.064478,-0.388016,0.364466,0.110423,0.139632,-0.002991,0.192657,-0.035844,-0.200698,-0.079368,0.043949,0.246576,-0.455864,0.118842,-0.148336,0.089852,-0.44475,0.029277,0.281962,-0.402752,0.432122,-0.216996,-0.005311,-0.052564,-0.260092,0.121369,0.051546,0.108367,0.468661,-0.224051,-0.134104,-0.257803,0.123236,-0.382984,0.091967,0.311666,-0.062733,-0.050598,0.236453,0.213753,0.046758,-0.413948,0.329822,0.050511,-0.081095,0.286489,-0.228389,-0.08742,0.136139,-0.146782
2466,"Maeda, Rena",staff_17101,-0.021164,-0.010555,0.05171,-0.218929,0.033693,0.095966,0.24271,0.03165,0.25719,0.13116,-0.214593,0.062902,0.081421,0.032841,-0.007195,-0.383816,0.402053,0.100542,0.11042,-0.03133,0.224881,0.007382,-0.190412,-0.134418,0.018,0.268582,-0.436182,0.079435,-0.080376,0.06845,-0.480195,-0.019863,0.342751,-0.453426,0.416352,-0.265429,-0.073658,-0.05308,-0.2358,0.178143,0.032308,0.133961,0.461409,-0.258644,-0.168601,-0.228467,0.126086,-0.324028,0.044082,0.26662,-0.0683,-0.127287,0.233769,0.27589,0.09464,-0.411139,0.220452,0.0153,-0.059377,0.311484,-0.271097,-0.059472,0.112936,-0.069161
2467,"Oizaki, Fumitoshi",staff_11426,-0.249617,-0.314507,-0.333489,0.011513,0.371623,-0.020822,0.373288,-0.258655,0.353838,-0.314353,0.634529,1.179216,0.69499,-0.081304,-1.107682,-0.574562,0.148068,0.724542,-0.169997,-0.040048,0.301765,0.232935,0.120895,0.217273,0.498526,-0.127499,0.205949,0.219396,0.249261,-0.470403,0.328205,-0.459537,0.136125,0.1652,-0.227328,0.507608,-0.439513,-0.314741,-0.1087,0.246382,-1.256793,-0.006029,-0.066719,-0.257478,-0.154184,-0.3149,-0.03832,-0.791,0.462376,-0.759739,0.47934,-0.232546,-0.459729,-0.345129,-0.786054,-0.568268,-0.011183,0.121526,-0.426922,0.35147,-0.199908,0.362225,-0.232168,-0.213975
2468,"Deai, Kotomi",staff_25613,-0.306499,-0.415119,-0.231935,0.136743,0.331247,-0.064179,0.495049,-0.324831,0.357438,-0.1944,0.57722,1.155705,0.642464,-0.042732,-1.177916,-0.47736,0.080638,0.888606,-0.172103,-0.01135,0.311798,0.354533,0.052276,0.178338,0.513112,-0.1282,0.082197,0.254862,0.124069,-0.338841,0.376695,-0.335875,0.249557,0.164521,-0.228034,0.347208,-0.494267,-0.27921,-0.127741,0.221223,-1.300174,-0.060424,-0.035046,-0.279166,-0.135062,-0.300654,0.031386,-0.665292,0.540301,-0.727685,0.557071,-0.128253,-0.435035,-0.384811,-0.677694,-0.433453,-0.025223,0.102019,-0.594187,0.417461,-0.186,0.23877,-0.123399,-0.137921
2469,"Egoshi, Akinori",staff_35167,-0.085105,0.065109,0.077921,-0.157871,0.008172,0.050364,0.295731,0.061392,0.301649,0.021738,-0.25012,0.042813,0.150511,0.105441,-0.058103,-0.390502,0.45485,0.156947,0.136155,0.010424,0.18926,-0.071177,-0.16507,-0.056553,-0.017963,0.229803,-0.396694,0.085264,-0.099658,0.010779,-0.511792,-0.017587,0.338045,-0.458529,0.474461,-0.248562,-0.097856,-0.090325,-0.308911,0.13166,-0.00875,0.175779,0.53152,-0.228471,-0.236725,-0.233358,0.186515,-0.394273,0.109885,0.329342,-0.028193,-0.114034,0.30458,0.210809,0.099225,-0.45493,0.355258,-0.003828,-0.012589,0.350253,-0.244731,-0.119993,0.169501,-0.069255
2470,"Hosomi, Daisuke",staff_11269,0.076262,-0.17392,0.176989,-0.368299,-0.076087,0.351022,0.179507,-0.193435,0.32493,0.228812,-0.195499,0.143578,0.044281,-0.02922,0.115016,-0.41224,0.233816,0.084007,0.150129,0.058973,0.285765,0.116076,-0.298021,-0.14519,0.265733,0.262909,-0.462608,0.140571,-0.19909,0.35053,-0.408815,0.032764,0.235695,-0.38022,0.3509,-0.201754,0.170636,0.003955,-0.100027,0.202622,0.198719,0.064962,0.360649,-0.274631,0.037551,-0.341159,0.088415,-0.32883,0.093417,0.236012,-0.07083,-0.010957,0.169857,0.226275,-0.031193,-0.295273,0.133835,0.284754,-0.155939,0.143246,-0.146447,-0.075252,0.055347,-0.17733
2471,"Miyazaki, Yuu",staff_46255,-0.086959,0.04121,0.057025,-0.120638,0.049279,0.066608,0.304613,0.041387,0.278958,0.145235,-0.241225,-0.003685,0.111448,0.005148,-0.060141,-0.336557,0.429873,0.061158,0.117958,-0.055002,0.343112,0.083424,-0.154234,-0.079882,-0.051647,0.257394,-0.469884,-0.036816,-0.038254,-0.008158,-0.447967,-0.020455,0.316718,-0.507717,0.430162,-0.36441,-0.089869,-0.006822,-0.230674,0.165245,0.013235,0.188429,0.521388,-0.166676,-0.181171,-0.14857,0.145473,-0.361635,-0.007933,0.248943,-0.01518,-0.096413,0.238173,0.249345,0.069505,-0.425868,0.301126,0.010549,0.018384,0.304131,-0.309895,-0.006754,0.217756,-0.085285
2472,"Kobayashi, Atsushi",staff_45356,-0.195746,-0.479871,-0.398209,0.006283,0.408018,-0.012208,0.587902,-0.336389,0.295908,-0.145702,0.69998,1.130076,0.666398,-0.093192,-0.96348,-0.547462,0.101508,0.762788,-0.117745,0.098585,0.366264,0.280406,0.05838,0.328643,0.392772,-0.252311,0.055472,0.335621,0.226998,-0.461346,0.369917,-0.464162,0.341665,0.288997,-0.277908,0.452863,-0.291164,-0.24942,-0.001096,0.221901,-1.251967,-0.180681,-0.257533,-0.058639,-0.067258,-0.28421,-0.005475,-0.833733,0.624961,-0.787828,0.52059,-0.136281,-0.221693,-0.339701,-0.622456,-0.547466,-0.233798,-0.076815,-0.541338,0.194483,-0.133097,0.443531,-0.096114,-0.202945
2473,"Yoshino, Yuna",staff_37495,0.062329,-0.131517,0.083079,-0.32865,0.001107,0.245627,0.186794,-0.159385,0.274158,0.197183,-0.141085,0.119312,0.050462,-0.069105,0.06383,-0.37863,0.252733,0.04472,0.12542,0.021689,0.260737,0.067954,-0.224038,-0.194238,0.183083,0.272685,-0.442684,0.137783,-0.186839,0.261585,-0.434368,0.021601,0.274364,-0.421876,0.345565,-0.231332,0.091001,0.031941,-0.135394,0.177201,0.187239,0.067377,0.327892,-0.296147,0.005484,-0.337544,0.066398,-0.293039,0.087943,0.177078,-0.094553,-0.06446,0.149257,0.292593,-0.007072,-0.288445,0.114392,0.190869,-0.145713,0.221965,-0.218579,-0.038639,0.057156,-0.147477
2474,"Isobe, Karin",staff_37014,0.062329,-0.131517,0.083079,-0.32865,0.001107,0.245627,0.186794,-0.159385,0.274158,0.197183,-0.141085,0.119312,0.050462,-0.069105,0.06383,-0.37863,0.252733,0.04472,0.12542,0.021689,0.260737,0.067954,-0.224038,-0.194238,0.183083,0.272685,-0.442684,0.137783,-0.186839,0.261585,-0.434368,0.021601,0.274364,-0.421876,0.345565,-0.231332,0.091001,0.031941,-0.135394,0.177201,0.187239,0.067377,0.327892,-0.296147,0.005484,-0.337544,0.066398,-0.293039,0.087943,0.177078,-0.094553,-0.06446,0.149257,0.292593,-0.007072,-0.288445,0.114392,0.190869,-0.145713,0.221965,-0.218579,-0.038639,0.057156,-0.147477
2475,"Murata, Taishi",staff_12705,0.062329,-0.131517,0.083079,-0.32865,0.001107,0.245627,0.186794,-0.159385,0.274158,0.197183,-0.141085,0.119312,0.050462,-0.069105,0.06383,-0.37863,0.252733,0.04472,0.12542,0.021689,0.260737,0.067954,-0.224038,-0.194238,0.183083,0.272685,-0.442684,0.137783,-0.186839,0.261585,-0.434368,0.021601,0.274364,-0.421876,0.345565,-0.231332,0.091001,0.031941,-0.135394,0.177201,0.187239,0.067377,0.327892,-0.296147,0.005484,-0.337544,0.066398,-0.293039,0.087943,0.177078,-0.094553,-0.06446,0.149257,0.292593,-0.007072,-0.288445,0.114392,0.190869,-0.145713,0.221965,-0.218579,-0.038639,0.057156,-0.147477
2477,"Maruoka, Wakana",staff_53042,0.022482,-0.099132,-0.007291,-0.315462,0.058832,0.287069,0.250314,-0.209226,0.192858,0.075494,-0.132752,0.065796,0.170634,-0.038926,0.072362,-0.246978,0.233768,0.003202,0.131005,0.022027,0.280897,-0.045506,-0.202428,-0.099626,0.181646,0.338504,-0.438396,0.142902,-0.228308,0.322395,-0.470302,0.063875,0.328002,-0.262897,0.432658,-0.229325,0.09282,-0.009753,-0.094472,0.030895,0.146579,0.012803,0.419236,-0.331928,-0.014034,-0.438051,0.015422,-0.23313,0.116425,0.314596,-0.059677,0.047832,0.193768,0.298635,-0.063503,-0.30409,0.297284,0.08917,-0.226604,0.23104,-0.238695,-0.095,0.137165,-0.24007
2478,"Watabe, Sayumi",staff_43105,-0.043691,-0.01214,0.10855,-0.159804,-0.036467,0.091154,0.258579,0.007394,0.296542,0.012225,-0.227223,0.056254,0.195842,0.127695,-0.064851,-0.416729,0.389303,0.157438,0.160364,0.012757,0.178211,-0.068051,-0.21888,-0.034083,0.041025,0.231479,-0.446683,0.118374,-0.1389,0.07781,-0.445665,0.040348,0.267736,-0.396914,0.450164,-0.21164,-0.01941,-0.08837,-0.299573,0.139451,0.0133,0.129379,0.51904,-0.222354,-0.177047,-0.250837,0.174553,-0.423396,0.117588,0.359528,-0.045556,-0.043276,0.266582,0.169585,0.057145,-0.449224,0.379631,0.043837,-0.045814,0.297895,-0.218113,-0.129911,0.160741,-0.139934
2479,"Nishizawa, Nobutaka",staff_6306,-0.104355,-0.415299,-0.309074,0.03249,0.379402,-0.031396,0.517629,-0.369359,0.257308,-0.17264,0.566131,1.106472,0.598711,-0.131164,-0.991572,-0.591349,-0.055073,0.826101,-0.089329,0.0696,0.422493,0.346994,0.124133,0.347532,0.404759,-0.175662,0.050065,0.415754,0.269741,-0.348751,0.359588,-0.439989,0.28304,0.277433,-0.250753,0.469869,-0.323074,-0.261048,-0.041786,0.160889,-1.160288,-0.072317,-0.221953,-0.083562,-0.056025,-0.21439,-0.050034,-0.741816,0.680362,-0.756948,0.448876,-0.153757,-0.2317,-0.398071,-0.594979,-0.47419,-0.138959,-0.01822,-0.546415,0.249715,-0.057707,0.437836,-0.062911,-0.156562
2480,"Yanada, Kiyoyuki",staff_798,0.084324,-0.116519,0.020418,-0.204883,0.029608,0.12308,0.163318,-0.149163,0.206295,0.090637,-0.061619,0.066969,0.162642,-0.031644,-0.046602,-0.343211,0.220497,0.001751,0.114137,-0.030672,0.222567,0.006623,-0.171091,-0.191623,0.097811,0.262704,-0.503117,0.151743,-0.208674,0.186744,-0.370185,0.082408,0.221285,-0.355456,0.356718,-0.222497,0.068187,0.072385,-0.19264,0.122043,0.148096,0.051966,0.326183,-0.2585,0.001834,-0.303224,0.018307,-0.315959,0.066717,0.200441,-0.143078,-0.006918,0.119205,0.290684,-0.01259,-0.314851,0.223996,0.120576,-0.148774,0.262385,-0.269064,-0.000351,0.092361,-0.200727
2481,"Okiayu, Ryoutarou",staff_177,0.066492,-0.061066,0.055503,-0.219229,0.005177,0.155743,0.177704,-0.108467,0.244884,0.096943,-0.136889,0.079652,0.146269,0.03724,-0.031505,-0.344919,0.29365,0.044759,0.104955,-0.000447,0.212645,0.00025,-0.180829,-0.164452,0.098186,0.250286,-0.454184,0.165283,-0.200744,0.190641,-0.42084,0.044354,0.266521,-0.35816,0.386946,-0.182761,0.063927,0.002536,-0.180019,0.114029,0.117131,0.070228,0.37363,-0.249086,-0.060412,-0.301613,0.046473,-0.324543,0.067654,0.268268,-0.111121,-0.015092,0.187345,0.262033,0.016055,-0.351766,0.248198,0.115465,-0.157168,0.250815,-0.228328,-0.047793,0.083536,-0.161482
2483,"Shirahata, Yoshiyuki",staff_53991,-0.095749,-0.426522,-0.314063,0.021743,0.386587,-0.047059,0.520763,-0.346144,0.268245,-0.162274,0.583573,1.119143,0.60066,-0.114812,-0.987056,-0.578018,-0.052018,0.819118,-0.107914,0.078231,0.41119,0.339824,0.119303,0.349346,0.40565,-0.182528,0.044189,0.41587,0.256096,-0.35217,0.352522,-0.458131,0.278241,0.296473,-0.260845,0.476522,-0.307389,-0.263485,-0.033076,0.165397,-1.152142,-0.083358,-0.239853,-0.076313,-0.05034,-0.205006,-0.061616,-0.737432,0.697534,-0.747547,0.454186,-0.165908,-0.21934,-0.395892,-0.603933,-0.462588,-0.147406,-0.032983,-0.537678,0.243133,-0.062317,0.449667,-0.065691,-0.15989
2484,"Shimada, Aino",staff_58864,0.095473,-0.109583,0.01583,-0.215552,0.044643,0.134428,0.163614,-0.167636,0.200256,0.092981,-0.061488,0.073382,0.143867,-0.045521,-0.044994,-0.336735,0.204854,-0.005244,0.108486,-0.021125,0.205192,-0.005136,-0.157242,-0.194834,0.109192,0.259035,-0.48284,0.169243,-0.219262,0.203568,-0.375094,0.08048,0.238297,-0.367084,0.361407,-0.204809,0.07568,0.077294,-0.18662,0.112791,0.152787,0.048333,0.309969,-0.275642,0.01615,-0.322544,0.0135,-0.30012,0.081931,0.186892,-0.150407,-0.026003,0.11315,0.301165,-0.017351,-0.301602,0.20836,0.127122,-0.160415,0.253867,-0.253135,0.00644,0.072027,-0.192349
2486,"Hirose, Yuuya",staff_36724,0.091946,-0.135189,0.058337,-0.257067,0.008385,0.194865,0.17958,-0.179241,0.237017,0.121925,-0.095504,0.082249,0.117831,-0.028588,-0.001612,-0.378781,0.216237,0.015362,0.128409,0.002067,0.223661,0.025985,-0.210645,-0.168912,0.1643,0.271606,-0.483434,0.150978,-0.211411,0.229907,-0.381544,0.052858,0.243458,-0.381801,0.357133,-0.209535,0.095612,0.050847,-0.156381,0.132516,0.171971,0.052403,0.311972,-0.275739,0.018586,-0.330677,0.030024,-0.298205,0.097187,0.186385,-0.128156,-0.033088,0.13595,0.289883,-0.00974,-0.296037,0.186021,0.164138,-0.161713,0.22739,-0.218163,-0.012823,0.073126,-0.191209
2487,"Kuramochi, Wakana",staff_54230,0.095432,-0.126089,0.015693,-0.204824,0.053949,0.162457,0.176041,-0.19744,0.211059,0.079877,-0.065676,0.067544,0.119531,-0.026444,-0.052479,-0.352334,0.201389,-0.031851,0.1108,-0.010842,0.174383,-0.007163,-0.160541,-0.181698,0.12677,0.248941,-0.477006,0.173219,-0.227551,0.212866,-0.36437,0.0602,0.263629,-0.367773,0.354982,-0.198228,0.072456,0.075507,-0.179629,0.110366,0.166077,0.066376,0.28245,-0.27869,0.013118,-0.340536,0.001203,-0.280939,0.099143,0.172724,-0.148356,-0.059318,0.125434,0.315225,0.001233,-0.273485,0.202261,0.124471,-0.159979,0.253812,-0.23648,0.032458,0.072731,-0.162747
2489,"Nagayama, Nobuyoshi",staff_47948,-0.138773,-0.440755,-0.285009,0.028675,0.37178,-0.060645,0.522343,-0.343415,0.286524,-0.176391,0.579625,1.135538,0.615899,-0.075764,-1.037856,-0.552916,-0.02089,0.844964,-0.113643,0.06149,0.407179,0.353557,0.104144,0.321154,0.431937,-0.170947,0.0514,0.375036,0.223186,-0.347383,0.337053,-0.444011,0.257725,0.275844,-0.254547,0.448638,-0.334496,-0.283894,-0.064792,0.189106,-1.192609,-0.085879,-0.183543,-0.125711,-0.059408,-0.210502,-0.045716,-0.717144,0.657784,-0.75154,0.489745,-0.145314,-0.283625,-0.378092,-0.62254,-0.455387,-0.118319,-0.01343,-0.545479,0.277801,-0.10422,0.406897,-0.073355,-0.151916
2490,"Kayama, Misa",staff_37138,0.018859,-0.102278,-0.016583,-0.311991,0.066714,0.286464,0.254656,-0.206021,0.182017,0.073387,-0.131047,0.064176,0.167988,-0.043668,0.074393,-0.246386,0.233029,-0.001254,0.12888,0.022664,0.27458,-0.04558,-0.200614,-0.098585,0.172519,0.337269,-0.437932,0.143358,-0.224579,0.319116,-0.476377,0.066109,0.337973,-0.263133,0.43532,-0.23668,0.087732,-0.012199,-0.103587,0.029945,0.147519,0.008633,0.428114,-0.337127,-0.011191,-0.438764,0.020761,-0.233906,0.121071,0.313481,-0.056766,0.041562,0.18919,0.299482,-0.065717,-0.302006,0.296562,0.074543,-0.221867,0.234513,-0.242836,-0.094739,0.139687,-0.238447
2491,"Yamaya, Yoshitaka",staff_28889,0.073905,-0.110967,0.033911,-0.255479,0.116336,0.222208,0.205695,-0.162114,0.330306,-0.019615,-0.215603,0.099743,0.043249,-0.117552,0.007615,-0.321029,0.31304,0.057013,0.201008,-0.015586,0.07496,0.015997,-0.253156,-0.181025,0.027612,0.124418,-0.519838,0.107382,-0.282351,0.244692,-0.517529,0.057014,0.331221,-0.300076,0.394377,-0.158565,0.009805,0.088677,-0.333663,0.146185,0.099504,0.098717,0.395664,-0.177583,0.079339,-0.386124,0.069491,-0.394785,0.048554,0.316683,-0.002376,-0.256032,0.247761,0.314895,0.025865,-0.38382,0.21786,0.178605,-0.177233,0.303884,-0.161521,-0.039656,0.065459,-0.21551
2492,"Arimura, Kasumi",staff_30909,-0.008773,-0.116319,0.100905,-0.378302,-0.234786,0.227823,0.16424,0.055389,0.302383,0.091117,-0.300759,0.086842,0.136016,0.119243,0.079887,-0.498126,0.321232,0.266298,0.120972,-0.006962,0.269869,0.053944,-0.318027,-0.040979,0.144522,0.320358,-0.568391,0.033377,-0.15599,0.225871,-0.360911,-0.001598,0.178926,-0.249303,0.337739,-0.182252,-0.021882,-0.093561,-0.140608,0.08508,0.068232,0.091598,0.493972,-0.249798,-0.196613,-0.337669,0.091235,-0.243098,0.014113,0.378352,-0.149237,-0.029782,0.239375,0.118952,0.097916,-0.489423,0.338018,0.109391,-0.0999,0.173896,-0.082201,-0.04221,0.100702,-0.15893
2493,"Takatsuki, Sara",staff_30907,-0.008773,-0.116319,0.100905,-0.378302,-0.234786,0.227823,0.16424,0.055389,0.302383,0.091117,-0.300759,0.086842,0.136016,0.119243,0.079887,-0.498126,0.321232,0.266298,0.120972,-0.006962,0.269869,0.053944,-0.318027,-0.040979,0.144522,0.320358,-0.568391,0.033377,-0.15599,0.225871,-0.360911,-0.001598,0.178926,-0.249303,0.337739,-0.182252,-0.021882,-0.093561,-0.140608,0.08508,0.068232,0.091598,0.493972,-0.249798,-0.196613,-0.337669,0.091235,-0.243098,0.014113,0.378352,-0.149237,-0.029782,0.239375,0.118952,0.097916,-0.489423,0.338018,0.109391,-0.0999,0.173896,-0.082201,-0.04221,0.100702,-0.15893
2494,"Nakagami, Ikumi",staff_17009,0.110429,-0.110668,0.081487,-0.294047,9.4e-05,0.243643,0.170173,-0.161208,0.237514,0.198087,-0.133567,0.104831,0.052244,-0.034659,0.059745,-0.363528,0.233826,0.013555,0.085184,0.019634,0.2452,0.072149,-0.196079,-0.197006,0.158204,0.25592,-0.46043,0.156357,-0.186996,0.273589,-0.402311,0.036126,0.281699,-0.377527,0.36275,-0.199128,0.113215,0.035115,-0.125869,0.154852,0.151878,0.060027,0.334852,-0.288351,0.013368,-0.314818,0.033492,-0.274507,0.061191,0.203359,-0.136216,-0.03672,0.146,0.295633,-0.001607,-0.303347,0.137709,0.187098,-0.169414,0.194757,-0.197787,-0.01746,0.052274,-0.144389
2495,"Ozaki, Mami",staff_17007,0.110429,-0.110668,0.081487,-0.294047,9.4e-05,0.243643,0.170173,-0.161208,0.237514,0.198087,-0.133567,0.104831,0.052244,-0.034659,0.059745,-0.363528,0.233826,0.013555,0.085184,0.019634,0.2452,0.072149,-0.196079,-0.197006,0.158204,0.25592,-0.46043,0.156357,-0.186996,0.273589,-0.402311,0.036126,0.281699,-0.377527,0.36275,-0.199128,0.113215,0.035115,-0.125869,0.154852,0.151878,0.060027,0.334852,-0.288351,0.013368,-0.314818,0.033492,-0.274507,0.061191,0.203359,-0.136216,-0.03672,0.146,0.295633,-0.001607,-0.303347,0.137709,0.187098,-0.169414,0.194757,-0.197787,-0.01746,0.052274,-0.144389
2498,"Habara, Kumiko",staff_50854,-0.098917,-0.430613,-0.314665,0.011801,0.387999,-0.054204,0.529085,-0.341491,0.274459,-0.156014,0.595367,1.128614,0.598863,-0.10145,-0.988705,-0.574053,-0.046059,0.817298,-0.114828,0.077508,0.405842,0.33343,0.114944,0.347381,0.406887,-0.185438,0.044835,0.416591,0.248506,-0.35658,0.341725,-0.460918,0.275389,0.307891,-0.264461,0.483513,-0.294717,-0.262174,-0.02914,0.169281,-1.148713,-0.093934,-0.251028,-0.07326,-0.041689,-0.201192,-0.070959,-0.733555,0.70655,-0.744377,0.455887,-0.174569,-0.210614,-0.396201,-0.606213,-0.460736,-0.153547,-0.041741,-0.534705,0.241893,-0.068694,0.461056,-0.06936,-0.161999
2499,"Hoshina, Risa",staff_45853,0.105486,-0.101654,0.013317,-0.222687,0.050636,0.138372,0.164099,-0.17862,0.195767,0.093153,-0.055914,0.074394,0.13346,-0.049356,-0.036974,-0.33311,0.199374,-0.010784,0.10076,-0.010324,0.193334,-0.008441,-0.14897,-0.203437,0.114013,0.255485,-0.474938,0.180769,-0.226238,0.212799,-0.38282,0.075904,0.249769,-0.368242,0.36564,-0.197047,0.079215,0.081572,-0.184409,0.102048,0.161058,0.045565,0.301211,-0.283199,0.027019,-0.333169,0.005559,-0.28814,0.092945,0.17645,-0.154101,-0.035767,0.115039,0.30968,-0.01557,-0.294724,0.198122,0.138573,-0.168645,0.252927,-0.2421,0.009199,0.063311,-0.186258
2500,"Ushiro, Shinji",staff_9813,-0.238711,-0.398109,-0.295386,0.030265,0.381983,-0.061366,0.496714,-0.319094,0.328846,-0.202797,0.641012,1.126598,0.660551,-0.078026,-1.047935,-0.518946,0.070849,0.851001,-0.180631,0.048877,0.350051,0.338446,0.067262,0.258898,0.452715,-0.170041,0.121029,0.297424,0.215285,-0.366952,0.346453,-0.437341,0.241931,0.224178,-0.271507,0.458137,-0.367859,-0.274337,-0.082838,0.227022,-1.260131,-0.108982,-0.160605,-0.175745,-0.080709,-0.249499,0.018237,-0.716202,0.593786,-0.733725,0.549691,-0.138655,-0.348891,-0.412959,-0.66999,-0.453391,-0.093918,0.043634,-0.565461,0.32888,-0.132548,0.359928,-0.106336,-0.139542
2502,"Tamagawa, Makoto",staff_53929,-0.195928,-0.389505,-0.312174,-0.063914,0.338426,-0.113573,0.535249,-0.29734,0.299996,-0.157622,0.662391,1.085501,0.71243,-0.118525,-0.894897,-0.49912,-0.012865,0.924915,-0.162861,0.113597,0.414636,0.419238,0.071854,0.327498,0.40859,-0.265567,0.163273,0.2969,0.320557,-0.33966,0.374172,-0.533272,0.279192,0.304118,-0.277861,0.56513,-0.205162,-0.346774,-0.107534,0.26084,-1.253939,-0.147921,-0.257056,-0.06906,-0.105631,-0.197677,-0.008354,-0.693673,0.659502,-0.706878,0.556741,-0.052696,-0.334321,-0.480076,-0.576546,-0.383788,-0.200127,-0.014239,-0.602168,0.237512,-0.046255,0.440723,0.028558,-0.083518
2503,"Koyama, Yoshitaka",staff_41455,-0.108508,-0.417625,-0.305289,0.03448,0.376474,-0.040673,0.517629,-0.350385,0.266282,-0.166868,0.574472,1.118153,0.603843,-0.114358,-0.997163,-0.577718,-0.047198,0.826404,-0.103759,0.068481,0.412017,0.3391,0.119066,0.340506,0.413916,-0.177159,0.049308,0.409696,0.252883,-0.34895,0.352278,-0.441719,0.274848,0.279564,-0.25596,0.46685,-0.322738,-0.263072,-0.039655,0.16505,-1.159471,-0.078652,-0.22401,-0.090955,-0.054147,-0.210758,-0.054231,-0.731465,0.675477,-0.747876,0.460227,-0.157269,-0.23732,-0.396488,-0.60189,-0.464207,-0.136443,-0.022149,-0.542999,0.253711,-0.069161,0.432118,-0.066063,-0.161197
2504,"Nagatsuka, Takuma",staff_36503,0.080977,-0.104647,0.022221,-0.206603,0.036108,0.124553,0.170771,-0.149093,0.208249,0.086381,-0.071596,0.068611,0.151172,-0.031416,-0.047954,-0.342607,0.222702,0.007333,0.115034,-0.022507,0.205772,-0.009386,-0.165903,-0.181827,0.100564,0.259643,-0.488292,0.159701,-0.209948,0.189246,-0.37596,0.079595,0.235436,-0.368361,0.367136,-0.211261,0.064775,0.062407,-0.199493,0.117833,0.140639,0.053651,0.331892,-0.269272,-0.002371,-0.311508,0.026598,-0.31151,0.08009,0.200753,-0.140007,-0.025781,0.123591,0.290513,-0.008172,-0.318147,0.224236,0.11996,-0.14727,0.259689,-0.257591,-0.003098,0.084847,-0.191536
2505,"Emori, Toru",staff_978,0.110946,-0.104508,0.100008,-0.325577,-0.03875,0.286991,0.171503,-0.200793,0.315949,0.142492,-0.154582,0.119712,0.114888,0.01155,0.049564,-0.351316,0.278725,0.034629,0.123514,0.044989,0.259025,0.053715,-0.234249,-0.195814,0.184866,0.232837,-0.447803,0.16401,-0.263518,0.316887,-0.441423,0.043966,0.246842,-0.316082,0.340406,-0.144679,0.161619,0.020847,-0.099956,0.119533,0.166232,0.04665,0.31497,-0.238199,0.003092,-0.371155,0.025735,-0.31261,0.064867,0.277372,-0.089997,0.017983,0.216198,0.279442,-0.019254,-0.321976,0.19234,0.239851,-0.240197,0.204974,-0.163084,-0.09189,0.072921,-0.204069
2506,"Umegaki, Yoshiaki",staff_977,0.110946,-0.104508,0.100008,-0.325577,-0.03875,0.286991,0.171503,-0.200793,0.315949,0.142492,-0.154582,0.119712,0.114888,0.01155,0.049564,-0.351316,0.278725,0.034629,0.123514,0.044989,0.259025,0.053715,-0.234249,-0.195814,0.184866,0.232837,-0.447803,0.16401,-0.263518,0.316887,-0.441423,0.043966,0.246842,-0.316082,0.340406,-0.144679,0.161619,0.020847,-0.099956,0.119533,0.166232,0.04665,0.31497,-0.238199,0.003092,-0.371155,0.025735,-0.31261,0.064867,0.277372,-0.089997,0.017983,0.216198,0.279442,-0.019254,-0.321976,0.19234,0.239851,-0.240197,0.204974,-0.163084,-0.09189,0.072921,-0.204069
2507,"Okamoto, Aya",staff_979,0.110946,-0.104508,0.100008,-0.325577,-0.03875,0.286991,0.171503,-0.200793,0.315949,0.142492,-0.154582,0.119712,0.114888,0.01155,0.049564,-0.351316,0.278725,0.034629,0.123514,0.044989,0.259025,0.053715,-0.234249,-0.195814,0.184866,0.232837,-0.447803,0.16401,-0.263518,0.316887,-0.441423,0.043966,0.246842,-0.316082,0.340406,-0.144679,0.161619,0.020847,-0.099956,0.119533,0.166232,0.04665,0.31497,-0.238199,0.003092,-0.371155,0.025735,-0.31261,0.064867,0.277372,-0.089997,0.017983,0.216198,0.279442,-0.019254,-0.321976,0.19234,0.239851,-0.240197,0.204974,-0.163084,-0.09189,0.072921,-0.204069
2508,"Honma, Shuu",staff_71626,-0.250149,-0.366456,-0.290876,0.003882,0.355238,-0.081476,0.491877,-0.294971,0.326702,-0.20597,0.661345,1.10758,0.708302,-0.109006,-0.983247,-0.498873,0.066313,0.882128,-0.191436,0.064105,0.358839,0.362664,0.055152,0.271265,0.444838,-0.221776,0.162038,0.281341,0.262432,-0.354348,0.359505,-0.469048,0.246743,0.219522,-0.277167,0.519169,-0.310635,-0.314397,-0.109136,0.253203,-1.273836,-0.138642,-0.194548,-0.158591,-0.096771,-0.235206,0.032817,-0.691663,0.583961,-0.715829,0.583587,-0.099313,-0.376227,-0.462219,-0.636148,-0.426134,-0.121275,0.04276,-0.593255,0.306143,-0.10816,0.376003,-0.047215,-0.116795
2509,96neko,staff_31639,0.04866,-0.005613,0.090587,-0.233575,-0.019253,0.188406,0.19209,-0.06777,0.283472,0.103249,-0.212159,0.092335,0.129896,0.106125,-0.016408,-0.346627,0.366803,0.087767,0.095773,0.029779,0.202724,-0.006122,-0.190567,-0.137281,0.098562,0.237868,-0.40525,0.178824,-0.192815,0.194537,-0.471496,0.006301,0.311758,-0.360864,0.417173,-0.143026,0.059668,-0.067313,-0.167399,0.106015,0.086166,0.088491,0.421077,-0.239672,-0.122658,-0.300002,0.074639,-0.333127,0.06859,0.336095,-0.079164,-0.023266,0.255485,0.233382,0.0447,-0.38868,0.2724,0.110354,-0.165562,0.239244,-0.187591,-0.095234,0.074711,-0.122237
2510,"Kawamura, Tomoyuki",staff_38121,-0.210068,-0.308769,-0.383864,0.026332,0.317144,-0.052024,0.493605,-0.321686,0.295155,-0.099646,0.67228,1.111231,0.738574,-0.085302,-0.861373,-0.521235,-0.088925,0.898143,-0.214015,0.179509,0.472191,0.335828,0.063595,0.344713,0.368192,-0.311934,0.10963,0.266115,0.302427,-0.2919,0.353281,-0.511695,0.258058,0.276165,-0.334106,0.558618,-0.233274,-0.230142,-0.092618,0.173908,-1.213057,-0.122732,-0.341269,0.00444,-0.049012,-0.221847,-0.105188,-0.796614,0.693669,-0.73309,0.44585,-0.076731,-0.255754,-0.420528,-0.48109,-0.402653,-0.263739,0.01788,-0.488683,0.212171,0.019687,0.389314,-0.023877,-0.087226
2511,"Koyanagi, Tatsuya",staff_41107,-0.258933,-0.281583,-0.368722,-0.010634,0.292457,-0.102202,0.48555,-0.291979,0.329246,-0.114417,0.705601,1.067445,0.790731,-0.131186,-0.819863,-0.47653,-0.049107,0.935047,-0.231224,0.178191,0.437982,0.378876,0.024004,0.322918,0.359503,-0.357926,0.169189,0.219949,0.334444,-0.280737,0.403343,-0.544072,0.27933,0.258651,-0.334288,0.618625,-0.187278,-0.283033,-0.140177,0.229224,-1.260793,-0.157762,-0.346099,-0.014536,-0.105964,-0.229903,-0.033894,-0.756502,0.678777,-0.707783,0.506495,-0.030848,-0.313307,-0.483366,-0.468358,-0.35765,-0.277989,0.037057,-0.536706,0.217656,0.031863,0.388376,0.03268,-0.031662
2512,"Shingaki, Tarusuke",staff_7242,0.06921,-0.057622,0.047651,-0.20434,0.018894,0.104916,0.197815,-0.037748,0.206698,0.08999,-0.157056,0.053118,0.127396,0.050832,-0.022106,-0.393528,0.307776,0.071268,0.107184,-0.039897,0.184004,-0.011605,-0.210053,-0.130844,0.067676,0.278809,-0.493304,0.129577,-0.133109,0.115778,-0.4109,0.022571,0.294875,-0.383189,0.417908,-0.205704,-0.010343,-0.018739,-0.211826,0.136648,0.053804,0.080556,0.410751,-0.260362,-0.082668,-0.250363,0.058804,-0.307076,0.058129,0.266723,-0.13205,-0.076155,0.192487,0.276903,0.068542,-0.398236,0.241813,0.05169,-0.125808,0.266291,-0.232171,-0.031452,0.077936,-0.144896
2513,"Tone, Kentarou",staff_10571,-0.090449,-0.037859,0.114418,-0.118007,-0.047217,0.039104,0.276754,0.073403,0.295789,-0.003946,-0.247958,0.034654,0.229742,0.146761,-0.099273,-0.45075,0.416865,0.191008,0.196889,-0.032216,0.19068,-0.072373,-0.258815,0.014107,0.001025,0.243176,-0.495209,0.069172,-0.086581,0.010735,-0.414992,0.06406,0.233259,-0.400958,0.448201,-0.256461,-0.068863,-0.108167,-0.353569,0.183115,-0.039848,0.142001,0.58037,-0.199676,-0.219316,-0.195465,0.219144,-0.467851,0.092067,0.393483,-0.026148,-0.039221,0.261632,0.133891,0.073086,-0.496778,0.423923,-0.013269,0.013006,0.31888,-0.261124,-0.136976,0.203728,-0.15175
2514,"Kido, Ibuki",staff_17091,0.070386,-0.115443,-0.014778,-0.275491,0.06719,0.239803,0.206972,-0.207651,0.175319,0.096493,-0.095961,0.06196,0.164001,-0.048915,0.025288,-0.26699,0.214575,-0.023966,0.116688,-0.004779,0.263303,-0.006309,-0.190044,-0.148358,0.15704,0.322712,-0.469976,0.152463,-0.232321,0.285708,-0.433738,0.06729,0.30143,-0.29889,0.397895,-0.222572,0.102552,0.026427,-0.107099,0.050278,0.171808,0.003391,0.367206,-0.304106,0.021095,-0.395274,-0.007916,-0.24815,0.088064,0.255657,-0.094569,0.02824,0.146441,0.312529,-0.055334,-0.292911,0.251408,0.098491,-0.223821,0.225637,-0.251082,-0.039196,0.104924,-0.239918
2515,"Shishido, Jun",staff_12494,-0.100048,-0.416695,-0.311021,0.031802,0.382559,-0.036021,0.521153,-0.359386,0.262282,-0.169414,0.570285,1.109325,0.599818,-0.128105,-0.990639,-0.586815,-0.052772,0.828968,-0.09527,0.073652,0.417128,0.34393,0.123352,0.352404,0.410203,-0.178315,0.046554,0.415469,0.266539,-0.350411,0.359472,-0.447717,0.282155,0.285195,-0.255687,0.468219,-0.319286,-0.260924,-0.037179,0.163707,-1.159182,-0.073365,-0.228583,-0.080712,-0.053868,-0.212243,-0.053832,-0.740643,0.68349,-0.754071,0.452759,-0.154969,-0.230191,-0.397402,-0.600577,-0.472219,-0.141268,-0.027133,-0.543363,0.247992,-0.057891,0.44006,-0.061777,-0.155076
2516,"Amemiya, Akira",staff_5956,-0.178001,-0.493722,-0.388471,0.00377,0.384498,0.014984,0.616105,-0.29287,0.241177,-0.121134,0.695921,1.149554,0.726775,-0.090402,-0.912186,-0.526674,0.080431,0.7939,-0.121884,0.128958,0.415559,0.293503,0.074563,0.369057,0.417383,-0.302106,0.065879,0.338172,0.252582,-0.490831,0.351966,-0.44203,0.362886,0.286858,-0.286114,0.468979,-0.249251,-0.286296,0.015685,0.21159,-1.280269,-0.210212,-0.262795,-0.032168,-0.082564,-0.281766,-0.023578,-0.806705,0.553079,-0.779969,0.572414,-0.056766,-0.25022,-0.382389,-0.589623,-0.533183,-0.255008,-0.099261,-0.600093,0.138323,-0.131709,0.417498,-0.050411,-0.23031
2517,"Kawakami, Tomoko",staff_71,0.085834,-0.102555,0.03714,-0.25846,0.018631,0.203632,0.141439,-0.167116,0.234626,0.097737,-0.121471,0.107563,0.121124,-0.021513,-0.014482,-0.311758,0.22363,0.030345,0.106158,-0.00724,0.193398,0.018917,-0.184936,-0.203544,0.148523,0.257734,-0.473647,0.194217,-0.243723,0.26443,-0.413115,0.065063,0.251439,-0.304586,0.371827,-0.167257,0.081787,0.043753,-0.157344,0.107633,0.176478,0.058599,0.33657,-0.278015,0.002308,-0.355785,0.000985,-0.290225,0.058802,0.245148,-0.113796,-0.021091,0.142358,0.267834,-0.00679,-0.304437,0.217991,0.161447,-0.1788,0.223965,-0.214641,-0.003617,0.047956,-0.183935
2518,"Tomonaga, Akane",staff_547,0.046523,-0.013234,0.037094,-0.287924,-0.035044,0.184575,0.175667,-0.136593,0.295481,0.083614,-0.167854,0.137281,0.139981,0.03281,0.003284,-0.356889,0.286962,0.079442,0.112201,0.050077,0.185003,-0.002325,-0.14812,-0.199972,0.134964,0.253909,-0.423499,0.189195,-0.243918,0.246912,-0.481062,0.057958,0.264452,-0.316699,0.353856,-0.176388,0.070209,-0.022343,-0.170331,0.063748,0.201434,0.071832,0.360912,-0.296747,-0.085841,-0.384631,0.037759,-0.275486,0.07672,0.232751,-0.076697,-0.024911,0.191118,0.242523,0.01861,-0.309497,0.276135,0.187529,-0.131559,0.225468,-0.16369,-0.037586,0.08286,-0.15155
2519,Hyo-sei,staff_971,0.046523,-0.013234,0.037094,-0.287924,-0.035044,0.184575,0.175667,-0.136593,0.295481,0.083614,-0.167854,0.137281,0.139981,0.03281,0.003284,-0.356889,0.286962,0.079442,0.112201,0.050077,0.185003,-0.002325,-0.14812,-0.199972,0.134964,0.253909,-0.423499,0.189195,-0.243918,0.246912,-0.481062,0.057958,0.264452,-0.316699,0.353856,-0.176388,0.070209,-0.022343,-0.170331,0.063748,0.201434,0.071832,0.360912,-0.296747,-0.085841,-0.384631,0.037759,-0.275486,0.07672,0.232751,-0.076697,-0.024911,0.191118,0.242523,0.01861,-0.309497,0.276135,0.187529,-0.131559,0.225468,-0.16369,-0.037586,0.08286,-0.15155
2520,"Kitamura, Shoutarou",staff_72822,-0.181615,-0.344681,-0.385058,0.016003,0.33662,-0.028473,0.518809,-0.337322,0.261304,-0.094071,0.66137,1.144166,0.713551,-0.04166,-0.874254,-0.543138,-0.114433,0.909916,-0.200377,0.190927,0.512648,0.344547,0.097216,0.365348,0.387025,-0.28549,0.095512,0.282412,0.308972,-0.302866,0.31039,-0.517081,0.241642,0.30674,-0.323818,0.519694,-0.242575,-0.224681,-0.06964,0.160359,-1.206745,-0.11038,-0.325193,0.019532,-0.013983,-0.198714,-0.147177,-0.814946,0.687398,-0.745082,0.439934,-0.07089,-0.249598,-0.390287,-0.504072,-0.424535,-0.256783,-0.006886,-0.481143,0.208736,-0.000252,0.399441,-0.036212,-0.123422
2521,"Terasawa, Momoka",staff_64337,0.063971,-0.139609,-0.053211,-0.285127,0.093661,0.263006,0.228379,-0.213897,0.130715,0.088252,-0.089703,0.038534,0.166513,-0.07539,0.054919,-0.252448,0.194176,-0.041843,0.124295,-0.019314,0.27726,-0.014013,-0.216956,-0.11318,0.173558,0.37057,-0.493619,0.127273,-0.21826,0.294032,-0.431214,0.06581,0.32982,-0.281387,0.423241,-0.252822,0.088892,0.013621,-0.085622,0.028616,0.167346,-0.025018,0.394931,-0.329437,0.041079,-0.411134,-0.017922,-0.206416,0.091617,0.26122,-0.089433,0.023782,0.13299,0.330993,-0.063294,-0.295596,0.264423,0.053519,-0.239599,0.214272,-0.264502,-0.030903,0.116609,-0.280655
2522,"Tono, Hikaru",staff_48506,0.063971,-0.139609,-0.053211,-0.285127,0.093661,0.263006,0.228379,-0.213897,0.130715,0.088252,-0.089703,0.038534,0.166513,-0.07539,0.054919,-0.252448,0.194176,-0.041843,0.124295,-0.019314,0.27726,-0.014013,-0.216956,-0.11318,0.173558,0.37057,-0.493619,0.127273,-0.21826,0.294032,-0.431214,0.06581,0.32982,-0.281387,0.423241,-0.252822,0.088892,0.013621,-0.085622,0.028616,0.167346,-0.025018,0.394931,-0.329437,0.041079,-0.411134,-0.017922,-0.206416,0.091617,0.26122,-0.089433,0.023782,0.13299,0.330993,-0.063294,-0.295596,0.264423,0.053519,-0.239599,0.214272,-0.264502,-0.030903,0.116609,-0.280655
2523,"Satou, Hikaru",staff_41269,-0.247364,-0.358773,-0.190248,0.194123,0.284941,-0.023973,0.436465,-0.295721,0.280874,-0.208488,0.515759,1.155371,0.684307,-0.103274,-1.115521,-0.494935,0.00805,0.897937,-0.160056,-0.0087,0.365552,0.356466,0.092184,0.2389,0.518718,-0.163528,0.085907,0.300864,0.193532,-0.308678,0.375547,-0.306436,0.233235,0.104523,-0.215407,0.388118,-0.483761,-0.314017,-0.142044,0.176638,-1.254212,-0.045801,-0.046591,-0.26266,-0.146479,-0.274687,0.020091,-0.642801,0.470663,-0.72743,0.558905,-0.083979,-0.456283,-0.432131,-0.618532,-0.430618,-0.006747,0.117246,-0.625988,0.365158,-0.145136,0.212128,-0.059701,-0.162242
2524,"Amami, Yurina",staff_50827,-0.078235,-0.01774,0.116106,-0.134964,-0.046554,0.062845,0.275169,0.053368,0.302796,-0.002524,-0.251208,0.044842,0.212775,0.147462,-0.084392,-0.44019,0.416566,0.186257,0.182118,-0.00696,0.180717,-0.077957,-0.243277,0.004527,0.017199,0.233803,-0.466155,0.090613,-0.106011,0.034958,-0.434815,0.050074,0.254301,-0.403488,0.456877,-0.233349,-0.051724,-0.110367,-0.335129,0.16273,-0.025182,0.141864,0.564802,-0.208953,-0.212245,-0.218709,0.210084,-0.452254,0.108855,0.389448,-0.02915,-0.046441,0.273609,0.140893,0.070107,-0.483954,0.413298,0.006572,-0.007467,0.309927,-0.236255,-0.142435,0.185959,-0.141432
2525,"Oogame, Asuka",staff_7489,0.106882,-0.051038,0.089979,-0.319186,-0.055534,0.256296,0.201708,-0.213609,0.282763,0.072087,-0.129121,0.073004,0.195855,0.048642,0.044884,-0.312657,0.249154,0.045052,0.119224,0.021345,0.319567,0.002651,-0.207468,-0.148524,0.225553,0.301851,-0.453684,0.151064,-0.25548,0.275463,-0.436376,0.016608,0.225267,-0.27352,0.412338,-0.153165,0.120886,0.05359,-0.025801,0.026537,0.164029,0.069969,0.307929,-0.240042,-0.026488,-0.375455,-0.048996,-0.258136,0.093109,0.288602,-0.125999,0.096354,0.255723,0.284709,-0.012789,-0.323298,0.285072,0.225645,-0.257883,0.225677,-0.173265,-0.084382,0.099572,-0.235424
2526,"Kawasaki, Itsurou",staff_7561,-0.199797,-0.337252,-0.351423,-0.028136,0.330916,-0.09141,0.519762,-0.29907,0.31707,-0.127346,0.65876,1.076327,0.732084,-0.124472,-0.886009,-0.499193,-0.039228,0.910673,-0.185601,0.146015,0.428365,0.378169,0.066698,0.321625,0.389968,-0.28981,0.147056,0.284747,0.299756,-0.327279,0.383243,-0.501803,0.292151,0.287115,-0.320352,0.577695,-0.217866,-0.282015,-0.091567,0.209215,-1.25019,-0.12858,-0.291345,-0.048033,-0.105076,-0.233696,-0.040409,-0.717438,0.673116,-0.705717,0.506732,-0.060787,-0.296858,-0.483763,-0.528447,-0.37106,-0.226923,0.014787,-0.560255,0.232458,-0.004672,0.406801,-0.007991,-0.066365
2527,"Imai, Yukiko",staff_48427,-0.099076,-0.42831,-0.316948,0.010624,0.389157,-0.051201,0.534071,-0.341605,0.276533,-0.160072,0.596754,1.129613,0.597349,-0.103623,-0.984651,-0.57373,-0.04344,0.822277,-0.112785,0.077922,0.406625,0.331544,0.113609,0.347703,0.410959,-0.187624,0.044666,0.420181,0.248212,-0.356727,0.341193,-0.462618,0.276659,0.307904,-0.266034,0.481824,-0.297243,-0.25811,-0.024062,0.170564,-1.151015,-0.094332,-0.253557,-0.072523,-0.033757,-0.201988,-0.071306,-0.730052,0.704287,-0.743314,0.460952,-0.174945,-0.213365,-0.395285,-0.606209,-0.462736,-0.151757,-0.044277,-0.533926,0.246662,-0.068561,0.462578,-0.067941,-0.162323
2530,"Yoshiura, Yasuhiro",staff_6072,-0.239877,-0.469176,-0.362645,0.030261,0.329341,-0.044566,0.606738,-0.299401,0.299706,-0.112139,0.7026,1.117815,0.729128,-0.128441,-0.907339,-0.489649,0.091473,0.822616,-0.117005,0.097927,0.360072,0.320327,0.01233,0.321334,0.388646,-0.339188,0.0581,0.303197,0.234547,-0.433097,0.428651,-0.448027,0.398675,0.264981,-0.261009,0.483699,-0.245842,-0.305977,-0.046985,0.257358,-1.288161,-0.224046,-0.273192,-0.050212,-0.127943,-0.299155,0.02482,-0.779177,0.600196,-0.769015,0.570324,-0.055648,-0.268479,-0.385979,-0.528086,-0.491455,-0.278127,-0.079336,-0.61019,0.161053,-0.110754,0.401904,0.006517,-0.165906
2531,migmi,staff_49803,-0.204823,-0.35026,-0.326092,-0.040928,0.32871,-0.118708,0.511262,-0.292388,0.325866,-0.150477,0.664654,1.060372,0.728627,-0.149446,-0.883877,-0.492454,-0.010079,0.905562,-0.176198,0.119179,0.394035,0.396482,0.051621,0.31698,0.38555,-0.286398,0.155622,0.290195,0.308823,-0.324081,0.406237,-0.520124,0.294559,0.282977,-0.299169,0.588438,-0.209331,-0.321465,-0.110445,0.245945,-1.247353,-0.145486,-0.282995,-0.065615,-0.123491,-0.221414,0.005195,-0.700335,0.675589,-0.703148,0.53481,-0.065438,-0.313417,-0.491037,-0.54364,-0.370256,-0.214751,0.006772,-0.58439,0.23359,-0.016698,0.425807,0.019914,-0.056378
2532,"Miyama, Karen",staff_16197,0.10701,-0.100003,0.014031,-0.224142,0.047126,0.139485,0.16446,-0.177515,0.196248,0.090301,-0.052845,0.073177,0.133988,-0.047534,-0.031058,-0.335207,0.201731,-0.011591,0.097104,-0.007795,0.194477,-0.005044,-0.148676,-0.207865,0.112301,0.255089,-0.476684,0.179967,-0.227256,0.211087,-0.386758,0.072336,0.251581,-0.363927,0.367323,-0.199633,0.079642,0.082049,-0.182984,0.098884,0.1641,0.046116,0.300814,-0.282763,0.026689,-0.331895,0.003085,-0.28811,0.091772,0.175672,-0.156083,-0.034142,0.118769,0.311789,-0.013234,-0.293151,0.197715,0.139723,-0.169951,0.254408,-0.241962,0.007072,0.064653,-0.186851
2533,"Ikuhara, Kunihiko",staff_5082,-0.157907,-0.433001,-0.405215,-0.040376,0.398859,-0.000483,0.540442,-0.293599,0.249194,-0.184009,0.714275,1.156737,0.715834,-0.116828,-0.864313,-0.564094,0.085633,0.763781,-0.128451,0.10961,0.406852,0.273186,0.105508,0.375798,0.39617,-0.294189,0.136385,0.337893,0.341372,-0.483599,0.315053,-0.52445,0.284289,0.284373,-0.269269,0.542338,-0.22244,-0.305743,-0.01339,0.235809,-1.229137,-0.193019,-0.289153,-0.028063,-0.04512,-0.249824,-0.032861,-0.845079,0.568978,-0.784695,0.549654,-0.121804,-0.261504,-0.371166,-0.633387,-0.562625,-0.237126,-0.085261,-0.537858,0.147185,-0.120389,0.492816,-0.059278,-0.244092
2534,"Nakamura, Shouko",staff_13707,-0.179062,-0.406827,-0.313242,0.068044,0.358219,-0.002787,0.496675,-0.318328,0.254372,-0.195953,0.606543,1.141181,0.681405,-0.117772,-0.988143,-0.551496,0.033471,0.82167,-0.123388,0.058726,0.399636,0.318719,0.112876,0.321005,0.444747,-0.213918,0.100325,0.336024,0.276856,-0.40118,0.35059,-0.420935,0.267549,0.210335,-0.24162,0.455077,-0.355111,-0.297453,-0.063046,0.195192,-1.231221,-0.10599,-0.171598,-0.129483,-0.091052,-0.260026,-0.010495,-0.766906,0.539691,-0.768031,0.529456,-0.108178,-0.333592,-0.388473,-0.628688,-0.511127,-0.1298,0.003883,-0.570536,0.247705,-0.120714,0.369809,-0.067661,-0.201811
2535,"Miyake, Marie",staff_12588,0.115692,-0.143752,0.065282,-0.273388,0.009988,0.22175,0.141877,-0.165685,0.225256,0.145158,-0.117145,0.102883,0.090918,-0.028019,0.016363,-0.36329,0.217602,0.02858,0.115054,-0.00434,0.20095,0.047465,-0.228609,-0.185962,0.174062,0.268911,-0.48772,0.181454,-0.213254,0.263464,-0.392661,0.049134,0.259308,-0.357437,0.366143,-0.179326,0.10508,0.034951,-0.148393,0.14231,0.177478,0.035757,0.32961,-0.277127,0.038366,-0.327061,0.021351,-0.296667,0.072872,0.216426,-0.128973,-0.045851,0.129263,0.27931,-0.005103,-0.306936,0.161229,0.170921,-0.182948,0.199438,-0.207714,-0.007937,0.024797,-0.189153
2536,"Arakawa, Miho",staff_12554,0.126295,-0.187368,0.118629,-0.324621,-0.025346,0.302691,0.122234,-0.154633,0.252429,0.199678,-0.18218,0.131852,0.049856,-0.008081,0.064408,-0.394116,0.233733,0.070278,0.133379,-0.001837,0.207563,0.101184,-0.308744,-0.166692,0.231932,0.283168,-0.500983,0.182502,-0.198003,0.313666,-0.402161,0.027166,0.268759,-0.349238,0.364699,-0.160649,0.128958,-0.010141,-0.116736,0.18638,0.192362,0.025022,0.358112,-0.272888,0.051677,-0.322125,0.036532,-0.307151,0.052614,0.257313,-0.100802,-0.057295,0.140782,0.247955,0.002723,-0.319543,0.123486,0.203511,-0.195132,0.146641,-0.1726,-0.024937,-0.013796,-0.189784
2537,"Yano, Yuuichirou",staff_16499,-0.097389,-0.419654,-0.311275,0.031722,0.38345,-0.037785,0.517498,-0.358381,0.261324,-0.168443,0.573151,1.10872,0.601303,-0.126323,-0.990258,-0.583903,-0.05453,0.826831,-0.096942,0.076228,0.418294,0.347411,0.124838,0.352922,0.408885,-0.178117,0.04586,0.417025,0.26606,-0.347371,0.363967,-0.450258,0.281533,0.285897,-0.25575,0.467833,-0.31988,-0.264203,-0.036446,0.161273,-1.156646,-0.074496,-0.229596,-0.080387,-0.055976,-0.209887,-0.052015,-0.741456,0.685127,-0.753848,0.452962,-0.15577,-0.23032,-0.397253,-0.600539,-0.470275,-0.142602,-0.027387,-0.541824,0.24756,-0.058359,0.441192,-0.061271,-0.15349
2539,"Oohata, Kouichi",staff_5986,-0.112966,-0.427848,-0.306825,0.018401,0.381441,-0.055072,0.527775,-0.334477,0.2812,-0.157533,0.594556,1.139603,0.602387,-0.091279,-0.998767,-0.565148,-0.036966,0.818037,-0.122965,0.06921,0.39899,0.328375,0.10916,0.334313,0.415946,-0.185676,0.046621,0.40856,0.235941,-0.356328,0.333032,-0.450213,0.268343,0.298778,-0.263751,0.479398,-0.304122,-0.262477,-0.032871,0.173285,-1.154296,-0.097425,-0.240982,-0.084853,-0.038178,-0.203832,-0.072878,-0.721105,0.693356,-0.739788,0.467549,-0.175538,-0.224341,-0.396278,-0.607682,-0.457071,-0.142618,-0.033705,-0.537572,0.252005,-0.07939,0.448767,-0.074001,-0.168853
2540,"Shida, Arisa",staff_31385,0.100955,-0.088476,0.020422,-0.221991,0.04573,0.134713,0.174156,-0.166688,0.201668,0.081459,-0.066111,0.073122,0.132975,-0.03589,-0.030129,-0.345202,0.213101,0.002523,0.100187,9.3e-05,0.184883,-0.017658,-0.148742,-0.19499,0.108308,0.25071,-0.469127,0.180035,-0.221097,0.201931,-0.396734,0.06769,0.261176,-0.373056,0.380229,-0.195331,0.071731,0.069353,-0.197314,0.099235,0.153492,0.053528,0.314258,-0.284709,0.014943,-0.33144,0.01657,-0.29524,0.104723,0.183428,-0.150608,-0.042838,0.131299,0.304715,-0.008606,-0.301572,0.207351,0.133443,-0.161388,0.259559,-0.231416,-0.006179,0.067985,-0.178416
2541,"Toochika, Kouichi",staff_408,0.107125,-0.09954,0.013028,-0.222717,0.04698,0.139131,0.16176,-0.179325,0.197717,0.09152,-0.052648,0.075058,0.133209,-0.045783,-0.033012,-0.335958,0.201699,-0.011625,0.09793,-0.006987,0.194339,-0.005733,-0.14868,-0.207232,0.113957,0.25535,-0.476529,0.179537,-0.225208,0.212369,-0.385516,0.073054,0.250139,-0.365313,0.368134,-0.198887,0.079384,0.082198,-0.183878,0.100187,0.163236,0.046467,0.300805,-0.281495,0.027389,-0.333434,0.003207,-0.287903,0.092875,0.175705,-0.155111,-0.033602,0.119518,0.311345,-0.014729,-0.293724,0.197046,0.138283,-0.171128,0.254733,-0.241526,0.006046,0.064303,-0.187318
2542,"Masukawa, Yoichi",staff_143,0.107125,-0.09954,0.013028,-0.222717,0.04698,0.139131,0.16176,-0.179325,0.197717,0.09152,-0.052648,0.075058,0.133209,-0.045783,-0.033012,-0.335958,0.201699,-0.011625,0.09793,-0.006987,0.194339,-0.005733,-0.14868,-0.207232,0.113957,0.25535,-0.476529,0.179537,-0.225208,0.212369,-0.385516,0.073054,0.250139,-0.365313,0.368134,-0.198887,0.079384,0.082198,-0.183878,0.100187,0.163236,0.046467,0.300805,-0.281495,0.027389,-0.333434,0.003207,-0.287903,0.092875,0.175705,-0.155111,-0.033602,0.119518,0.311345,-0.014729,-0.293724,0.197046,0.138283,-0.171128,0.254733,-0.241526,0.006046,0.064303,-0.187318
2543,"Nishikata, Yasuto",staff_31583,-0.099115,-0.42756,-0.316337,0.011657,0.387625,-0.052403,0.531181,-0.342398,0.275164,-0.159293,0.594883,1.128273,0.598872,-0.101642,-0.98614,-0.573203,-0.043619,0.819912,-0.113151,0.077426,0.403632,0.332713,0.114153,0.346289,0.408564,-0.185845,0.043396,0.418347,0.247875,-0.357732,0.341321,-0.460477,0.273484,0.306702,-0.266715,0.482615,-0.297633,-0.260149,-0.025978,0.171206,-1.147415,-0.091876,-0.251758,-0.073383,-0.035862,-0.201639,-0.072515,-0.731639,0.706028,-0.742804,0.457928,-0.174627,-0.212769,-0.394141,-0.606916,-0.461822,-0.15211,-0.042742,-0.533602,0.244012,-0.066685,0.462088,-0.067878,-0.161821
2545,"Ogata, Takahide",staff_50638,-0.2196,-0.326391,-0.340855,-0.019501,0.319408,-0.10807,0.501698,-0.299685,0.325368,-0.138383,0.675608,1.069058,0.737827,-0.143776,-0.866747,-0.495235,-0.022909,0.905898,-0.190848,0.135326,0.406635,0.380394,0.041555,0.321141,0.374244,-0.306564,0.150156,0.277435,0.313935,-0.306794,0.403166,-0.525395,0.288566,0.272719,-0.30696,0.590588,-0.208267,-0.300112,-0.11607,0.236725,-1.243727,-0.147275,-0.307349,-0.046963,-0.104375,-0.222249,-0.011028,-0.724153,0.680364,-0.711611,0.518973,-0.066912,-0.302256,-0.47667,-0.517877,-0.378819,-0.23285,0.013488,-0.559103,0.227958,-0.00289,0.417145,0.018712,-0.056149
2546,"Yasuda, Kenji",staff_10146,-0.24384,-0.368268,-0.36653,-0.074883,0.400878,-0.109727,0.503324,-0.307098,0.374495,-0.209913,0.717529,1.080009,0.6942,-0.119416,-0.948783,-0.515044,0.108776,0.835173,-0.188345,0.084386,0.326485,0.337964,0.05067,0.266735,0.395713,-0.228665,0.189525,0.268872,0.282467,-0.395286,0.366534,-0.538194,0.256589,0.278049,-0.300984,0.563932,-0.260898,-0.289346,-0.085408,0.277201,-1.271191,-0.146708,-0.245874,-0.121575,-0.090735,-0.252344,0.03611,-0.751639,0.656732,-0.723111,0.548858,-0.151588,-0.322026,-0.439382,-0.669761,-0.442117,-0.171598,0.015138,-0.535145,0.290708,-0.09064,0.455983,-0.086698,-0.097299
2547,"Kageyama, Akari",staff_37946,0.056548,-0.102038,0.003646,-0.283148,0.05312,0.241551,0.209183,-0.205541,0.202268,0.093198,-0.105725,0.074894,0.159335,-0.042959,0.02547,-0.270337,0.225791,-0.007774,0.118064,0.011311,0.262211,-0.019091,-0.178906,-0.151441,0.158414,0.30332,-0.446141,0.162509,-0.23825,0.292422,-0.440433,0.071122,0.293403,-0.298101,0.396536,-0.21012,0.102142,0.025475,-0.117307,0.05887,0.164797,0.021598,0.366912,-0.306568,0.001064,-0.400835,0.004743,-0.258681,0.096013,0.267121,-0.089705,0.031586,0.161772,0.298813,-0.054383,-0.29341,0.256021,0.117293,-0.214135,0.233554,-0.24304,-0.059188,0.10804,-0.220531
2548,"Kimura, Hiroshi",staff_14707,-0.20738,-0.310145,-0.356826,-0.022986,0.409927,-0.063366,0.478702,-0.22481,0.27079,-0.155369,0.693817,1.141411,0.719452,-0.059227,-1.000306,-0.4461,0.121104,0.83934,-0.298378,0.17715,0.395474,0.286547,0.100704,0.28978,0.487558,-0.207092,0.221249,0.323897,0.217647,-0.424351,0.288879,-0.355866,0.235008,0.23573,-0.37255,0.544511,-0.275695,-0.274243,-0.038378,0.16953,-1.337076,-0.048129,-0.162843,-0.164783,-0.009908,-0.20187,-0.035725,-0.685705,0.449048,-0.700516,0.602942,-0.063583,-0.340298,-0.496096,-0.718315,-0.429325,-0.071825,0.025608,-0.587161,0.26111,-0.11141,0.321205,-0.181271,-0.214158
2550,"Tachibana, Rika",staff_35165,0.129329,-0.102444,0.091245,-0.29821,-0.01574,0.285941,0.1638,-0.179283,0.220957,0.111485,-0.169806,0.080201,0.114314,0.017593,0.062979,-0.306807,0.215587,0.043847,0.099394,-0.011073,0.24835,0.038768,-0.231745,-0.133714,0.199403,0.283212,-0.498404,0.168898,-0.216285,0.31126,-0.399156,0.031092,0.270238,-0.24989,0.432496,-0.14295,0.102485,0.04096,-0.073197,0.078447,0.129725,0.061018,0.372208,-0.257659,0.021037,-0.342398,-0.038953,-0.254367,0.04896,0.321127,-0.138596,0.018026,0.202735,0.266131,0.001187,-0.340455,0.246142,0.19078,-0.230643,0.174975,-0.166345,-0.023056,0.040929,-0.2006
2551,"Ootsuka, Houchuu",staff_337,0.105587,-0.099739,0.011746,-0.22239,0.046135,0.139845,0.160448,-0.176183,0.197344,0.090481,-0.051821,0.073881,0.131999,-0.046441,-0.033224,-0.333176,0.201345,-0.013202,0.097807,-0.006322,0.1935,-0.00737,-0.149708,-0.205438,0.115892,0.254751,-0.474602,0.17998,-0.227429,0.214055,-0.383509,0.07216,0.249646,-0.36456,0.368337,-0.199212,0.08018,0.080928,-0.180021,0.098972,0.162674,0.045727,0.300197,-0.282342,0.026443,-0.331018,0.005989,-0.285782,0.092825,0.177014,-0.155945,-0.033857,0.118749,0.31128,-0.013885,-0.293385,0.198356,0.137314,-0.171347,0.252831,-0.241334,0.008212,0.062343,-0.187778
2552,"Tatekawa, Koharu",staff_90601,0.054548,-0.023235,0.130468,-0.318054,-0.115333,0.074326,0.277283,-0.038756,0.292156,0.038471,-0.168721,0.072243,0.2107,0.057218,0.131788,-0.546647,0.342493,0.190312,0.241075,-0.022665,0.276734,-0.062247,-0.233713,-0.015973,0.134536,0.333679,-0.483963,0.053626,-0.041336,0.078105,-0.459533,0.007354,0.23642,-0.380952,0.424274,-0.309106,-0.074289,0.013802,-0.185769,0.078498,0.113782,0.090191,0.429976,-0.250814,-0.120879,-0.238125,0.062853,-0.286198,0.127121,0.228733,-0.150673,-0.084647,0.317059,0.281954,0.111871,-0.404735,0.335685,0.18454,-0.022934,0.28977,-0.232283,-0.087893,0.092017,-0.158999
2553,"Okamoto, Asami",staff_559,0.071275,-0.109915,0.056113,-0.298062,-0.003182,0.272068,0.115545,-0.168489,0.268979,0.110011,-0.184019,0.143609,0.104622,-0.004916,0.002911,-0.283418,0.237976,0.064233,0.111301,-0.008715,0.193048,0.045889,-0.218964,-0.208337,0.187418,0.261096,-0.473334,0.213439,-0.264248,0.326462,-0.436684,0.061991,0.251706,-0.242725,0.370737,-0.133486,0.088822,0.014874,-0.125212,0.113842,0.19693,0.065783,0.361956,-0.276917,-0.010438,-0.385672,-0.011613,-0.284969,0.021954,0.307644,-0.074731,-0.009152,0.159369,0.230989,-0.004006,-0.308651,0.228469,0.189202,-0.195324,0.190369,-0.189027,-0.007174,0.025911,-0.182554
2554,"Kumazawa, Yuuji",staff_15573,-0.201249,-0.336094,-0.360577,-0.002938,0.326627,-0.070353,0.509665,-0.316936,0.296581,-0.119046,0.666352,1.101204,0.724791,-0.098565,-0.874321,-0.516008,-0.065008,0.90414,-0.193493,0.157969,0.45449,0.362246,0.067344,0.339222,0.381355,-0.294365,0.123603,0.279984,0.308195,-0.307777,0.359283,-0.51644,0.267555,0.286574,-0.314551,0.559995,-0.225797,-0.264989,-0.095275,0.199172,-1.223377,-0.130228,-0.313401,-0.018119,-0.065407,-0.214821,-0.075696,-0.763354,0.68528,-0.725538,0.47935,-0.072783,-0.275791,-0.438977,-0.512051,-0.401137,-0.242431,0.006846,-0.524997,0.220752,-0.000682,0.410095,-0.007837,-0.087279
2555,"Oohashi, Yoshimitsu",staff_12683,-0.275809,-0.326892,-0.349912,-0.174812,0.354197,-0.141867,0.442217,-0.113213,0.222213,-0.322302,0.925528,1.047728,0.667885,-0.126533,-0.828566,-0.37897,0.323022,0.861834,-0.353129,0.266019,0.453352,0.118873,0.062916,0.398895,0.466098,-0.283283,0.453755,0.50102,0.322714,-0.551198,0.319043,-0.411379,0.258884,0.165574,-0.379914,0.735352,-0.169367,-0.395978,0.005012,0.201188,-1.260978,-0.121061,-0.339727,-0.01836,0.149392,-0.025818,0.208079,-0.945281,0.401304,-0.79681,0.645165,-0.062849,-0.430141,-0.339192,-0.828663,-0.560787,-0.219201,-0.017719,-0.675185,0.215988,-0.127048,0.473899,-0.092911,-0.341024
2556,"Igarashi, Hiromi",staff_9876,0.180685,-0.06053,0.133086,-0.438571,-0.171369,0.207856,0.081173,0.038315,0.197113,0.15319,-0.271997,0.123979,0.157903,0.148792,0.238217,-0.541592,0.397415,0.163518,0.118021,-0.068455,0.296006,0.050074,-0.255134,-0.005308,0.165514,0.332692,-0.530597,0.150577,-0.078073,0.255129,-0.382678,-0.001218,0.315658,-0.271841,0.328874,-0.147498,0.088452,-0.125961,-0.040764,0.081189,0.125289,0.041888,0.45367,-0.221277,-0.09992,-0.208817,-0.015793,-0.224321,-0.06193,0.402506,-0.217916,-0.088934,0.265625,0.193993,0.157929,-0.41974,0.322354,0.195361,-0.155576,0.085105,-0.104852,-0.048042,-0.026466,-0.13036
2557,"Nishimura, Tomohiro",staff_295,0.07267,-0.179208,0.154624,-0.342117,-0.214346,0.266605,0.157946,-0.00548,0.249088,0.149274,-0.24356,0.021325,0.129936,0.101597,0.08092,-0.458578,0.256896,0.18173,0.087725,-0.039292,0.362902,0.100903,-0.336064,-0.020314,0.160944,0.308808,-0.608494,0.003538,-0.14233,0.251084,-0.257026,-0.007802,0.148554,-0.264692,0.35963,-0.167804,0.056834,-0.00468,-0.065195,0.112529,0.003723,0.084392,0.444208,-0.187768,-0.103783,-0.270413,0.042579,-0.260917,-0.0017,0.389039,-0.224035,0.046203,0.225105,0.156854,0.052499,-0.492404,0.280037,0.129716,-0.182959,0.147526,-0.103427,-0.035413,0.10137,-0.190067
2558,"Nakano, Hideaki",staff_38061,-0.168601,-0.412648,-0.268647,0.075942,0.343915,-0.005685,0.508093,-0.254416,0.239556,-0.16593,0.557555,1.130647,0.667716,-0.07235,-1.105257,-0.482567,0.020645,0.892808,-0.156028,0.085589,0.446369,0.341116,0.155162,0.290521,0.547025,-0.160708,0.108627,0.354212,0.170197,-0.41069,0.338647,-0.268132,0.281147,0.214539,-0.294736,0.424622,-0.423194,-0.306748,-0.041339,0.122466,-1.280367,-0.02046,-0.081646,-0.204199,-0.111001,-0.263948,-0.025255,-0.673725,0.447257,-0.711332,0.554431,-0.054132,-0.396662,-0.441804,-0.677989,-0.442955,-0.067451,0.034544,-0.649713,0.299624,-0.141391,0.24486,-0.13285,-0.215903
2559,"Nanami, Karin",staff_28047,-0.02408,-0.056539,0.086402,-0.159261,-0.015645,0.079582,0.234304,-0.018102,0.269569,0.033697,-0.187928,0.052594,0.198788,0.083048,-0.078347,-0.404749,0.345302,0.122389,0.163099,-0.022273,0.198231,-0.04876,-0.22114,-0.063763,0.044655,0.247662,-0.48125,0.108301,-0.139983,0.089769,-0.407306,0.068722,0.237549,-0.385011,0.415864,-0.228896,-0.010429,-0.046046,-0.287185,0.154537,0.032336,0.108598,0.479903,-0.225657,-0.138938,-0.246204,0.142048,-0.407357,0.086886,0.325543,-0.066556,-0.031052,0.216598,0.192082,0.038645,-0.422768,0.345126,0.046517,-0.056196,0.290096,-0.24859,-0.092959,0.153562,-0.161752
2560,"Yanase, Natsumi",staff_549,0.06849,-0.058656,0.040474,-0.272496,-0.01353,0.211519,0.150724,-0.165702,0.278404,0.101918,-0.143937,0.122262,0.1279,0.009764,-0.020726,-0.320035,0.251414,0.042173,0.093457,0.029104,0.204907,0.023141,-0.168134,-0.218848,0.154717,0.249077,-0.444389,0.19417,-0.266889,0.267837,-0.437939,0.059586,0.245397,-0.312589,0.35312,-0.154498,0.100641,0.013733,-0.14203,0.090152,0.190987,0.070243,0.327181,-0.279764,-0.040493,-0.376847,0.013933,-0.285245,0.060341,0.23779,-0.092409,0.001793,0.161011,0.250925,-0.005318,-0.300377,0.234902,0.18511,-0.178372,0.216754,-0.178238,-0.023957,0.072263,-0.175036
2561,"Oda, Yuusei",staff_6506,0.06849,-0.058656,0.040474,-0.272496,-0.01353,0.211519,0.150724,-0.165702,0.278404,0.101918,-0.143937,0.122262,0.1279,0.009764,-0.020726,-0.320035,0.251414,0.042173,0.093457,0.029104,0.204907,0.023141,-0.168134,-0.218848,0.154717,0.249077,-0.444389,0.19417,-0.266889,0.267837,-0.437939,0.059586,0.245397,-0.312589,0.35312,-0.154498,0.100641,0.013733,-0.14203,0.090152,0.190987,0.070243,0.327181,-0.279764,-0.040493,-0.376847,0.013933,-0.285245,0.060341,0.23779,-0.092409,0.001793,0.161011,0.250925,-0.005318,-0.300377,0.234902,0.18511,-0.178372,0.216754,-0.178238,-0.023957,0.072263,-0.175036
2562,"Kamonomiya, Yuu",staff_19453,0.06849,-0.058656,0.040474,-0.272496,-0.01353,0.211519,0.150724,-0.165702,0.278404,0.101918,-0.143937,0.122262,0.1279,0.009764,-0.020726,-0.320035,0.251414,0.042173,0.093457,0.029104,0.204907,0.023141,-0.168134,-0.218848,0.154717,0.249077,-0.444389,0.19417,-0.266889,0.267837,-0.437939,0.059586,0.245397,-0.312589,0.35312,-0.154498,0.100641,0.013733,-0.14203,0.090152,0.190987,0.070243,0.327181,-0.279764,-0.040493,-0.376847,0.013933,-0.285245,0.060341,0.23779,-0.092409,0.001793,0.161011,0.250925,-0.005318,-0.300377,0.234902,0.18511,-0.178372,0.216754,-0.178238,-0.023957,0.072263,-0.175036
2563,"Wakabayashi, Naomi",staff_1365,0.06849,-0.058656,0.040474,-0.272496,-0.01353,0.211519,0.150724,-0.165702,0.278404,0.101918,-0.143937,0.122262,0.1279,0.009764,-0.020726,-0.320035,0.251414,0.042173,0.093457,0.029104,0.204907,0.023141,-0.168134,-0.218848,0.154717,0.249077,-0.444389,0.19417,-0.266889,0.267837,-0.437939,0.059586,0.245397,-0.312589,0.35312,-0.154498,0.100641,0.013733,-0.14203,0.090152,0.190987,0.070243,0.327181,-0.279764,-0.040493,-0.376847,0.013933,-0.285245,0.060341,0.23779,-0.092409,0.001793,0.161011,0.250925,-0.005318,-0.300377,0.234902,0.18511,-0.178372,0.216754,-0.178238,-0.023957,0.072263,-0.175036
2564,"Suzuki, Keiko",staff_8950,0.06849,-0.058656,0.040474,-0.272496,-0.01353,0.211519,0.150724,-0.165702,0.278404,0.101918,-0.143937,0.122262,0.1279,0.009764,-0.020726,-0.320035,0.251414,0.042173,0.093457,0.029104,0.204907,0.023141,-0.168134,-0.218848,0.154717,0.249077,-0.444389,0.19417,-0.266889,0.267837,-0.437939,0.059586,0.245397,-0.312589,0.35312,-0.154498,0.100641,0.013733,-0.14203,0.090152,0.190987,0.070243,0.327181,-0.279764,-0.040493,-0.376847,0.013933,-0.285245,0.060341,0.23779,-0.092409,0.001793,0.161011,0.250925,-0.005318,-0.300377,0.234902,0.18511,-0.178372,0.216754,-0.178238,-0.023957,0.072263,-0.175036
2567,"Kuroda, Yasuhiro",staff_8347,-0.178005,-0.37258,-0.340598,0.003815,0.342526,-0.061784,0.515938,-0.324253,0.281475,-0.12809,0.646115,1.129584,0.686058,-0.076111,-0.9123,-0.533164,-0.063541,0.884894,-0.177127,0.131581,0.447632,0.35515,0.083972,0.339732,0.394534,-0.256745,0.098198,0.312953,0.287243,-0.32272,0.334348,-0.500444,0.255328,0.29244,-0.293717,0.526113,-0.249866,-0.265625,-0.078859,0.194072,-1.19919,-0.120756,-0.286854,-0.034847,-0.044872,-0.201968,-0.086773,-0.758743,0.683478,-0.733047,0.475157,-0.099533,-0.262895,-0.41482,-0.543657,-0.420968,-0.209203,-0.007651,-0.52613,0.227659,-0.031622,0.418388,-0.027844,-0.124172
2568,"Morita, Hiroyuki",staff_6717,-0.20764,-0.314655,-0.350152,-0.04631,0.312652,-0.154943,0.446127,-0.155143,0.406708,-0.171641,0.638729,1.257785,0.723525,-0.072139,-0.966601,-0.431713,0.093678,0.813343,-0.215999,0.026041,0.290232,0.273274,0.140449,0.176553,0.487419,-0.272615,0.281953,0.232483,0.290037,-0.474669,0.281233,-0.472664,0.199646,0.278496,-0.238865,0.615276,-0.253,-0.371093,-0.121433,0.255379,-1.2656,-0.05912,-0.126549,-0.208151,-0.145003,-0.329642,-0.117045,-0.647705,0.53562,-0.673712,0.551738,-0.187224,-0.436187,-0.44392,-0.70835,-0.377881,-0.098414,0.047327,-0.506594,0.299633,-0.154944,0.421635,-0.123649,-0.224337
2569,"Hakamada, Yoshihiko",staff_5267,0.039036,-0.032562,0.205012,-0.284368,-0.058289,0.260916,0.159754,-0.043318,0.328246,-0.041728,-0.330612,0.11227,0.074855,0.109857,0.032831,-0.35329,0.328201,0.265709,0.161199,0.01794,0.072033,-0.028373,-0.280967,-0.036895,0.184946,0.197368,-0.446779,0.216748,-0.210494,0.232296,-0.507798,-0.068181,0.316389,-0.270118,0.560434,-0.060669,-0.039181,-0.020263,-0.231357,0.091092,0.094155,0.185175,0.49813,-0.200628,-0.058286,-0.33188,0.059635,-0.388954,0.128644,0.450146,-0.056038,-0.162251,0.34046,0.132924,0.101748,-0.427114,0.335948,0.194484,-0.128818,0.231471,-0.079118,-0.072014,-0.04871,-0.10385
2570,"Ikewaki, Chizuru",staff_684,0.039036,-0.032562,0.205012,-0.284368,-0.058289,0.260916,0.159754,-0.043318,0.328246,-0.041728,-0.330612,0.11227,0.074855,0.109857,0.032831,-0.35329,0.328201,0.265709,0.161199,0.01794,0.072033,-0.028373,-0.280967,-0.036895,0.184946,0.197368,-0.446779,0.216748,-0.210494,0.232296,-0.507798,-0.068181,0.316389,-0.270118,0.560434,-0.060669,-0.039181,-0.020263,-0.231357,0.091092,0.094155,0.185175,0.49813,-0.200628,-0.058286,-0.33188,0.059635,-0.388954,0.128644,0.450146,-0.056038,-0.162251,0.34046,0.132924,0.101748,-0.427114,0.335948,0.194484,-0.128818,0.231471,-0.079118,-0.072014,-0.04871,-0.10385
2571,"Terashima, Junta",staff_15461,0.103275,-0.103673,0.014009,-0.221273,0.047161,0.137811,0.162918,-0.173776,0.199099,0.09185,-0.056039,0.073556,0.135891,-0.046036,-0.034962,-0.334655,0.20229,-0.008526,0.100672,-0.012194,0.194961,-0.00783,-0.150623,-0.201534,0.112168,0.255287,-0.477984,0.179042,-0.225123,0.211535,-0.380095,0.075401,0.2473,-0.364712,0.364433,-0.199671,0.079515,0.081125,-0.183925,0.102324,0.159231,0.046007,0.303686,-0.281568,0.023632,-0.330008,0.007441,-0.290492,0.087972,0.179049,-0.155552,-0.032315,0.116272,0.308239,-0.015184,-0.295769,0.2008,0.135575,-0.168038,0.252989,-0.24508,0.008428,0.066819,-0.188894
2572,"Saotome, Taichi",staff_49219,0.138896,-0.105103,0.180523,-0.356666,-0.107354,0.329538,0.191946,-0.172265,0.300804,0.191289,-0.200773,0.104789,0.07344,0.05819,0.127539,-0.428615,0.249252,0.08438,0.112693,0.056834,0.288396,0.090562,-0.288679,-0.121053,0.264055,0.279004,-0.476098,0.138329,-0.188027,0.309926,-0.404005,-0.002435,0.251493,-0.342322,0.401937,-0.155329,0.160595,-0.00762,-0.045709,0.134913,0.141131,0.069458,0.352323,-0.25795,0.005934,-0.31491,0.030986,-0.277563,0.086761,0.269656,-0.129314,0.022395,0.230989,0.247829,0.013223,-0.341456,0.182158,0.273145,-0.210198,0.137445,-0.098294,-0.083334,0.054159,-0.186726
2573,"Matsuyama, Kenichi",staff_378,0.138896,-0.105103,0.180523,-0.356666,-0.107354,0.329538,0.191946,-0.172265,0.300804,0.191289,-0.200773,0.104789,0.07344,0.05819,0.127539,-0.428615,0.249252,0.08438,0.112693,0.056834,0.288396,0.090562,-0.288679,-0.121053,0.264055,0.279004,-0.476098,0.138329,-0.188027,0.309926,-0.404005,-0.002435,0.251493,-0.342322,0.401937,-0.155329,0.160595,-0.00762,-0.045709,0.134913,0.141131,0.069458,0.352323,-0.25795,0.005934,-0.31491,0.030986,-0.277563,0.086761,0.269656,-0.129314,0.022395,0.230989,0.247829,0.013223,-0.341456,0.182158,0.273145,-0.210198,0.137445,-0.098294,-0.083334,0.054159,-0.186726
2574,"Kaneko, Sayaka",staff_40913,0.055553,-0.072525,0.043479,-0.289879,0.011231,0.275543,0.182811,-0.212999,0.264888,0.116522,-0.137625,0.099365,0.168532,0.005447,0.004287,-0.249071,0.268593,0.005942,0.109131,0.033348,0.290352,0.009228,-0.172118,-0.171274,0.172344,0.273937,-0.407078,0.182861,-0.270543,0.323312,-0.453369,0.056868,0.270989,-0.292199,0.372436,-0.165183,0.146826,0.011669,-0.074418,0.05502,0.182623,0.035657,0.349159,-0.262489,-0.029119,-0.401828,0.00299,-0.286661,0.072953,0.304054,-0.070473,0.07457,0.199369,0.268842,-0.058924,-0.295829,0.263412,0.167305,-0.239482,0.213348,-0.220604,-0.079878,0.096183,-0.204918
2575,"Csongor, Szalay",staff_7827,0.106518,-0.100054,0.013635,-0.223231,0.046477,0.138969,0.161018,-0.178335,0.197828,0.090599,-0.051123,0.074784,0.132978,-0.044557,-0.032484,-0.335103,0.200957,-0.012607,0.096861,-0.006955,0.193849,-0.005857,-0.148453,-0.207294,0.11363,0.254917,-0.476594,0.179932,-0.224787,0.213334,-0.385002,0.073942,0.249723,-0.363459,0.369027,-0.199414,0.07777,0.083177,-0.183791,0.098873,0.162973,0.045658,0.30096,-0.280683,0.027349,-0.331373,0.003413,-0.287956,0.093613,0.175591,-0.155948,-0.03406,0.120655,0.311647,-0.01244,-0.294292,0.197843,0.138561,-0.171749,0.255172,-0.241152,0.007203,0.064342,-0.187088
2577,"Takeda, Larissa Tago",staff_46164,0.030309,-0.0342,0.036299,-0.166856,0.037189,0.087462,0.216882,-0.048045,0.228742,0.070543,-0.15713,0.039046,0.16046,0.043683,-0.068148,-0.364539,0.33357,0.06194,0.122482,-0.028753,0.205278,-0.007418,-0.185226,-0.121472,0.042619,0.267452,-0.474069,0.11427,-0.15339,0.090509,-0.433006,0.022792,0.292725,-0.416558,0.413357,-0.229825,-0.000923,-0.016094,-0.229584,0.11177,0.085751,0.085781,0.421331,-0.229417,-0.091273,-0.258224,0.077656,-0.343231,0.067016,0.255505,-0.086467,-0.066545,0.194416,0.259981,0.039547,-0.38417,0.278622,0.044768,-0.10652,0.279658,-0.251121,-0.035736,0.113515,-0.159747
2578,"Usui, Fumiaki",staff_37108,-0.179714,-0.38078,-0.227105,0.167931,0.31956,-0.006342,0.446755,-0.341317,0.246992,-0.205153,0.501188,1.122699,0.649423,-0.127631,-1.086877,-0.547224,-0.035013,0.867746,-0.117252,0.015014,0.398223,0.362502,0.124364,0.287392,0.477492,-0.143092,0.05849,0.34973,0.227669,-0.318332,0.385447,-0.334517,0.248089,0.145975,-0.216928,0.386795,-0.463729,-0.296302,-0.109189,0.152823,-1.211369,-0.025164,-0.079353,-0.208303,-0.130358,-0.25715,0.004781,-0.698673,0.530194,-0.752525,0.49707,-0.100707,-0.382807,-0.407779,-0.612876,-0.459473,-0.035396,0.080655,-0.597006,0.324458,-0.10616,0.269932,-0.064401,-0.161079
2579,"Ishiyama, Takaaki",staff_10249,-0.146342,-0.310236,-0.402737,-0.064062,0.368381,-0.062396,0.488362,-0.284064,0.305983,-0.176154,0.686917,1.075935,0.731925,-0.10901,-0.846208,-0.553293,0.007643,0.84358,-0.21862,0.199862,0.456791,0.288577,0.134082,0.377899,0.403081,-0.25454,0.226803,0.293193,0.366407,-0.434407,0.298342,-0.522433,0.244661,0.307696,-0.340413,0.645296,-0.190564,-0.278038,-0.06403,0.150169,-1.212526,-0.080069,-0.326213,-0.058526,-0.075293,-0.246999,-0.061663,-0.80876,0.607622,-0.709038,0.45013,-0.095922,-0.258039,-0.459209,-0.609861,-0.418869,-0.251529,-0.030435,-0.479015,0.205331,-0.029823,0.45383,-0.122524,-0.140361
2580,"Sakakibara, Yui",staff_492,0.110446,-0.124714,0.053906,-0.363338,-0.032828,0.264324,0.144963,-0.156757,0.223789,0.092309,-0.178989,0.130441,0.123025,-0.002343,0.101796,-0.350266,0.207873,0.09374,0.139676,-0.038352,0.208283,0.012258,-0.256213,-0.158105,0.222837,0.331383,-0.521886,0.179862,-0.202523,0.319272,-0.43249,0.059095,0.258094,-0.190093,0.396919,-0.166387,0.039323,0.015955,-0.09392,0.086781,0.174281,0.041135,0.375122,-0.318887,-0.008396,-0.382337,-0.052137,-0.20884,0.029077,0.305228,-0.129951,-0.017023,0.185484,0.270089,0.035323,-0.329889,0.248628,0.189224,-0.194256,0.187557,-0.182075,-0.008962,0.018382,-0.205098
2581,"Takahashi, Chiaki",staff_584,0.110446,-0.124714,0.053906,-0.363338,-0.032828,0.264324,0.144963,-0.156757,0.223789,0.092309,-0.178989,0.130441,0.123025,-0.002343,0.101796,-0.350266,0.207873,0.09374,0.139676,-0.038352,0.208283,0.012258,-0.256213,-0.158105,0.222837,0.331383,-0.521886,0.179862,-0.202523,0.319272,-0.43249,0.059095,0.258094,-0.190093,0.396919,-0.166387,0.039323,0.015955,-0.09392,0.086781,0.174281,0.041135,0.375122,-0.318887,-0.008396,-0.382337,-0.052137,-0.20884,0.029077,0.305228,-0.129951,-0.017023,0.185484,0.270089,0.035323,-0.329889,0.248628,0.189224,-0.194256,0.187557,-0.182075,-0.008962,0.018382,-0.205098
2582,"Miyazaki, Ui",staff_309,0.110446,-0.124714,0.053906,-0.363338,-0.032828,0.264324,0.144963,-0.156757,0.223789,0.092309,-0.178989,0.130441,0.123025,-0.002343,0.101796,-0.350266,0.207873,0.09374,0.139676,-0.038352,0.208283,0.012258,-0.256213,-0.158105,0.222837,0.331383,-0.521886,0.179862,-0.202523,0.319272,-0.43249,0.059095,0.258094,-0.190093,0.396919,-0.166387,0.039323,0.015955,-0.09392,0.086781,0.174281,0.041135,0.375122,-0.318887,-0.008396,-0.382337,-0.052137,-0.20884,0.029077,0.305228,-0.129951,-0.017023,0.185484,0.270089,0.035323,-0.329889,0.248628,0.189224,-0.194256,0.187557,-0.182075,-0.008962,0.018382,-0.205098
2583,"Morinaga, Chitose",staff_36557,0.070602,-0.115517,-0.016353,-0.274695,0.067574,0.240503,0.205278,-0.206713,0.175139,0.097143,-0.095924,0.061845,0.162694,-0.049801,0.025992,-0.266452,0.21447,-0.024144,0.116306,-0.004436,0.263466,-0.007512,-0.191015,-0.146839,0.158353,0.323512,-0.468609,0.152611,-0.232937,0.286314,-0.43171,0.066348,0.301336,-0.299277,0.397896,-0.222329,0.103373,0.024553,-0.105379,0.049932,0.171427,0.002672,0.366347,-0.30449,0.020673,-0.394724,-0.00811,-0.245296,0.086006,0.256024,-0.094386,0.027467,0.144842,0.311367,-0.05516,-0.293164,0.251196,0.098032,-0.224312,0.223632,-0.250161,-0.038603,0.10426,-0.241515
2584,"Miura, Chiyuki",staff_49325,0.142473,-0.145091,0.120382,-0.335974,-0.05319,0.274872,0.144543,-0.158727,0.252559,0.166867,-0.156671,0.117131,0.080501,0.024058,0.076984,-0.401682,0.22834,0.069721,0.115126,0.006159,0.224659,0.055028,-0.275866,-0.168062,0.230773,0.285364,-0.488158,0.182072,-0.201783,0.296964,-0.394108,0.027009,0.249826,-0.321071,0.376549,-0.142321,0.120051,0.007803,-0.091663,0.150929,0.149739,0.04242,0.329218,-0.282734,0.015888,-0.326778,0.009593,-0.27467,0.068005,0.261407,-0.147542,-0.014541,0.17662,0.26906,0.021532,-0.333482,0.156025,0.214002,-0.216776,0.172773,-0.159604,-0.047405,0.011333,-0.186479
2585,"Tamaki, Nina",staff_44472,0.047724,-0.11546,0.004402,-0.36528,0.022815,0.322751,0.265391,-0.239404,0.191527,0.06059,-0.124641,0.046734,0.204104,-0.033054,0.122148,-0.24813,0.201366,0.007827,0.145674,0.000801,0.348151,-0.039137,-0.240527,-0.07585,0.243678,0.389418,-0.474626,0.107053,-0.227308,0.34068,-0.45797,0.04873,0.294726,-0.206744,0.44866,-0.237693,0.09719,0.021876,-0.012984,-0.003338,0.147423,0.011141,0.395093,-0.327278,0.000118,-0.451577,-0.040871,-0.188336,0.111025,0.326061,-0.08409,0.106845,0.222347,0.318117,-0.064316,-0.304662,0.31811,0.120171,-0.27053,0.222166,-0.226273,-0.103087,0.155012,-0.293214
2587,"Mamiya, Kurumi",staff_500,0.092727,-0.097548,0.016676,-0.212099,0.044313,0.151073,0.176576,-0.173246,0.209426,0.074642,-0.069025,0.070565,0.121446,-0.029269,-0.038315,-0.348466,0.21203,-0.010643,0.102564,0.00087,0.174769,-0.018565,-0.153247,-0.181224,0.118844,0.247529,-0.462631,0.179018,-0.224429,0.205019,-0.384612,0.059138,0.267255,-0.37508,0.3775,-0.193748,0.069148,0.063757,-0.189037,0.100084,0.15217,0.061692,0.30736,-0.283548,0.006945,-0.333726,0.019092,-0.287108,0.109308,0.182179,-0.150388,-0.056875,0.133838,0.305657,0.002437,-0.295299,0.210605,0.125031,-0.159162,0.254749,-0.23026,0.009461,0.066577,-0.170799
2588,"Nagami, Haruka",staff_567,0.067338,-0.031278,0.036489,-0.289206,-0.018659,0.188815,0.159904,-0.132415,0.264801,0.0866,-0.156356,0.120859,0.128544,0.024493,0.012262,-0.360944,0.277326,0.052603,0.087553,0.03304,0.193001,0.013412,-0.16021,-0.194652,0.145872,0.255241,-0.446825,0.192548,-0.25065,0.240581,-0.450902,0.048872,0.276892,-0.3344,0.355677,-0.164246,0.095924,-0.018354,-0.155932,0.084236,0.1877,0.083895,0.345999,-0.290644,-0.052208,-0.362695,0.030069,-0.28079,0.067492,0.233587,-0.093891,-0.032936,0.168134,0.242619,0.021548,-0.301718,0.253914,0.176286,-0.155249,0.212168,-0.151204,-0.032632,0.084773,-0.164453
2589,Hitomi,staff_910,0.067338,-0.031278,0.036489,-0.289206,-0.018659,0.188815,0.159904,-0.132415,0.264801,0.0866,-0.156356,0.120859,0.128544,0.024493,0.012262,-0.360944,0.277326,0.052603,0.087553,0.03304,0.193001,0.013412,-0.16021,-0.194652,0.145872,0.255241,-0.446825,0.192548,-0.25065,0.240581,-0.450902,0.048872,0.276892,-0.3344,0.355677,-0.164246,0.095924,-0.018354,-0.155932,0.084236,0.1877,0.083895,0.345999,-0.290644,-0.052208,-0.362695,0.030069,-0.28079,0.067492,0.233587,-0.093891,-0.032936,0.168134,0.242619,0.021548,-0.301718,0.253914,0.176286,-0.155249,0.212168,-0.151204,-0.032632,0.084773,-0.164453
2590,"Noto, Arisa",staff_9775,-0.022261,-0.053016,0.087253,-0.162589,-0.022699,0.091479,0.233301,-0.023705,0.276023,0.036798,-0.18899,0.05446,0.198625,0.087446,-0.075892,-0.398175,0.349097,0.119281,0.160885,-0.018347,0.205023,-0.042676,-0.219251,-0.067638,0.049128,0.244839,-0.476027,0.113519,-0.14684,0.098258,-0.413171,0.065126,0.2367,-0.381054,0.415348,-0.22498,-0.002003,-0.046927,-0.276613,0.14819,0.040016,0.108077,0.479308,-0.22161,-0.140592,-0.251235,0.138816,-0.406143,0.085764,0.32931,-0.0636,-0.021988,0.221426,0.190007,0.038126,-0.42303,0.347165,0.05501,-0.063897,0.28852,-0.249074,-0.094808,0.154756,-0.164487
2591,"Hanba, Tomoe",staff_471,0.103607,-0.100499,0.010942,-0.222253,0.046074,0.143426,0.159547,-0.177984,0.197753,0.091281,-0.053197,0.075325,0.129675,-0.05035,-0.034942,-0.331444,0.19919,-0.013757,0.09894,-0.007076,0.194829,-0.008269,-0.148674,-0.202625,0.118746,0.256374,-0.469793,0.179228,-0.228713,0.215522,-0.380199,0.07217,0.249306,-0.367468,0.368492,-0.196971,0.080727,0.079467,-0.178241,0.100942,0.159228,0.045641,0.29895,-0.282789,0.024784,-0.332243,0.007069,-0.285069,0.091383,0.176604,-0.156493,-0.036092,0.11484,0.309824,-0.011979,-0.294119,0.198384,0.136425,-0.171367,0.249051,-0.242827,0.010713,0.058682,-0.189227
2592,"Sugawara, Shinsuke",staff_40400,0.071492,-0.09685,-0.001593,-0.262552,0.054062,0.218969,0.202703,-0.191475,0.191247,0.086972,-0.097899,0.065376,0.153609,-0.033617,0.015615,-0.287629,0.224549,-0.009542,0.111681,0.005306,0.239746,-0.013779,-0.181604,-0.150527,0.148392,0.301961,-0.459163,0.16039,-0.22821,0.264058,-0.430502,0.060258,0.296599,-0.316015,0.402098,-0.210341,0.092238,0.026721,-0.127374,0.056736,0.160251,0.020914,0.363322,-0.297623,0.008319,-0.380564,0.004215,-0.258605,0.097258,0.248031,-0.103121,0.007428,0.157475,0.304222,-0.037707,-0.301681,0.247855,0.107265,-0.208732,0.232183,-0.237141,-0.040363,0.09566,-0.222007
2593,"Hamabe, Minami",staff_41737,0.037229,-0.166243,0.146668,-0.35621,-0.058329,0.325833,0.184998,-0.211431,0.34862,0.198338,-0.170939,0.142641,0.081869,-0.053481,0.066028,-0.384687,0.249316,0.077441,0.174596,0.058281,0.304271,0.097075,-0.277329,-0.158017,0.260204,0.267073,-0.433957,0.138731,-0.231589,0.327717,-0.431724,0.036088,0.218882,-0.405597,0.331054,-0.216922,0.164241,0.02009,-0.105508,0.180733,0.240703,0.062164,0.335691,-0.263335,0.025968,-0.370337,0.091702,-0.346867,0.109644,0.213297,-0.039194,-0.002945,0.165918,0.227454,-0.054538,-0.273067,0.148036,0.273197,-0.155012,0.1777,-0.184417,-0.08347,0.071614,-0.199274
2594,"Matsuzaka, Toori",staff_14301,0.037229,-0.166243,0.146668,-0.35621,-0.058329,0.325833,0.184998,-0.211431,0.34862,0.198338,-0.170939,0.142641,0.081869,-0.053481,0.066028,-0.384687,0.249316,0.077441,0.174596,0.058281,0.304271,0.097075,-0.277329,-0.158017,0.260204,0.267073,-0.433957,0.138731,-0.231589,0.327717,-0.431724,0.036088,0.218882,-0.405597,0.331054,-0.216922,0.164241,0.02009,-0.105508,0.180733,0.240703,0.062164,0.335691,-0.263335,0.025968,-0.370337,0.091702,-0.346867,0.109644,0.213297,-0.039194,-0.002945,0.165918,0.227454,-0.054538,-0.273067,0.148036,0.273197,-0.155012,0.1777,-0.184417,-0.08347,0.071614,-0.199274
2595,"Kitamura, Takumi",staff_61109,0.037229,-0.166243,0.146668,-0.35621,-0.058329,0.325833,0.184998,-0.211431,0.34862,0.198338,-0.170939,0.142641,0.081869,-0.053481,0.066028,-0.384687,0.249316,0.077441,0.174596,0.058281,0.304271,0.097075,-0.277329,-0.158017,0.260204,0.267073,-0.433957,0.138731,-0.231589,0.327717,-0.431724,0.036088,0.218882,-0.405597,0.331054,-0.216922,0.164241,0.02009,-0.105508,0.180733,0.240703,0.062164,0.335691,-0.263335,0.025968,-0.370337,0.091702,-0.346867,0.109644,0.213297,-0.039194,-0.002945,0.165918,0.227454,-0.054538,-0.273067,0.148036,0.273197,-0.155012,0.1777,-0.184417,-0.08347,0.071614,-0.199274
2596,"Yasuda, Miwa",staff_5357,0.070139,-0.10901,0.054645,-0.298027,-0.006193,0.273736,0.115281,-0.168795,0.270085,0.109599,-0.18429,0.143166,0.10405,-0.004878,0.004835,-0.282621,0.238746,0.062569,0.109684,-0.008146,0.194183,0.045374,-0.219099,-0.206911,0.189012,0.260701,-0.471607,0.214097,-0.265643,0.32731,-0.437076,0.061565,0.251601,-0.242135,0.370628,-0.132847,0.08904,0.013512,-0.122827,0.11191,0.19727,0.064546,0.362909,-0.276674,-0.012147,-0.385346,-0.01217,-0.283952,0.022093,0.307979,-0.076179,-0.008592,0.160171,0.230355,-0.003434,-0.309079,0.228469,0.188415,-0.196773,0.189468,-0.190082,-0.007435,0.02642,-0.182827
2597,"Sato, Akemi",staff_274,0.070139,-0.10901,0.054645,-0.298027,-0.006193,0.273736,0.115281,-0.168795,0.270085,0.109599,-0.18429,0.143166,0.10405,-0.004878,0.004835,-0.282621,0.238746,0.062569,0.109684,-0.008146,0.194183,0.045374,-0.219099,-0.206911,0.189012,0.260701,-0.471607,0.214097,-0.265643,0.32731,-0.437076,0.061565,0.251601,-0.242135,0.370628,-0.132847,0.08904,0.013512,-0.122827,0.11191,0.19727,0.064546,0.362909,-0.276674,-0.012147,-0.385346,-0.01217,-0.283952,0.022093,0.307979,-0.076179,-0.008592,0.160171,0.230355,-0.003434,-0.309079,0.228469,0.188415,-0.196773,0.189468,-0.190082,-0.007435,0.02642,-0.182827
2598,"Hirakawa, Tetsuo",staff_33179,-0.220934,-0.305117,-0.378218,-0.001426,0.313532,-0.074414,0.500858,-0.303127,0.30988,-0.105706,0.677036,1.086637,0.761147,-0.104351,-0.851307,-0.497656,-0.069566,0.920579,-0.217643,0.181054,0.457702,0.362097,0.057742,0.331467,0.37381,-0.320989,0.139944,0.248893,0.310392,-0.300472,0.374131,-0.51516,0.274008,0.277673,-0.340733,0.581598,-0.215055,-0.255298,-0.102144,0.194339,-1.2439,-0.128399,-0.329271,-0.011887,-0.083255,-0.232271,-0.074296,-0.762135,0.68017,-0.714313,0.476778,-0.049465,-0.287762,-0.46134,-0.487334,-0.370655,-0.261602,0.025786,-0.520596,0.217215,0.023707,0.385825,-0.005647,-0.059389
2599,"Koyama, Tsuyoshi",staff_285,0.044211,-0.097865,0.012443,-0.316708,0.030521,0.296223,0.220441,-0.226845,0.222183,0.093602,-0.125633,0.077374,0.178831,-0.025351,0.054922,-0.241313,0.236417,-0.004756,0.124622,0.018285,0.309556,-0.012397,-0.198086,-0.13402,0.19524,0.325957,-0.43614,0.151464,-0.249783,0.333983,-0.457686,0.062107,0.291071,-0.255166,0.405979,-0.20558,0.12065,0.012801,-0.058662,0.033927,0.169658,0.017518,0.379624,-0.300525,-0.012278,-0.427838,-0.010726,-0.242754,0.090596,0.309177,-0.069867,0.081286,0.198188,0.294778,-0.064634,-0.295974,0.282692,0.132611,-0.248996,0.219595,-0.236525,-0.087008,0.123982,-0.244626
2600,"Nishimura, Junji",staff_6837,-0.103188,-0.425937,-0.314981,0.013653,0.385403,-0.045451,0.531276,-0.350528,0.271206,-0.162611,0.587181,1.124066,0.597015,-0.108363,-0.987015,-0.578421,-0.045844,0.819566,-0.106536,0.072678,0.409084,0.333612,0.115349,0.344204,0.405157,-0.184374,0.047641,0.415943,0.253208,-0.356638,0.340181,-0.452885,0.277696,0.299874,-0.262114,0.482312,-0.301126,-0.257902,-0.030998,0.169736,-1.152652,-0.090173,-0.244518,-0.074809,-0.037417,-0.205781,-0.067413,-0.731087,0.699317,-0.746459,0.454826,-0.172483,-0.216394,-0.396128,-0.600737,-0.465471,-0.147913,-0.034936,-0.536877,0.245463,-0.065742,0.459325,-0.067028,-0.162188
2601,"Yoshizawa, Ryou",staff_51469,0.10345,-0.101513,0.011373,-0.222999,0.048049,0.141865,0.160681,-0.177961,0.198138,0.090775,-0.053561,0.075531,0.13071,-0.050304,-0.034743,-0.331762,0.199443,-0.012398,0.099033,-0.007938,0.194193,-0.009676,-0.149,-0.202794,0.117059,0.255709,-0.471799,0.178961,-0.227166,0.21438,-0.380371,0.074,0.250058,-0.367576,0.367454,-0.196574,0.079855,0.078987,-0.179254,0.101391,0.159352,0.045486,0.298844,-0.283384,0.024818,-0.33159,0.006692,-0.2865,0.091201,0.176366,-0.155528,-0.036268,0.115052,0.310304,-0.013203,-0.293067,0.19805,0.135828,-0.171308,0.24969,-0.242019,0.009504,0.059567,-0.188361
2603,"Ichikawa, Kazuya",staff_6757,-0.098193,-0.439683,-0.313049,-0.00043,0.391264,-0.051633,0.540239,-0.346251,0.267407,-0.160664,0.597091,1.134308,0.597495,-0.093034,-0.982531,-0.577027,-0.047348,0.829801,-0.110209,0.079737,0.416292,0.344241,0.120362,0.350613,0.411265,-0.183666,0.048372,0.415667,0.25874,-0.358259,0.330929,-0.469974,0.271637,0.31771,-0.259927,0.476679,-0.293502,-0.268629,-0.027583,0.17804,-1.155074,-0.097136,-0.246158,-0.068165,-0.029959,-0.191952,-0.075067,-0.734196,0.701115,-0.745509,0.466518,-0.165844,-0.220637,-0.391748,-0.610726,-0.464499,-0.151405,-0.050341,-0.538997,0.243079,-0.073804,0.467628,-0.061854,-0.167638
2605,"Suzuki, Akira",staff_72977,-0.257778,-0.380439,-0.337138,-0.037401,0.371448,-0.12134,0.493711,-0.272032,0.393437,-0.196046,0.695756,1.144754,0.680561,-0.076693,-1.00136,-0.484104,0.11259,0.827594,-0.201507,0.046882,0.300752,0.314115,0.052537,0.227213,0.432566,-0.220964,0.175283,0.255798,0.234617,-0.400168,0.339764,-0.501842,0.234981,0.268413,-0.277627,0.53568,-0.297365,-0.299529,-0.099669,0.273066,-1.261064,-0.134208,-0.20022,-0.162294,-0.095475,-0.271247,-0.001925,-0.718688,0.634304,-0.709141,0.550115,-0.180991,-0.350491,-0.414202,-0.684363,-0.430386,-0.136259,0.0268,-0.528852,0.32047,-0.133727,0.423939,-0.103586,-0.134212
2606,"Takeuchi, Kazuyoshi",staff_38637,-0.257778,-0.380439,-0.337138,-0.037401,0.371448,-0.12134,0.493711,-0.272032,0.393437,-0.196046,0.695756,1.144754,0.680561,-0.076693,-1.00136,-0.484104,0.11259,0.827594,-0.201507,0.046882,0.300752,0.314115,0.052537,0.227213,0.432566,-0.220964,0.175283,0.255798,0.234617,-0.400168,0.339764,-0.501842,0.234981,0.268413,-0.277627,0.53568,-0.297365,-0.299529,-0.099669,0.273066,-1.261064,-0.134208,-0.20022,-0.162294,-0.095475,-0.271247,-0.001925,-0.718688,0.634304,-0.709141,0.550115,-0.180991,-0.350491,-0.414202,-0.684363,-0.430386,-0.136259,0.0268,-0.528852,0.32047,-0.133727,0.423939,-0.103586,-0.134212
2607,"Martiñón, Isabel",staff_1686,0.106566,-0.09885,0.012762,-0.222953,0.04617,0.139428,0.162279,-0.177564,0.197212,0.09125,-0.054042,0.074209,0.13327,-0.04722,-0.031294,-0.335402,0.201376,-0.011697,0.097045,-0.007446,0.193492,-0.0058,-0.148525,-0.205392,0.113552,0.254081,-0.475258,0.179881,-0.226743,0.211339,-0.384998,0.071805,0.250646,-0.363806,0.365928,-0.198825,0.079676,0.081859,-0.181759,0.099336,0.162309,0.04617,0.300168,-0.281614,0.026475,-0.332657,0.003193,-0.287431,0.09073,0.175791,-0.156031,-0.033633,0.118193,0.310611,-0.014189,-0.292781,0.196307,0.138667,-0.170607,0.253603,-0.241746,0.006802,0.063232,-0.186386
2608,"Nakagawa, Jun",staff_49775,-0.231904,-0.306301,-0.364161,0.037329,0.307568,-0.059323,0.491983,-0.30143,0.308681,-0.104682,0.675713,1.131346,0.744669,-0.070586,-0.880351,-0.497865,-0.06947,0.905492,-0.23173,0.165228,0.45179,0.331769,0.051185,0.322017,0.38929,-0.3144,0.113516,0.254664,0.280038,-0.291736,0.344151,-0.49708,0.248799,0.259558,-0.332665,0.552966,-0.24872,-0.237773,-0.099816,0.183071,-1.2246,-0.131177,-0.323557,-0.023371,-0.04743,-0.227338,-0.100877,-0.767212,0.671031,-0.720175,0.473362,-0.079141,-0.283831,-0.425856,-0.490559,-0.392508,-0.241902,0.0297,-0.500502,0.233827,-0.002481,0.370087,-0.024658,-0.09283
2609,"Haga, Satoshi",staff_12704,0.102007,-0.139887,0.109357,-0.308075,-0.02732,0.274551,0.1365,-0.174075,0.27621,0.157254,-0.159019,0.125102,0.09305,-0.001757,0.03631,-0.354952,0.243418,0.060486,0.128516,0.012395,0.229445,0.06862,-0.253712,-0.17951,0.209809,0.263104,-0.46868,0.184026,-0.227138,0.301846,-0.416448,0.034273,0.247297,-0.333773,0.365192,-0.160221,0.126011,0.019967,-0.11459,0.148047,0.193206,0.050023,0.337789,-0.257414,0.02354,-0.339867,0.023104,-0.316643,0.06372,0.260294,-0.096399,-0.015887,0.16756,0.250509,-0.009784,-0.3067,0.171535,0.215596,-0.196277,0.18336,-0.18551,-0.040413,0.021131,-0.185638
2610,"Sakurabi, Katsushi",staff_12257,-0.099778,-0.430408,-0.317138,0.0097,0.3889,-0.051115,0.533227,-0.34489,0.275937,-0.160013,0.594825,1.128004,0.597189,-0.102291,-0.985734,-0.575032,-0.043827,0.820066,-0.111942,0.07655,0.405722,0.333663,0.115006,0.345521,0.40781,-0.185863,0.044116,0.418423,0.249831,-0.356968,0.340394,-0.459564,0.277064,0.308205,-0.265669,0.482465,-0.298517,-0.259716,-0.026622,0.171721,-1.150797,-0.094209,-0.250698,-0.071998,-0.03326,-0.20229,-0.070177,-0.730456,0.706019,-0.743722,0.459084,-0.175673,-0.213784,-0.395102,-0.604251,-0.462768,-0.150813,-0.043503,-0.533891,0.243928,-0.067717,0.464149,-0.068386,-0.161567
2611,"Suzuki, Eri",staff_29651,0.105572,-0.100382,0.011359,-0.221259,0.046449,0.141444,0.163496,-0.178841,0.197953,0.090914,-0.053826,0.074634,0.131666,-0.048361,-0.03456,-0.332782,0.200833,-0.013539,0.098091,-0.008929,0.193983,-0.004728,-0.147895,-0.205506,0.114634,0.253991,-0.473858,0.181377,-0.226905,0.212575,-0.383347,0.073397,0.249515,-0.365999,0.367134,-0.196894,0.080251,0.08226,-0.181757,0.098799,0.162141,0.046257,0.303109,-0.281658,0.025441,-0.333879,0.004914,-0.286811,0.093347,0.175312,-0.155461,-0.035657,0.118079,0.310683,-0.013313,-0.295292,0.196904,0.138182,-0.170242,0.252635,-0.243946,0.008417,0.06351,-0.188635
2612,"Kimura, Haruka",staff_227,-0.115011,0.006487,0.087025,-0.225644,0.009712,0.091708,0.315743,0.036402,0.329745,0.107344,-0.239929,0.054063,0.096288,0.005587,0.001706,-0.415438,0.438687,0.146245,0.164142,0.007354,0.274914,0.005531,-0.199171,-0.083127,0.025133,0.263456,-0.405216,0.01467,-0.069642,0.024416,-0.51896,-0.03863,0.327009,-0.530025,0.425659,-0.33689,-0.094128,-0.055789,-0.274466,0.189911,0.051296,0.180111,0.496588,-0.241651,-0.200479,-0.236377,0.20813,-0.380873,0.10356,0.234247,0.000546,-0.140242,0.267462,0.240972,0.079395,-0.403393,0.253418,0.037311,0.018966,0.346375,-0.27604,-0.105971,0.184654,-0.072053
2613,"Takahashi, Atsushi",staff_15717,-0.099143,-0.427048,-0.316313,0.009725,0.387845,-0.051934,0.533085,-0.344102,0.274768,-0.160573,0.5942,1.128228,0.598201,-0.102457,-0.98476,-0.574774,-0.044541,0.819662,-0.112121,0.075901,0.404481,0.332263,0.114259,0.344444,0.406998,-0.186255,0.045403,0.418854,0.247747,-0.357659,0.339244,-0.459228,0.274431,0.306181,-0.266229,0.482607,-0.298151,-0.258934,-0.024509,0.171326,-1.14842,-0.093619,-0.251171,-0.07347,-0.034104,-0.201143,-0.072524,-0.730841,0.7053,-0.743116,0.458001,-0.174936,-0.212592,-0.394744,-0.604725,-0.461984,-0.15024,-0.042427,-0.533746,0.246012,-0.067309,0.46287,-0.06867,-0.162691
2614,"Moriyama, Shuichiro",staff_1130,-0.00744,-0.064896,0.122502,-0.185209,-0.036888,0.120908,0.270751,-0.050535,0.273393,0.064592,-0.181334,0.037266,0.151184,0.044041,-9e-06,-0.446637,0.301391,0.112929,0.158187,0.017646,0.224923,0.000828,-0.231433,-0.041534,0.081195,0.243205,-0.504784,0.06622,-0.116778,0.107605,-0.394514,0.046134,0.241983,-0.418868,0.435892,-0.28006,0.015889,-0.011363,-0.274178,0.157222,0.049609,0.127771,0.480003,-0.229871,-0.078159,-0.237036,0.156454,-0.391005,0.121331,0.259761,-0.075594,-0.049378,0.212062,0.200685,0.028832,-0.398019,0.315718,0.113265,-0.027084,0.261165,-0.203656,-0.077262,0.176344,-0.166269
2615,"Suzuki, Yuuji",staff_52133,-0.099453,-0.429522,-0.315984,0.011219,0.38965,-0.052519,0.531865,-0.341988,0.276167,-0.159133,0.594787,1.128178,0.597738,-0.101947,-0.986058,-0.572437,-0.043729,0.820407,-0.113828,0.077358,0.404873,0.333954,0.11588,0.346936,0.408145,-0.186111,0.043227,0.418321,0.248705,-0.356722,0.341544,-0.461618,0.276346,0.307074,-0.265416,0.481726,-0.296021,-0.25944,-0.026582,0.169862,-1.148809,-0.093449,-0.251404,-0.072101,-0.035182,-0.201283,-0.071244,-0.73134,0.705653,-0.743509,0.457301,-0.175427,-0.212101,-0.395832,-0.605513,-0.462307,-0.150987,-0.042977,-0.533553,0.244293,-0.067442,0.462578,-0.067153,-0.161153
2616,"Kozakai, Yurie",staff_47814,0.104655,-0.101347,0.012131,-0.2224,0.04961,0.140355,0.162457,-0.177363,0.198853,0.091878,-0.055223,0.074858,0.131253,-0.050664,-0.035414,-0.332764,0.200681,-0.01209,0.098691,-0.008942,0.193957,-0.008755,-0.148447,-0.203299,0.116115,0.254555,-0.473613,0.181479,-0.227266,0.214037,-0.380913,0.07485,0.250286,-0.367868,0.366577,-0.195921,0.080825,0.080677,-0.182051,0.100675,0.160578,0.045836,0.301067,-0.283126,0.025359,-0.332801,0.006251,-0.286227,0.092038,0.176289,-0.155786,-0.036999,0.115702,0.310001,-0.014793,-0.294704,0.197295,0.138447,-0.17013,0.250834,-0.242682,0.008615,0.061805,-0.187805
2617,"Tezuka, Hiromichi",staff_29347,0.104655,-0.101347,0.012131,-0.2224,0.04961,0.140355,0.162457,-0.177363,0.198853,0.091878,-0.055223,0.074858,0.131253,-0.050664,-0.035414,-0.332764,0.200681,-0.01209,0.098691,-0.008942,0.193957,-0.008755,-0.148447,-0.203299,0.116115,0.254555,-0.473613,0.181479,-0.227266,0.214037,-0.380913,0.07485,0.250286,-0.367868,0.366577,-0.195921,0.080825,0.080677,-0.182051,0.100675,0.160578,0.045836,0.301067,-0.283126,0.025359,-0.332801,0.006251,-0.286227,0.092038,0.176289,-0.155786,-0.036999,0.115702,0.310001,-0.014793,-0.294704,0.197295,0.138447,-0.17013,0.250834,-0.242682,0.008615,0.061805,-0.187805
2618,"Shibata, Mei",staff_49372,0.104655,-0.101347,0.012131,-0.2224,0.04961,0.140355,0.162457,-0.177363,0.198853,0.091878,-0.055223,0.074858,0.131253,-0.050664,-0.035414,-0.332764,0.200681,-0.01209,0.098691,-0.008942,0.193957,-0.008755,-0.148447,-0.203299,0.116115,0.254555,-0.473613,0.181479,-0.227266,0.214037,-0.380913,0.07485,0.250286,-0.367868,0.366577,-0.195921,0.080825,0.080677,-0.182051,0.100675,0.160578,0.045836,0.301067,-0.283126,0.025359,-0.332801,0.006251,-0.286227,0.092038,0.176289,-0.155786,-0.036999,0.115702,0.310001,-0.014793,-0.294704,0.197295,0.138447,-0.17013,0.250834,-0.242682,0.008615,0.061805,-0.187805
2620,"Murata, Hikaru",staff_60976,-0.099048,-0.426286,-0.317382,0.010479,0.38934,-0.05056,0.536079,-0.342484,0.277253,-0.161226,0.59535,1.12855,0.598384,-0.103995,-0.985422,-0.57413,-0.041573,0.824039,-0.112013,0.077741,0.404706,0.331631,0.114292,0.347453,0.411405,-0.188716,0.044834,0.419424,0.249844,-0.357571,0.340478,-0.461067,0.276495,0.308922,-0.26839,0.481137,-0.298532,-0.257441,-0.023525,0.172065,-1.151224,-0.093307,-0.253903,-0.072651,-0.031785,-0.201455,-0.073757,-0.729704,0.703562,-0.743754,0.460487,-0.172617,-0.214706,-0.395611,-0.607631,-0.463445,-0.150883,-0.047008,-0.534293,0.247356,-0.067613,0.464226,-0.066248,-0.161817
2621,"Kouno, Ayako",staff_47974,-0.238009,-0.270355,-0.417092,0.003204,0.307075,-0.0587,0.506826,-0.296212,0.307101,-0.064393,0.689774,1.090752,0.805251,-0.077899,-0.823163,-0.481855,-0.104367,0.952765,-0.256968,0.240079,0.504097,0.360795,0.062279,0.33851,0.372565,-0.352998,0.155624,0.201468,0.320188,-0.291901,0.360814,-0.514185,0.274595,0.286332,-0.377972,0.587121,-0.199142,-0.222011,-0.1022,0.166471,-1.276886,-0.116883,-0.346142,0.021769,-0.081636,-0.245454,-0.118206,-0.787505,0.668943,-0.711801,0.460371,-0.004976,-0.29085,-0.470965,-0.453419,-0.348171,-0.295475,0.042537,-0.496746,0.205514,0.05725,0.349357,-0.018064,-0.043203
2622,"Nakao, Ryusei",staff_259,0.027387,-0.118135,-0.008863,-0.358265,0.032977,0.344158,0.256784,-0.241772,0.19417,0.078254,-0.133328,0.057803,0.190985,-0.046772,0.110347,-0.223758,0.217203,-0.004061,0.138511,0.014688,0.351616,-0.028779,-0.228302,-0.083693,0.231246,0.375548,-0.449154,0.117208,-0.241253,0.362196,-0.465179,0.054292,0.309512,-0.214299,0.435983,-0.233085,0.11196,0.004532,-0.01609,0.002294,0.157925,0.002019,0.408744,-0.326532,-0.00612,-0.464488,-0.022902,-0.196755,0.10414,0.338622,-0.063488,0.105124,0.209676,0.304668,-0.079094,-0.30015,0.31214,0.106173,-0.27088,0.213109,-0.238757,-0.105426,0.149238,-0.283514
2623,"Sakakihara, Yuuki",staff_388,-0.059566,0.000452,0.121943,-0.15283,-0.044822,0.090209,0.268606,0.024215,0.308124,0.006451,-0.249469,0.053304,0.198424,0.146719,-0.06896,-0.422962,0.407967,0.172599,0.165353,0.016467,0.178429,-0.071667,-0.225045,-0.014125,0.034918,0.225831,-0.440354,0.110199,-0.128365,0.068657,-0.450754,0.038611,0.269607,-0.397279,0.459694,-0.211233,-0.026674,-0.104276,-0.308771,0.142211,-0.006018,0.139911,0.541839,-0.21321,-0.197784,-0.241291,0.192362,-0.43563,0.116993,0.380367,-0.033049,-0.043218,0.284239,0.152056,0.063926,-0.462906,0.398031,0.037334,-0.034284,0.296106,-0.21065,-0.143838,0.169393,-0.132935
2624,"Ichimura, Masachika",staff_6754,0.099381,-0.056539,0.204208,-0.373127,-0.177131,0.415507,0.086377,-0.135898,0.38115,0.109933,-0.396747,0.182821,0.021,0.084654,0.106818,-0.328185,0.19466,0.206731,0.094038,-0.020447,0.206496,0.200625,-0.319129,-0.168362,0.308491,0.252299,-0.60862,0.154894,-0.248782,0.399796,-0.409394,0.018386,0.174463,-0.057442,0.443923,-0.071069,0.055955,0.021587,-0.036277,0.119768,0.177463,0.210203,0.43963,-0.223547,-0.027613,-0.351812,-0.086908,-0.231058,-0.103761,0.406795,-0.056485,0.002574,0.2346,0.09802,0.089911,-0.36914,0.319417,0.386236,-0.143544,0.046828,0.026943,0.085349,0.017364,-0.178104
2625,"Kuraya, Ryouichi",staff_47262,-0.227648,-0.322875,-0.339061,-0.027252,0.313471,-0.115726,0.499285,-0.293104,0.330599,-0.144077,0.681132,1.060443,0.749,-0.151107,-0.858943,-0.4879,-0.017977,0.913068,-0.192849,0.135057,0.401599,0.388323,0.035793,0.31822,0.372624,-0.316504,0.159977,0.268577,0.320043,-0.305559,0.409887,-0.529879,0.290924,0.269444,-0.309789,0.602736,-0.202517,-0.309315,-0.124394,0.246201,-1.249729,-0.154404,-0.310071,-0.049572,-0.11656,-0.223797,-0.000575,-0.718148,0.679537,-0.705045,0.527454,-0.058572,-0.314906,-0.488561,-0.517378,-0.369141,-0.235057,0.015658,-0.568144,0.230048,0.00048,0.417583,0.031292,-0.045251
2626,"Mochizuki, Tomomi",staff_6821,-0.104524,-0.422965,-0.312642,0.018308,0.383559,-0.040958,0.529008,-0.356245,0.2673,-0.165331,0.579389,1.120157,0.597118,-0.114821,-0.988643,-0.582444,-0.048624,0.820174,-0.101811,0.069901,0.412318,0.336184,0.117767,0.343178,0.402372,-0.181186,0.049326,0.413975,0.256702,-0.355802,0.341854,-0.447666,0.279337,0.29331,-0.259452,0.480891,-0.306278,-0.257375,-0.035008,0.168188,-1.155493,-0.085912,-0.236625,-0.076807,-0.041898,-0.208869,-0.062877,-0.733232,0.694247,-0.749068,0.450812,-0.169739,-0.219165,-0.396928,-0.596626,-0.468483,-0.1449,-0.027571,-0.540132,0.245757,-0.063632,0.454391,-0.065628,-0.161519
2627,"Sawai, Kouji",staff_6465,-0.104524,-0.422965,-0.312642,0.018308,0.383559,-0.040958,0.529008,-0.356245,0.2673,-0.165331,0.579389,1.120157,0.597118,-0.114821,-0.988643,-0.582444,-0.048624,0.820174,-0.101811,0.069901,0.412318,0.336184,0.117767,0.343178,0.402372,-0.181186,0.049326,0.413975,0.256702,-0.355802,0.341854,-0.447666,0.279337,0.29331,-0.259452,0.480891,-0.306278,-0.257375,-0.035008,0.168188,-1.155493,-0.085912,-0.236625,-0.076807,-0.041898,-0.208869,-0.062877,-0.733232,0.694247,-0.749068,0.450812,-0.169739,-0.219165,-0.396928,-0.596626,-0.468483,-0.1449,-0.027571,-0.540132,0.245757,-0.063632,0.454391,-0.065628,-0.161519
2628,"Shibayama, Tsutomu",staff_30949,-0.104524,-0.422965,-0.312642,0.018308,0.383559,-0.040958,0.529008,-0.356245,0.2673,-0.165331,0.579389,1.120157,0.597118,-0.114821,-0.988643,-0.582444,-0.048624,0.820174,-0.101811,0.069901,0.412318,0.336184,0.117767,0.343178,0.402372,-0.181186,0.049326,0.413975,0.256702,-0.355802,0.341854,-0.447666,0.279337,0.29331,-0.259452,0.480891,-0.306278,-0.257375,-0.035008,0.168188,-1.155493,-0.085912,-0.236625,-0.076807,-0.041898,-0.208869,-0.062877,-0.733232,0.694247,-0.749068,0.450812,-0.169739,-0.219165,-0.396928,-0.596626,-0.468483,-0.1449,-0.027571,-0.540132,0.245757,-0.063632,0.454391,-0.065628,-0.161519
2629,"Nakamura, Daiki",staff_6207,0.101796,-0.104975,0.019467,-0.216458,0.036596,0.131028,0.163645,-0.165685,0.200298,0.088901,-0.055694,0.070972,0.149369,-0.037627,-0.031188,-0.341633,0.208327,-0.005097,0.1026,-0.015591,0.20658,0.003407,-0.154606,-0.203051,0.103893,0.255913,-0.48802,0.166782,-0.219571,0.198656,-0.384213,0.071951,0.239275,-0.356521,0.362613,-0.209989,0.076585,0.079917,-0.187779,0.107172,0.158601,0.05081,0.310089,-0.26911,0.015234,-0.320968,0.007765,-0.303324,0.082148,0.182978,-0.153077,-0.018159,0.122043,0.303923,-0.0126,-0.300007,0.207027,0.135121,-0.161086,0.261049,-0.251419,0.000103,0.078262,-0.191794
2630,"Nanami, Hiroki",staff_28045,0.104768,-0.100971,0.014174,-0.222557,0.048147,0.139793,0.162483,-0.178464,0.1974,0.091964,-0.056364,0.074611,0.132513,-0.049733,-0.035452,-0.332993,0.198457,-0.012394,0.099341,-0.01088,0.194551,-0.0082,-0.147717,-0.203038,0.115232,0.255261,-0.472217,0.179581,-0.227669,0.214045,-0.382926,0.074879,0.249225,-0.366941,0.365822,-0.196402,0.080715,0.080897,-0.182505,0.100997,0.160199,0.045953,0.300287,-0.282235,0.023907,-0.332952,0.006473,-0.288215,0.091663,0.17553,-0.157249,-0.035597,0.115983,0.309526,-0.014217,-0.293321,0.196474,0.137894,-0.169155,0.251094,-0.24219,0.00883,0.062705,-0.186743
2631,"Masuda, Yuuki",staff_1641,0.163306,-0.12039,0.056815,-0.316578,0.015274,0.265585,0.126945,-0.120357,0.215372,0.240587,-0.167751,0.110975,0.02749,0.010752,0.069665,-0.368136,0.287602,0.00887,0.067308,-0.01015,0.222137,0.105051,-0.250069,-0.226115,0.156748,0.287504,-0.475252,0.168842,-0.179615,0.277276,-0.431004,-0.000529,0.336423,-0.360145,0.347029,-0.152936,0.1123,-0.030907,-0.081218,0.159493,0.145231,0.008659,0.329997,-0.278933,0.002175,-0.302448,0.000131,-0.239866,-0.001889,0.242363,-0.136303,-0.06714,0.160078,0.325675,0.036874,-0.336279,0.083464,0.140539,-0.245871,0.168168,-0.188019,-0.018228,-0.007614,-0.150267
2632,"Tokumoto, Eiichirou",staff_10166,0.163306,-0.12039,0.056815,-0.316578,0.015274,0.265585,0.126945,-0.120357,0.215372,0.240587,-0.167751,0.110975,0.02749,0.010752,0.069665,-0.368136,0.287602,0.00887,0.067308,-0.01015,0.222137,0.105051,-0.250069,-0.226115,0.156748,0.287504,-0.475252,0.168842,-0.179615,0.277276,-0.431004,-0.000529,0.336423,-0.360145,0.347029,-0.152936,0.1123,-0.030907,-0.081218,0.159493,0.145231,0.008659,0.329997,-0.278933,0.002175,-0.302448,0.000131,-0.239866,-0.001889,0.242363,-0.136303,-0.06714,0.160078,0.325675,0.036874,-0.336279,0.083464,0.140539,-0.245871,0.168168,-0.188019,-0.018228,-0.007614,-0.150267
2633,"Takagi, Shun",staff_6804,0.163306,-0.12039,0.056815,-0.316578,0.015274,0.265585,0.126945,-0.120357,0.215372,0.240587,-0.167751,0.110975,0.02749,0.010752,0.069665,-0.368136,0.287602,0.00887,0.067308,-0.01015,0.222137,0.105051,-0.250069,-0.226115,0.156748,0.287504,-0.475252,0.168842,-0.179615,0.277276,-0.431004,-0.000529,0.336423,-0.360145,0.347029,-0.152936,0.1123,-0.030907,-0.081218,0.159493,0.145231,0.008659,0.329997,-0.278933,0.002175,-0.302448,0.000131,-0.239866,-0.001889,0.242363,-0.136303,-0.06714,0.160078,0.325675,0.036874,-0.336279,0.083464,0.140539,-0.245871,0.168168,-0.188019,-0.018228,-0.007614,-0.150267
2634,"Rivas, Michael",staff_10164,0.163306,-0.12039,0.056815,-0.316578,0.015274,0.265585,0.126945,-0.120357,0.215372,0.240587,-0.167751,0.110975,0.02749,0.010752,0.069665,-0.368136,0.287602,0.00887,0.067308,-0.01015,0.222137,0.105051,-0.250069,-0.226115,0.156748,0.287504,-0.475252,0.168842,-0.179615,0.277276,-0.431004,-0.000529,0.336423,-0.360145,0.347029,-0.152936,0.1123,-0.030907,-0.081218,0.159493,0.145231,0.008659,0.329997,-0.278933,0.002175,-0.302448,0.000131,-0.239866,-0.001889,0.242363,-0.136303,-0.06714,0.160078,0.325675,0.036874,-0.336279,0.083464,0.140539,-0.245871,0.168168,-0.188019,-0.018228,-0.007614,-0.150267
2637,"Kawano, Tatsurou",staff_40029,-0.098678,-0.429592,-0.316901,0.010959,0.388539,-0.052915,0.531085,-0.341375,0.275225,-0.160124,0.59528,1.126912,0.598405,-0.102011,-0.984333,-0.572464,-0.044964,0.819688,-0.113734,0.077134,0.404588,0.333249,0.114802,0.345664,0.408484,-0.185968,0.042879,0.418188,0.248041,-0.357947,0.340816,-0.461112,0.275403,0.307296,-0.266267,0.481148,-0.298106,-0.260423,-0.0267,0.171208,-1.148562,-0.093399,-0.250684,-0.072897,-0.035374,-0.201583,-0.071233,-0.730575,0.706238,-0.741911,0.457611,-0.17506,-0.212435,-0.394884,-0.606275,-0.460969,-0.150553,-0.043906,-0.533763,0.244633,-0.066735,0.462748,-0.066868,-0.161898
2638,"Yamada, Yuina",staff_41657,0.104846,-0.100971,0.012325,-0.222227,0.049026,0.140593,0.161993,-0.178176,0.198671,0.091463,-0.054118,0.075729,0.13164,-0.047916,-0.036587,-0.332886,0.199188,-0.012484,0.099762,-0.009204,0.193274,-0.007171,-0.147647,-0.203979,0.115632,0.255102,-0.473482,0.180508,-0.225135,0.213955,-0.38231,0.074845,0.249939,-0.367108,0.367586,-0.19673,0.080214,0.080989,-0.181957,0.100758,0.159813,0.046089,0.301227,-0.282159,0.025011,-0.332568,0.006441,-0.288147,0.092724,0.175997,-0.155103,-0.036257,0.11724,0.310737,-0.014612,-0.294218,0.197334,0.136799,-0.170958,0.251702,-0.242564,0.008097,0.061472,-0.188157
2639,"Hirose, Yuuki",staff_43104,-0.030828,-0.061788,0.082383,-0.149569,-0.020598,0.073835,0.234615,-0.006952,0.268365,0.030097,-0.186184,0.049001,0.201108,0.083563,-0.080389,-0.410478,0.347523,0.123964,0.164847,-0.028368,0.199819,-0.046859,-0.226021,-0.056294,0.039697,0.248614,-0.488727,0.101567,-0.133009,0.078391,-0.399256,0.068959,0.231817,-0.385863,0.416985,-0.238113,-0.017949,-0.046583,-0.292639,0.159162,0.02542,0.111269,0.489487,-0.221676,-0.143904,-0.237302,0.14996,-0.410301,0.084373,0.327744,-0.06905,-0.032151,0.213941,0.187471,0.042354,-0.431515,0.351494,0.034794,-0.046981,0.293375,-0.258439,-0.08903,0.159558,-0.167598
2640,"Mano, Ayumi",staff_45496,0.102989,-0.072167,0.094345,-0.2628,-0.02462,0.216115,0.148153,-0.098671,0.246648,0.116847,-0.183174,0.118131,0.099416,0.078118,0.017052,-0.366506,0.291619,0.077502,0.086571,0.017167,0.155836,-0.007962,-0.211998,-0.159574,0.136713,0.236679,-0.438796,0.221333,-0.20152,0.255608,-0.423989,0.039604,0.292881,-0.31222,0.402643,-0.110554,0.083573,-0.044622,-0.170949,0.136255,0.086051,0.062558,0.393656,-0.279537,-0.063927,-0.316403,0.047747,-0.311224,0.067924,0.327212,-0.132409,-0.030317,0.207206,0.244556,0.041905,-0.372531,0.222844,0.136363,-0.187513,0.209784,-0.175477,-0.072351,0.024364,-0.129517
2641,"Oohashi, Kazuki",staff_53329,-0.302308,-0.303023,-0.224987,0.121091,0.316873,-0.028482,0.410411,-0.239861,0.308806,-0.251285,0.623144,1.15985,0.761073,-0.100744,-1.039103,-0.472242,0.099706,0.876164,-0.246722,0.01328,0.335084,0.311256,0.057674,0.234208,0.513457,-0.214784,0.177055,0.257898,0.229744,-0.349264,0.32109,-0.365769,0.185802,0.083666,-0.272282,0.493817,-0.413869,-0.318279,-0.138142,0.224005,-1.289937,-0.125012,-0.11289,-0.25768,-0.101092,-0.262722,0.051135,-0.641734,0.424839,-0.704714,0.63982,-0.092523,-0.481376,-0.4869,-0.654454,-0.435002,-0.015018,0.128382,-0.620192,0.35698,-0.161167,0.249991,-0.078067,-0.168375
2642,"Sasahara, Yuu",staff_47327,-0.018215,0.012586,0.164275,-0.204911,-0.086573,0.150537,0.247811,0.068731,0.31086,0.038576,-0.315266,0.08951,0.144443,0.227159,-0.002601,-0.458275,0.445772,0.217282,0.132747,0.043315,0.118617,-0.077567,-0.261083,-0.009807,0.059732,0.213915,-0.414883,0.166859,-0.112009,0.118048,-0.480972,0.01002,0.324361,-0.354893,0.48421,-0.133662,-0.015161,-0.187443,-0.293601,0.160881,-0.052982,0.131925,0.580696,-0.245788,-0.23405,-0.244134,0.201782,-0.415151,0.114006,0.459069,-0.052152,-0.060134,0.3318,0.137984,0.11123,-0.504536,0.370804,0.040149,-0.071756,0.261295,-0.148105,-0.191057,0.112823,-0.08124
2643,"Kurata, Masayo",staff_616,0.10899,-0.098247,0.014457,-0.222487,0.044373,0.137635,0.162677,-0.176856,0.198035,0.09045,-0.052754,0.073837,0.13585,-0.044685,-0.027533,-0.337428,0.202395,-0.010715,0.095303,-0.006378,0.194192,-0.003327,-0.147359,-0.208294,0.111707,0.253403,-0.477799,0.180215,-0.227348,0.209928,-0.387516,0.069854,0.25081,-0.361686,0.365936,-0.199304,0.081068,0.082789,-0.18356,0.097828,0.165032,0.0474,0.300981,-0.280037,0.02615,-0.332415,0.002353,-0.289178,0.092268,0.174449,-0.158292,-0.030683,0.121418,0.311428,-0.014915,-0.292507,0.196367,0.140697,-0.169867,0.256002,-0.240599,0.004714,0.067195,-0.186259
2644,"Takagi, Reiko",staff_429,0.10899,-0.098247,0.014457,-0.222487,0.044373,0.137635,0.162677,-0.176856,0.198035,0.09045,-0.052754,0.073837,0.13585,-0.044685,-0.027533,-0.337428,0.202395,-0.010715,0.095303,-0.006378,0.194192,-0.003327,-0.147359,-0.208294,0.111707,0.253403,-0.477799,0.180215,-0.227348,0.209928,-0.387516,0.069854,0.25081,-0.361686,0.365936,-0.199304,0.081068,0.082789,-0.18356,0.097828,0.165032,0.0474,0.300981,-0.280037,0.02615,-0.332415,0.002353,-0.289178,0.092268,0.174449,-0.158292,-0.030683,0.121418,0.311428,-0.014915,-0.292507,0.196367,0.140697,-0.169867,0.256002,-0.240599,0.004714,0.067195,-0.186259
2645,"Hitomi, Saya",staff_72964,-0.016827,0.011248,0.115181,-0.196964,-0.044458,0.148077,0.239974,-0.040936,0.317704,0.030188,-0.225791,0.076095,0.179225,0.131456,-0.044359,-0.378323,0.386215,0.136509,0.137486,0.048624,0.188612,-0.055549,-0.195854,-0.069152,0.080087,0.219654,-0.399254,0.154413,-0.185757,0.143181,-0.474243,0.021319,0.282637,-0.37948,0.444656,-0.169894,0.0333,-0.082946,-0.239162,0.103964,0.0544,0.121432,0.476021,-0.224776,-0.161344,-0.292749,0.14255,-0.397677,0.122634,0.358403,-0.045789,-0.019946,0.284242,0.182613,0.041907,-0.414068,0.358075,0.096571,-0.100906,0.272202,-0.185246,-0.138333,0.131945,-0.134274
2647,"Urushiyama, Yuuki",staff_51975,0.123383,-0.070034,0.13021,-0.250183,-0.004141,0.282362,0.091383,-0.060224,0.255985,0.108176,-0.295693,0.125385,0.061662,0.12408,-0.001343,-0.323144,0.338952,0.13431,0.103518,-0.023007,0.10171,0.056208,-0.289409,-0.12786,0.166409,0.242779,-0.463462,0.248645,-0.204898,0.26923,-0.471782,-0.027572,0.351041,-0.277532,0.468353,-0.047611,0.0543,-0.085822,-0.144387,0.126059,0.122525,0.068718,0.454042,-0.215552,-0.035035,-0.292189,0.011155,-0.333747,0.008894,0.423321,-0.069894,-0.106539,0.245178,0.193257,0.077934,-0.404817,0.236399,0.135746,-0.217818,0.15041,-0.133269,-0.027364,-0.079116,-0.135665
2648,"Kawaida, Natsumi",staff_48833,0.123383,-0.070034,0.13021,-0.250183,-0.004141,0.282362,0.091383,-0.060224,0.255985,0.108176,-0.295693,0.125385,0.061662,0.12408,-0.001343,-0.323144,0.338952,0.13431,0.103518,-0.023007,0.10171,0.056208,-0.289409,-0.12786,0.166409,0.242779,-0.463462,0.248645,-0.204898,0.26923,-0.471782,-0.027572,0.351041,-0.277532,0.468353,-0.047611,0.0543,-0.085822,-0.144387,0.126059,0.122525,0.068718,0.454042,-0.215552,-0.035035,-0.292189,0.011155,-0.333747,0.008894,0.423321,-0.069894,-0.106539,0.245178,0.193257,0.077934,-0.404817,0.236399,0.135746,-0.217818,0.15041,-0.133269,-0.027364,-0.079116,-0.135665
