global_id,name,raw_key,embedding_000,embedding_001,embedding_002,embedding_003,embedding_004,embedding_005,embedding_006,embedding_007,embedding_008,embedding_009,embedding_010,embedding_011,embedding_012,embedding_013,embedding_014,embedding_015,embedding_016,embedding_017,embedding_018,embedding_019,embedding_020,embedding_021,embedding_022,embedding_023,embedding_024,embedding_025,embedding_026,embedding_027,embedding_028,embedding_029,embedding_030,embedding_031,embedding_032,embedding_033,embedding_034,embedding_035,embedding_036,embedding_037,embedding_038,embedding_039,embedding_040,embedding_041,embedding_042,embedding_043,embedding_044,embedding_045,embedding_046,embedding_047,embedding_048,embedding_049,embedding_050,embedding_051,embedding_052,embedding_053,embedding_054,embedding_055,embedding_056,embedding_057,embedding_058,embedding_059,embedding_060,embedding_061,embedding_062,embedding_063
1001,Wit Studio,studio_858,-0.003298,-0.184489,0.043974,0.153421,-0.092879,-0.085382,-0.204943,0.127367,-0.016432,-0.279267,0.486238,0.278102,0.183394,0.190945,-0.278614,0.079706,0.094152,0.09176,0.247432,0.025831,-0.039423,-0.324635,0.012458,0.013194,-0.248545,0.101908,0.215333,-0.183713,0.067794,0.441258,-0.190644,-0.304495,0.73395,0.326529,0.25108,-0.448294,0.014457,-0.166644,-0.00842,0.002255,0.044776,-0.381067,0.398131,0.057878,0.326174,-0.099014,-0.021084,-0.658827,-0.421545,0.061938,0.071781,0.137643,-0.145714,-0.102736,0.192163,-0.166161,-0.004984,-0.12244,-0.165041,0.060104,0.007824,0.163728,-0.191752,-0.270421
1015,Madhouse,studio_11,-0.168846,-0.01972,-0.106578,0.030147,-0.023275,-0.172952,-0.31764,0.310134,0.040051,-0.267327,0.650282,0.25076,0.142195,0.092626,-0.490827,0.109313,0.270496,0.265813,0.11268,0.110515,-0.142433,-0.265833,-0.005426,0.044831,-0.14745,0.119726,0.306282,-0.24718,-0.03306,0.521336,-0.103315,-0.442033,0.705452,0.192708,0.098774,-0.439574,-0.063388,-0.307798,-0.001642,0.17191,-0.073647,-0.237406,0.377394,0.09632,0.272885,-0.086122,-0.066828,-0.681043,-0.472628,0.046961,0.060407,0.059635,-0.418688,-0.102799,0.150744,-0.442397,0.221117,-0.062021,-0.282563,0.117801,0.021585,0.093445,-0.109596,-0.140488
1021,Bones,studio_4,-0.126672,-0.057586,-0.106481,0.074161,-0.068582,-0.146543,-0.290018,0.267149,0.010285,-0.263967,0.614355,0.250409,0.129111,0.111536,-0.435472,0.088387,0.224917,0.218074,0.140969,0.086247,-0.123946,-0.275827,0.009279,0.046104,-0.191828,0.102725,0.275669,-0.23717,-0.016654,0.478022,-0.148152,-0.405428,0.700817,0.236532,0.131618,-0.429632,-0.064163,-0.267831,-0.000898,0.120183,-0.046782,-0.236077,0.371071,0.096608,0.301184,-0.084734,-0.089624,-0.683556,-0.467753,0.07657,0.063031,0.070089,-0.335704,-0.114037,0.149374,-0.349487,0.160875,-0.0981,-0.263598,0.105369,-5e-06,0.123948,-0.147682,-0.172347
1036,ufotable,studio_43,0.029263,-0.200181,0.08261,0.188929,-0.077981,-0.068984,-0.16229,0.135403,-0.016397,-0.296271,0.432952,0.294294,0.214888,0.216961,-0.274283,0.076274,0.061092,0.092453,0.268525,0.033027,-0.04672,-0.312186,-0.001879,0.016451,-0.224715,0.090771,0.180048,-0.169604,0.097815,0.436876,-0.193024,-0.312524,0.758025,0.317434,0.250383,-0.440344,0.026871,-0.138488,-0.000593,0.009259,0.048967,-0.414563,0.426741,0.068559,0.307695,-0.067343,0.046659,-0.670477,-0.422504,0.066921,0.077749,0.164204,-0.125471,-0.081965,0.199923,-0.159393,-0.025026,-0.090349,-0.201835,0.02942,0.011445,0.158204,-0.13908,-0.299692
1044,A-1 Pictures,studio_56,-0.214357,0.059892,-0.187371,0.010089,-0.007756,-0.193553,-0.321824,0.353288,0.054189,-0.243263,0.687719,0.249665,0.115599,0.080501,-0.541645,0.063899,0.308621,0.322159,0.049103,0.117265,-0.186442,-0.20523,-0.005725,0.084462,-0.12111,0.063426,0.328339,-0.263923,-0.054928,0.499944,-0.111793,-0.482548,0.682062,0.193629,0.070019,-0.428239,-0.129104,-0.327343,0.02082,0.221868,-0.150271,-0.161164,0.368401,0.161765,0.257268,-0.021079,-0.100501,-0.702476,-0.506242,0.058211,0.03125,0.052367,-0.458512,-0.094042,0.131069,-0.49435,0.27846,-0.039608,-0.349461,0.094093,0.0001,0.094624,-0.090778,-0.135624
1064,Studio Pierrot,studio_1,-0.028551,-0.154787,0.036555,0.131893,-0.070365,-0.09654,-0.223294,0.152684,-0.01252,-0.27506,0.526742,0.255482,0.164036,0.187644,-0.319952,0.091363,0.114957,0.107363,0.220445,0.037175,-0.024393,-0.340059,0.041774,-0.00631,-0.248921,0.109242,0.232862,-0.181713,0.052603,0.452529,-0.186809,-0.329068,0.722369,0.329553,0.246936,-0.449243,0.00067,-0.174483,0.016112,0.021506,0.0218,-0.363148,0.38789,0.064922,0.335756,-0.094892,-0.034191,-0.66517,-0.406046,0.05929,0.080168,0.154347,-0.174423,-0.102739,0.170041,-0.181569,0.013708,-0.111513,-0.156816,0.075766,0.006652,0.157976,-0.184394,-0.261303
1077,CoMix Wave Films,studio_291,0.131006,-0.389654,0.071404,0.320572,-0.149492,-0.09812,-0.202318,0.050165,-0.055715,-0.3038,0.412728,0.320714,0.173881,0.164702,-0.133055,0.040463,0.061803,0.022474,0.291674,0.003331,-0.020568,-0.22027,-0.074293,0.087367,-0.208577,0.100988,0.090427,-0.168212,0.119955,0.481198,-0.17226,-0.229739,0.790367,0.299532,0.204831,-0.406077,0.093658,-0.168281,-0.09204,-0.126005,0.18284,-0.442875,0.423352,0.027695,0.336426,-0.096853,0.038653,-0.755314,-0.428692,0.064346,0.127507,0.097851,-0.05145,-0.105872,0.334616,-0.103054,-0.124708,-0.205335,-0.146358,0.064991,0.08632,0.212998,-0.20044,-0.403489
1083,MAPPA,studio_569,-0.04233,-0.143199,0.029162,0.144335,-0.06087,-0.101706,-0.221256,0.178393,0.005058,-0.274882,0.542906,0.258711,0.177707,0.193127,-0.328217,0.094828,0.126116,0.126815,0.22823,0.053349,-0.028801,-0.331138,0.02287,-0.007562,-0.22732,0.103545,0.245424,-0.205263,0.038676,0.476549,-0.167119,-0.351586,0.731776,0.30366,0.233832,-0.444347,-0.00405,-0.177544,0.003808,0.03863,0.022331,-0.367834,0.397316,0.057905,0.321083,-0.09859,-0.018176,-0.670609,-0.411184,0.050073,0.076354,0.158921,-0.196787,-0.097874,0.16985,-0.218367,0.032566,-0.102566,-0.168435,0.076127,0.01356,0.158588,-0.181496,-0.24443
1089,White Fox,studio_314,0.014307,-0.173721,0.077083,0.136679,-0.076698,-0.098373,-0.194942,0.117466,0.028943,-0.260267,0.436909,0.355335,0.250805,0.165002,-0.266635,0.07053,0.148555,0.102551,0.250487,0.036103,-0.067957,-0.301625,-0.023932,0.092777,-0.172157,0.12042,0.211251,-0.111084,0.146158,0.476601,-0.138092,-0.291059,0.780221,0.332474,0.213173,-0.471289,0.053147,-0.158612,-0.023772,0.011921,0.07701,-0.406705,0.405699,0.056163,0.249417,-0.082129,0.0699,-0.672054,-0.473643,0.011981,0.050161,0.143942,-0.158435,-0.058488,0.232026,-0.232528,0.033778,-0.078311,-0.19474,0.02883,0.049099,0.082814,-0.119052,-0.272849
1106,Toei Animation,studio_18,0.025459,-0.21565,0.070717,0.174304,-0.089479,-0.091992,-0.197611,0.097634,-0.017725,-0.27994,0.473308,0.262389,0.17386,0.216673,-0.255294,0.08529,0.081426,0.06898,0.237609,0.010866,0.001408,-0.322501,0.028458,-0.01075,-0.260788,0.110344,0.187442,-0.170065,0.092639,0.440115,-0.204386,-0.278225,0.751421,0.35985,0.282062,-0.444327,0.049985,-0.152913,0.007195,-0.042018,0.06797,-0.405295,0.399109,0.054562,0.359038,-0.094408,-0.003469,-0.668398,-0.389681,0.053774,0.086216,0.160363,-0.109146,-0.097047,0.206438,-0.12121,-0.03995,-0.122528,-0.137511,0.068775,0.013886,0.184354,-0.196261,-0.314441
1139,Kyoto Animation,studio_2,-0.044809,-0.102492,-0.015056,0.125824,-0.075713,-0.136831,-0.237407,0.199872,0.018978,-0.275162,0.520149,0.294308,0.204464,0.160797,-0.369339,0.07408,0.228745,0.186595,0.166193,0.071214,-0.090582,-0.295876,-0.00264,0.07936,-0.162155,0.08235,0.24162,-0.17512,0.060166,0.484705,-0.158628,-0.379086,0.765675,0.301298,0.168093,-0.444748,-0.000434,-0.194761,-0.006112,0.082022,-0.003373,-0.349539,0.410186,0.078572,0.299254,-0.063226,0.012491,-0.68637,-0.46255,0.045202,0.083805,0.128915,-0.232483,-0.061073,0.176078,-0.323606,0.086995,-0.084284,-0.24419,0.058242,0.040778,0.087112,-0.119471,-0.233197
1150,Sunrise,studio_14,0.052844,-0.254802,0.096088,0.189183,-0.084266,-0.094049,-0.188491,0.098249,-0.008908,-0.280259,0.453103,0.289532,0.189482,0.204248,-0.221224,0.089641,0.076194,0.049334,0.274754,0.033368,0.002759,-0.319407,0.008446,0.017848,-0.227737,0.125186,0.180275,-0.149188,0.120915,0.461311,-0.16958,-0.276307,0.763498,0.340035,0.263348,-0.438902,0.067622,-0.150312,-0.021951,-0.057656,0.102752,-0.428169,0.412049,0.043356,0.323096,-0.112116,0.036381,-0.679705,-0.416297,0.042241,0.090933,0.156739,-0.121134,-0.097343,0.225434,-0.13238,-0.044038,-0.122472,-0.134223,0.058504,0.037216,0.167186,-0.181047,-0.314616
1167,J.C.Staff,studio_7,-0.192653,0.043966,-0.14753,0.015071,-0.015862,-0.176595,-0.301826,0.314605,0.0678,-0.235582,0.643752,0.288536,0.139556,0.08936,-0.513472,0.054717,0.300852,0.29539,0.064183,0.092438,-0.175341,-0.223039,0.004562,0.093555,-0.130846,0.071915,0.323562,-0.225568,-0.010299,0.494013,-0.110765,-0.448604,0.700181,0.224408,0.094789,-0.454918,-0.102402,-0.292742,0.025413,0.204454,-0.122654,-0.187933,0.378984,0.150381,0.240262,-0.028026,-0.061519,-0.695521,-0.512454,0.029632,0.015733,0.077886,-0.406749,-0.078185,0.146984,-0.468425,0.263231,-0.029086,-0.326425,0.075573,0.011735,0.068706,-0.089304,-0.148323
1192,Lerche,studio_456,0.028265,-0.176405,0.104497,0.144693,-0.051341,-0.098082,-0.205281,0.117678,0.022098,-0.279889,0.484478,0.28511,0.198952,0.208435,-0.270303,0.091927,0.119485,0.089808,0.227479,0.030687,-0.019409,-0.348654,0.034776,0.01365,-0.219452,0.112013,0.238552,-0.138434,0.096019,0.464717,-0.169168,-0.316126,0.755151,0.36246,0.273772,-0.448438,0.046616,-0.159439,0.018054,-0.005864,0.057311,-0.438963,0.417372,0.063853,0.321731,-0.101016,0.029852,-0.662377,-0.401453,0.015845,0.099137,0.175969,-0.144964,-0.076216,0.18277,-0.174877,-0.017738,-0.099991,-0.123406,0.050184,0.046088,0.135386,-0.149609,-0.279809
1195,P.A. Works,studio_132,0.056053,-0.36345,0.109131,0.232484,-0.092946,-0.12861,-0.186654,0.125507,-0.039781,-0.330784,0.467155,0.283177,0.212796,0.175154,-0.231264,0.09401,0.112966,0.068793,0.300967,0.059849,0.001069,-0.314505,-0.050007,0.025313,-0.187907,0.130625,0.12324,-0.178321,0.114346,0.527777,-0.129635,-0.289597,0.822359,0.242607,0.197583,-0.43142,0.117341,-0.172652,-0.096767,-0.0587,0.14197,-0.475087,0.456772,-0.018076,0.322032,-0.126916,0.090062,-0.702721,-0.443972,0.067077,0.130582,0.119259,-0.157943,-0.106811,0.284914,-0.195534,-0.039035,-0.137688,-0.171455,0.088702,0.08811,0.169197,-0.179549,-0.324433
1205,Production I.G,studio_10,-0.103642,-0.115698,-0.038028,0.111886,-0.071019,-0.139472,-0.260898,0.240326,0.006301,-0.280035,0.595027,0.252701,0.1509,0.141746,-0.402144,0.090557,0.193957,0.184865,0.177512,0.067548,-0.073905,-0.307539,0.00583,0.009754,-0.210108,0.110935,0.244241,-0.229092,0.004706,0.492872,-0.14387,-0.379309,0.732007,0.246375,0.161887,-0.440643,-0.019683,-0.232248,-0.003151,0.0857,-0.00355,-0.301795,0.386941,0.057622,0.317997,-0.099121,-0.050792,-0.679728,-0.438071,0.072954,0.07523,0.110908,-0.280496,-0.114947,0.172551,-0.300524,0.106833,-0.093636,-0.219842,0.107981,0.015946,0.143034,-0.16414,-0.208534
1210,CloverWorks,studio_1835,-3.8e-05,-0.183305,0.086508,0.148376,-0.054606,-0.103848,-0.219301,0.148489,-0.000777,-0.29787,0.50715,0.264283,0.194568,0.20192,-0.300935,0.100609,0.12722,0.107326,0.231483,0.05291,-0.018565,-0.348009,0.015781,-0.004475,-0.212661,0.118852,0.227433,-0.17933,0.06377,0.480649,-0.167,-0.334372,0.749776,0.322209,0.241679,-0.44863,0.036104,-0.166883,0.00216,0.017025,0.038315,-0.434747,0.408795,0.051246,0.33035,-0.103955,0.013478,-0.667565,-0.397342,0.039986,0.10894,0.157663,-0.171619,-0.089771,0.186696,-0.203505,-0.011988,-0.101212,-0.143221,0.071703,0.041856,0.148373,-0.159933,-0.273229
1213,Studio Deen,studio_37,-0.010089,-0.176109,0.052828,0.144089,-0.070792,-0.105984,-0.21273,0.15825,0.003567,-0.291241,0.501484,0.296793,0.205332,0.175898,-0.303074,0.081324,0.147503,0.118843,0.230575,0.052489,-0.038049,-0.332661,0.00203,0.024268,-0.202442,0.126677,0.219894,-0.16457,0.07409,0.485405,-0.164232,-0.315503,0.757969,0.307502,0.214738,-0.461133,0.038182,-0.167964,-0.010821,0.024951,0.052278,-0.399229,0.411084,0.043932,0.310362,-0.106936,0.028839,-0.676751,-0.437002,0.03578,0.088646,0.143278,-0.178058,-0.087678,0.200565,-0.222265,0.025049,-0.095707,-0.178946,0.071114,0.043124,0.131043,-0.157799,-0.261073
1216,asread.,studio_163,0.096845,-0.271388,0.1423,0.217055,-0.091495,-0.056847,-0.146245,0.042963,-0.014072,-0.290936,0.368681,0.314031,0.246333,0.214429,-0.1729,0.096254,0.042586,0.040366,0.294052,0.025908,-0.016157,-0.302905,0.00281,0.040603,-0.215464,0.099417,0.159442,-0.111647,0.170407,0.428341,-0.192122,-0.246277,0.797276,0.353226,0.282107,-0.442177,0.109937,-0.135864,-0.029364,-0.07568,0.119524,-0.461221,0.418797,0.055989,0.323956,-0.097108,0.079868,-0.668211,-0.429574,0.04726,0.096717,0.152238,-0.076187,-0.060289,0.247609,-0.10944,-0.083525,-0.102398,-0.167899,0.015568,0.051242,0.166313,-0.126751,-0.347266
1231,Studio Ghibli,studio_21,0.062114,-0.325867,0.144614,0.202152,-0.060018,-0.119657,-0.240344,0.115428,-0.026721,-0.338461,0.459808,0.303482,0.210778,0.170557,-0.232234,0.113355,0.111344,0.076816,0.284502,0.046742,-0.003213,-0.334039,-0.04156,0.023345,-0.180963,0.158737,0.191736,-0.17033,0.063564,0.54689,-0.117182,-0.304206,0.78161,0.252567,0.205444,-0.460439,0.099198,-0.195455,-0.098159,-0.025979,0.138254,-0.507654,0.467536,-0.018973,0.312753,-0.17123,0.080629,-0.683573,-0.405136,-0.00057,0.151273,0.117028,-0.172017,-0.103707,0.275302,-0.234152,-0.04711,-0.143154,-0.116677,0.094929,0.118005,0.129122,-0.181279,-0.282492
1234,Gainax,studio_6,0.064848,-0.389348,0.095287,0.310978,-0.128341,-0.128674,-0.11567,0.086665,-0.013293,-0.293835,0.467839,0.27657,0.181584,0.233765,-0.165285,0.037404,0.040362,0.037736,0.317558,-0.007763,0.040855,-0.238828,-0.067885,0.003559,-0.254796,0.054864,0.072359,-0.212804,0.149801,0.480837,-0.142373,-0.249358,0.843045,0.284987,0.275299,-0.394122,0.121074,-0.150217,-0.053953,-0.121697,0.155604,-0.472725,0.453492,0.001666,0.350014,-0.068455,0.078869,-0.71576,-0.414919,0.098567,0.072771,0.17153,-0.061354,-0.104554,0.308848,-0.087882,-0.087936,-0.146315,-0.136283,0.048472,0.037235,0.273079,-0.227822,-0.424952
1235,Tatsunoko Production,studio_103,0.082361,-0.405456,0.141055,0.297822,-0.103697,-0.134784,-0.135689,0.096798,-0.002616,-0.31007,0.47296,0.270719,0.162514,0.238155,-0.15858,0.051159,0.038463,0.02566,0.316319,0.005059,0.045022,-0.261264,-0.060815,-0.005836,-0.244591,0.07996,0.08651,-0.200467,0.140629,0.490469,-0.123375,-0.261006,0.827621,0.287065,0.271353,-0.38447,0.124134,-0.156949,-0.043164,-0.123729,0.154523,-0.51314,0.460974,0.008678,0.345185,-0.087093,0.083093,-0.71614,-0.394069,0.086965,0.106501,0.170181,-0.078695,-0.117685,0.29644,-0.084893,-0.109679,-0.147275,-0.09298,0.054627,0.05311,0.266001,-0.207689,-0.420301
1243,TMS Entertainment,studio_73,-0.03146,-0.166784,0.021668,0.118041,-0.076932,-0.104593,-0.246282,0.162809,-0.019467,-0.28761,0.529641,0.272577,0.139048,0.164812,-0.329799,0.080201,0.158464,0.108367,0.198328,0.047983,-0.025671,-0.35388,0.055409,0.008511,-0.231129,0.136204,0.242076,-0.168011,0.042395,0.468795,-0.188457,-0.327982,0.717502,0.32878,0.212716,-0.468271,0.004221,-0.168009,-0.005681,0.018789,0.023062,-0.349964,0.401026,0.061137,0.330848,-0.114865,-0.028943,-0.682411,-0.428483,0.034965,0.091784,0.142015,-0.181858,-0.111139,0.176758,-0.212088,0.036457,-0.116811,-0.154243,0.095207,0.035329,0.133451,-0.204781,-0.239094
1273,Trigger,studio_803,0.063499,-0.340963,0.109577,0.24779,-0.101712,-0.103664,-0.173771,0.105813,-0.014599,-0.303058,0.434541,0.29754,0.209516,0.208898,-0.191593,0.07488,0.070694,0.047452,0.304052,0.026346,-0.010693,-0.270228,-0.067835,0.025288,-0.201432,0.112989,0.120513,-0.181033,0.126505,0.498375,-0.151907,-0.260053,0.804951,0.2794,0.221939,-0.421723,0.086266,-0.153483,-0.070849,-0.068377,0.136498,-0.475425,0.439753,0.009649,0.304893,-0.093181,0.075684,-0.710194,-0.425298,0.062519,0.095593,0.127793,-0.102952,-0.107914,0.287806,-0.143613,-0.068485,-0.147469,-0.163327,0.062289,0.057919,0.192155,-0.179598,-0.345323
1278,Satelight,studio_41,0.087936,-0.276727,0.16434,0.181345,-0.062073,-0.075548,-0.176209,0.052501,0.004304,-0.278347,0.375825,0.346959,0.237081,0.196646,-0.190395,0.094007,0.076732,0.031048,0.285229,0.035112,0.000978,-0.32562,0.01524,0.057265,-0.188768,0.143256,0.179296,-0.082508,0.186217,0.463793,-0.154573,-0.24768,0.783808,0.35602,0.270809,-0.473387,0.105465,-0.127702,-0.038853,-0.063696,0.125192,-0.465239,0.43109,0.047611,0.281786,-0.12178,0.109474,-0.669576,-0.446717,-0.004107,0.086612,0.161329,-0.107803,-0.069129,0.254228,-0.144077,-0.051854,-0.087493,-0.142942,0.029569,0.075092,0.111158,-0.13589,-0.321071
1282,David Production,studio_287,0.01258,-0.181211,0.050493,0.170054,-0.091698,-0.064889,-0.179619,0.084869,-0.019988,-0.25537,0.461029,0.280765,0.172825,0.212786,-0.251178,0.059273,0.04425,0.065309,0.242731,-0.00578,-0.024338,-0.310985,0.044313,0.006518,-0.281763,0.07149,0.206498,-0.167003,0.095903,0.394015,-0.22151,-0.273902,0.722779,0.373183,0.30187,-0.453701,0.003412,-0.141841,0.019443,-0.024968,0.040495,-0.356918,0.38574,0.090203,0.33797,-0.075186,-0.036041,-0.6566,-0.415911,0.065821,0.051059,0.163017,-0.092409,-0.101351,0.19283,-0.091826,-0.03768,-0.116081,-0.161294,0.035644,-0.015174,0.186735,-0.198317,-0.305546
1322,Kinema Citrus,studio_290,0.092863,-0.30369,0.142862,0.199123,-0.072082,-0.089613,-0.193406,0.090256,-0.020363,-0.308837,0.401927,0.320855,0.240502,0.185804,-0.201737,0.105339,0.100115,0.050909,0.300221,0.071372,-0.011599,-0.338152,-0.011631,0.058968,-0.168243,0.155203,0.172685,-0.116114,0.148693,0.491748,-0.152033,-0.275888,0.794777,0.310857,0.231282,-0.453907,0.111259,-0.144157,-0.075232,-0.057484,0.139262,-0.479089,0.44425,0.020679,0.293913,-0.144879,0.107945,-0.680934,-0.446609,0.021017,0.125126,0.127671,-0.143982,-0.077444,0.253388,-0.178933,-0.041744,-0.113825,-0.16164,0.058577,0.084592,0.120036,-0.142929,-0.293923
1340,8bit,studio_441,0.034477,-0.18344,0.081808,0.167213,-0.080415,-0.080475,-0.172922,0.073727,0.009726,-0.255794,0.435575,0.316637,0.20952,0.20733,-0.242347,0.052868,0.088655,0.077,0.233483,-0.00474,-0.033958,-0.306543,0.029771,0.047308,-0.238506,0.070853,0.208533,-0.126549,0.135369,0.418982,-0.193566,-0.277763,0.759808,0.381698,0.291292,-0.460214,0.037314,-0.138944,0.01287,-0.021304,0.056358,-0.397982,0.409985,0.086261,0.311504,-0.068175,0.02569,-0.660546,-0.435789,0.030049,0.053983,0.173282,-0.094147,-0.068096,0.209654,-0.136453,-0.024281,-0.095594,-0.162968,0.01515,0.022579,0.14113,-0.160344,-0.312937
1347,Arms,studio_38,0.124546,-0.29877,0.245004,0.17257,-0.018641,-0.083906,-0.196446,0.042394,0.037823,-0.281995,0.388534,0.323701,0.233466,0.220672,-0.168936,0.160667,0.082807,-0.000607,0.303197,0.058784,0.063085,-0.370648,0.048503,0.019993,-0.168266,0.19462,0.208805,-0.049553,0.196867,0.515713,-0.113609,-0.271717,0.789353,0.376905,0.29693,-0.456079,0.149319,-0.133614,-0.031329,-0.098246,0.159998,-0.540413,0.445881,0.023827,0.287498,-0.162582,0.153431,-0.669051,-0.396013,-0.061149,0.129396,0.203787,-0.129356,-0.056399,0.233921,-0.148955,-0.078491,-0.08789,-0.048231,0.048013,0.115317,0.095,-0.12383,-0.320531
1360,Brain's Base,studio_112,0.015814,-0.190557,0.10352,0.146786,-0.036967,-0.111354,-0.227159,0.153111,0.029027,-0.30343,0.513688,0.293696,0.189695,0.191579,-0.295736,0.113208,0.156897,0.096528,0.223548,0.057744,0.010019,-0.36627,0.032027,-0.01442,-0.189036,0.156854,0.24579,-0.149829,0.062671,0.529456,-0.13928,-0.3319,0.75522,0.31995,0.228401,-0.46654,0.059905,-0.161986,-0.004675,0.008213,0.06821,-0.448566,0.434587,0.029634,0.324414,-0.133544,0.064535,-0.689137,-0.404291,-0.028505,0.123596,0.190203,-0.172344,-0.08607,0.193969,-0.231259,-0.002762,-0.091891,-0.107387,0.082948,0.093596,0.115246,-0.165083,-0.268316
1362,Studio Bind,studio_1993,0.118192,-0.303233,0.184494,0.188368,-0.086203,-0.066579,-0.14914,-0.003592,0.012715,-0.258865,0.301573,0.407096,0.283728,0.166441,-0.151686,0.077396,0.07178,0.011575,0.292444,0.005582,-0.03424,-0.283848,-0.018796,0.119874,-0.17302,0.129381,0.132472,-0.033028,0.268842,0.44589,-0.143364,-0.197563,0.81977,0.362404,0.27272,-0.48252,0.140388,-0.12965,-0.049024,-0.083008,0.157566,-0.467232,0.425492,0.048432,0.247224,-0.095278,0.14632,-0.661192,-0.491526,-0.000696,0.052128,0.142537,-0.07984,-0.050553,0.306238,-0.135299,-0.064795,-0.077068,-0.179493,-0.007843,0.087731,0.083585,-0.093941,-0.364208
1371,TNK,studio_120,0.089084,-0.238472,0.139402,0.189973,-0.085734,-0.070029,-0.151706,0.012519,0.02327,-0.249948,0.354744,0.363597,0.244581,0.213603,-0.180839,0.055577,0.086129,0.040213,0.250493,-0.016249,-0.015888,-0.288487,0.020039,0.082328,-0.210609,0.089201,0.175541,-0.070084,0.213819,0.42741,-0.183354,-0.231022,0.798733,0.408936,0.306869,-0.473067,0.098878,-0.11366,-0.009236,-0.06973,0.107885,-0.447285,0.429498,0.075389,0.29098,-0.07055,0.102993,-0.664628,-0.449028,-0.009558,0.047762,0.18216,-0.049193,-0.039143,0.257125,-0.124081,-0.051504,-0.085187,-0.153551,-0.006051,0.057646,0.115492,-0.140292,-0.354075
1393,Shaft,studio_44,-0.009661,-0.157565,0.077043,0.137,-0.061719,-0.095034,-0.191544,0.121062,0.038315,-0.256045,0.464617,0.331195,0.24971,0.195801,-0.291378,0.094035,0.150081,0.105785,0.240794,0.027819,-0.026267,-0.314887,-0.003935,0.036823,-0.188966,0.126528,0.221758,-0.137696,0.128112,0.504413,-0.144267,-0.301076,0.787583,0.340104,0.241716,-0.484589,0.058127,-0.143087,-0.020344,0.009443,0.074627,-0.410755,0.412352,0.035558,0.272021,-0.079653,0.082316,-0.671502,-0.438433,-0.017248,0.040583,0.187563,-0.145911,-0.052292,0.226614,-0.239853,0.041004,-0.069752,-0.177727,0.048557,0.049541,0.096766,-0.153229,-0.270819
1414,LIDENFILMS,studio_839,0.047987,-0.228088,0.119788,0.173426,-0.069048,-0.070632,-0.187585,0.063778,-0.003808,-0.269958,0.430473,0.300183,0.19098,0.213733,-0.223103,0.082127,0.057379,0.043709,0.255864,0.007906,0.004454,-0.327781,0.04376,0.00799,-0.245166,0.112851,0.199822,-0.131604,0.130636,0.429829,-0.189549,-0.261684,0.745289,0.373835,0.297776,-0.462996,0.056415,-0.134173,0.004857,-0.049955,0.076133,-0.41969,0.404623,0.072048,0.326555,-0.10501,0.02465,-0.660808,-0.409819,0.0234,0.075711,0.172221,-0.095545,-0.089414,0.217842,-0.105438,-0.056812,-0.10019,-0.123345,0.041016,0.031177,0.16042,-0.177036,-0.320337
1421,Tezuka Productions,studio_200,0.075088,-0.272002,0.15624,0.203622,-0.064045,-0.063542,-0.174303,0.042061,0.006249,-0.279037,0.423815,0.30767,0.176843,0.22395,-0.177566,0.079523,0.02431,0.012955,0.265069,-0.00226,0.03618,-0.330904,0.050347,-0.019583,-0.2607,0.117185,0.193857,-0.131051,0.133659,0.432124,-0.187798,-0.233468,0.744554,0.37377,0.330526,-0.462491,0.079481,-0.130599,0.009093,-0.078564,0.102669,-0.45358,0.421544,0.061046,0.345967,-0.132337,0.039732,-0.662253,-0.397205,0.008298,0.089708,0.182322,-0.067863,-0.103929,0.229737,-0.060707,-0.103308,-0.108766,-0.081549,0.040061,0.054338,0.192559,-0.193086,-0.348202
1430,Manglobe,studio_32,0.076029,-0.28866,0.124264,0.218268,-0.090164,-0.072883,-0.166461,0.056893,-0.014343,-0.276852,0.423218,0.284955,0.180155,0.229517,-0.181562,0.085023,0.02414,0.017189,0.284397,0.006976,0.024282,-0.307514,0.018945,-0.003166,-0.259801,0.111257,0.156968,-0.149924,0.140463,0.432736,-0.191474,-0.244158,0.762147,0.362557,0.309562,-0.434842,0.078888,-0.13399,-0.011514,-0.092896,0.114023,-0.443344,0.414281,0.051686,0.343527,-0.106364,0.036494,-0.673221,-0.39554,0.04853,0.085046,0.167074,-0.072943,-0.102646,0.237758,-0.065874,-0.092817,-0.128727,-0.114767,0.046169,0.025661,0.205164,-0.19504,-0.353542
1457,Science SARU,studio_1591,0.087183,-0.271473,0.161845,0.208183,-0.064911,-0.053406,-0.172406,0.03,-0.008807,-0.27091,0.411949,0.283554,0.172086,0.245941,-0.170291,0.096795,0.000852,0.00087,0.280559,0.002123,0.047906,-0.332955,0.065436,-0.026739,-0.268924,0.114737,0.191245,-0.130304,0.140051,0.416239,-0.204576,-0.243527,0.737796,0.397087,0.348805,-0.446353,0.074064,-0.12087,0.011921,-0.096339,0.100037,-0.45125,0.411221,0.071444,0.352419,-0.122624,0.025353,-0.65778,-0.377202,0.022301,0.090835,0.19088,-0.059882,-0.097817,0.213414,-0.036293,-0.116149,-0.116323,-0.07634,0.039369,0.033142,0.203017,-0.197181,-0.35143
1466,Egg Firm,studio_1444,0.090109,-0.275687,0.134149,0.231842,-0.091424,-0.036543,-0.144409,0.006452,-0.024215,-0.257432,0.382887,0.297748,0.166413,0.250906,-0.149981,0.058351,-0.03321,-0.006815,0.274666,-0.025408,0.035605,-0.299366,0.062535,-0.011527,-0.299985,0.07232,0.168204,-0.137413,0.153168,0.371049,-0.237263,-0.213507,0.732606,0.40939,0.372235,-0.450908,0.054073,-0.107462,0.015159,-0.102257,0.09099,-0.420802,0.409165,0.089365,0.360385,-0.094188,0.008451,-0.656855,-0.392862,0.049594,0.062231,0.184838,-0.013685,-0.099803,0.227232,0.005394,-0.131064,-0.124749,-0.108155,0.013022,0.009045,0.229479,-0.21423,-0.378287
1492,feel.,studio_91,0.047436,-0.214604,0.150171,0.147264,-0.044557,-0.09954,-0.206469,0.079532,0.031784,-0.273253,0.447595,0.306406,0.217831,0.207911,-0.246295,0.114609,0.11981,0.060499,0.245108,0.023913,0.013748,-0.345532,0.033387,0.012354,-0.200497,0.146162,0.215269,-0.10699,0.143678,0.489402,-0.143595,-0.287961,0.777225,0.369494,0.276134,-0.463299,0.093964,-0.148456,0.004186,-0.040737,0.092546,-0.464452,0.415521,0.04512,0.309752,-0.112861,0.074175,-0.663897,-0.400105,-0.020386,0.090944,0.191829,-0.133117,-0.065067,0.219952,-0.174361,-0.028871,-0.082316,-0.098196,0.054927,0.070454,0.113899,-0.14608,-0.308592
1519,AIC PLUS+,studio_292,0.131673,-0.266613,0.207755,0.204963,-0.053214,-0.072918,-0.128556,-0.011964,0.060403,-0.236623,0.311301,0.407343,0.249697,0.230387,-0.136732,0.049283,0.081025,0.008758,0.259334,-0.012027,0.01902,-0.287055,0.037217,0.109459,-0.175729,0.080606,0.188998,-0.016879,0.269031,0.438989,-0.147474,-0.232602,0.808304,0.436428,0.33103,-0.482301,0.115878,-0.09029,-0.006175,-0.082898,0.117141,-0.503756,0.465314,0.08703,0.254378,-0.068775,0.174244,-0.676879,-0.462337,-0.06351,0.048666,0.228464,-0.02912,-0.018919,0.26623,-0.128878,-0.080602,-0.062782,-0.109201,-0.048862,0.101076,0.082599,-0.118477,-0.386975
1525,Studio VOLN,studio_1244,0.123987,-0.453249,0.361437,0.166144,-0.004651,-0.129047,-0.299959,0.031388,-0.046271,-0.439317,0.405327,0.310601,0.21777,0.160181,-0.202618,0.134698,0.173235,0.06322,0.252256,0.027804,0.060086,-0.483407,0.046824,-0.033765,-0.161398,0.265582,0.224738,-0.070812,0.084898,0.58317,-0.130995,-0.263612,0.842135,0.277887,0.27032,-0.529789,0.274788,-0.205667,-0.111668,-0.072299,0.208,-0.685497,0.558746,-0.087475,0.378563,-0.323208,0.164442,-0.611454,-0.347181,-0.08503,0.248332,0.090528,-0.185873,-0.076358,0.301893,-0.230595,-0.069577,-0.117203,0.017627,0.166127,0.262711,0.096506,-0.192531,-0.242944
1538,Bridge,studio_397,0.075341,-0.262323,0.125329,0.222456,-0.089352,-0.038921,-0.14851,0.016437,-0.023536,-0.260717,0.398098,0.290373,0.166191,0.248417,-0.162349,0.058881,-0.023271,0.005779,0.274628,-0.024013,0.026704,-0.301419,0.06294,-0.009839,-0.298233,0.070344,0.179116,-0.140431,0.141237,0.373338,-0.234276,-0.22517,0.732525,0.406509,0.357803,-0.450356,0.048051,-0.111573,0.012836,-0.094609,0.082764,-0.412023,0.405786,0.094706,0.355263,-0.091083,0.000335,-0.658707,-0.395119,0.049233,0.062885,0.182687,-0.022831,-0.097079,0.221473,-0.00795,-0.115811,-0.121622,-0.113472,0.015607,0.002769,0.224071,-0.210036,-0.364016
1540,Telecom Animation Film,studio_94,0.114915,-0.354968,0.189023,0.210677,-0.042287,-0.086523,-0.211642,0.088522,-0.022983,-0.328006,0.437958,0.279024,0.144079,0.228428,-0.178451,0.123166,0.085474,-0.003068,0.289059,0.088573,0.094658,-0.401036,0.080584,-0.022486,-0.194973,0.19575,0.206318,-0.115132,0.116201,0.507662,-0.166237,-0.286681,0.755235,0.354336,0.27549,-0.456921,0.116996,-0.108907,-0.060935,-0.109686,0.137145,-0.515577,0.474318,0.021267,0.345685,-0.196968,0.104867,-0.702925,-0.393462,-0.027742,0.17339,0.184079,-0.116105,-0.10611,0.218104,-0.124618,-0.090873,-0.132833,-0.043281,0.094244,0.118612,0.15767,-0.220203,-0.301357
1548,Nut,studio_1567,0.113769,-0.34133,0.189902,0.215548,-0.086447,-0.066792,-0.140098,0.021433,0.024513,-0.271444,0.325584,0.401246,0.236464,0.196558,-0.127051,0.051353,0.033973,-0.00434,0.307811,-0.011595,-0.023636,-0.271295,-0.036338,0.091279,-0.202779,0.12383,0.133163,-0.074087,0.232581,0.449135,-0.134737,-0.19582,0.805123,0.351984,0.281852,-0.471464,0.119663,-0.120872,-0.060964,-0.102568,0.168044,-0.488882,0.45462,0.045991,0.241279,-0.100216,0.142974,-0.67881,-0.46633,-0.003512,0.050064,0.149965,-0.053383,-0.081954,0.313877,-0.104256,-0.079697,-0.099895,-0.14058,-0.002644,0.073858,0.132858,-0.138892,-0.362457
1550,SILVER LINK.,studio_300,-0.034943,-0.10401,0.037338,0.107231,-0.064831,-0.106636,-0.208111,0.137973,0.044044,-0.24326,0.476767,0.340411,0.223155,0.168722,-0.328575,0.062612,0.186253,0.13805,0.191529,0.022538,-0.069817,-0.299581,0.016093,0.08034,-0.185551,0.091305,0.244452,-0.120898,0.121426,0.468841,-0.150041,-0.325994,0.764312,0.350045,0.217521,-0.478676,0.014252,-0.161206,0.010335,0.050183,0.018077,-0.358285,0.401709,0.083756,0.26209,-0.051883,0.040606,-0.671364,-0.467836,0.000818,0.031161,0.170748,-0.172334,-0.049339,0.199491,-0.266621,0.073448,-0.061158,-0.20317,0.027427,0.035639,0.072037,-0.127207,-0.259687
1551,Nexus,studio_852,0.092324,-0.271528,0.163273,0.204172,-0.080024,-0.056058,-0.144278,0.00416,0.014879,-0.252532,0.339593,0.372438,0.240419,0.212146,-0.1594,0.057156,0.041763,0.01583,0.276014,-0.016854,-0.002541,-0.286035,0.015483,0.0657,-0.218459,0.09811,0.161493,-0.077039,0.22002,0.421376,-0.178452,-0.210213,0.788751,0.391447,0.316795,-0.481051,0.101024,-0.109746,-0.01584,-0.080062,0.119587,-0.450805,0.426004,0.070954,0.283982,-0.085663,0.10176,-0.662359,-0.449987,-0.002006,0.041895,0.177498,-0.044583,-0.059014,0.273924,-0.092792,-0.077522,-0.081193,-0.146449,-0.006065,0.056898,0.135673,-0.147201,-0.366554
1556,Doga Kobo,studio_95,0.045458,-0.223557,0.122303,0.167307,-0.035308,-0.113085,-0.235273,0.152961,0.001234,-0.313975,0.505752,0.236398,0.196208,0.230725,-0.283099,0.156687,0.147716,0.081239,0.253013,0.103074,0.041857,-0.381147,0.033403,-0.031134,-0.172238,0.177534,0.222342,-0.168212,0.070525,0.532587,-0.153826,-0.350279,0.764743,0.334893,0.233052,-0.433448,0.080134,-0.143454,-0.019344,-0.028775,0.077364,-0.48565,0.420219,0.025988,0.347603,-0.138191,0.065666,-0.693963,-0.367751,0.001374,0.16265,0.183787,-0.180279,-0.08033,0.180071,-0.211685,-0.032923,-0.106955,-0.101345,0.106672,0.072885,0.136589,-0.163229,-0.275472
1564,Graphinica,studio_894,0.084313,-0.366972,0.261899,0.207242,-0.032179,-0.101857,-0.202765,0.065474,0.030958,-0.323033,0.427294,0.304484,0.214175,0.228621,-0.160624,0.14472,0.039228,0.007287,0.337142,0.029155,0.064652,-0.345529,-0.029168,-0.042655,-0.200468,0.191958,0.173427,-0.148368,0.133632,0.532861,-0.08271,-0.25481,0.791168,0.292826,0.282709,-0.448037,0.159096,-0.167743,-0.049754,-0.094742,0.166824,-0.580501,0.450236,-0.014566,0.308937,-0.19036,0.11545,-0.655105,-0.362127,-0.022224,0.127817,0.166506,-0.137818,-0.110292,0.280429,-0.134281,-0.107878,-0.100607,-0.017619,0.080686,0.102412,0.175639,-0.172478,-0.340159
1581,OLM,studio_28,0.104187,-0.287505,0.161293,0.220766,-0.068632,-0.077741,-0.175979,0.100272,-0.012301,-0.325321,0.403437,0.29337,0.236695,0.239856,-0.188058,0.08611,0.064378,0.064709,0.289637,0.052674,-0.024759,-0.334663,-0.022227,0.023922,-0.198165,0.134037,0.171094,-0.147642,0.125261,0.459359,-0.192176,-0.273607,0.798302,0.336752,0.278145,-0.428214,0.107917,-0.13442,-0.035373,-0.058789,0.131687,-0.520289,0.454537,0.037844,0.323612,-0.128425,0.096342,-0.668358,-0.391666,0.048871,0.136404,0.129329,-0.111144,-0.075083,0.229377,-0.126342,-0.071294,-0.118644,-0.153815,0.053161,0.054742,0.177663,-0.133565,-0.300642
1599,Orange,studio_1109,0.095081,-0.286019,0.212941,0.188127,-0.030537,-0.058822,-0.183623,0.05527,0.021187,-0.281853,0.406057,0.30822,0.196079,0.243914,-0.165306,0.125111,0.026071,-0.001247,0.304652,0.033706,0.052543,-0.358254,0.050771,-0.012592,-0.2204,0.159511,0.2183,-0.103829,0.151188,0.471197,-0.151661,-0.264346,0.755216,0.377106,0.322845,-0.458747,0.097711,-0.12165,-0.020977,-0.090477,0.133196,-0.507299,0.4402,0.045559,0.30119,-0.150536,0.09517,-0.664989,-0.377573,-0.029186,0.104939,0.200877,-0.09598,-0.085444,0.224392,-0.097892,-0.09063,-0.103272,-0.054035,0.043445,0.072125,0.156531,-0.171668,-0.31213
1615,Tokyo Movie Shinsha,studio_65,0.169135,-0.381015,0.349001,0.153402,0.037976,-0.07505,-0.236176,0.088289,0.031925,-0.329462,0.398937,0.284532,0.210245,0.238746,-0.148056,0.258787,0.043601,-0.052464,0.354362,0.128613,0.119881,-0.45241,0.055045,-0.050517,-0.149827,0.321764,0.219865,-0.047246,0.169806,0.590566,-0.075798,-0.287858,0.772591,0.340204,0.298736,-0.443784,0.18865,-0.144125,-0.066139,-0.129353,0.232402,-0.647533,0.478779,-0.039369,0.280317,-0.258105,0.211894,-0.668254,-0.319679,-0.094414,0.211492,0.198456,-0.191362,-0.098111,0.219316,-0.149381,-0.116365,-0.114838,0.029628,0.11253,0.154539,0.096602,-0.115927,-0.264829
1650,Artland,studio_8,0.113342,-0.295578,0.22118,0.176081,-0.025211,-0.076411,-0.202531,0.05599,0.015313,-0.285981,0.415503,0.291835,0.205286,0.228962,-0.173492,0.165947,0.051197,-0.00364,0.30934,0.060591,0.068056,-0.377733,0.059266,-0.013906,-0.201741,0.194502,0.213254,-0.082804,0.157481,0.500852,-0.136436,-0.273671,0.762913,0.370678,0.306758,-0.443724,0.12524,-0.139038,-0.026023,-0.101958,0.152357,-0.513871,0.432738,0.025026,0.313154,-0.172154,0.104092,-0.66509,-0.376758,-0.032169,0.136084,0.195839,-0.131042,-0.081349,0.214021,-0.11614,-0.087554,-0.108348,-0.045766,0.066454,0.090982,0.132164,-0.151776,-0.309134
1655,Seven Arcs Pictures,studio_1569,0.094872,-0.28415,0.13952,0.23923,-0.091272,-0.032356,-0.141814,-0.001383,-0.024431,-0.258772,0.37605,0.295392,0.166527,0.25304,-0.143144,0.058029,-0.038725,-0.011074,0.27845,-0.028856,0.041053,-0.298766,0.065499,-0.011466,-0.302212,0.071434,0.165772,-0.134614,0.157183,0.367959,-0.240999,-0.208298,0.733704,0.411923,0.376187,-0.451701,0.058591,-0.104728,0.015281,-0.107254,0.092297,-0.426413,0.41267,0.090299,0.3629,-0.097528,0.01383,-0.6582,-0.390464,0.046582,0.064156,0.183967,-0.006878,-0.096312,0.229393,0.012873,-0.137351,-0.12487,-0.103058,0.011947,0.005944,0.231723,-0.21557,-0.383174
1662,Zero-G,studio_1379,0.111785,-0.316414,0.197691,0.197888,-0.059093,-0.071624,-0.192493,0.04625,-0.005917,-0.303333,0.383329,0.296397,0.233412,0.22646,-0.177,0.156981,0.069852,0.005346,0.30166,0.06428,0.053458,-0.354204,0.024911,-0.009102,-0.189178,0.197427,0.156849,-0.105286,0.175018,0.492308,-0.165038,-0.24148,0.793161,0.357428,0.283524,-0.451984,0.153479,-0.120988,-0.042353,-0.110113,0.152944,-0.509479,0.420114,0.016895,0.332948,-0.156764,0.11551,-0.671249,-0.393797,-0.004514,0.132805,0.163917,-0.110741,-0.077844,0.24792,-0.116553,-0.093748,-0.099638,-0.102192,0.077455,0.08221,0.14693,-0.149162,-0.335789
1672,Triangle Staff,studio_110,0.120869,-0.420545,0.086471,0.342273,-0.172738,-0.130842,-0.12388,0.056406,-0.006993,-0.296043,0.431333,0.282902,0.165315,0.241145,-0.099524,0.036108,0.052717,0.003918,0.317135,-0.003096,0.046737,-0.21087,-0.088061,0.02729,-0.243092,0.078075,0.04263,-0.200057,0.17027,0.467632,-0.161304,-0.210164,0.844775,0.323623,0.265116,-0.365181,0.151843,-0.142427,-0.05263,-0.180028,0.185044,-0.49281,0.434966,0.008287,0.377098,-0.075758,0.073065,-0.738586,-0.40882,0.10026,0.095699,0.148568,-0.019445,-0.104624,0.320238,-0.047981,-0.133728,-0.180227,-0.105338,0.053599,0.043738,0.292795,-0.234068,-0.466972
1688,Imagin,studio_75,0.132575,-0.303621,0.202235,0.198031,-0.080955,-0.071302,-0.132784,-0.021637,0.030605,-0.249056,0.279034,0.428136,0.28329,0.18347,-0.133106,0.06055,0.072269,0.007273,0.279344,-0.010607,-0.018604,-0.265934,-0.010962,0.131664,-0.169528,0.109915,0.13432,-0.012701,0.292187,0.438836,-0.141435,-0.188724,0.827282,0.391095,0.292183,-0.488497,0.145282,-0.116414,-0.035252,-0.086952,0.152069,-0.486392,0.441916,0.060516,0.243428,-0.07843,0.171311,-0.667228,-0.490425,-0.023132,0.04444,0.167581,-0.049786,-0.033076,0.311569,-0.131534,-0.078995,-0.064579,-0.165229,-0.033863,0.099468,0.076636,-0.088501,-0.393506
1692,Studio Chizu,studio_555,0.153007,-0.402234,0.161279,0.362306,-0.07027,-0.075822,-0.15038,0.043279,-0.087592,-0.317858,0.377518,0.264082,0.285291,0.22164,-0.172493,0.124328,-0.012546,0.045259,0.334087,0.047378,0.01527,-0.234503,-0.07536,0.035785,-0.186437,0.060384,0.059746,-0.187011,0.146718,0.512152,-0.169435,-0.283162,0.837608,0.255347,0.260411,-0.397491,0.117564,-0.154011,-0.103997,-0.0849,0.175063,-0.519461,0.447968,0.005191,0.344891,-0.060261,0.127552,-0.726714,-0.385403,0.09034,0.16548,0.144301,-0.079292,-0.056991,0.327396,-0.122845,-0.173972,-0.154227,-0.223927,0.039017,0.084829,0.208221,-0.107403,-0.433643
1700,DR Movie,studio_1575,0.133941,-0.335556,0.198723,0.208599,-0.091553,-0.050323,-0.145307,-0.018503,0.001108,-0.265955,0.289511,0.394098,0.27918,0.173611,-0.128661,0.088997,0.043198,-0.008631,0.312195,0.007669,-0.020281,-0.288559,-0.011577,0.103637,-0.189284,0.13612,0.121058,-0.038505,0.269293,0.435255,-0.15405,-0.180608,0.81487,0.360204,0.286542,-0.478565,0.149796,-0.125255,-0.057548,-0.105787,0.172607,-0.476279,0.424671,0.042394,0.262829,-0.111575,0.146907,-0.659948,-0.477829,0.006335,0.062883,0.134197,-0.065815,-0.054763,0.3106,-0.100296,-0.087834,-0.089085,-0.167281,-0.001727,0.080081,0.106626,-0.106353,-0.37231
1711,AIC Build,studio_436,0.099505,-0.285834,0.150652,0.206486,-0.096064,-0.043625,-0.145208,-0.005331,-0.002458,-0.254743,0.335705,0.349826,0.240838,0.218028,-0.15589,0.088644,0.0349,0.00212,0.284347,-0.008344,0.013902,-0.293961,0.022942,0.043967,-0.233689,0.122372,0.143011,-0.085839,0.220737,0.426253,-0.198617,-0.19516,0.792302,0.394526,0.322572,-0.47542,0.116664,-0.104132,-0.02896,-0.105756,0.139587,-0.443009,0.417318,0.05175,0.308093,-0.095129,0.101065,-0.661736,-0.434999,0.005059,0.049417,0.172619,-0.036067,-0.062398,0.274167,-0.076907,-0.083813,-0.098412,-0.1534,0.016917,0.046226,0.150184,-0.163636,-0.365943
1719,Animation Do,studio_929,0.060685,-0.383421,0.119476,0.288528,-0.111464,-0.11217,-0.134208,0.053587,-0.037677,-0.306843,0.455214,0.270268,0.126709,0.240517,-0.183402,0.0141,0.033883,0.024822,0.255988,-0.031366,0.067729,-0.272548,0.012121,-0.030019,-0.287547,0.044687,0.095071,-0.196868,0.132498,0.434398,-0.193559,-0.23717,0.798142,0.33364,0.311622,-0.432352,0.099411,-0.125107,-0.01333,-0.111092,0.092488,-0.461981,0.457837,0.044218,0.395265,-0.073804,0.038167,-0.703933,-0.399203,0.082878,0.090314,0.186093,-0.025527,-0.119012,0.286769,-0.046438,-0.127269,-0.132254,-0.102917,0.046491,0.049104,0.275631,-0.253615,-0.442451
1727,Seven Arcs,studio_35,0.099573,-0.29089,0.228479,0.178673,-0.017691,-0.076576,-0.213392,0.05366,0.014366,-0.292985,0.441042,0.266346,0.174095,0.244169,-0.183748,0.160346,0.042272,-0.005241,0.290528,0.045612,0.090601,-0.388553,0.082671,-0.055156,-0.224994,0.188319,0.222043,-0.105699,0.130042,0.490942,-0.14955,-0.27832,0.745515,0.382168,0.327262,-0.443139,0.116557,-0.136198,0.001721,-0.101969,0.127816,-0.518348,0.427036,0.036248,0.344815,-0.175904,0.071242,-0.661861,-0.345365,-0.031719,0.143204,0.208994,-0.11945,-0.093227,0.20099,-0.090068,-0.108211,-0.106823,-0.008281,0.077886,0.085311,0.162949,-0.176468,-0.321582
1736,Gonzo,studio_3,0.045358,-0.244811,0.164253,0.16381,-0.046797,-0.086936,-0.217009,0.084911,0.013489,-0.298245,0.444731,0.296209,0.190911,0.226943,-0.227573,0.101935,0.080201,0.051973,0.253454,0.01464,0.024466,-0.349291,0.024701,-0.024351,-0.225231,0.16271,0.212056,-0.141814,0.104215,0.47743,-0.165774,-0.266828,0.756156,0.359048,0.287657,-0.472133,0.089545,-0.144098,-0.001132,-0.047538,0.097517,-0.484426,0.424227,0.038844,0.329289,-0.142484,0.054801,-0.659433,-0.367665,-0.013119,0.102334,0.171323,-0.115657,-0.092474,0.228341,-0.138136,-0.054438,-0.096015,-0.077157,0.075512,0.061806,0.156717,-0.180765,-0.301384
1740,Diomedéa,studio_51,0.067709,-0.225646,0.133416,0.183935,-0.058101,-0.06642,-0.192046,0.056065,0.008234,-0.265901,0.415768,0.31172,0.196051,0.22526,-0.215826,0.085498,0.059493,0.04055,0.244598,-0.000234,0.001822,-0.311247,0.036256,0.020552,-0.232248,0.111424,0.202197,-0.120419,0.134151,0.446032,-0.184986,-0.26718,0.747959,0.389504,0.298522,-0.461207,0.052818,-0.126513,0.000383,-0.053974,0.084924,-0.440937,0.416447,0.07719,0.312473,-0.086744,0.050538,-0.677472,-0.394194,-0.00619,0.083025,0.187173,-0.075593,-0.076046,0.227234,-0.116736,-0.069837,-0.106154,-0.117003,0.032502,0.044554,0.144378,-0.162265,-0.329121
1755,TOHO animation STUDIO,studio_2705,0.157994,-0.299494,0.214288,0.197228,-0.047357,-0.072034,-0.140444,0.020069,0.059279,-0.259733,0.330418,0.403974,0.269425,0.200091,-0.121152,0.102224,0.081111,-0.004801,0.301131,0.043476,0.010109,-0.322542,0.017351,0.099812,-0.152817,0.139177,0.193264,-0.01749,0.253439,0.48687,-0.119052,-0.236947,0.81276,0.384604,0.298432,-0.465257,0.142069,-0.113321,-0.05146,-0.096726,0.176977,-0.515552,0.471857,0.043281,0.245701,-0.129464,0.195742,-0.679056,-0.478662,-0.062757,0.090966,0.19686,-0.084801,-0.041309,0.259543,-0.147641,-0.074639,-0.08438,-0.117319,-0.017453,0.127405,0.07374,-0.101754,-0.340809
1757,Bibury Animation Studios,studio_1722,0.086554,-0.283703,0.220465,0.185698,-0.032487,-0.074001,-0.204083,0.034495,0.010599,-0.28825,0.433226,0.270033,0.172398,0.245017,-0.185255,0.137465,0.026336,-0.000344,0.275244,0.012574,0.078958,-0.361342,0.07211,-0.061928,-0.248431,0.162984,0.200156,-0.118812,0.13482,0.462078,-0.164909,-0.254867,0.745199,0.388679,0.339145,-0.446788,0.11216,-0.139124,0.023791,-0.098562,0.109682,-0.50146,0.408985,0.050715,0.35968,-0.152123,0.044399,-0.65436,-0.34262,-0.010383,0.12287,0.203463,-0.0935,-0.096741,0.214231,-0.061864,-0.123472,-0.098549,-0.018935,0.067989,0.066881,0.186513,-0.17787,-0.354564
1762,GoHands,studio_309,0.153073,-0.354099,0.143826,0.308021,-0.088416,-0.053816,-0.172564,0.044242,-0.038606,-0.296356,0.375616,0.294697,0.209801,0.241265,-0.127521,0.100551,-0.016133,0.003657,0.317846,0.023945,0.005375,-0.250246,-0.046218,0.038989,-0.219028,0.096097,0.126786,-0.171187,0.123977,0.470675,-0.183573,-0.258384,0.768263,0.330777,0.280551,-0.403516,0.069252,-0.132802,-0.077321,-0.108983,0.160891,-0.501478,0.440993,0.044224,0.323291,-0.089725,0.081181,-0.720436,-0.376395,0.036835,0.13831,0.147093,-0.040753,-0.090764,0.282735,-0.079878,-0.165909,-0.180181,-0.140344,0.032774,0.056512,0.204571,-0.164492,-0.383171
1778,Ajia-do,studio_30,0.084697,-0.293759,0.164176,0.178653,-0.072358,-0.067606,-0.180271,0.033214,-0.003958,-0.28402,0.376664,0.336606,0.184697,0.211215,-0.192479,0.079441,0.066319,0.007055,0.246524,0.000798,0.019326,-0.329089,0.045356,0.022422,-0.231648,0.142861,0.165776,-0.091624,0.177617,0.443098,-0.187998,-0.224835,0.768217,0.38868,0.299495,-0.483744,0.099762,-0.110128,-0.021643,-0.089214,0.11046,-0.45837,0.436219,0.058606,0.315157,-0.110015,0.084558,-0.673463,-0.421374,-0.008381,0.083759,0.173368,-0.061895,-0.0919,0.257412,-0.099109,-0.079895,-0.101339,-0.114615,0.041528,0.070531,0.140025,-0.176924,-0.345074
1785,Shuka,studio_1119,0.102727,-0.287868,0.151731,0.207137,-0.102412,-0.088903,-0.132814,-0.001253,0.03756,-0.248698,0.332593,0.394852,0.241153,0.206368,-0.146324,0.044579,0.081292,0.017431,0.26659,-0.027035,-0.011989,-0.250476,-0.021116,0.102662,-0.198856,0.075267,0.140792,-0.072098,0.242654,0.435157,-0.145621,-0.215144,0.812003,0.389862,0.290962,-0.464569,0.113534,-0.117663,-0.02761,-0.08668,0.117499,-0.467143,0.437022,0.069439,0.274085,-0.059813,0.12014,-0.671981,-0.476869,-0.009592,0.035452,0.180796,-0.03583,-0.055248,0.291812,-0.129279,-0.078862,-0.085763,-0.144932,-0.027944,0.07214,0.115773,-0.143575,-0.40047
1791,Studio Gokumi,studio_418,0.140619,-0.231696,0.135645,0.268113,-0.068401,-0.027912,-0.192564,0.002322,-0.019446,-0.261948,0.356704,0.307528,0.216783,0.260121,-0.14307,0.086854,0.001472,0.02193,0.264657,0.005083,0.011267,-0.265549,0.031888,0.038302,-0.220781,0.086098,0.197646,-0.125064,0.122416,0.418284,-0.236628,-0.252043,0.727242,0.426234,0.321116,-0.437705,0.041808,-0.102524,-0.006371,-0.083196,0.100539,-0.453578,0.400022,0.110225,0.340835,-0.080561,0.038942,-0.701931,-0.368082,-0.009648,0.117248,0.181984,-0.010334,-0.049766,0.229993,-0.058233,-0.152061,-0.136406,-0.123311,0.010568,0.044555,0.173022,-0.152287,-0.371926
1836,Production IMS,studio_1053,0.091692,-0.24114,0.162794,0.192171,-0.07077,-0.072912,-0.138467,0.002067,0.039684,-0.240477,0.33965,0.387785,0.23856,0.218972,-0.17024,0.037427,0.076175,0.031833,0.246874,-0.026743,-0.007831,-0.276477,0.027063,0.093983,-0.204992,0.068799,0.179826,-0.05186,0.234191,0.417463,-0.166594,-0.229168,0.793199,0.419393,0.314182,-0.481023,0.090456,-0.104318,0.00438,-0.063657,0.090762,-0.455135,0.437572,0.097045,0.272327,-0.055309,0.11683,-0.669088,-0.462102,-0.024468,0.037224,0.202764,-0.036616,-0.037143,0.262239,-0.119641,-0.066089,-0.064963,-0.140722,-0.034662,0.065482,0.105122,-0.127817,-0.379128
1876,PINE JAM,studio_1295,0.115853,-0.335069,0.192993,0.21785,-0.059053,-0.085827,-0.175779,0.046674,0.016105,-0.288582,0.408635,0.312526,0.18206,0.230077,-0.154605,0.103674,0.066315,-0.004275,0.292326,0.030737,0.059905,-0.337182,0.039285,0.014199,-0.209684,0.148778,0.176924,-0.096008,0.173017,0.485711,-0.144861,-0.257101,0.785177,0.372589,0.29956,-0.441201,0.124755,-0.120775,-0.036742,-0.119838,0.148601,-0.50894,0.456056,0.035758,0.315999,-0.137027,0.114164,-0.691583,-0.403252,-0.020264,0.117002,0.195781,-0.081061,-0.081842,0.247897,-0.104574,-0.093231,-0.119411,-0.058149,0.047252,0.092365,0.158664,-0.183186,-0.351315
1880,Zexcs,studio_218,0.101842,-0.323389,0.225723,0.222131,-0.013758,-0.075089,-0.169347,0.109258,0.029767,-0.361271,0.453521,0.336161,0.200782,0.183307,-0.195456,0.131296,0.0581,0.032442,0.292549,0.057793,0.065034,-0.40214,0.050107,-0.075323,-0.201412,0.179189,0.218447,-0.112666,0.077937,0.542782,-0.114123,-0.273326,0.769595,0.25534,0.268496,-0.472655,0.144371,-0.160173,-0.021797,-0.035477,0.153343,-0.526644,0.512787,-0.009131,0.356489,-0.228715,0.154906,-0.681785,-0.41993,-0.056755,0.179179,0.204841,-0.144572,-0.110441,0.227902,-0.151304,-0.095179,-0.0767,-0.055687,0.06856,0.174023,0.15113,-0.145057,-0.318169
1885,Bandai Namco Pictures,studio_1258,0.071853,-0.255149,0.117176,0.217796,-0.088634,-0.045181,-0.151419,0.023488,-0.023175,-0.258193,0.402793,0.292279,0.166072,0.246333,-0.171745,0.058038,-0.019482,0.009625,0.270455,-0.023611,0.022778,-0.302302,0.060017,-0.011164,-0.297262,0.072368,0.177977,-0.144514,0.137752,0.376768,-0.233318,-0.228368,0.730597,0.402403,0.355844,-0.44946,0.043984,-0.113464,0.015625,-0.088323,0.079623,-0.404176,0.405681,0.092816,0.353267,-0.090854,-0.003513,-0.657415,-0.39893,0.051011,0.060394,0.181666,-0.03101,-0.102114,0.217016,-0.01337,-0.10951,-0.119667,-0.119086,0.018582,0.001214,0.219829,-0.210032,-0.360863
1892,Xebec,studio_27,0.048342,-0.231662,0.102525,0.199684,-0.08405,-0.051795,-0.161322,0.046085,-0.015825,-0.257974,0.414946,0.29939,0.183928,0.232545,-0.198165,0.059539,0.005489,0.034008,0.268308,-0.015888,0.005795,-0.301114,0.043736,0.000112,-0.281093,0.082806,0.188272,-0.147422,0.127655,0.394711,-0.217787,-0.236966,0.734309,0.383859,0.327762,-0.460798,0.03848,-0.121932,0.007836,-0.062047,0.075909,-0.396252,0.402979,0.08377,0.333931,-0.091627,0.005583,-0.657538,-0.407383,0.043217,0.052911,0.173998,-0.055737,-0.094939,0.22131,-0.055376,-0.073035,-0.1083,-0.137735,0.025341,0.000166,0.197432,-0.198584,-0.335672
1906,Passione,studio_911,0.098315,-0.299902,0.174619,0.204776,-0.050728,-0.079828,-0.166179,0.078892,0.002251,-0.306885,0.402993,0.304935,0.228896,0.232902,-0.200074,0.117089,0.083112,0.032934,0.282209,0.063325,0.034559,-0.351754,0.023424,0.007166,-0.189381,0.149084,0.17132,-0.117105,0.162014,0.48986,-0.165825,-0.272219,0.798842,0.347218,0.282956,-0.455614,0.121483,-0.111045,-0.042715,-0.073819,0.125798,-0.507517,0.458059,0.028916,0.321051,-0.129341,0.135212,-0.679994,-0.41538,-0.001605,0.126377,0.181195,-0.106679,-0.073283,0.235936,-0.144103,-0.072606,-0.094265,-0.13285,0.0509,0.083639,0.141391,-0.149619,-0.324547
1907,Studio 3Hz,studio_1127,0.099513,-0.303967,0.24047,0.185831,-0.031159,-0.042236,-0.163734,0.03662,0.0369,-0.281863,0.341456,0.365052,0.240926,0.244448,-0.161578,0.109176,0.031962,-0.00561,0.297956,0.014363,0.028605,-0.3363,0.014837,0.01284,-0.199905,0.1806,0.17841,-0.079767,0.20589,0.48053,-0.150302,-0.217954,0.789612,0.377983,0.320277,-0.497482,0.126532,-0.091551,-0.040568,-0.0915,0.157935,-0.529855,0.45857,0.034191,0.259362,-0.13114,0.171016,-0.665744,-0.3986,-0.057239,0.072742,0.194467,-0.065724,-0.071472,0.276439,-0.111221,-0.078031,-0.073154,-0.099182,0.033045,0.080069,0.125149,-0.144832,-0.321161
1908,BUG FILMS,studio_2674,0.096321,-0.307375,0.279873,0.187573,-0.000152,-0.072832,-0.219616,0.042066,0.031863,-0.300597,0.432642,0.278045,0.188833,0.251346,-0.171958,0.164749,0.028308,-0.012308,0.300392,0.034497,0.108208,-0.388463,0.066461,-0.082803,-0.218285,0.208812,0.21731,-0.111352,0.134693,0.50689,-0.12802,-0.258708,0.753336,0.371091,0.338717,-0.459277,0.14312,-0.136978,0.010873,-0.104536,0.142626,-0.559007,0.421198,0.022307,0.343439,-0.194022,0.089871,-0.653798,-0.319502,-0.051796,0.139186,0.2145,-0.115823,-0.092241,0.227542,-0.080945,-0.124981,-0.086648,0.026444,0.085541,0.101273,0.176173,-0.174375,-0.338338
1910,Connect,studio_957,0.09852,-0.263717,0.160518,0.198917,-0.0788,-0.060137,-0.14285,0.000928,0.020674,-0.248319,0.341599,0.366987,0.235374,0.219446,-0.161778,0.063266,0.055311,0.015285,0.266271,-0.015161,0.00444,-0.288562,0.029342,0.06893,-0.217864,0.093065,0.167298,-0.067083,0.224788,0.422731,-0.179154,-0.219131,0.789738,0.408144,0.319537,-0.474589,0.100237,-0.104976,-0.011179,-0.084527,0.112394,-0.452103,0.430521,0.077272,0.288472,-0.076907,0.107457,-0.66579,-0.448889,-0.011866,0.047766,0.190495,-0.039267,-0.05057,0.262382,-0.098873,-0.076595,-0.082314,-0.140052,-0.010847,0.058101,0.125723,-0.145576,-0.370136
1913,Project No.9,studio_439,0.087772,-0.236986,0.144116,0.184093,-0.078536,-0.062635,-0.145193,0.007072,0.035872,-0.240408,0.348519,0.365558,0.25068,0.228073,-0.1841,0.081768,0.092062,0.024384,0.254178,-0.008595,0.009872,-0.296272,0.033727,0.064404,-0.204911,0.108522,0.17498,-0.065651,0.230209,0.448029,-0.178955,-0.228865,0.806504,0.421142,0.314164,-0.482827,0.110119,-0.091025,-0.019664,-0.086843,0.116235,-0.446353,0.431441,0.065408,0.285144,-0.068394,0.13068,-0.671501,-0.448481,-0.039233,0.038,0.21004,-0.039835,-0.033772,0.258681,-0.13214,-0.045581,-0.074813,-0.148625,0.000667,0.061656,0.103775,-0.151384,-0.354058
1938,Daume,studio_39,0.082103,-0.281907,0.159577,0.226675,-0.092403,-0.020796,-0.132281,-0.001961,-0.029691,-0.268076,0.37748,0.281909,0.163714,0.248077,-0.123708,0.06874,-0.042318,-0.008921,0.284524,-0.025119,0.028066,-0.287493,0.06254,-0.000933,-0.291907,0.051086,0.18979,-0.119349,0.159599,0.36154,-0.232264,-0.222501,0.755072,0.422575,0.353409,-0.452862,0.073132,-0.120234,-0.003931,-0.123421,0.09794,-0.444727,0.392903,0.098109,0.349571,-0.073421,-0.002901,-0.672011,-0.373369,0.060868,0.071606,0.190122,0.007879,-0.077047,0.248679,-0.008017,-0.141603,-0.126799,-0.092394,-0.003818,0.027306,0.251061,-0.194127,-0.378832
1941,Nippon Animation,studio_22,0.095953,-0.282345,0.136746,0.234352,-0.090498,-0.039852,-0.139927,0.003681,-0.026597,-0.257405,0.375973,0.297157,0.162988,0.256414,-0.140982,0.057608,-0.042814,-0.009735,0.277577,-0.027901,0.045513,-0.293364,0.062109,-0.010883,-0.303554,0.074446,0.164504,-0.132167,0.154359,0.371082,-0.238923,-0.207403,0.731165,0.413514,0.37473,-0.450159,0.057136,-0.107519,0.015176,-0.105634,0.094966,-0.425393,0.414555,0.088661,0.360734,-0.095791,0.01476,-0.657895,-0.389305,0.04613,0.064522,0.187048,-0.008846,-0.09922,0.227517,0.010461,-0.137031,-0.125978,-0.107065,0.009511,0.007456,0.228809,-0.212604,-0.384436
1950,Shin-Ei Animation,studio_247,0.067505,-0.257953,0.127798,0.202961,-0.086544,-0.052773,-0.161055,0.023658,-0.017813,-0.263031,0.398046,0.303604,0.184898,0.227754,-0.182166,0.06703,0.003079,0.017928,0.268637,-0.020533,0.00971,-0.300773,0.044147,0.001045,-0.278243,0.088253,0.170013,-0.132936,0.148917,0.392585,-0.214202,-0.224597,0.743463,0.38892,0.33239,-0.45458,0.060976,-0.124531,0.009736,-0.081348,0.085597,-0.411399,0.400437,0.08448,0.340917,-0.092965,0.009759,-0.654733,-0.408308,0.046343,0.063168,0.169606,-0.049646,-0.096998,0.2319,-0.03991,-0.098163,-0.107867,-0.126955,0.023656,0.012735,0.198603,-0.187331,-0.359811
1958,Pierrot Plus,studio_1129,0.094916,-0.283241,0.138218,0.237488,-0.090565,-0.036372,-0.140739,0.001494,-0.024925,-0.257711,0.3763,0.296565,0.165031,0.255428,-0.141719,0.058044,-0.040451,-0.011261,0.277698,-0.027982,0.042082,-0.295973,0.063963,-0.012306,-0.302639,0.072475,0.165664,-0.13518,0.156366,0.369078,-0.239414,-0.207515,0.732793,0.411557,0.375944,-0.450517,0.057743,-0.106432,0.015081,-0.107317,0.092971,-0.424453,0.413204,0.089206,0.36145,-0.096194,0.013397,-0.657208,-0.390257,0.04679,0.064203,0.185654,-0.007541,-0.098368,0.229047,0.011399,-0.13676,-0.124856,-0.105372,0.010742,0.007285,0.231998,-0.213759,-0.383715
1960,Studio Palette,studio_2201,0.136787,-0.291235,0.21391,0.199683,-0.063174,-0.071406,-0.132915,-0.018986,0.049644,-0.245754,0.289146,0.423344,0.27727,0.201229,-0.133596,0.060704,0.083776,0.006484,0.275247,-0.005822,-0.006112,-0.279867,0.007145,0.127634,-0.161353,0.103718,0.160226,-0.006443,0.287425,0.447769,-0.134363,-0.210755,0.824667,0.407595,0.301548,-0.486717,0.140273,-0.103022,-0.031568,-0.089759,0.143224,-0.499524,0.454206,0.070859,0.239222,-0.07802,0.185367,-0.673021,-0.485067,-0.049844,0.050119,0.193002,-0.04623,-0.022727,0.29591,-0.138067,-0.073332,-0.059294,-0.139349,-0.039747,0.105753,0.068817,-0.094409,-0.384256
1971,Production Reed,studio_196,0.129589,-0.330197,0.190446,0.209291,-0.094012,-0.047041,-0.143821,-0.021257,-0.001308,-0.263598,0.294309,0.38436,0.274308,0.183438,-0.131536,0.092557,0.039716,-0.008768,0.308395,0.003866,-0.011573,-0.288522,-0.00476,0.091664,-0.19933,0.13796,0.120834,-0.046049,0.262043,0.436131,-0.163472,-0.177376,0.812631,0.367619,0.292851,-0.477797,0.148048,-0.119489,-0.054621,-0.111463,0.170317,-0.470973,0.423313,0.041776,0.272384,-0.11015,0.14061,-0.661533,-0.470302,0.005815,0.062169,0.139935,-0.056698,-0.056086,0.307085,-0.09338,-0.088935,-0.091481,-0.164708,0.004707,0.072897,0.115245,-0.116244,-0.373366
1976,Polygon Pictures,studio_1023,0.137471,-0.364003,0.312713,0.189919,0.025785,-0.097169,-0.210859,0.078889,0.018672,-0.326465,0.437604,0.249176,0.228356,0.245233,-0.180086,0.238149,0.058643,-0.012273,0.347836,0.116444,0.126581,-0.429288,0.05867,-0.066161,-0.161109,0.243576,0.201998,-0.086704,0.160202,0.574175,-0.082837,-0.313107,0.7988,0.324398,0.301309,-0.42486,0.188571,-0.149547,-0.047765,-0.115399,0.186832,-0.612674,0.460234,-0.024483,0.324474,-0.217767,0.172956,-0.665719,-0.33779,-0.046985,0.20234,0.21367,-0.188828,-0.07669,0.21451,-0.148164,-0.112729,-0.092838,-0.000559,0.100476,0.136104,0.130527,-0.123602,-0.311777
1986,Hoods Entertainment,studio_346,0.103953,-0.33016,0.313117,0.13924,0.038375,-0.124321,-0.283883,0.09383,0.044238,-0.337148,0.49831,0.241307,0.153423,0.234623,-0.217076,0.235025,0.129882,-0.008331,0.280116,0.09729,0.158336,-0.465744,0.101936,-0.104873,-0.163621,0.297194,0.254822,-0.082466,0.10507,0.604418,-0.074846,-0.323497,0.760919,0.358282,0.282178,-0.449846,0.18406,-0.160747,-0.010547,-0.110202,0.157945,-0.61472,0.449814,-0.020952,0.353043,-0.249551,0.129643,-0.678325,-0.295148,-0.111207,0.220853,0.232267,-0.197134,-0.096078,0.197477,-0.17528,-0.096436,-0.096905,0.100737,0.1497,0.172996,0.114925,-0.170399,-0.293076
1988,Khara,studio_47,0.072983,-0.435137,0.107432,0.346586,-0.132303,-0.149473,-0.104817,0.08892,-0.005887,-0.30141,0.4907,0.277676,0.153447,0.232863,-0.139407,0.004048,0.029833,0.030967,0.330291,-0.024524,0.044897,-0.219893,-0.082751,0.009013,-0.262221,0.024442,0.060936,-0.223543,0.145351,0.482076,-0.116384,-0.256132,0.851139,0.268359,0.272874,-0.370775,0.123338,-0.162487,-0.055446,-0.139378,0.164451,-0.48959,0.47112,0.006073,0.348286,-0.063617,0.071816,-0.731064,-0.420435,0.112277,0.077194,0.174946,-0.052418,-0.117197,0.324416,-0.068913,-0.105928,-0.159237,-0.104244,0.038562,0.047471,0.304216,-0.242059,-0.453732
2001,NAZ,studio_951,0.079531,-0.347233,0.228737,0.268006,-0.000473,-0.065956,-0.09494,0.11402,0.058669,-0.320105,0.460191,0.286951,0.203403,0.325508,-0.14834,0.115185,-0.039134,0.007298,0.343963,0.050483,0.107136,-0.355631,0.00076,-0.11053,-0.251064,0.084106,0.210915,-0.233705,0.091043,0.513109,-0.119964,-0.294997,0.774255,0.284924,0.377893,-0.446826,0.080565,-0.096939,-0.052701,-0.059783,0.116419,-0.592179,0.535542,0.00113,0.331362,-0.162089,0.166823,-0.659371,-0.371034,-0.027775,0.117066,0.25412,-0.077608,-0.126588,0.219926,-0.102767,-0.142174,-0.096636,-0.056396,0.016719,0.073647,0.244053,-0.228223,-0.337584
2044,C2C,studio_605,0.103274,-0.288035,0.168191,0.193099,-0.082109,-0.062001,-0.15224,0.00887,0.006185,-0.260641,0.332279,0.376645,0.255712,0.188938,-0.159914,0.076331,0.051403,0.015576,0.291764,0.002492,-0.020683,-0.292209,0.001487,0.085519,-0.201866,0.119484,0.151053,-0.061282,0.229031,0.433897,-0.161164,-0.209848,0.796131,0.3697,0.287425,-0.473679,0.115516,-0.125449,-0.037268,-0.083462,0.138235,-0.450572,0.422483,0.059652,0.268676,-0.097688,0.111156,-0.66216,-0.468641,0.007464,0.057496,0.15289,-0.073712,-0.062101,0.280001,-0.110493,-0.068017,-0.085211,-0.163515,0.001604,0.064394,0.114098,-0.120877,-0.354032
2053,TROYCA,studio_1103,0.087844,-0.394682,0.198878,0.258834,-0.052988,-0.089603,-0.158834,0.097636,-0.001182,-0.320611,0.441871,0.301457,0.161058,0.241928,-0.155352,0.069474,0.015656,0.004164,0.327912,0.028438,0.056228,-0.326164,-0.007095,-0.019429,-0.230963,0.139207,0.152364,-0.162724,0.1285,0.497217,-0.130772,-0.25904,0.78739,0.303635,0.288938,-0.440256,0.108951,-0.125119,-0.065051,-0.110022,0.162358,-0.52959,0.487662,0.012737,0.303402,-0.146651,0.116955,-0.702656,-0.39124,0.017454,0.114654,0.179099,-0.088333,-0.121985,0.278368,-0.089644,-0.095259,-0.128889,-0.069026,0.063509,0.078209,0.220974,-0.21349,-0.341591
2055,Drive,studio_1967,0.101417,-0.305428,0.157745,0.208989,-0.095644,-0.041105,-0.150275,0.000464,-0.013688,-0.265742,0.335687,0.34679,0.246237,0.207019,-0.150909,0.098909,0.017784,-0.003048,0.306444,0.001458,0.004566,-0.298473,0.009565,0.036857,-0.233252,0.139343,0.134862,-0.092419,0.211722,0.431298,-0.191555,-0.189088,0.791085,0.369862,0.30914,-0.473138,0.123497,-0.11457,-0.047699,-0.112412,0.157331,-0.439306,0.411306,0.040906,0.302145,-0.114783,0.094848,-0.659909,-0.440214,0.017329,0.057965,0.150509,-0.053837,-0.0754,0.281467,-0.069326,-0.083161,-0.101273,-0.160301,0.030635,0.043621,0.155803,-0.160591,-0.352597
2057,C-Station,studio_1075,0.176005,-0.388904,0.270992,0.17545,-0.009512,-0.044513,-0.172189,0.116201,0.030939,-0.326442,0.403086,0.260456,0.043967,0.317911,-0.150523,0.132685,-0.030237,-0.099971,0.249785,0.038843,0.05304,-0.406991,0.077468,-0.059764,-0.289174,0.200585,0.178438,-0.117947,0.142235,0.460831,-0.182505,-0.28278,0.710417,0.433936,0.377978,-0.40528,0.047153,-0.070863,-0.015576,-0.159424,0.141777,-0.613677,0.536308,0.062176,0.298087,-0.114501,0.139683,-0.706586,-0.287388,-0.023499,0.174279,0.224015,-0.03488,-0.176795,0.181367,-0.008931,-0.181743,-0.194889,0.021829,0.056098,0.051722,0.199946,-0.195234,-0.309038
2072,ENGI,studio_1974,0.111423,-0.297731,0.175789,0.194298,-0.072685,-0.055166,-0.153971,0.008796,0.013861,-0.267828,0.342617,0.35279,0.250964,0.221236,-0.168603,0.117359,0.083176,0.002009,0.281121,0.024383,0.03591,-0.328056,0.038767,0.041778,-0.195484,0.155141,0.159424,-0.063387,0.227967,0.475569,-0.174141,-0.221138,0.813352,0.393888,0.305386,-0.484236,0.144542,-0.090512,-0.055493,-0.112872,0.155336,-0.474794,0.44474,0.031537,0.297653,-0.11439,0.158127,-0.675391,-0.441809,-0.041807,0.075654,0.193899,-0.058196,-0.047971,0.269088,-0.126595,-0.062616,-0.087352,-0.138639,0.031466,0.086489,0.109586,-0.158894,-0.342509
2080,Gallop,studio_36,0.105037,-0.283311,0.17093,0.210107,-0.054418,-0.055711,-0.168996,0.036658,-0.007153,-0.269369,0.40696,0.282029,0.168157,0.257769,-0.154349,0.11034,-0.008069,-0.00887,0.294344,0.017873,0.06789,-0.339612,0.075249,-0.024722,-0.264836,0.126742,0.201623,-0.115729,0.140896,0.430101,-0.197111,-0.250377,0.73525,0.400754,0.353536,-0.440361,0.076673,-0.117479,-0.000894,-0.104749,0.117165,-0.465119,0.429559,0.063126,0.345351,-0.135128,0.049338,-0.664562,-0.372624,0.00731,0.103797,0.202252,-0.063394,-0.093254,0.203114,-0.041122,-0.116229,-0.123732,-0.066357,0.036284,0.040437,0.19282,-0.196396,-0.342127
2091,Marvy Jack,studio_553,0.130608,-0.296679,0.205771,0.195984,-0.077052,-0.075323,-0.129672,-0.02416,0.037735,-0.246605,0.279109,0.433971,0.283539,0.188202,-0.134859,0.05139,0.077948,0.011439,0.272934,-0.017312,-0.019461,-0.260639,-0.01048,0.135499,-0.167168,0.10293,0.136872,-0.006619,0.294368,0.439644,-0.137703,-0.191846,0.829089,0.399338,0.292407,-0.490827,0.144528,-0.111984,-0.031634,-0.084867,0.145501,-0.486827,0.444048,0.068732,0.238779,-0.069763,0.176388,-0.668297,-0.494078,-0.031791,0.039738,0.176827,-0.04366,-0.028797,0.310622,-0.135396,-0.074936,-0.05703,-0.164307,-0.04229,0.101682,0.070444,-0.085426,-0.397651
2094,Lay-duce,studio_1087,0.083722,-0.28218,0.159157,0.207215,-0.0637,-0.052055,-0.173499,0.029265,-0.013363,-0.278871,0.412795,0.275455,0.165956,0.259543,-0.183488,0.108934,0.024772,-0.001931,0.2665,0.00926,0.078833,-0.349554,0.087562,-0.047781,-0.267279,0.134676,0.18859,-0.132013,0.139165,0.438422,-0.21691,-0.242405,0.749418,0.407108,0.350773,-0.463101,0.090766,-0.097501,-0.005096,-0.110114,0.104139,-0.456164,0.4282,0.05569,0.367707,-0.128436,0.053311,-0.668819,-0.370949,-0.00462,0.0973,0.209906,-0.045972,-0.090486,0.216605,-0.051678,-0.105025,-0.11334,-0.074889,0.058745,0.046903,0.196854,-0.223639,-0.346509
2100,Signal.MD,studio_1278,0.095087,-0.309429,0.153692,0.205569,-0.090214,-0.029653,-0.165975,0.007363,-0.0282,-0.28088,0.368279,0.297779,0.196076,0.233038,-0.159667,0.122475,0.029398,-0.016199,0.286911,0.016968,0.05364,-0.338285,0.067518,-0.011355,-0.252373,0.153654,0.166115,-0.104791,0.173444,0.43949,-0.22099,-0.211388,0.775757,0.399438,0.322784,-0.478071,0.121079,-0.09506,-0.053397,-0.138457,0.145752,-0.446898,0.419115,0.037936,0.345779,-0.129573,0.078581,-0.676999,-0.398469,-0.001614,0.08853,0.179401,-0.033828,-0.078385,0.256868,-0.062991,-0.091117,-0.123449,-0.112096,0.059878,0.054965,0.180592,-0.213026,-0.334581
2106,AIC ASTA,studio_88,0.08767,-0.277021,0.134212,0.232715,-0.089275,-0.038572,-0.142403,0.00531,-0.024595,-0.259012,0.38285,0.295471,0.16451,0.256405,-0.148453,0.057842,-0.036472,-0.003519,0.27749,-0.028798,0.037289,-0.294859,0.064312,-0.012421,-0.303003,0.071926,0.169077,-0.135905,0.14884,0.369728,-0.237707,-0.21079,0.732073,0.41095,0.368397,-0.448884,0.054845,-0.106827,0.014583,-0.104741,0.088557,-0.417673,0.412144,0.093421,0.358448,-0.093953,0.008189,-0.658616,-0.392775,0.047,0.065041,0.184638,-0.012468,-0.09809,0.225018,0.00723,-0.129176,-0.120859,-0.109503,0.012474,0.00317,0.22921,-0.210666,-0.379578
2109,P.I.C.S.,studio_1872,0.14056,-0.429657,0.119921,0.325996,-0.159361,-0.120292,-0.140407,0.057447,-0.015681,-0.308252,0.4051,0.306848,0.184905,0.211856,-0.085358,0.04257,0.040431,-0.000229,0.340331,0.021564,0.007935,-0.22587,-0.0987,0.053943,-0.214929,0.100642,0.051195,-0.176033,0.175231,0.45787,-0.144717,-0.205907,0.82853,0.302802,0.23732,-0.366404,0.151078,-0.154154,-0.063104,-0.167146,0.191882,-0.498329,0.42163,0.020993,0.346236,-0.105511,0.06698,-0.726873,-0.434074,0.110049,0.116501,0.108338,-0.054157,-0.115408,0.318061,-0.049485,-0.140195,-0.170532,-0.116267,0.047465,0.054622,0.267064,-0.1902,-0.444094
2112,Millepensee,studio_1237,0.120979,-0.31562,0.222777,0.189585,-0.049208,-0.063623,-0.17814,0.018924,0.015195,-0.279743,0.356104,0.345862,0.245873,0.203114,-0.151737,0.128347,0.050171,-0.002947,0.313769,0.034997,0.025892,-0.337002,0.022225,0.041232,-0.188618,0.172038,0.173678,-0.058085,0.210293,0.477594,-0.13522,-0.230238,0.790344,0.363065,0.292309,-0.463823,0.14261,-0.130993,-0.04359,-0.103313,0.16477,-0.503919,0.430717,0.034726,0.281681,-0.147477,0.131938,-0.66322,-0.426193,-0.023721,0.102225,0.167902,-0.102369,-0.065928,0.264595,-0.113433,-0.084309,-0.090362,-0.098046,0.034897,0.09007,0.115798,-0.125246,-0.336145
2117,TYO Animations,studio_333,0.087168,-0.406908,0.239458,0.143435,-0.021159,-0.132934,-0.314025,0.087646,0.001446,-0.372453,0.492294,0.274862,0.07122,0.203315,-0.236324,0.184339,0.238113,-0.026955,0.202133,0.085984,0.205661,-0.483721,0.143694,-0.107317,-0.163714,0.354304,0.222977,-0.079691,0.090335,0.642317,-0.130374,-0.273865,0.776264,0.37773,0.229968,-0.530672,0.217888,-0.102775,-0.085325,-0.160629,0.177727,-0.571795,0.499902,-0.061922,0.397046,-0.279123,0.163331,-0.73885,-0.333665,-0.177892,0.221902,0.225856,-0.130601,-0.117198,0.260343,-0.214319,-0.054634,-0.128251,0.097726,0.218113,0.239355,0.099839,-0.30946,-0.283905
2121,Studio Colorido,studio_1033,0.094656,-0.350727,0.108408,0.275652,-0.114168,-0.065313,-0.157293,0.018927,-0.047405,-0.284519,0.400314,0.305336,0.156338,0.218269,-0.154777,0.040638,0.010741,0.004135,0.274044,-0.027002,0.028936,-0.269764,0.022232,0.015507,-0.276491,0.075116,0.125675,-0.151539,0.13881,0.424579,-0.213615,-0.216351,0.768453,0.359077,0.30376,-0.448544,0.078761,-0.119695,-0.048043,-0.122515,0.128629,-0.422211,0.43771,0.05572,0.356721,-0.090231,0.037523,-0.705613,-0.416091,0.045086,0.085905,0.162164,-0.013582,-0.103438,0.286568,-0.041487,-0.118795,-0.152777,-0.128594,0.040805,0.048451,0.225688,-0.234372,-0.394448
2127,Geek Toys,studio_1857,0.099964,-0.268739,0.197109,0.188619,-0.044439,-0.069721,-0.172065,0.024791,0.027836,-0.266906,0.388725,0.322485,0.209672,0.239842,-0.172357,0.107706,0.054314,0.007612,0.276269,0.011639,0.045733,-0.334794,0.056484,0.011664,-0.217632,0.134428,0.199312,-0.079653,0.183665,0.458117,-0.161312,-0.252211,0.772618,0.405551,0.325766,-0.460209,0.108544,-0.113728,-0.004799,-0.094745,0.117515,-0.486799,0.432832,0.062759,0.308602,-0.116931,0.100043,-0.666085,-0.401309,-0.032871,0.090073,0.210516,-0.072136,-0.063268,0.229703,-0.098249,-0.086636,-0.087491,-0.074929,0.025214,0.072001,0.136298,-0.156661,-0.346767
2132,Okuruto Noboru,studio_2037,0.098991,-0.296145,0.154928,0.218286,-0.093896,-0.057265,-0.148728,0.000705,-0.000728,-0.260348,0.355618,0.346756,0.212949,0.21162,-0.148117,0.059004,0.022373,0.004337,0.283241,-0.020186,0.001494,-0.284266,0.019524,0.050776,-0.244623,0.094803,0.149736,-0.092308,0.201478,0.408142,-0.18632,-0.204479,0.776157,0.386331,0.31744,-0.460735,0.097061,-0.121236,-0.015187,-0.100966,0.122397,-0.442014,0.417285,0.072981,0.308414,-0.092112,0.068694,-0.666333,-0.438959,0.023849,0.058186,0.163537,-0.039539,-0.076768,0.269662,-0.057882,-0.09712,-0.104528,-0.129803,0.005666,0.043179,0.167137,-0.163393,-0.378318
2139,Silver,studio_1873,0.074986,-0.276815,0.157964,0.216789,-0.081363,-0.049693,-0.162625,0.002625,-0.016898,-0.268647,0.395299,0.290252,0.168706,0.244329,-0.168714,0.069967,-0.018554,0.002227,0.262113,-0.036269,0.039473,-0.301484,0.058231,-0.032225,-0.297163,0.090634,0.162291,-0.138981,0.146883,0.385096,-0.221782,-0.207578,0.737383,0.40195,0.359224,-0.455807,0.07413,-0.120991,0.031193,-0.09701,0.082964,-0.434974,0.396668,0.085095,0.369278,-0.099969,0.001518,-0.651155,-0.377091,0.042515,0.071711,0.180545,-0.027283,-0.102246,0.236418,-0.003417,-0.134134,-0.107131,-0.087686,0.030149,0.015929,0.225875,-0.199123,-0.391068
2140,Arvo Animation,studio_1874,0.074986,-0.276815,0.157964,0.216789,-0.081363,-0.049693,-0.162625,0.002625,-0.016898,-0.268647,0.395299,0.290252,0.168706,0.244329,-0.168714,0.069967,-0.018554,0.002227,0.262113,-0.036269,0.039473,-0.301484,0.058231,-0.032225,-0.297163,0.090634,0.162291,-0.138981,0.146883,0.385096,-0.221782,-0.207578,0.737383,0.40195,0.359224,-0.455807,0.07413,-0.120991,0.031193,-0.09701,0.082964,-0.434974,0.396668,0.085095,0.369278,-0.099969,0.001518,-0.651155,-0.377091,0.042515,0.071711,0.180545,-0.027283,-0.102246,0.236418,-0.003417,-0.134134,-0.107131,-0.087686,0.030149,0.015929,0.225875,-0.199123,-0.391068
2146,LAN Studio,studio_1774,0.129943,-0.436949,0.13981,0.316079,-0.136998,-0.114995,-0.125399,0.051794,-0.022314,-0.306077,0.399311,0.298227,0.211847,0.216183,-0.111298,0.071994,0.032652,0.001191,0.349063,0.025846,0.02301,-0.247522,-0.083214,0.036765,-0.218881,0.103078,0.047094,-0.167763,0.194313,0.476916,-0.139122,-0.213476,0.849297,0.287349,0.254914,-0.383163,0.166889,-0.15044,-0.078618,-0.162078,0.198287,-0.50181,0.439259,-0.001272,0.339769,-0.101062,0.104532,-0.713803,-0.435586,0.102335,0.110189,0.129682,-0.068629,-0.104604,0.324743,-0.068223,-0.125129,-0.154157,-0.139052,0.05029,0.058717,0.250455,-0.17972,-0.434975
2174,studio MOTHER,studio_2246,0.119055,-0.30993,0.286483,0.161889,-0.001976,-0.094182,-0.220123,0.033129,0.047779,-0.295345,0.40594,0.306184,0.218098,0.224108,-0.175732,0.182279,0.08242,-0.008549,0.292986,0.049222,0.087141,-0.385958,0.054981,-0.024889,-0.174116,0.217327,0.20951,-0.059213,0.182607,0.530092,-0.097763,-0.26894,0.781331,0.375762,0.304035,-0.455384,0.1694,-0.147403,-0.006731,-0.103942,0.152385,-0.571027,0.4328,0.018138,0.312117,-0.181664,0.135016,-0.658689,-0.359831,-0.071564,0.147617,0.210624,-0.138914,-0.069924,0.234311,-0.139088,-0.10717,-0.078875,0.006582,0.069489,0.129629,0.10849,-0.125509,-0.340976
2177,APPP,studio_77,0.129446,-0.341828,0.287328,0.169798,-0.006675,-0.089151,-0.228872,0.042148,0.016384,-0.307672,0.408192,0.281152,0.209295,0.220544,-0.163679,0.209169,0.048381,-0.023494,0.317837,0.068221,0.102617,-0.395599,0.051383,-0.046865,-0.188916,0.251974,0.19219,-0.069637,0.165036,0.53487,-0.106456,-0.255044,0.772346,0.352345,0.301361,-0.443875,0.179574,-0.16016,-0.022012,-0.121592,0.184058,-0.571392,0.424551,-0.006664,0.330114,-0.21217,0.123651,-0.657369,-0.340695,-0.046025,0.171467,0.18545,-0.155546,-0.091183,0.236032,-0.113099,-0.121863,-0.100963,0.003468,0.098151,0.122789,0.132475,-0.131301,-0.331021
2184,Bones Film,studio_3045,0.094163,-0.275767,0.143721,0.231555,-0.079369,-0.040019,-0.144331,0.012379,-0.017245,-0.260931,0.390795,0.292158,0.165278,0.259791,-0.147866,0.066238,-0.032718,-0.008346,0.283717,-0.018029,0.040249,-0.307764,0.068588,-0.0186,-0.294052,0.078941,0.180981,-0.133976,0.146165,0.382081,-0.22927,-0.225725,0.732996,0.411686,0.368802,-0.44586,0.056368,-0.104118,0.006485,-0.109046,0.09523,-0.424766,0.41609,0.09056,0.353012,-0.101991,0.016247,-0.66109,-0.393354,0.035463,0.070913,0.194153,-0.020235,-0.098206,0.216652,0.001617,-0.124659,-0.120429,-0.098558,0.015648,0.010923,0.224256,-0.213977,-0.365485
2190,Geno Studio,studio_1393,0.157149,-0.365686,0.324981,0.151738,0.017878,-0.071932,-0.228314,0.068131,0.024824,-0.325949,0.397729,0.274653,0.192863,0.239245,-0.166836,0.233683,0.040825,-0.050535,0.317387,0.093855,0.092053,-0.435461,0.063635,-0.057508,-0.184922,0.282627,0.19778,-0.062952,0.171836,0.545843,-0.106264,-0.27313,0.765638,0.360754,0.31074,-0.440227,0.17063,-0.138136,-0.038634,-0.131546,0.19234,-0.61281,0.458031,-0.008224,0.304746,-0.215586,0.164181,-0.662124,-0.323996,-0.062293,0.19612,0.192814,-0.158688,-0.108142,0.218232,-0.112534,-0.131599,-0.114885,0.014927,0.102797,0.126164,0.117729,-0.119491,-0.297703
2194,Revoroot,studio_1692,0.124307,-0.328453,0.174006,0.207494,-0.105086,-0.03993,-0.145506,-0.023565,-0.006959,-0.264096,0.296094,0.3701,0.279143,0.191437,-0.139181,0.116398,0.041842,-0.013659,0.310267,0.007069,-0.000923,-0.293377,-0.004071,0.066481,-0.208098,0.159003,0.109365,-0.059736,0.258794,0.446496,-0.178778,-0.16831,0.821383,0.370509,0.295569,-0.480083,0.16206,-0.111304,-0.06864,-0.130893,0.185407,-0.456625,0.414453,0.024123,0.288021,-0.113584,0.141657,-0.663135,-0.460253,0.002481,0.058145,0.140877,-0.051044,-0.056952,0.308937,-0.088473,-0.081323,-0.096279,-0.175381,0.027873,0.062932,0.124152,-0.135111,-0.365765
2214,Studio Comet,studio_126,0.119712,-0.296807,0.203306,0.205676,-0.035574,-0.060091,-0.177895,0.039652,0.003276,-0.276657,0.412715,0.276442,0.171285,0.262138,-0.147494,0.136729,-2.2e-05,-0.017082,0.307287,0.037089,0.087218,-0.360953,0.083683,-0.035299,-0.246353,0.154398,0.213794,-0.103715,0.141958,0.45813,-0.175389,-0.26233,0.739152,0.400168,0.350286,-0.434673,0.09626,-0.117195,-0.00852,-0.116658,0.135364,-0.4952,0.43856,0.051459,0.338987,-0.158452,0.072631,-0.666125,-0.361479,-0.016865,0.124995,0.213937,-0.080482,-0.090142,0.197053,-0.053543,-0.119183,-0.121164,-0.037171,0.047552,0.062075,0.181041,-0.188833,-0.331268
2253,Atelier Pontdarc,studio_2298,0.151275,-0.388602,0.213342,0.224033,-0.045006,-0.04869,-0.16135,0.050755,-0.034177,-0.309591,0.364888,0.298746,0.228005,0.228946,-0.14554,0.173016,0.035845,-0.028318,0.354076,0.103572,0.079772,-0.391225,0.059824,0.002802,-0.18733,0.204099,0.166267,-0.081944,0.18865,0.512804,-0.163285,-0.256073,0.799042,0.336184,0.296043,-0.455855,0.154463,-0.095035,-0.115821,-0.140299,0.201219,-0.514183,0.480683,-0.010544,0.306043,-0.191721,0.177938,-0.68564,-0.425355,-0.019152,0.152365,0.177068,-0.112875,-0.079456,0.24415,-0.114993,-0.083858,-0.125225,-0.117107,0.073869,0.103698,0.134405,-0.178702,-0.295063
2278,Studio PuYUKAI,studio_443,0.127841,-0.385979,0.157643,0.300392,-0.089118,-0.047216,-0.135609,0.000412,-0.065721,-0.289858,0.349375,0.284379,0.305194,0.218848,-0.182154,0.164923,0.008883,0.012729,0.33108,0.022372,0.034712,-0.26706,-0.036358,0.009075,-0.217483,0.116899,0.054699,-0.147314,0.204577,0.518267,-0.183232,-0.227672,0.861644,0.295806,0.294032,-0.444036,0.163188,-0.124654,-0.12053,-0.129908,0.2104,-0.480081,0.437835,-0.029209,0.33864,-0.07291,0.162903,-0.698804,-0.399467,0.04142,0.104821,0.167567,-0.054487,-0.045974,0.338802,-0.114948,-0.117496,-0.134011,-0.227853,0.061758,0.072034,0.178111,-0.144997,-0.402434
2287,Topcraft,studio_363,0.126611,-0.390946,0.190814,0.230064,-0.060851,-0.128437,-0.216354,0.080752,0.018728,-0.310224,0.479292,0.284669,0.062644,0.233717,-0.127471,0.085729,0.073342,-0.033672,0.277225,0.023379,0.117883,-0.350096,0.06151,-0.020853,-0.236911,0.183464,0.201582,-0.110425,0.103821,0.516522,-0.123791,-0.270484,0.74654,0.378527,0.286243,-0.416923,0.116391,-0.143753,-0.0357,-0.16104,0.169732,-0.531783,0.485331,0.02185,0.347121,-0.184452,0.077217,-0.731776,-0.357621,-0.04649,0.161961,0.20782,-0.078998,-0.131557,0.23725,-0.082755,-0.114461,-0.17587,0.060636,0.088933,0.124419,0.199304,-0.261143,-0.350044
2296,HAL Film Maker,studio_34,0.132262,-0.397114,0.280903,0.229867,0.028827,-0.156745,-0.246453,0.155266,0.01471,-0.382923,0.525175,0.203626,0.109811,0.292193,-0.197501,0.181093,0.145007,0.010795,0.285574,0.156424,0.203136,-0.455538,0.09164,-0.110752,-0.136821,0.24519,0.233186,-0.144041,0.061985,0.61402,-0.09724,-0.373844,0.775869,0.340999,0.258397,-0.413075,0.172259,-0.113423,-0.040864,-0.116981,0.132529,-0.660923,0.515333,-0.011743,0.392872,-0.240648,0.161046,-0.734017,-0.304473,-0.075233,0.280897,0.248023,-0.172788,-0.101486,0.180631,-0.181987,-0.12744,-0.11561,0.084283,0.143772,0.185924,0.173048,-0.215981,-0.322367
2298,AIC,studio_48,0.108863,-0.309687,0.215065,0.210252,-0.013017,-0.104124,-0.233226,0.09625,-0.008675,-0.341167,0.469974,0.228848,0.154663,0.272962,-0.212456,0.151077,0.099784,0.031757,0.25421,0.078516,0.111869,-0.40359,0.08015,-0.074367,-0.196355,0.192077,0.219668,-0.14206,0.077291,0.526687,-0.174895,-0.318704,0.762884,0.376194,0.297042,-0.435827,0.127613,-0.120133,-0.01494,-0.091821,0.111287,-0.56387,0.465206,0.024897,0.38957,-0.179158,0.093636,-0.694948,-0.316687,-0.036827,0.206442,0.209533,-0.119082,-0.084291,0.19129,-0.134912,-0.111726,-0.120005,-0.012631,0.111401,0.115919,0.173273,-0.194926,-0.316968
2307,SANZIGEN,studio_537,0.150208,-0.285095,0.205947,0.290932,-0.02081,-0.056014,-0.161993,0.111059,0.023628,-0.314489,0.423011,0.240697,0.198025,0.362813,-0.107359,0.132149,0.005121,0.013847,0.354814,0.129715,0.122098,-0.361743,0.041147,-0.062604,-0.174604,0.156628,0.236238,-0.18362,0.088405,0.478581,-0.192991,-0.312972,0.746826,0.397912,0.335491,-0.393402,0.09212,-0.057122,-0.017148,-0.110541,0.121023,-0.582531,0.457399,0.065676,0.356616,-0.180447,0.118649,-0.705633,-0.326356,-0.016117,0.182546,0.226143,-0.074555,-0.066207,0.154479,-0.064347,-0.144466,-0.109463,-0.032617,0.051774,0.048872,0.237492,-0.193295,-0.317862
2310,GEMBA,studio_1381,0.151085,-0.345461,0.310889,0.173519,0.019309,-0.07951,-0.232691,0.056438,0.033329,-0.312969,0.428121,0.2662,0.206281,0.240374,-0.152534,0.235845,0.057661,-0.033351,0.343245,0.104294,0.125191,-0.435445,0.079812,-0.055838,-0.170018,0.268788,0.233705,-0.058674,0.154772,0.563859,-0.089763,-0.29394,0.768026,0.362342,0.307236,-0.433062,0.17858,-0.145953,-0.042674,-0.13637,0.198473,-0.597789,0.447537,-0.00941,0.316933,-0.239707,0.155098,-0.668597,-0.333126,-0.084343,0.197582,0.212088,-0.168493,-0.077637,0.204854,-0.125718,-0.111299,-0.108251,0.040457,0.103011,0.136112,0.117895,-0.141511,-0.292263
2314,EMT Squared,studio_1264,0.100525,-0.325798,0.197319,0.209346,-0.055423,-0.064466,-0.152859,0.0288,-0.001999,-0.288411,0.356802,0.336781,0.247239,0.225544,-0.178884,0.112119,0.065807,0.01289,0.29631,0.034983,0.046149,-0.334655,0.032502,0.024418,-0.19393,0.147875,0.153848,-0.083784,0.208759,0.481338,-0.163056,-0.235003,0.813452,0.359702,0.298256,-0.483455,0.14397,-0.098083,-0.060663,-0.097442,0.145649,-0.495735,0.457987,0.025578,0.299918,-0.123537,0.15968,-0.674896,-0.434575,-0.02144,0.093366,0.188073,-0.07787,-0.05697,0.273867,-0.129594,-0.070587,-0.078816,-0.137926,0.037925,0.088759,0.126625,-0.155259,-0.345277
2324,Haoliners Animation,studio_1325,0.192902,-0.363347,0.208048,0.237129,-0.066741,-0.046873,-0.223913,0.06654,-0.03873,-0.348116,0.370331,0.31453,0.17639,0.257367,-0.079997,0.140796,0.07749,-0.026112,0.341034,0.15058,0.085419,-0.394663,0.051678,0.034324,-0.137292,0.27291,0.209749,-0.065935,0.129518,0.500874,-0.1898,-0.265353,0.745969,0.36553,0.237952,-0.438962,0.14666,-0.09331,-0.113353,-0.143379,0.186112,-0.533339,0.455881,0.044396,0.328924,-0.232972,0.152496,-0.712386,-0.397629,-0.023739,0.200827,0.131428,-0.121186,-0.078636,0.22105,-0.091377,-0.107921,-0.160388,-0.056001,0.078447,0.105871,0.145231,-0.184262,-0.272247
2330,B.CMAY PICTURES,studio_1350,0.166902,-0.353891,0.204864,0.271258,-0.161338,-0.040231,-0.248288,0.050117,0.023083,-0.32942,0.325578,0.324992,0.22083,0.310853,-0.03058,0.129321,0.091493,0.009994,0.355596,0.154123,0.070196,-0.31528,-0.105211,0.020073,-0.150571,0.268785,0.119133,-0.12339,0.154938,0.47747,-0.169051,-0.227511,0.747581,0.35876,0.214193,-0.414454,0.172472,-0.137036,-0.123228,-0.139625,0.173544,-0.554549,0.347857,0.075017,0.34249,-0.190342,0.069439,-0.622736,-0.393917,0.055124,0.178094,0.026233,-0.101613,-0.075113,0.230643,-0.033962,-0.221613,-0.169946,-0.089042,-0.003463,0.054664,0.163929,-0.114409,-0.332432
2334,Felix Film,studio_1440,0.092886,-0.283377,0.141864,0.238331,-0.089765,-0.033074,-0.140017,-0.0013,-0.021535,-0.260066,0.379105,0.296807,0.167618,0.255973,-0.143298,0.058426,-0.039591,-0.008446,0.280077,-0.030308,0.037705,-0.295944,0.066579,-0.015123,-0.302818,0.069492,0.166936,-0.136887,0.154011,0.368552,-0.237772,-0.207788,0.734175,0.413402,0.372425,-0.449028,0.057902,-0.103378,0.012507,-0.111597,0.091391,-0.421797,0.412432,0.094253,0.359722,-0.09456,0.010452,-0.659826,-0.39384,0.046147,0.065226,0.185556,-0.005944,-0.096426,0.228724,0.01426,-0.135411,-0.120028,-0.103479,0.011453,0.0053,0.234599,-0.212991,-0.382858
2339,Tear Studio,studio_1890,0.113788,-0.302813,0.313316,0.166488,0.033836,-0.095432,-0.246993,0.057022,0.051162,-0.309838,0.471829,0.236877,0.16272,0.271253,-0.185219,0.216751,0.062894,-0.01868,0.288855,0.064821,0.153961,-0.433619,0.109761,-0.113016,-0.203632,0.239315,0.254117,-0.093433,0.118839,0.54569,-0.106121,-0.304932,0.747184,0.394344,0.342175,-0.435581,0.157578,-0.145538,0.026606,-0.116715,0.137125,-0.600431,0.433877,0.016727,0.365657,-0.215017,0.100387,-0.661592,-0.280729,-0.086478,0.191659,0.249585,-0.146429,-0.084423,0.18364,-0.104497,-0.134619,-0.091433,0.095368,0.106979,0.127241,0.157044,-0.166433,-0.329918
2343,Studio Flad,studio_1693,0.111351,-0.238884,0.171007,0.196378,-0.076862,-0.060082,-0.122022,-0.032691,0.067373,-0.225088,0.306211,0.392001,0.272299,0.25947,-0.162337,0.08518,0.115241,0.007291,0.238388,-0.024309,0.042973,-0.285245,0.044756,0.068441,-0.18965,0.111541,0.164919,-0.03323,0.282066,0.463241,-0.179603,-0.208548,0.841519,0.469378,0.343456,-0.500698,0.149231,-0.054342,-0.021347,-0.119058,0.134014,-0.477962,0.448945,0.060841,0.282719,-0.049241,0.197773,-0.682621,-0.445206,-0.09629,0.020292,0.25546,0.011157,0.002636,0.278029,-0.136671,-0.05046,-0.055166,-0.133429,-0.015749,0.084832,0.082211,-0.15509,-0.386348
2344,Wolfsbane,studio_2052,0.111351,-0.238884,0.171007,0.196378,-0.076862,-0.060082,-0.122022,-0.032691,0.067373,-0.225088,0.306211,0.392001,0.272299,0.25947,-0.162337,0.08518,0.115241,0.007291,0.238388,-0.024309,0.042973,-0.285245,0.044756,0.068441,-0.18965,0.111541,0.164919,-0.03323,0.282066,0.463241,-0.179603,-0.208548,0.841519,0.469378,0.343456,-0.500698,0.149231,-0.054342,-0.021347,-0.119058,0.134014,-0.477962,0.448945,0.060841,0.282719,-0.049241,0.197773,-0.682621,-0.445206,-0.09629,0.020292,0.25546,0.011157,0.002636,0.278029,-0.136671,-0.05046,-0.055166,-0.133429,-0.015749,0.084832,0.082211,-0.15509,-0.386348
2394,Seven,studio_541,0.136116,-0.295194,0.18649,0.279542,-0.037138,-0.085108,-0.184688,0.09884,-0.014306,-0.338148,0.432621,0.210071,0.174774,0.336162,-0.164313,0.12709,0.047753,0.032672,0.283144,0.113486,0.116416,-0.352567,0.04759,-0.073111,-0.18594,0.137178,0.187395,-0.193638,0.080417,0.466353,-0.218546,-0.311842,0.75064,0.395476,0.309698,-0.395414,0.100701,-0.074514,0.010932,-0.094623,0.069435,-0.57094,0.437907,0.076026,0.417293,-0.143274,0.077175,-0.707689,-0.319734,0.024011,0.212178,0.206348,-0.073568,-0.077648,0.167424,-0.074627,-0.174046,-0.108897,-0.054943,0.069471,0.058847,0.238013,-0.179828,-0.374764
2402,Studio KAI,studio_1997,0.132193,-0.337037,0.196022,0.208585,-0.090732,-0.049887,-0.146167,-0.016775,-0.003885,-0.269514,0.297817,0.385758,0.269382,0.181094,-0.126923,0.091664,0.03002,-0.007645,0.316585,0.00726,-0.016506,-0.288394,-0.009167,0.089923,-0.199917,0.13799,0.121184,-0.046237,0.253005,0.434558,-0.157602,-0.180297,0.80688,0.359657,0.286883,-0.472169,0.144965,-0.126625,-0.060675,-0.11273,0.17216,-0.467138,0.422633,0.046054,0.269407,-0.115357,0.132651,-0.662129,-0.47462,0.012363,0.068762,0.133309,-0.066163,-0.064294,0.303738,-0.088404,-0.091223,-0.091133,-0.164682,0.00478,0.072,0.118442,-0.112414,-0.369434
2403,HORNETS,studio_2097,0.130772,-0.370529,0.18604,0.228089,-0.078255,-0.060518,-0.150731,0.033008,-0.040379,-0.308098,0.331467,0.340311,0.244515,0.199486,-0.149987,0.102701,0.03917,0.002477,0.322993,0.060993,0.016289,-0.326126,0.007574,0.054274,-0.189046,0.15101,0.123842,-0.08517,0.206734,0.457565,-0.173287,-0.218668,0.802727,0.329057,0.267976,-0.465988,0.140621,-0.110789,-0.088177,-0.105785,0.160846,-0.484528,0.452009,0.029265,0.29846,-0.141365,0.140687,-0.678847,-0.465367,0.029357,0.118736,0.132721,-0.091418,-0.081045,0.281227,-0.106639,-0.092023,-0.101897,-0.174921,0.036756,0.082577,0.138882,-0.140695,-0.34423
2407,Ordet,studio_334,0.218758,-0.30105,0.283106,0.355458,0.048453,-0.072249,-0.178353,0.211083,0.071555,-0.369653,0.454383,0.187996,0.230672,0.474333,-0.0568,0.208468,0.040744,0.025485,0.435756,0.287865,0.212749,-0.426177,0.019753,-0.114093,-0.047455,0.241963,0.300937,-0.227549,0.032536,0.585707,-0.150784,-0.406845,0.76183,0.387153,0.306716,-0.337207,0.134258,-0.006042,-0.047467,-0.122711,0.156438,-0.752182,0.505943,0.035878,0.35586,-0.26838,0.233169,-0.753614,-0.257024,-0.080433,0.30234,0.269269,-0.131437,-0.032781,0.086042,-0.130584,-0.167476,-0.099883,0.04819,0.090309,0.09588,0.249667,-0.175299,-0.263946
2414,AIC Classic,studio_1306,0.21686,-0.350421,0.305501,0.334602,0.089911,-0.136348,-0.259869,0.210544,-0.01612,-0.43382,0.504292,0.110505,0.187654,0.411913,-0.202405,0.260045,0.14015,0.06079,0.300823,0.296807,0.247483,-0.465859,0.073915,-0.146781,-0.028937,0.236202,0.25505,-0.219448,-0.010795,0.654843,-0.154869,-0.482789,0.773021,0.349866,0.250854,-0.354909,0.153776,-0.055397,-0.04396,-0.07349,0.087861,-0.781107,0.521846,0.014546,0.453926,-0.230193,0.218633,-0.780985,-0.21332,-0.072584,0.422562,0.27222,-0.183184,-0.037483,0.10539,-0.227004,-0.222549,-0.111614,0.039146,0.147789,0.194569,0.187503,-0.137405,-0.330896
2415,Encourage Films,studio_354,0.130663,-0.339005,0.193955,0.210885,-0.091219,-0.045173,-0.147775,-0.018707,-0.006784,-0.27025,0.298926,0.379158,0.267763,0.183798,-0.127017,0.093185,0.027575,-0.007811,0.317971,0.007768,-0.01488,-0.289461,-0.004037,0.087898,-0.204634,0.137278,0.124076,-0.048437,0.249843,0.430496,-0.162913,-0.178113,0.803858,0.359744,0.287825,-0.472199,0.143469,-0.12421,-0.057956,-0.113089,0.169291,-0.466408,0.42336,0.048053,0.274124,-0.115876,0.129774,-0.661877,-0.469533,0.014724,0.071714,0.131149,-0.062359,-0.061985,0.303298,-0.083305,-0.091011,-0.09343,-0.16362,0.006516,0.066106,0.123178,-0.113665,-0.369498
2421,K-Factory,studio_1269,0.11115,-0.454536,0.401681,0.145354,0.019968,-0.070903,-0.271405,0.055678,0.022361,-0.393101,0.33031,0.416162,0.267699,0.182329,-0.116158,0.17732,0.052212,-0.005214,0.386241,0.054008,0.057134,-0.43425,-0.044641,-0.021096,-0.131067,0.350548,0.242228,-0.076885,0.116745,0.616965,-0.040374,-0.205656,0.794481,0.23115,0.248396,-0.566729,0.235581,-0.174689,-0.176425,-0.073399,0.274306,-0.692559,0.544802,-0.106643,0.222118,-0.363851,0.243355,-0.61299,-0.3789,-0.160449,0.161654,0.097087,-0.190275,-0.116219,0.346345,-0.237634,-0.057693,-0.087363,0.015274,0.130432,0.222946,0.063287,-0.181089,-0.19331
2422,Kitty Film Mitaka Studio,studio_2256,0.11115,-0.454536,0.401681,0.145354,0.019968,-0.070903,-0.271405,0.055678,0.022361,-0.393101,0.33031,0.416162,0.267699,0.182329,-0.116158,0.17732,0.052212,-0.005214,0.386241,0.054008,0.057134,-0.43425,-0.044641,-0.021096,-0.131067,0.350548,0.242228,-0.076885,0.116745,0.616965,-0.040374,-0.205656,0.794481,0.23115,0.248396,-0.566729,0.235581,-0.174689,-0.176425,-0.073399,0.274306,-0.692559,0.544802,-0.106643,0.222118,-0.363851,0.243355,-0.61299,-0.3789,-0.160449,0.161654,0.097087,-0.190275,-0.116219,0.346345,-0.237634,-0.057693,-0.087363,0.015274,0.130432,0.222946,0.063287,-0.181089,-0.19331
2434,Bee Train,studio_5,0.135117,-0.372282,0.168406,0.31762,-0.095166,-0.084506,-0.143593,0.074582,-0.000881,-0.313287,0.398972,0.297198,0.207446,0.277518,-0.084814,0.063408,0.003403,0.014381,0.358998,0.051736,0.047619,-0.272298,-0.055345,0.005107,-0.20162,0.122759,0.130682,-0.178999,0.134337,0.46391,-0.166391,-0.233847,0.797647,0.330909,0.28462,-0.396236,0.129288,-0.114825,-0.052784,-0.134671,0.174059,-0.535309,0.444226,0.034966,0.336417,-0.144621,0.099022,-0.710135,-0.390322,0.051422,0.129611,0.150641,-0.057252,-0.091715,0.268052,-0.051501,-0.132717,-0.132268,-0.094001,0.045238,0.049798,0.259824,-0.19077,-0.38062
2438,A.C.G.T.,studio_179,0.137602,-0.333312,0.260085,0.177836,-0.025639,-0.08001,-0.197655,0.030765,0.022489,-0.291288,0.367517,0.329119,0.23998,0.209316,-0.150378,0.171511,0.060549,-0.013848,0.323143,0.060807,0.05745,-0.365584,0.032863,0.020039,-0.171661,0.215086,0.184135,-0.044165,0.205491,0.514007,-0.110793,-0.245148,0.792102,0.358976,0.287321,-0.453476,0.168901,-0.143119,-0.046653,-0.115657,0.183828,-0.54243,0.43932,0.012847,0.285562,-0.177875,0.154306,-0.665617,-0.400968,-0.045783,0.138043,0.178459,-0.133185,-0.068428,0.25253,-0.131249,-0.092607,-0.092676,-0.05786,0.057047,0.116342,0.101488,-0.112117,-0.327826
2448,Children's Playground Entertainment,studio_1407,0.126998,-0.320316,0.208025,0.205342,-0.079075,-0.057941,-0.13982,-0.020638,0.017681,-0.26116,0.288667,0.410338,0.282405,0.18624,-0.130515,0.070945,0.046843,0.002974,0.304067,-0.003238,-0.020632,-0.27783,-0.014551,0.106188,-0.183294,0.127232,0.132957,-0.031214,0.268162,0.44044,-0.143575,-0.181724,0.816163,0.370446,0.286894,-0.487583,0.147858,-0.116812,-0.05141,-0.09921,0.163469,-0.478536,0.431998,0.055698,0.248434,-0.100373,0.156843,-0.663597,-0.483104,-0.013524,0.052614,0.152316,-0.055573,-0.0477,0.313553,-0.108929,-0.076913,-0.069936,-0.163174,-0.013417,0.085131,0.09733,-0.099576,-0.375797
2450,Actas,studio_60,0.091237,-0.341809,0.135395,0.253537,-0.097871,-0.061407,-0.130401,0.033456,-0.035627,-0.285296,0.394002,0.29172,0.153376,0.24763,-0.156896,0.043389,-0.019875,-0.003287,0.280551,-0.018072,0.029964,-0.289862,0.031616,-0.005715,-0.293403,0.068697,0.127308,-0.153995,0.152873,0.39627,-0.217606,-0.219755,0.761615,0.369254,0.336646,-0.439561,0.071027,-0.107816,-0.019353,-0.113359,0.104343,-0.443235,0.444457,0.070701,0.352746,-0.083702,0.041964,-0.680597,-0.40786,0.069327,0.0815,0.171829,-0.019882,-0.114929,0.25534,-0.013951,-0.127749,-0.133164,-0.127572,0.022912,0.018119,0.238522,-0.215348,-0.391449
2451,Platinum Vision,studio_1471,0.063202,-0.281695,0.249582,0.217693,0.014194,-0.067371,-0.181682,0.083887,0.067376,-0.308565,0.481614,0.301713,0.19657,0.269421,-0.163038,0.120832,0.004285,0.019361,0.304412,0.025508,0.103717,-0.375552,0.042047,-0.117443,-0.236155,0.172055,0.250581,-0.16347,0.080484,0.518652,-0.125754,-0.251937,0.750349,0.332083,0.352927,-0.474745,0.116612,-0.131907,0.011556,-0.068197,0.140417,-0.549495,0.455425,0.015335,0.343007,-0.208686,0.102835,-0.660269,-0.338142,-0.068551,0.124517,0.232025,-0.103558,-0.108916,0.22362,-0.080565,-0.113314,-0.070844,0.006869,0.072578,0.101929,0.219271,-0.197268,-0.318364
2476,Blade,studio_1547,0.120961,-0.255984,0.217874,0.203882,-0.045247,-0.074169,-0.12371,-0.019406,0.07579,-0.235771,0.307112,0.425989,0.258769,0.236796,-0.138706,0.030762,0.087144,0.02136,0.254044,-0.026539,0.009839,-0.273056,0.030547,0.114348,-0.170499,0.069661,0.193535,-0.011289,0.270457,0.438174,-0.136561,-0.227463,0.813404,0.441728,0.325035,-0.492289,0.116497,-0.082244,-0.005356,-0.079428,0.108525,-0.501797,0.466412,0.101952,0.239909,-0.055891,0.182092,-0.679309,-0.472684,-0.078799,0.037323,0.23605,-0.016837,-0.009179,0.276864,-0.133975,-0.068888,-0.040233,-0.111688,-0.059744,0.101272,0.076206,-0.110141,-0.391287
2482,SynergySP,studio_118,0.085465,-0.284868,0.154252,0.230095,-0.08398,-0.039227,-0.152051,-0.004445,-0.018896,-0.265331,0.383918,0.291856,0.168481,0.252587,-0.153474,0.065708,-0.031305,-0.005136,0.272584,-0.035021,0.039958,-0.298682,0.064571,-0.025979,-0.302138,0.080484,0.162799,-0.136679,0.150689,0.375628,-0.230309,-0.204557,0.73555,0.408459,0.367487,-0.451358,0.069573,-0.109651,0.022204,-0.108618,0.086939,-0.430754,0.405444,0.091973,0.365719,-0.098601,0.007635,-0.655043,-0.38408,0.043852,0.07028,0.18363,-0.013162,-0.098324,0.234123,0.009365,-0.136858,-0.112067,-0.091974,0.021171,0.009134,0.232647,-0.205767,-0.390451
2485,Staple Entertainment,studio_2405,0.077545,-0.281467,0.163573,0.22729,-0.090992,-0.019024,-0.132027,-0.006279,-0.026671,-0.270316,0.379176,0.279875,0.163963,0.254123,-0.123856,0.06772,-0.04302,-0.006806,0.286936,-0.028291,0.024852,-0.288324,0.064913,-0.003726,-0.295103,0.048836,0.192138,-0.119653,0.155957,0.359312,-0.229495,-0.221498,0.756485,0.422638,0.349528,-0.453497,0.074045,-0.118644,-0.007275,-0.128979,0.094627,-0.442299,0.390506,0.104384,0.347639,-0.071749,-0.003425,-0.675557,-0.375533,0.057453,0.073371,0.188872,0.011503,-0.074746,0.249801,-0.005175,-0.137815,-0.122443,-0.088993,-0.003599,0.022485,0.251201,-0.192425,-0.377786
2488,Ezόla,studio_1864,0.081151,-0.281363,0.157548,0.229226,-0.09107,-0.022037,-0.133317,-0.004567,-0.026526,-0.267126,0.378164,0.282367,0.164707,0.253957,-0.126796,0.067442,-0.043309,-0.008331,0.286424,-0.028286,0.027875,-0.288334,0.065475,-0.006417,-0.296862,0.052383,0.187295,-0.122428,0.156232,0.361252,-0.230774,-0.219079,0.75226,0.421972,0.353463,-0.450395,0.072379,-0.115771,-0.003206,-0.126895,0.094594,-0.438734,0.396433,0.101223,0.348376,-0.076555,-0.001162,-0.671868,-0.378494,0.057006,0.07193,0.189392,0.008545,-0.078867,0.245833,-0.001787,-0.139565,-0.12251,-0.091872,-0.001757,0.019132,0.250206,-0.195164,-0.378988
2496,Radix,studio_81,0.26024,-0.327046,0.291005,0.377795,0.055306,-0.097097,-0.169599,0.248165,0.062502,-0.393616,0.450744,0.154898,0.25668,0.499078,-0.050085,0.250459,0.063805,0.031751,0.461442,0.363497,0.230746,-0.439355,-0.005146,-0.108866,0.004618,0.262105,0.281245,-0.234154,0.036873,0.622017,-0.137791,-0.445496,0.788916,0.368481,0.275922,-0.295466,0.164688,-0.00034,-0.072897,-0.131642,0.173328,-0.805738,0.520414,0.016961,0.365574,-0.277006,0.281469,-0.771853,-0.254459,-0.061582,0.362242,0.265612,-0.168119,-0.021386,0.064456,-0.166344,-0.182249,-0.105461,0.025765,0.099643,0.110122,0.240133,-0.13776,-0.26411
2497,Maho Film,studio_1978,0.093077,-0.284397,0.142971,0.238756,-0.088904,-0.032067,-0.140651,-0.003425,-0.021715,-0.260885,0.378623,0.296342,0.166663,0.259311,-0.142924,0.057181,-0.039718,-0.007682,0.280148,-0.031098,0.03735,-0.296419,0.066759,-0.015611,-0.304824,0.070254,0.167294,-0.134606,0.151772,0.36754,-0.238375,-0.206783,0.733534,0.41314,0.372404,-0.44964,0.058929,-0.101885,0.01242,-0.112457,0.089897,-0.420548,0.412194,0.096637,0.360425,-0.095496,0.0118,-0.660639,-0.393454,0.044236,0.066006,0.184913,-0.004725,-0.096476,0.228154,0.016777,-0.133522,-0.119544,-0.103046,0.011762,0.002504,0.232678,-0.21259,-0.382698
2501,Yokohama Animation Lab,studio_1687,0.114897,-0.334644,0.168162,0.212497,-0.105809,-0.025798,-0.149155,-0.015795,-0.016881,-0.268783,0.307585,0.34982,0.279252,0.20856,-0.139034,0.141403,0.026148,-0.020586,0.327813,0.015046,0.018664,-0.305197,-0.001336,0.027117,-0.221402,0.188693,0.108375,-0.084615,0.236465,0.462003,-0.192401,-0.16039,0.81986,0.362697,0.302787,-0.482136,0.169106,-0.100978,-0.085258,-0.148119,0.205502,-0.449664,0.408915,0.002344,0.301512,-0.133269,0.140178,-0.663035,-0.43833,-0.002638,0.059579,0.144223,-0.049749,-0.065858,0.308257,-0.076592,-0.07385,-0.103304,-0.174951,0.057153,0.051547,0.146662,-0.163904,-0.344439
2528,Studio Rikka,studio_84,0.134516,-0.455192,0.111294,0.289056,-0.175338,-0.118504,-0.165914,0.024508,-0.006613,-0.284667,0.403506,0.361913,0.145182,0.145415,-0.062757,0.023952,0.043376,-0.033711,0.341261,-0.030925,-0.013436,-0.22279,-0.080967,0.098484,-0.243223,0.129908,0.072945,-0.115388,0.189736,0.465872,-0.112637,-0.166119,0.811614,0.302826,0.220427,-0.393421,0.149634,-0.187246,-0.094527,-0.198349,0.242154,-0.443803,0.430906,0.006312,0.29701,-0.132491,0.052928,-0.732074,-0.472064,0.065138,0.080808,0.091336,-0.051176,-0.134018,0.355116,-0.04749,-0.098598,-0.199764,-0.078127,0.0542,0.076806,0.228398,-0.222523,-0.412102
2529,Purple Cow Studio Japan,studio_559,0.134516,-0.455192,0.111294,0.289056,-0.175338,-0.118504,-0.165914,0.024508,-0.006613,-0.284667,0.403506,0.361913,0.145182,0.145415,-0.062757,0.023952,0.043376,-0.033711,0.341261,-0.030925,-0.013436,-0.22279,-0.080967,0.098484,-0.243223,0.129908,0.072945,-0.115388,0.189736,0.465872,-0.112637,-0.166119,0.811614,0.302826,0.220427,-0.393421,0.149634,-0.187246,-0.094527,-0.198349,0.242154,-0.443803,0.430906,0.006312,0.29701,-0.132491,0.052928,-0.732074,-0.472064,0.065138,0.080808,0.091336,-0.051176,-0.134018,0.355116,-0.04749,-0.098598,-0.199764,-0.078127,0.0542,0.076806,0.228398,-0.222523,-0.412102
2538,AIC Spirits,studio_83,0.100899,-0.285471,0.149724,0.236275,-0.078851,-0.034476,-0.142984,0.003687,-0.018234,-0.260504,0.382895,0.290237,0.164206,0.266421,-0.13777,0.071126,-0.039391,-0.011351,0.289506,-0.017251,0.050937,-0.308199,0.07531,-0.018142,-0.298298,0.082231,0.180119,-0.127674,0.149132,0.381744,-0.230413,-0.217481,0.730065,0.415634,0.371992,-0.444034,0.061059,-0.09975,0.007425,-0.115645,0.099133,-0.433664,0.421799,0.090598,0.355334,-0.10714,0.025117,-0.662914,-0.38766,0.031506,0.077323,0.195433,-0.01212,-0.093365,0.216997,0.00722,-0.13249,-0.123185,-0.090941,0.015497,0.009511,0.225555,-0.211791,-0.37136
2544,Studio Add,studio_2760,0.13209,-0.335252,0.19482,0.206183,-0.089638,-0.054042,-0.14476,-0.016164,-0.002004,-0.267037,0.295814,0.387531,0.269237,0.182921,-0.126525,0.091921,0.029236,-0.009616,0.315332,0.00537,-0.017911,-0.285135,-0.010086,0.08966,-0.200082,0.135929,0.123303,-0.046183,0.254795,0.434474,-0.155552,-0.180528,0.80735,0.35981,0.286722,-0.472041,0.144492,-0.126913,-0.060096,-0.111881,0.170093,-0.465508,0.424717,0.045465,0.266688,-0.113416,0.131955,-0.660859,-0.476465,0.010329,0.066875,0.135374,-0.065322,-0.064723,0.303796,-0.091315,-0.090149,-0.089001,-0.165289,0.001861,0.071708,0.115781,-0.112058,-0.370785
2549,CygamesPictures,studio_1893,0.130742,-0.365788,0.205763,0.3137,-0.060324,-0.052474,-0.110498,0.12067,-0.023298,-0.363284,0.343789,0.253922,0.292973,0.356295,-0.15062,0.139455,0.005837,0.037077,0.359421,0.138295,0.064674,-0.312272,-0.08014,-0.062354,-0.15458,0.163319,0.078044,-0.239663,0.150374,0.488311,-0.210627,-0.253219,0.838065,0.308454,0.286813,-0.417881,0.157135,-0.039006,-0.07495,-0.096699,0.135264,-0.613843,0.460796,0.01281,0.353608,-0.121072,0.200148,-0.696693,-0.358297,0.069251,0.16608,0.157507,-0.069191,-0.076208,0.254163,-0.09733,-0.152377,-0.074917,-0.201024,0.065483,0.024473,0.25183,-0.135742,-0.370965
2565,Nomad,studio_70,0.104235,-0.267698,0.163892,0.213158,-0.082058,-0.051549,-0.129046,-0.020986,0.023357,-0.242793,0.330595,0.358484,0.229292,0.250337,-0.148191,0.065623,0.041384,0.004188,0.261135,-0.029641,0.031683,-0.280107,0.045934,0.045942,-0.236671,0.090527,0.161467,-0.068468,0.228494,0.417378,-0.199072,-0.202064,0.791649,0.436342,0.34528,-0.477159,0.109904,-0.082541,-0.007077,-0.109019,0.114597,-0.453382,0.434629,0.07908,0.308333,-0.068819,0.11646,-0.66996,-0.430238,-0.026554,0.043242,0.214201,-0.001026,-0.043299,0.261974,-0.071705,-0.090016,-0.081012,-0.127472,-0.01104,0.050279,0.143468,-0.16566,-0.389535
2576,Studio Blanc.,studio_478,0.095998,-0.309535,0.21424,0.180916,-0.036572,-0.062434,-0.21276,0.029668,0.00285,-0.300819,0.420424,0.269979,0.164004,0.258052,-0.189677,0.163815,0.070291,-0.016204,0.262939,0.035409,0.123749,-0.394356,0.10895,-0.078518,-0.235428,0.213899,0.202517,-0.104628,0.138476,0.501107,-0.184965,-0.245665,0.760439,0.409609,0.332079,-0.477985,0.142551,-0.097824,-0.021218,-0.132708,0.134864,-0.507322,0.439181,0.021058,0.372418,-0.178618,0.100482,-0.67686,-0.342798,-0.067652,0.138491,0.221997,-0.073134,-0.084284,0.221976,-0.088773,-0.10072,-0.104132,-0.014571,0.101923,0.095619,0.161302,-0.223385,-0.329849
2586,Enishiya,studio_1991,0.095852,-0.28244,0.160922,0.231186,-0.077031,-0.033765,-0.138259,0.007392,-0.017332,-0.264167,0.384798,0.287937,0.16356,0.263305,-0.13197,0.07624,-0.038913,-0.013191,0.290721,-0.01513,0.041678,-0.30558,0.072433,-0.016213,-0.289,0.073208,0.190798,-0.124118,0.151002,0.381078,-0.223607,-0.22811,0.743815,0.418893,0.363487,-0.444105,0.068555,-0.107131,-0.002498,-0.125158,0.10251,-0.439889,0.412275,0.092433,0.345348,-0.09587,0.015726,-0.670583,-0.384161,0.037117,0.078436,0.199778,-0.010852,-0.088959,0.225059,-0.003331,-0.132398,-0.121959,-0.084285,0.009139,0.023959,0.233393,-0.203899,-0.367967
2602,domerica,studio_1380,0.088897,-0.274914,0.133063,0.232927,-0.094991,-0.033014,-0.136935,-0.005656,-0.01983,-0.255794,0.377,0.293836,0.173437,0.264912,-0.149314,0.068294,-0.032207,-0.009679,0.274959,-0.033398,0.044237,-0.293841,0.066946,-0.027388,-0.306331,0.079672,0.160643,-0.138141,0.157,0.377524,-0.244091,-0.201825,0.742292,0.422999,0.374993,-0.453157,0.068374,-0.093179,0.008292,-0.120396,0.098063,-0.414737,0.408589,0.086548,0.364685,-0.089771,0.018391,-0.660689,-0.389193,0.035545,0.057302,0.195435,0.003989,-0.092306,0.229714,0.01154,-0.126616,-0.116536,-0.110371,0.019778,0.002057,0.231247,-0.221702,-0.38254
2604,The Answer Studio,studio_229,0.172451,-0.393496,0.195873,0.262332,-0.047141,-0.060339,-0.167666,0.093817,-0.047424,-0.346144,0.375714,0.275612,0.197812,0.266519,-0.130519,0.140287,0.053149,-0.008297,0.346962,0.15455,0.090731,-0.394555,0.057912,0.002648,-0.156881,0.191347,0.178858,-0.116878,0.139028,0.497941,-0.191514,-0.287072,0.775981,0.345184,0.265472,-0.433925,0.132044,-0.065741,-0.110748,-0.12886,0.160424,-0.543673,0.49533,0.02494,0.336751,-0.202642,0.16621,-0.716779,-0.421863,-0.002617,0.208673,0.164404,-0.106364,-0.085486,0.208908,-0.113284,-0.112589,-0.130948,-0.114089,0.073304,0.102403,0.162319,-0.187157,-0.295554
2619,Pierrot Films,studio_2951,0.092872,-0.280623,0.142392,0.235866,-0.085805,-0.040379,-0.13783,0.000846,-0.022339,-0.259421,0.380159,0.297225,0.16514,0.258904,-0.144451,0.057224,-0.043722,-0.008736,0.279127,-0.032503,0.036374,-0.292697,0.06201,-0.01883,-0.303086,0.071679,0.166959,-0.13466,0.150815,0.37113,-0.235189,-0.208875,0.733834,0.413005,0.371283,-0.449039,0.058477,-0.104672,0.011148,-0.112115,0.093052,-0.417833,0.410497,0.094034,0.356794,-0.094307,0.008468,-0.659755,-0.395579,0.04333,0.064773,0.188465,-0.007145,-0.101687,0.226946,0.015295,-0.132287,-0.116314,-0.10604,0.012799,0.005398,0.230718,-0.212144,-0.380932
2635,EKACHI EPILKA,studio_1794,0.130699,-0.338697,0.195551,0.209845,-0.08987,-0.049321,-0.145356,-0.01656,-0.007085,-0.271047,0.300984,0.381296,0.267143,0.183833,-0.126666,0.091849,0.025482,-0.006981,0.318346,0.006618,-0.015527,-0.28673,-0.007111,0.085675,-0.20415,0.13852,0.121209,-0.047449,0.248386,0.432995,-0.159468,-0.179281,0.805093,0.359639,0.286067,-0.470756,0.144049,-0.125635,-0.060777,-0.11467,0.172051,-0.464417,0.421999,0.047669,0.270682,-0.116073,0.129783,-0.662229,-0.473058,0.012459,0.070986,0.132945,-0.063705,-0.065388,0.302309,-0.083694,-0.089955,-0.090605,-0.166412,0.006621,0.0679,0.121959,-0.112793,-0.367997
2636,team Yamahitsuji,studio_2456,0.091219,-0.28226,0.141776,0.236403,-0.087879,-0.036437,-0.139502,-0.001589,-0.021994,-0.25987,0.378978,0.294756,0.166181,0.260631,-0.143241,0.058494,-0.041963,-0.007602,0.281481,-0.031658,0.036994,-0.294346,0.065367,-0.0172,-0.305445,0.070411,0.168041,-0.135262,0.150616,0.367499,-0.23668,-0.207271,0.732815,0.413584,0.369995,-0.449224,0.058938,-0.102652,0.01135,-0.112161,0.09128,-0.419143,0.411084,0.096733,0.359308,-0.094158,0.010657,-0.659009,-0.393055,0.043776,0.06565,0.186902,-0.005792,-0.097479,0.227036,0.015351,-0.132311,-0.117402,-0.105513,0.011333,0.001834,0.232838,-0.211618,-0.382176
2646,AXsiZ,studio_1299,0.090622,-0.284306,0.143915,0.238504,-0.088446,-0.031296,-0.140817,-0.004514,-0.021864,-0.262444,0.379959,0.293651,0.167205,0.259537,-0.14454,0.05684,-0.039576,-0.007565,0.280605,-0.032616,0.036208,-0.295519,0.068666,-0.016616,-0.306291,0.068742,0.16809,-0.135501,0.149982,0.365993,-0.238011,-0.208036,0.733415,0.413899,0.370664,-0.449691,0.058693,-0.099944,0.011088,-0.112539,0.088569,-0.420281,0.411352,0.099451,0.360146,-0.093884,0.010933,-0.659397,-0.39401,0.042842,0.06598,0.185108,-0.003,-0.095246,0.228114,0.01798,-0.130956,-0.117748,-0.103026,0.010808,-9.6e-05,0.233703,-0.213739,-0.38138
